种子,幕名,秒,走路,视觉红,视觉红数,视觉红块,前额叶红,前额叶红数,前额叶红块,前额叶亮,高度
20260914,A 一直红,0.00,0,1,1346,1346,1,1435,1440,1435,0.2607
20260914,A 一直红,0.02,1,1,1346,1346,1,1430,1440,1447,0.2565
20260914,A 一直红,0.04,1,1,1346,1346,1,1437,1440,1462,0.2505
20260914,A 一直红,0.06,1,1,1346,1346,1,1435,1440,1457,0.2543
20260914,A 一直红,0.08,1,1,1346,1346,1,1438,1440,1455,0.2651
20260914,A 一直红,0.10,1,1,1346,1346,1,1436,1440,1461,0.2772
20260914,A 一直红,0.12,1,1,1346,1346,1,1434,1440,1454,0.2887
20260914,A 一直红,0.14,1,1,1346,1346,1,1434,1440,1460,0.2995
20260914,A 一直红,0.16,1,1,1346,1346,1,1434,1440,1458,0.3089
20260914,A 一直红,0.18,1,1,1346,1346,1,1434,1440,1458,0.3174
20260914,A 一直红,0.20,1,1,1346,1346,1,1434,1440,1459,0.3249
20260914,A 一直红,0.22,1,1,1346,1346,1,1434,1440,1456,0.3319
20260914,A 一直红,0.24,1,1,1346,1346,1,1434,1440,1453,0.3385
20260914,A 一直红,0.26,1,1,1346,1346,1,1434,1440,1456,0.3434
20260914,A 一直红,0.28,1,1,1346,1346,1,1436,1440,1453,0.3472
20260914,A 一直红,0.30,1,1,1346,1346,1,1436,1440,1452,0.3499
20260914,A 一直红,0.32,1,1,1346,1346,1,1436,1440,1455,0.3516
20260914,A 一直红,0.34,1,1,1346,1346,1,1436,1440,1454,0.3528
20260914,A 一直红,0.36,1,1,1346,1346,1,1436,1440,1457,0.3535
20260914,A 一直红,0.38,1,1,1346,1346,1,1436,1440,1457,0.3526
20260914,A 一直红,0.40,1,1,1346,1346,1,1436,1440,1463,0.3501
20260914,A 一直红,0.42,1,1,1346,1346,1,1435,1440,1457,0.3461
20260914,A 一直红,0.44,1,1,1346,1346,1,1435,1440,1455,0.3401
20260914,A 一直红,0.46,1,1,1346,1346,1,1438,1440,1460,0.3360
20260914,A 一直红,0.48,1,1,1346,1346,1,1435,1440,1460,0.3354
20260914,A 一直红,0.50,1,1,1346,1346,1,1434,1440,1457,0.3385
20260914,A 一直红,0.52,1,1,1346,1346,1,1433,1440,1454,0.3428
20260914,A 一直红,0.54,1,1,1346,1346,1,1434,1440,1456,0.3470
20260914,A 一直红,0.56,1,1,1346,1346,1,1434,1440,1456,0.3500
20260914,A 一直红,0.58,1,1,1346,1346,1,1436,1440,1460,0.3515
20260914,A 一直红,0.60,1,1,1346,1346,1,1435,1440,1455,0.3514
20260914,A 一直红,0.62,1,1,1346,1346,1,1436,1440,1456,0.3503
20260914,A 一直红,0.64,1,1,1346,1346,1,1436,1440,1454,0.3494
20260914,A 一直红,0.66,1,1,1346,1346,1,1435,1440,1459,0.3483
20260914,A 一直红,0.68,1,1,1346,1346,1,1435,1440,1465,0.3455
20260914,A 一直红,0.70,1,1,1346,1346,1,1435,1440,1460,0.3437
20260914,A 一直红,0.72,1,1,1346,1346,1,1433,1440,1454,0.3444
20260914,A 一直红,0.74,1,1,1346,1346,1,1434,1440,1456,0.3442
20260914,A 一直红,0.76,1,1,1346,1346,1,1434,1440,1454,0.3418
20260914,A 一直红,0.78,1,1,1346,1346,1,1434,1440,1459,0.3384
20260914,A 一直红,0.80,1,1,1346,1346,1,1433,1440,1455,0.3348
20260914,A 一直红,0.82,1,1,1346,1346,1,1432,1440,1457,0.3340
20260914,A 一直红,0.84,1,1,1346,1346,1,1433,1440,1456,0.3365
20260914,A 一直红,0.86,1,1,1346,1346,1,1433,1440,1458,0.3389
20260914,A 一直红,0.88,1,1,1346,1346,1,1435,1440,1458,0.3402
20260914,A 一直红,0.90,1,1,1346,1346,1,1433,1440,1458,0.3394
20260914,A 一直红,0.92,1,1,1346,1346,1,1433,1440,1454,0.3366
20260914,A 一直红,0.94,1,1,1346,1346,1,1434,1440,1452,0.3338
20260914,A 一直红,0.96,1,1,1346,1346,1,1436,1440,1457,0.3340
20260914,A 一直红,0.98,1,1,1346,1346,1,1435,1440,1456,0.3347
20260914,A 一直红,1.00,1,1,1346,1346,1,1435,1440,1458,0.3341
20260914,A 一直红,1.02,1,1,1346,1346,1,1434,1440,1455,0.3336
20260914,A 一直红,1.04,1,1,1346,1346,1,1434,1440,1456,0.3318
20260914,A 一直红,1.06,1,1,1346,1346,1,1434,1440,1458,0.3281
20260914,A 一直红,1.08,1,1,1346,1346,1,1434,1440,1458,0.3237
20260914,A 一直红,1.10,1,1,1346,1346,1,1433,1440,1454,0.3212
20260914,A 一直红,1.12,1,1,1346,1346,1,1432,1440,1454,0.3201
20260914,A 一直红,1.14,1,1,1346,1346,1,1433,1440,1453,0.3195
20260914,A 一直红,1.16,1,1,1346,1346,1,1432,1440,1456,0.3181
20260914,A 一直红,1.18,1,1,1346,1346,1,1435,1440,1457,0.3181
20260914,A 一直红,1.20,1,1,1346,1346,1,1435,1440,1456,0.3210
20260914,A 一直红,1.22,1,1,1346,1346,1,1435,1440,1460,0.3255
20260914,A 一直红,1.24,1,1,1346,1346,1,1435,1440,1455,0.3298
20260914,A 一直红,1.26,1,1,1346,1346,1,1434,1440,1458,0.3336
20260914,A 一直红,1.28,1,1,1346,1346,1,1434,1440,1461,0.3372
20260914,A 一直红,1.30,1,1,1346,1346,1,1435,1440,1467,0.3387
20260914,A 一直红,1.32,1,1,1346,1346,1,1434,1440,1457,0.3384
20260914,A 一直红,1.34,1,1,1346,1346,1,1435,1440,1459,0.3364
20260914,A 一直红,1.36,1,1,1346,1346,1,1434,1440,1455,0.3329
20260914,A 一直红,1.38,1,1,1346,1346,1,1434,1440,1456,0.3292
20260914,A 一直红,1.40,1,1,1346,1346,1,1433,1440,1456,0.3264
20260914,A 一直红,1.42,1,1,1346,1346,1,1432,1440,1455,0.3248
20260914,A 一直红,1.44,1,1,1346,1346,1,1433,1440,1454,0.3239
20260914,A 一直红,1.46,1,1,1346,1346,1,1432,1440,1456,0.3222
20260914,A 一直红,1.48,1,1,1346,1346,1,1435,1440,1457,0.3222
20260914,A 一直红,1.50,1,1,1346,1346,1,1435,1440,1451,0.3249
20260914,A 一直红,1.52,1,1,1346,1346,1,1434,1440,1456,0.3287
20260914,A 一直红,1.54,1,1,1346,1346,1,1435,1440,1455,0.3320
20260914,A 一直红,1.56,1,1,1346,1346,1,1435,1440,1460,0.3354
20260914,A 一直红,1.58,1,1,1346,1346,1,1435,1440,1457,0.3388
20260914,A 一直红,1.60,1,1,1346,1346,1,1435,1440,1461,0.3401
20260914,A 一直红,1.62,1,1,1346,1346,1,1436,1440,1462,0.3397
20260914,A 一直红,1.64,1,1,1346,1346,1,1437,1440,1461,0.3380
20260914,A 一直红,1.66,1,1,1346,1346,1,1434,1440,1455,0.3351
20260914,A 一直红,1.68,1,1,1346,1346,1,1434,1440,1459,0.3317
20260914,A 一直红,1.70,1,1,1346,1346,1,1434,1440,1453,0.3292
20260914,A 一直红,1.72,1,1,1346,1346,1,1434,1440,1453,0.3278
20260914,A 一直红,1.74,1,1,1346,1346,1,1434,1440,1453,0.3272
20260914,A 一直红,1.76,1,1,1346,1346,1,1432,1440,1458,0.3269
20260914,A 一直红,1.78,1,1,1346,1346,1,1435,1440,1453,0.3272
20260914,A 一直红,1.80,1,1,1346,1346,1,1435,1440,1452,0.3286
20260914,A 一直红,1.82,1,1,1346,1346,1,1434,1440,1456,0.3309
20260914,A 一直红,1.84,1,1,1346,1346,1,1435,1440,1455,0.3328
20260914,A 一直红,1.86,1,1,1346,1346,1,1434,1440,1460,0.3351
20260914,A 一直红,1.88,1,1,1346,1346,1,1434,1440,1461,0.3376
20260914,A 一直红,1.90,1,1,1346,1346,1,1435,1440,1463,0.3385
20260914,A 一直红,1.92,1,1,1346,1346,1,1434,1440,1457,0.3372
20260914,A 一直红,1.94,1,1,1346,1346,1,1433,1440,1456,0.3370
20260914,A 一直红,1.96,1,1,1346,1346,1,1433,1440,1458,0.3365
20260914,A 一直红,1.98,1,1,1346,1346,1,1433,1440,1453,0.3361
20260914,A 一直红,2.00,1,1,1346,1346,1,1434,1440,1456,0.3356
20260914,A 一直红,2.02,1,1,1346,1346,1,1433,1440,1455,0.3379
20260914,A 一直红,2.04,1,1,1346,1346,1,1434,1440,1458,0.3418
20260914,A 一直红,2.06,1,1,1346,1346,1,1434,1440,1455,0.3451
20260914,A 一直红,2.08,1,1,1346,1346,1,1435,1440,1451,0.3452
20260914,A 一直红,2.10,1,1,1346,1346,1,1433,1440,1456,0.3417
20260914,A 一直红,2.12,1,1,1346,1346,1,1433,1440,1455,0.3356
20260914,A 一直红,2.14,1,1,1346,1346,1,1436,1440,1455,0.3311
20260914,A 一直红,2.16,1,1,1346,1346,1,1436,1440,1460,0.3308
20260914,A 一直红,2.18,1,1,1346,1346,1,1435,1440,1457,0.3318
20260914,A 一直红,2.20,1,1,1346,1346,1,1435,1440,1455,0.3327
20260914,A 一直红,2.22,1,1,1346,1346,1,1434,1440,1455,0.3348
20260914,A 一直红,2.24,1,1,1346,1346,1,1435,1440,1457,0.3351
20260914,A 一直红,2.26,1,1,1346,1346,1,1434,1440,1455,0.3327
20260914,A 一直红,2.28,1,1,1346,1346,1,1433,1440,1453,0.3287
20260914,A 一直红,2.30,1,1,1346,1346,1,1433,1440,1453,0.3260
20260914,A 一直红,2.32,1,1,1346,1346,1,1432,1440,1454,0.3247
20260914,A 一直红,2.34,1,1,1346,1346,1,1433,1440,1452,0.3241
20260914,A 一直红,2.36,1,1,1346,1346,1,1432,1440,1456,0.3221
20260914,A 一直红,2.38,1,1,1346,1346,1,1436,1440,1458,0.3215
20260914,A 一直红,2.40,1,1,1346,1346,1,1435,1440,1454,0.3240
20260914,A 一直红,2.42,1,1,1346,1346,1,1435,1440,1457,0.3282
20260914,A 一直红,2.44,1,1,1346,1346,1,1435,1440,1454,0.3320
20260914,A 一直红,2.46,1,1,1346,1346,1,1435,1440,1459,0.3361
20260914,A 一直红,2.48,1,1,1346,1346,1,1436,1440,1460,0.3402
20260914,A 一直红,2.50,1,1,1346,1346,1,1435,1440,1461,0.3420
20260914,A 一直红,2.52,1,1,1346,1346,1,1436,1440,1462,0.3420
20260914,A 一直红,2.54,1,1,1346,1346,1,1438,1440,1462,0.3407
20260914,A 一直红,2.56,1,1,1346,1346,1,1434,1440,1455,0.3376
20260914,A 一直红,2.58,1,1,1346,1346,1,1434,1440,1458,0.3334
20260914,A 一直红,2.60,1,1,1346,1346,1,1433,1440,1454,0.3298
20260914,A 一直红,2.62,1,1,1346,1346,1,1432,1440,1457,0.3278
20260914,A 一直红,2.64,1,1,1346,1346,1,1433,1440,1454,0.3268
20260914,A 一直红,2.66,1,1,1346,1346,1,1432,1440,1458,0.3251
20260914,A 一直红,2.68,1,1,1346,1346,1,1435,1440,1456,0.3248
20260914,A 一直红,2.70,1,1,1346,1346,1,1436,1440,1455,0.3282
20260914,A 一直红,2.72,1,1,1346,1346,1,1435,1440,1456,0.3332
20260914,A 一直红,2.74,1,1,1346,1346,1,1436,1440,1456,0.3383
20260914,A 一直红,2.76,1,1,1346,1346,1,1436,1440,1459,0.3430
20260914,A 一直红,2.78,1,1,1346,1346,1,1436,1440,1461,0.3472
20260914,A 一直红,2.80,1,1,1346,1346,1,1435,1440,1459,0.3491
20260914,A 一直红,2.82,1,1,1346,1346,1,1436,1440,1463,0.3486
20260914,A 一直红,2.84,1,1,1346,1346,1,1436,1440,1459,0.3461
20260914,A 一直红,2.86,1,1,1346,1346,1,1434,1440,1454,0.3415
20260914,A 一直红,2.88,1,1,1346,1346,1,1434,1440,1459,0.3360
20260914,A 一直红,2.90,1,1,1346,1346,1,1434,1440,1455,0.3330
20260914,A 一直红,2.92,1,1,1346,1346,1,1433,1440,1453,0.3356
20260914,A 一直红,2.94,1,1,1346,1346,1,1433,1440,1454,0.3398
20260914,A 一直红,2.96,1,1,1346,1346,1,1432,1440,1455,0.3419
20260914,A 一直红,2.98,1,1,1346,1346,1,1434,1440,1453,0.3412
20260914,B 红0.5秒后全黑,0.00,0,1,1346,1346,1,1435,1440,1435,0.2607
20260914,B 红0.5秒后全黑,0.02,1,1,1346,1346,1,1430,1440,1447,0.2565
20260914,B 红0.5秒后全黑,0.04,1,1,1346,1346,1,1437,1440,1462,0.2505
20260914,B 红0.5秒后全黑,0.06,1,1,1346,1346,1,1435,1440,1457,0.2543
20260914,B 红0.5秒后全黑,0.08,1,1,1346,1346,1,1438,1440,1455,0.2651
20260914,B 红0.5秒后全黑,0.10,1,1,1346,1346,1,1436,1440,1461,0.2772
20260914,B 红0.5秒后全黑,0.12,1,1,1346,1346,1,1434,1440,1454,0.2887
20260914,B 红0.5秒后全黑,0.14,1,1,1346,1346,1,1434,1440,1460,0.2995
20260914,B 红0.5秒后全黑,0.16,1,1,1346,1346,1,1434,1440,1458,0.3089
20260914,B 红0.5秒后全黑,0.18,1,1,1346,1346,1,1434,1440,1458,0.3174
20260914,B 红0.5秒后全黑,0.20,1,1,1346,1346,1,1434,1440,1459,0.3249
20260914,B 红0.5秒后全黑,0.22,1,1,1346,1346,1,1434,1440,1456,0.3319
20260914,B 红0.5秒后全黑,0.24,1,1,1346,1346,1,1434,1440,1453,0.3385
20260914,B 红0.5秒后全黑,0.26,1,1,1346,1346,1,1434,1440,1456,0.3434
20260914,B 红0.5秒后全黑,0.28,1,1,1346,1346,1,1436,1440,1453,0.3472
20260914,B 红0.5秒后全黑,0.30,1,1,1346,1346,1,1436,1440,1452,0.3499
20260914,B 红0.5秒后全黑,0.32,1,1,1346,1346,1,1436,1440,1455,0.3516
20260914,B 红0.5秒后全黑,0.34,1,1,1346,1346,1,1436,1440,1454,0.3528
20260914,B 红0.5秒后全黑,0.36,1,1,1346,1346,1,1436,1440,1457,0.3535
20260914,B 红0.5秒后全黑,0.38,1,1,1346,1346,1,1436,1440,1457,0.3526
20260914,B 红0.5秒后全黑,0.40,1,1,1346,1346,1,1436,1440,1463,0.3501
20260914,B 红0.5秒后全黑,0.42,1,1,1346,1346,1,1435,1440,1457,0.3461
20260914,B 红0.5秒后全黑,0.44,1,1,1346,1346,1,1435,1440,1455,0.3401
20260914,B 红0.5秒后全黑,0.46,1,1,1346,1346,1,1438,1440,1460,0.3360
20260914,B 红0.5秒后全黑,0.48,1,1,1346,1346,1,1435,1440,1460,0.3354
20260914,B 红0.5秒后全黑,0.50,1,0,0,1346,1,89,1440,112,0.3402
20260914,B 红0.5秒后全黑,0.52,1,0,0,1346,1,97,1440,133,0.3482
20260914,B 红0.5秒后全黑,0.54,1,0,0,1346,1,109,1440,161,0.3558
20260914,B 红0.5秒后全黑,0.56,1,0,0,1346,1,119,1440,191,0.3611
20260914,B 红0.5秒后全黑,0.58,1,0,0,1346,1,141,1440,221,0.3644
20260914,B 红0.5秒后全黑,0.60,1,0,0,1346,1,150,1440,238,0.3653
20260914,B 红0.5秒后全黑,0.62,1,0,0,1346,1,175,1440,277,0.3642
20260914,B 红0.5秒后全黑,0.64,1,0,0,1346,1,195,1440,313,0.3620
20260914,B 红0.5秒后全黑,0.66,1,0,0,1346,1,217,1440,353,0.3590
20260914,B 红0.5秒后全黑,0.68,1,0,0,1346,1,245,1440,401,0.3542
20260914,B 红0.5秒后全黑,0.70,1,0,0,1346,1,277,1440,447,0.3500
20260914,B 红0.5秒后全黑,0.72,1,0,0,1346,1,304,1440,497,0.3446
20260914,B 红0.5秒后全黑,0.74,1,0,0,1346,1,330,1440,557,0.3413
20260914,B 红0.5秒后全黑,0.76,1,0,0,1346,1,355,1440,629,0.3421
20260914,B 红0.5秒后全黑,0.78,1,0,0,1346,1,389,1440,693,0.3467
20260914,B 红0.5秒后全黑,0.80,1,0,0,1346,1,411,1440,719,0.3513
20260914,B 红0.5秒后全黑,0.82,1,0,0,1346,1,420,1440,752,0.3540
20260914,B 红0.5秒后全黑,0.84,1,0,0,1346,1,436,1440,778,0.3551
20260914,B 红0.5秒后全黑,0.86,1,0,0,1346,1,444,1440,797,0.3549
20260914,B 红0.5秒后全黑,0.88,1,0,0,1346,1,442,1440,782,0.3532
20260914,B 红0.5秒后全黑,0.90,1,0,0,1346,1,429,1440,766,0.3510
20260914,B 红0.5秒后全黑,0.92,1,0,0,1346,1,445,1440,794,0.3509
20260914,B 红0.5秒后全黑,0.94,1,0,0,1346,1,432,1440,779,0.3515
20260914,B 红0.5秒后全黑,0.96,1,0,0,1346,1,447,1440,789,0.3514
20260914,B 红0.5秒后全黑,0.98,1,0,0,1346,1,443,1440,785,0.3488
20260914,B 红0.5秒后全黑,1.00,1,0,0,1346,1,449,1440,794,0.3437
20260914,B 红0.5秒后全黑,1.02,1,0,0,1346,1,444,1440,794,0.3395
20260914,B 红0.5秒后全黑,1.04,1,0,0,1346,1,448,1440,795,0.3355
20260914,B 红0.5秒后全黑,1.06,1,0,0,1346,1,444,1440,780,0.3323
20260914,B 红0.5秒后全黑,1.08,1,0,0,1346,1,450,1440,789,0.3304
20260914,B 红0.5秒后全黑,1.10,1,0,0,1346,1,453,1440,792,0.3305
20260914,B 红0.5秒后全黑,1.12,1,0,0,1346,1,460,1440,796,0.3334
20260914,B 红0.5秒后全黑,1.14,1,0,0,1346,1,454,1440,805,0.3378
20260914,B 红0.5秒后全黑,1.16,1,0,0,1346,1,441,1440,784,0.3411
20260914,B 红0.5秒后全黑,1.18,1,0,0,1346,1,444,1440,799,0.3438
20260914,B 红0.5秒后全黑,1.20,1,0,0,1346,1,448,1440,793,0.3475
20260914,B 红0.5秒后全黑,1.22,1,0,0,1346,1,453,1440,785,0.3512
20260914,B 红0.5秒后全黑,1.24,1,0,0,1346,1,454,1440,789,0.3539
20260914,B 红0.5秒后全黑,1.26,1,0,0,1346,1,436,1440,769,0.3542
20260914,B 红0.5秒后全黑,1.28,1,0,0,1346,1,447,1440,787,0.3518
20260914,B 红0.5秒后全黑,1.30,1,0,0,1346,1,459,1440,791,0.3492
20260914,B 红0.5秒后全黑,1.32,1,0,0,1346,1,464,1440,796,0.3446
20260914,B 红0.5秒后全黑,1.34,1,0,0,1346,1,458,1440,783,0.3360
20260914,B 红0.5秒后全黑,1.36,1,0,0,1346,1,446,1440,781,0.3247
20260914,B 红0.5秒后全黑,1.38,1,0,0,1346,1,446,1440,789,0.3174
20260914,B 红0.5秒后全黑,1.40,1,0,0,1346,1,452,1440,800,0.3200
20260914,B 红0.5秒后全黑,1.42,1,0,0,1346,1,441,1440,782,0.3279
20260914,B 红0.5秒后全黑,1.44,1,0,0,1346,1,440,1440,794,0.3357
20260914,B 红0.5秒后全黑,1.46,1,0,0,1346,1,448,1440,795,0.3408
20260914,B 红0.5秒后全黑,1.48,1,0,0,1346,1,454,1440,775,0.3444
20260914,B 红0.5秒后全黑,1.50,1,0,0,1346,1,454,1440,779,0.3469
20260914,B 红0.5秒后全黑,1.52,1,0,0,1346,1,463,1440,797,0.3487
20260914,B 红0.5秒后全黑,1.54,1,0,0,1346,1,449,1440,774,0.3508
20260914,B 红0.5秒后全黑,1.56,1,0,0,1346,1,449,1440,780,0.3513
20260914,B 红0.5秒后全黑,1.58,1,0,0,1346,1,453,1440,771,0.3498
20260914,B 红0.5秒后全黑,1.60,1,0,0,1346,1,466,1440,768,0.3487
20260914,B 红0.5秒后全黑,1.62,1,0,0,1346,1,473,1440,780,0.3462
20260914,B 红0.5秒后全黑,1.64,1,0,0,1346,1,475,1440,799,0.3409
20260914,B 红0.5秒后全黑,1.66,1,0,0,1346,1,469,1440,783,0.3322
20260914,B 红0.5秒后全黑,1.68,1,0,0,1346,1,480,1440,793,0.3264
20260914,B 红0.5秒后全黑,1.70,1,0,0,1346,1,476,1440,771,0.3291
20260914,B 红0.5秒后全黑,1.72,1,0,0,1346,1,481,1440,789,0.3342
20260914,B 红0.5秒后全黑,1.74,1,0,0,1346,1,458,1440,769,0.3392
20260914,B 红0.5秒后全黑,1.76,1,0,0,1346,1,467,1440,773,0.3421
20260914,B 红0.5秒后全黑,1.78,1,0,0,1346,1,475,1440,804,0.3453
20260914,B 红0.5秒后全黑,1.80,1,0,0,1346,1,451,1440,773,0.3501
20260914,B 红0.5秒后全黑,1.82,1,0,0,1346,1,448,1440,798,0.3541
20260914,B 红0.5秒后全黑,1.84,1,0,0,1346,1,442,1440,771,0.3564
20260914,B 红0.5秒后全黑,1.86,1,0,0,1346,1,444,1440,772,0.3558
20260914,B 红0.5秒后全黑,1.88,1,0,0,1346,1,451,1440,765,0.3525
20260914,B 红0.5秒后全黑,1.90,1,0,0,1346,1,456,1440,787,0.3480
20260914,B 红0.5秒后全黑,1.92,1,0,0,1346,1,452,1440,763,0.3450
20260914,B 红0.5秒后全黑,1.94,1,0,0,1346,1,460,1440,784,0.3395
20260914,B 红0.5秒后全黑,1.96,1,0,0,1346,1,457,1440,786,0.3319
20260914,B 红0.5秒后全黑,1.98,1,0,0,1346,1,456,1440,784,0.3256
20260914,B 红0.5秒后全黑,2.00,1,0,0,1346,1,443,1440,770,0.3245
20260914,B 红0.5秒后全黑,2.02,1,0,0,1346,1,451,1440,793,0.3295
20260914,B 红0.5秒后全黑,2.04,1,0,0,1346,1,439,1440,776,0.3354
20260914,B 红0.5秒后全黑,2.06,1,0,0,1346,1,443,1440,781,0.3398
20260914,B 红0.5秒后全黑,2.08,1,0,0,1346,1,435,1440,774,0.3429
20260914,B 红0.5秒后全黑,2.10,1,0,0,1346,1,447,1440,783,0.3457
20260914,B 红0.5秒后全黑,2.12,1,0,0,1346,1,451,1440,778,0.3471
20260914,B 红0.5秒后全黑,2.14,1,0,0,1346,1,446,1440,773,0.3483
20260914,B 红0.5秒后全黑,2.16,1,0,0,1346,1,432,1440,766,0.3494
20260914,B 红0.5秒后全黑,2.18,1,0,0,1346,1,435,1440,783,0.3486
20260914,B 红0.5秒后全黑,2.20,1,0,0,1346,1,434,1440,766,0.3471
20260914,B 红0.5秒后全黑,2.22,1,0,0,1346,1,448,1440,768,0.3436
20260914,B 红0.5秒后全黑,2.24,1,0,0,1346,1,447,1440,782,0.3385
20260914,B 红0.5秒后全黑,2.26,1,0,0,1346,1,429,1440,770,0.3341
20260914,B 红0.5秒后全黑,2.28,1,0,0,1346,1,429,1440,751,0.3332
20260914,B 红0.5秒后全黑,2.30,1,0,0,1346,1,431,1440,753,0.3354
20260914,B 红0.5秒后全黑,2.32,1,0,0,1346,1,442,1440,773,0.3381
20260914,B 红0.5秒后全黑,2.34,1,0,0,1346,1,445,1440,780,0.3398
20260914,B 红0.5秒后全黑,2.36,1,0,0,1346,1,440,1440,779,0.3397
20260914,B 红0.5秒后全黑,2.38,1,0,0,1346,1,427,1440,742,0.3402
20260914,B 红0.5秒后全黑,2.40,1,0,0,1346,1,436,1440,744,0.3424
20260914,B 红0.5秒后全黑,2.42,1,0,0,1346,1,443,1440,767,0.3441
20260914,B 红0.5秒后全黑,2.44,1,0,0,1346,1,440,1440,772,0.3440
20260914,B 红0.5秒后全黑,2.46,1,0,0,1346,1,426,1440,769,0.3427
20260914,B 红0.5秒后全黑,2.48,1,0,0,1346,1,419,1440,746,0.3415
20260914,B 红0.5秒后全黑,2.50,1,0,0,1346,1,432,1440,754,0.3442
20260914,B 红0.5秒后全黑,2.52,1,0,0,1346,1,432,1440,752,0.3447
20260914,B 红0.5秒后全黑,2.54,1,0,0,1346,1,442,1440,769,0.3412
20260914,B 红0.5秒后全黑,2.56,1,0,0,1346,1,432,1440,760,0.3355
20260914,B 红0.5秒后全黑,2.58,1,0,0,1346,1,431,1440,759,0.3311
20260914,B 红0.5秒后全黑,2.60,1,0,0,1346,1,434,1440,758,0.3309
20260914,B 红0.5秒后全黑,2.62,1,0,0,1346,1,439,1440,757,0.3343
20260914,B 红0.5秒后全黑,2.64,1,0,0,1346,1,435,1440,757,0.3376
20260914,B 红0.5秒后全黑,2.66,1,0,0,1346,1,437,1440,760,0.3392
20260914,B 红0.5秒后全黑,2.68,1,0,0,1346,1,436,1440,757,0.3401
20260914,B 红0.5秒后全黑,2.70,1,0,0,1346,1,441,1440,777,0.3440
20260914,B 红0.5秒后全黑,2.72,1,0,0,1346,1,443,1440,763,0.3486
20260914,B 红0.5秒后全黑,2.74,1,0,0,1346,1,442,1440,754,0.3518
20260914,B 红0.5秒后全黑,2.76,1,0,0,1346,1,445,1440,756,0.3522
20260914,B 红0.5秒后全黑,2.78,1,0,0,1346,1,447,1440,761,0.3498
20260914,B 红0.5秒后全黑,2.80,1,0,0,1346,1,445,1440,763,0.3487
20260914,B 红0.5秒后全黑,2.82,1,0,0,1346,1,436,1440,754,0.3477
20260914,B 红0.5秒后全黑,2.84,1,0,0,1346,1,431,1440,753,0.3427
20260914,B 红0.5秒后全黑,2.86,1,0,0,1346,1,431,1440,750,0.3362
20260914,B 红0.5秒后全黑,2.88,1,0,0,1346,1,433,1440,752,0.3305
20260914,B 红0.5秒后全黑,2.90,1,0,0,1346,1,424,1440,758,0.3279
20260914,B 红0.5秒后全黑,2.92,1,0,0,1346,1,422,1440,767,0.3292
20260914,B 红0.5秒后全黑,2.94,1,0,0,1346,1,410,1440,759,0.3338
20260914,B 红0.5秒后全黑,2.96,1,0,0,1346,1,418,1440,763,0.3372
20260914,B 红0.5秒后全黑,2.98,1,0,0,1346,1,416,1440,751,0.3400
20260914,C 同B+1.0秒打断运动记忆,0.00,0,1,1346,1346,1,1435,1440,1435,0.2607
20260914,C 同B+1.0秒打断运动记忆,0.02,1,1,1346,1346,1,1430,1440,1447,0.2565
20260914,C 同B+1.0秒打断运动记忆,0.04,1,1,1346,1346,1,1437,1440,1462,0.2505
20260914,C 同B+1.0秒打断运动记忆,0.06,1,1,1346,1346,1,1435,1440,1457,0.2543
20260914,C 同B+1.0秒打断运动记忆,0.08,1,1,1346,1346,1,1438,1440,1455,0.2651
20260914,C 同B+1.0秒打断运动记忆,0.10,1,1,1346,1346,1,1436,1440,1461,0.2772
20260914,C 同B+1.0秒打断运动记忆,0.12,1,1,1346,1346,1,1434,1440,1454,0.2887
20260914,C 同B+1.0秒打断运动记忆,0.14,1,1,1346,1346,1,1434,1440,1460,0.2995
20260914,C 同B+1.0秒打断运动记忆,0.16,1,1,1346,1346,1,1434,1440,1458,0.3089
20260914,C 同B+1.0秒打断运动记忆,0.18,1,1,1346,1346,1,1434,1440,1458,0.3174
20260914,C 同B+1.0秒打断运动记忆,0.20,1,1,1346,1346,1,1434,1440,1459,0.3249
20260914,C 同B+1.0秒打断运动记忆,0.22,1,1,1346,1346,1,1434,1440,1456,0.3319
20260914,C 同B+1.0秒打断运动记忆,0.24,1,1,1346,1346,1,1434,1440,1453,0.3385
20260914,C 同B+1.0秒打断运动记忆,0.26,1,1,1346,1346,1,1434,1440,1456,0.3434
20260914,C 同B+1.0秒打断运动记忆,0.28,1,1,1346,1346,1,1436,1440,1453,0.3472
20260914,C 同B+1.0秒打断运动记忆,0.30,1,1,1346,1346,1,1436,1440,1452,0.3499
20260914,C 同B+1.0秒打断运动记忆,0.32,1,1,1346,1346,1,1436,1440,1455,0.3516
20260914,C 同B+1.0秒打断运动记忆,0.34,1,1,1346,1346,1,1436,1440,1454,0.3528
20260914,C 同B+1.0秒打断运动记忆,0.36,1,1,1346,1346,1,1436,1440,1457,0.3535
20260914,C 同B+1.0秒打断运动记忆,0.38,1,1,1346,1346,1,1436,1440,1457,0.3526
20260914,C 同B+1.0秒打断运动记忆,0.40,1,1,1346,1346,1,1436,1440,1463,0.3501
20260914,C 同B+1.0秒打断运动记忆,0.42,1,1,1346,1346,1,1435,1440,1457,0.3461
20260914,C 同B+1.0秒打断运动记忆,0.44,1,1,1346,1346,1,1435,1440,1455,0.3401
20260914,C 同B+1.0秒打断运动记忆,0.46,1,1,1346,1346,1,1438,1440,1460,0.3360
20260914,C 同B+1.0秒打断运动记忆,0.48,1,1,1346,1346,1,1435,1440,1460,0.3354
20260914,C 同B+1.0秒打断运动记忆,0.50,1,0,0,1346,1,89,1440,112,0.3402
20260914,C 同B+1.0秒打断运动记忆,0.52,1,0,0,1346,1,97,1440,133,0.3482
20260914,C 同B+1.0秒打断运动记忆,0.54,1,0,0,1346,1,109,1440,161,0.3558
20260914,C 同B+1.0秒打断运动记忆,0.56,1,0,0,1346,1,119,1440,191,0.3611
20260914,C 同B+1.0秒打断运动记忆,0.58,1,0,0,1346,1,141,1440,221,0.3644
20260914,C 同B+1.0秒打断运动记忆,0.60,1,0,0,1346,1,150,1440,238,0.3653
20260914,C 同B+1.0秒打断运动记忆,0.62,1,0,0,1346,1,175,1440,277,0.3642
20260914,C 同B+1.0秒打断运动记忆,0.64,1,0,0,1346,1,195,1440,313,0.3620
20260914,C 同B+1.0秒打断运动记忆,0.66,1,0,0,1346,1,217,1440,353,0.3590
20260914,C 同B+1.0秒打断运动记忆,0.68,1,0,0,1346,1,245,1440,401,0.3542
20260914,C 同B+1.0秒打断运动记忆,0.70,1,0,0,1346,1,277,1440,447,0.3500
20260914,C 同B+1.0秒打断运动记忆,0.72,1,0,0,1346,1,304,1440,497,0.3446
20260914,C 同B+1.0秒打断运动记忆,0.74,1,0,0,1346,1,330,1440,557,0.3413
20260914,C 同B+1.0秒打断运动记忆,0.76,1,0,0,1346,1,355,1440,629,0.3421
20260914,C 同B+1.0秒打断运动记忆,0.78,1,0,0,1346,1,389,1440,693,0.3467
20260914,C 同B+1.0秒打断运动记忆,0.80,1,0,0,1346,1,411,1440,719,0.3513
20260914,C 同B+1.0秒打断运动记忆,0.82,1,0,0,1346,1,420,1440,752,0.3540
20260914,C 同B+1.0秒打断运动记忆,0.84,1,0,0,1346,1,436,1440,778,0.3551
20260914,C 同B+1.0秒打断运动记忆,0.86,1,0,0,1346,1,444,1440,797,0.3549
20260914,C 同B+1.0秒打断运动记忆,0.88,1,0,0,1346,1,442,1440,782,0.3532
20260914,C 同B+1.0秒打断运动记忆,0.90,1,0,0,1346,1,429,1440,766,0.3510
20260914,C 同B+1.0秒打断运动记忆,0.92,1,0,0,1346,1,445,1440,794,0.3509
20260914,C 同B+1.0秒打断运动记忆,0.94,1,0,0,1346,1,432,1440,779,0.3515
20260914,C 同B+1.0秒打断运动记忆,0.96,1,0,0,1346,1,447,1440,789,0.3514
20260914,C 同B+1.0秒打断运动记忆,0.98,1,0,0,1346,1,443,1440,785,0.3488
20260914,C 同B+1.0秒打断运动记忆,1.00,1,0,0,1346,1,449,1440,794,0.3437
20260914,C 同B+1.0秒打断运动记忆,1.02,0,0,0,1346,1,444,1440,793,0.3380
20260914,C 同B+1.0秒打断运动记忆,1.04,0,0,0,1346,1,450,1440,802,0.3287
20260914,C 同B+1.0秒打断运动记忆,1.06,0,0,0,1346,1,442,1440,782,0.3156
20260914,C 同B+1.0秒打断运动记忆,1.08,0,0,0,1346,1,454,1440,791,0.2984
20260914,C 同B+1.0秒打断运动记忆,1.10,0,0,0,1346,1,451,1440,789,0.2793
20260914,C 同B+1.0秒打断运动记忆,1.12,0,0,0,1346,1,462,1440,798,0.2623
20260914,C 同B+1.0秒打断运动记忆,1.14,0,0,0,1346,1,454,1440,805,0.2452
20260914,C 同B+1.0秒打断运动记忆,1.16,0,0,0,1346,1,443,1440,784,0.2288
20260914,C 同B+1.0秒打断运动记忆,1.18,0,0,0,1346,1,451,1440,803,0.2127
20260914,C 同B+1.0秒打断运动记忆,1.20,0,0,0,1346,1,448,1440,786,0.2053
20260914,C 同B+1.0秒打断运动记忆,1.22,0,0,0,1346,1,451,1440,794,0.2025
20260914,C 同B+1.0秒打断运动记忆,1.24,0,0,0,1346,1,463,1440,802,0.2035
20260914,C 同B+1.0秒打断运动记忆,1.26,0,0,0,1346,1,445,1440,757,0.2144
20260914,C 同B+1.0秒打断运动记忆,1.28,0,0,0,1346,1,461,1440,794,0.2240
20260914,C 同B+1.0秒打断运动记忆,1.30,0,0,0,1346,1,466,1440,788,0.2301
20260914,C 同B+1.0秒打断运动记忆,1.32,0,0,0,1346,1,466,1440,799,0.2339
20260914,C 同B+1.0秒打断运动记忆,1.34,0,0,0,1346,1,456,1440,787,0.2333
20260914,C 同B+1.0秒打断运动记忆,1.36,0,0,0,1346,1,445,1440,779,0.2270
20260914,C 同B+1.0秒打断运动记忆,1.38,0,0,0,1346,1,450,1440,793,0.2201
20260914,C 同B+1.0秒打断运动记忆,1.40,0,0,0,1346,1,459,1440,803,0.2121
20260914,C 同B+1.0秒打断运动记忆,1.42,0,0,0,1346,1,438,1440,748,0.2107
20260914,C 同B+1.0秒打断运动记忆,1.44,0,0,0,1346,1,452,1440,774,0.2202
20260914,C 同B+1.0秒打断运动记忆,1.46,0,0,0,1346,1,469,1440,797,0.2288
20260914,C 同B+1.0秒打断运动记忆,1.48,0,0,0,1346,1,457,1440,774,0.2350
20260914,C 同B+1.0秒打断运动记忆,1.50,0,0,0,1346,1,469,1440,796,0.2357
20260914,C 同B+1.0秒打断运动记忆,1.52,0,0,0,1346,1,457,1440,774,0.2340
20260914,C 同B+1.0秒打断运动记忆,1.54,0,0,0,1346,1,461,1440,798,0.2272
20260914,C 同B+1.0秒打断运动记忆,1.56,0,0,0,1346,1,458,1440,770,0.2269
20260914,C 同B+1.0秒打断运动记忆,1.58,0,0,0,1346,1,470,1440,776,0.2283
20260914,C 同B+1.0秒打断运动记忆,1.60,0,0,0,1346,1,474,1440,787,0.2304
20260914,C 同B+1.0秒打断运动记忆,1.62,0,0,0,1346,1,471,1440,792,0.2272
20260914,C 同B+1.0秒打断运动记忆,1.64,0,0,0,1346,1,467,1440,800,0.2227
20260914,C 同B+1.0秒打断运动记忆,1.66,0,0,0,1346,1,456,1440,783,0.2223
20260914,C 同B+1.0秒打断运动记忆,1.68,0,0,0,1346,1,455,1440,767,0.2250
20260914,C 同B+1.0秒打断运动记忆,1.70,0,0,0,1346,1,480,1440,779,0.2252
20260914,C 同B+1.0秒打断运动记忆,1.72,0,0,0,1346,1,493,1440,801,0.2249
20260914,C 同B+1.0秒打断运动记忆,1.74,0,0,0,1346,1,485,1440,777,0.2220
20260914,C 同B+1.0秒打断运动记忆,1.76,0,0,0,1346,1,481,1440,777,0.2224
20260914,C 同B+1.0秒打断运动记忆,1.78,0,0,0,1346,1,474,1440,783,0.2226
20260914,C 同B+1.0秒打断运动记忆,1.80,0,0,0,1346,1,483,1440,792,0.2239
20260914,C 同B+1.0秒打断运动记忆,1.82,0,0,0,1346,1,466,1440,758,0.2216
20260914,C 同B+1.0秒打断运动记忆,1.84,0,0,0,1346,1,476,1440,782,0.2223
20260914,C 同B+1.0秒打断运动记忆,1.86,0,0,0,1346,1,472,1440,782,0.2236
20260914,C 同B+1.0秒打断运动记忆,1.88,0,0,0,1346,1,473,1440,798,0.2238
20260914,C 同B+1.0秒打断运动记忆,1.90,0,0,0,1346,1,453,1440,773,0.2252
20260914,C 同B+1.0秒打断运动记忆,1.92,0,0,0,1346,1,461,1440,769,0.2268
20260914,C 同B+1.0秒打断运动记忆,1.94,0,0,0,1346,1,460,1440,771,0.2243
20260914,C 同B+1.0秒打断运动记忆,1.96,0,0,0,1346,1,458,1440,785,0.2228
20260914,C 同B+1.0秒打断运动记忆,1.98,0,0,0,1346,1,460,1440,785,0.2200
20260914,C 同B+1.0秒打断运动记忆,2.00,0,0,0,1346,1,466,1440,794,0.2194
20260914,C 同B+1.0秒打断运动记忆,2.02,0,0,0,1346,1,463,1440,776,0.2182
20260914,C 同B+1.0秒打断运动记忆,2.04,0,0,0,1346,1,476,1440,796,0.2185
20260914,C 同B+1.0秒打断运动记忆,2.06,0,0,0,1346,1,466,1440,769,0.2182
20260914,C 同B+1.0秒打断运动记忆,2.08,0,0,0,1346,1,477,1440,783,0.2187
20260914,C 同B+1.0秒打断运动记忆,2.10,0,0,0,1346,1,474,1440,786,0.2171
20260914,C 同B+1.0秒打断运动记忆,2.12,0,0,0,1346,1,473,1440,797,0.2170
20260914,C 同B+1.0秒打断运动记忆,2.14,0,0,0,1346,1,449,1440,768,0.2155
20260914,C 同B+1.0秒打断运动记忆,2.16,0,0,0,1346,1,470,1440,779,0.2165
20260914,C 同B+1.0秒打断运动记忆,2.18,0,0,0,1346,1,471,1440,797,0.2159
20260914,C 同B+1.0秒打断运动记忆,2.20,0,0,0,1346,1,439,1440,756,0.2163
20260914,C 同B+1.0秒打断运动记忆,2.22,0,0,0,1346,1,440,1440,759,0.2152
20260914,C 同B+1.0秒打断运动记忆,2.24,0,0,0,1346,1,458,1440,768,0.2185
20260914,C 同B+1.0秒打断运动记忆,2.26,0,0,0,1346,1,460,1440,773,0.2200
20260914,C 同B+1.0秒打断运动记忆,2.28,0,0,0,1346,1,454,1440,757,0.2207
20260914,C 同B+1.0秒打断运动记忆,2.30,0,0,0,1346,1,457,1440,775,0.2215
20260914,C 同B+1.0秒打断运动记忆,2.32,0,0,0,1346,1,465,1440,772,0.2232
20260914,C 同B+1.0秒打断运动记忆,2.34,0,0,0,1346,1,480,1440,790,0.2221
20260914,C 同B+1.0秒打断运动记忆,2.36,0,0,0,1346,1,466,1440,776,0.2197
20260914,C 同B+1.0秒打断运动记忆,2.38,0,0,0,1346,1,467,1440,786,0.2165
20260914,C 同B+1.0秒打断运动记忆,2.40,0,0,0,1346,1,456,1440,775,0.2126
20260914,C 同B+1.0秒打断运动记忆,2.42,0,0,0,1346,1,462,1440,776,0.2132
20260914,C 同B+1.0秒打断运动记忆,2.44,0,0,0,1346,1,459,1440,783,0.2178
20260914,C 同B+1.0秒打断运动记忆,2.46,0,0,0,1346,1,464,1440,775,0.2189
20260914,C 同B+1.0秒打断运动记忆,2.48,0,0,0,1346,1,454,1440,796,0.2190
20260914,C 同B+1.0秒打断运动记忆,2.50,0,0,0,1346,1,450,1440,777,0.2164
20260914,C 同B+1.0秒打断运动记忆,2.52,0,0,0,1346,1,446,1440,788,0.2122
20260914,C 同B+1.0秒打断运动记忆,2.54,0,0,0,1346,1,445,1440,795,0.2111
20260914,C 同B+1.0秒打断运动记忆,2.56,0,0,0,1346,1,430,1440,787,0.2147
20260914,C 同B+1.0秒打断运动记忆,2.58,0,0,0,1346,1,432,1440,785,0.2157
20260914,C 同B+1.0秒打断运动记忆,2.60,0,0,0,1346,1,440,1440,783,0.2159
20260914,C 同B+1.0秒打断运动记忆,2.62,0,0,0,1346,1,448,1440,779,0.2164
20260914,C 同B+1.0秒打断运动记忆,2.64,0,0,0,1346,1,463,1440,780,0.2190
20260914,C 同B+1.0秒打断运动记忆,2.66,0,0,0,1346,1,457,1440,781,0.2186
20260914,C 同B+1.0秒打断运动记忆,2.68,0,0,0,1346,1,458,1440,789,0.2206
20260914,C 同B+1.0秒打断运动记忆,2.70,0,0,0,1346,1,450,1440,762,0.2220
20260914,C 同B+1.0秒打断运动记忆,2.72,0,0,0,1346,1,465,1440,796,0.2233
20260914,C 同B+1.0秒打断运动记忆,2.74,0,0,0,1346,1,454,1440,787,0.2256
20260914,C 同B+1.0秒打断运动记忆,2.76,0,0,0,1346,1,448,1440,777,0.2234
20260914,C 同B+1.0秒打断运动记忆,2.78,0,0,0,1346,1,458,1440,786,0.2164
20260914,C 同B+1.0秒打断运动记忆,2.80,0,0,0,1346,1,442,1440,783,0.2074
20260914,C 同B+1.0秒打断运动记忆,2.82,0,0,0,1346,1,443,1440,784,0.1999
20260914,C 同B+1.0秒打断运动记忆,2.84,0,0,0,1346,1,452,1440,796,0.2004
20260914,C 同B+1.0秒打断运动记忆,2.86,0,0,0,1346,1,437,1440,758,0.2055
20260914,C 同B+1.0秒打断运动记忆,2.88,0,0,0,1346,1,452,1440,786,0.2094
20260914,C 同B+1.0秒打断运动记忆,2.90,0,0,0,1346,1,455,1440,784,0.2092
20260914,C 同B+1.0秒打断运动记忆,2.92,0,0,0,1346,1,451,1440,790,0.2095
20260914,C 同B+1.0秒打断运动记忆,2.94,0,0,0,1346,1,437,1440,766,0.2131
20260914,C 同B+1.0秒打断运动记忆,2.96,0,0,0,1346,1,447,1440,793,0.2166
20260914,C 同B+1.0秒打断运动记忆,2.98,0,0,0,1346,1,454,1440,772,0.2156
20260914,D 一直黑+1.0秒同样打断,0.00,0,0,0,1346,1,7,1440,7,0.2607
20260914,D 一直黑+1.0秒同样打断,0.02,0,0,0,1346,1,7,1440,15,0.2561
20260914,D 一直黑+1.0秒同样打断,0.04,0,0,0,1346,1,8,1440,18,0.2479
20260914,D 一直黑+1.0秒同样打断,0.06,0,0,0,1346,1,8,1440,24,0.2346
20260914,D 一直黑+1.0秒同样打断,0.08,0,0,0,1346,1,10,1440,24,0.2182
20260914,D 一直黑+1.0秒同样打断,0.10,0,0,0,1346,1,11,1440,23,0.2049
20260914,D 一直黑+1.0秒同样打断,0.12,0,0,0,1346,1,13,1440,37,0.2001
20260914,D 一直黑+1.0秒同样打断,0.14,0,0,0,1346,1,14,1440,43,0.2034
20260914,D 一直黑+1.0秒同样打断,0.16,0,0,0,1346,1,15,1440,40,0.2153
20260914,D 一直黑+1.0秒同样打断,0.18,0,0,0,1346,1,17,1440,43,0.2246
20260914,D 一直黑+1.0秒同样打断,0.20,0,0,0,1346,1,19,1440,45,0.2310
20260914,D 一直黑+1.0秒同样打断,0.22,0,0,0,1346,1,21,1440,40,0.2320
20260914,D 一直黑+1.0秒同样打断,0.24,0,0,0,1346,1,23,1440,50,0.2318
20260914,D 一直黑+1.0秒同样打断,0.26,0,0,0,1346,1,25,1440,46,0.2286
20260914,D 一直黑+1.0秒同样打断,0.28,0,0,0,1346,1,27,1440,56,0.2249
20260914,D 一直黑+1.0秒同样打断,0.30,0,0,0,1346,1,29,1440,52,0.2210
20260914,D 一直黑+1.0秒同样打断,0.32,0,0,0,1346,1,30,1440,61,0.2172
20260914,D 一直黑+1.0秒同样打断,0.34,0,0,0,1346,1,31,1440,60,0.2127
20260914,D 一直黑+1.0秒同样打断,0.36,0,0,0,1346,1,32,1440,71,0.2076
20260914,D 一直黑+1.0秒同样打断,0.38,0,0,0,1346,1,33,1440,67,0.2038
20260914,D 一直黑+1.0秒同样打断,0.40,0,0,0,1346,1,34,1440,67,0.1996
20260914,D 一直黑+1.0秒同样打断,0.42,0,0,0,1346,1,35,1440,66,0.1949
20260914,D 一直黑+1.0秒同样打断,0.44,0,0,0,1346,1,36,1440,74,0.1940
20260914,D 一直黑+1.0秒同样打断,0.46,0,0,0,1346,1,37,1440,67,0.1954
20260914,D 一直黑+1.0秒同样打断,0.48,0,0,0,1346,1,38,1440,68,0.1974
20260914,D 一直黑+1.0秒同样打断,0.50,0,0,0,1346,1,39,1440,69,0.1991
20260914,D 一直黑+1.0秒同样打断,0.52,0,0,0,1346,1,40,1440,71,0.2002
20260914,D 一直黑+1.0秒同样打断,0.54,0,0,0,1346,1,41,1440,77,0.2007
20260914,D 一直黑+1.0秒同样打断,0.56,0,0,0,1346,1,42,1440,75,0.2008
20260914,D 一直黑+1.0秒同样打断,0.58,0,0,0,1346,1,43,1440,68,0.2048
20260914,D 一直黑+1.0秒同样打断,0.60,0,0,0,1346,1,44,1440,79,0.2117
20260914,D 一直黑+1.0秒同样打断,0.62,0,0,0,1346,1,45,1440,81,0.2153
20260914,D 一直黑+1.0秒同样打断,0.64,0,0,0,1346,1,46,1440,87,0.2147
20260914,D 一直黑+1.0秒同样打断,0.66,0,0,0,1346,1,47,1440,84,0.2103
20260914,D 一直黑+1.0秒同样打断,0.68,0,0,0,1346,1,49,1440,91,0.2027
20260914,D 一直黑+1.0秒同样打断,0.70,0,0,0,1346,1,51,1440,92,0.1967
20260914,D 一直黑+1.0秒同样打断,0.72,0,0,0,1346,1,53,1440,95,0.1915
20260914,D 一直黑+1.0秒同样打断,0.74,0,0,0,1346,1,55,1440,96,0.1887
20260914,D 一直黑+1.0秒同样打断,0.76,0,0,0,1346,1,56,1440,96,0.1884
20260914,D 一直黑+1.0秒同样打断,0.78,0,0,0,1346,1,57,1440,101,0.1934
20260914,D 一直黑+1.0秒同样打断,0.80,0,0,0,1346,1,58,1440,105,0.2001
20260914,D 一直黑+1.0秒同样打断,0.82,0,0,0,1346,1,59,1440,108,0.2032
20260914,D 一直黑+1.0秒同样打断,0.84,0,0,0,1346,1,60,1440,112,0.2025
20260914,D 一直黑+1.0秒同样打断,0.86,0,0,0,1346,1,61,1440,105,0.1980
20260914,D 一直黑+1.0秒同样打断,0.88,0,0,0,1346,1,62,1440,107,0.1941
20260914,D 一直黑+1.0秒同样打断,0.90,0,0,0,1346,1,63,1440,111,0.1962
20260914,D 一直黑+1.0秒同样打断,0.92,0,0,0,1346,1,64,1440,119,0.2021
20260914,D 一直黑+1.0秒同样打断,0.94,0,0,0,1346,1,65,1440,118,0.2085
20260914,D 一直黑+1.0秒同样打断,0.96,0,0,0,1346,1,66,1440,128,0.2112
20260914,D 一直黑+1.0秒同样打断,0.98,0,0,0,1346,1,68,1440,131,0.2101
20260914,D 一直黑+1.0秒同样打断,1.00,0,0,0,1346,1,70,1440,125,0.2052
20260914,D 一直黑+1.0秒同样打断,1.02,0,0,0,1346,1,72,1440,132,0.1971
20260914,D 一直黑+1.0秒同样打断,1.04,0,0,0,1346,1,74,1440,133,0.1950
20260914,D 一直黑+1.0秒同样打断,1.06,0,0,0,1346,1,76,1440,133,0.2013
20260914,D 一直黑+1.0秒同样打断,1.08,0,0,0,1346,1,78,1440,140,0.2119
20260914,D 一直黑+1.0秒同样打断,1.10,0,0,0,1346,1,79,1440,145,0.2212
20260914,D 一直黑+1.0秒同样打断,1.12,0,0,0,1346,1,80,1440,147,0.2249
20260914,D 一直黑+1.0秒同样打断,1.14,0,0,0,1346,1,81,1440,152,0.2263
20260914,D 一直黑+1.0秒同样打断,1.16,0,0,0,1346,1,82,1440,152,0.2222
20260914,D 一直黑+1.0秒同样打断,1.18,0,0,0,1346,1,84,1440,155,0.2163
20260914,D 一直黑+1.0秒同样打断,1.20,0,0,0,1346,1,86,1440,161,0.2153
20260914,D 一直黑+1.0秒同样打断,1.22,0,0,0,1346,1,89,1440,169,0.2172
20260914,D 一直黑+1.0秒同样打断,1.24,0,0,0,1346,1,92,1440,174,0.2191
20260914,D 一直黑+1.0秒同样打断,1.26,0,0,0,1346,1,95,1440,177,0.2197
20260914,D 一直黑+1.0秒同样打断,1.28,0,0,0,1346,1,98,1440,182,0.2172
20260914,D 一直黑+1.0秒同样打断,1.30,0,0,0,1346,1,101,1440,183,0.2178
20260914,D 一直黑+1.0秒同样打断,1.32,0,0,0,1346,1,102,1440,186,0.2185
20260914,D 一直黑+1.0秒同样打断,1.34,0,0,0,1346,1,104,1440,190,0.2183
20260914,D 一直黑+1.0秒同样打断,1.36,0,0,0,1346,1,106,1440,193,0.2157
20260914,D 一直黑+1.0秒同样打断,1.38,0,0,0,1346,1,108,1440,193,0.2162
20260914,D 一直黑+1.0秒同样打断,1.40,0,0,0,1346,1,110,1440,199,0.2161
20260914,D 一直黑+1.0秒同样打断,1.42,0,0,0,1346,1,113,1440,204,0.2141
20260914,D 一直黑+1.0秒同样打断,1.44,0,0,0,1346,1,116,1440,212,0.2121
20260914,D 一直黑+1.0秒同样打断,1.46,0,0,0,1346,1,119,1440,222,0.2129
20260914,D 一直黑+1.0秒同样打断,1.48,0,0,0,1346,1,122,1440,223,0.2146
20260914,D 一直黑+1.0秒同样打断,1.50,0,0,0,1346,1,125,1440,233,0.2158
20260914,D 一直黑+1.0秒同样打断,1.52,0,0,0,1346,1,127,1440,228,0.2181
20260914,D 一直黑+1.0秒同样打断,1.54,0,0,0,1346,1,129,1440,228,0.2164
20260914,D 一直黑+1.0秒同样打断,1.56,0,0,0,1346,1,131,1440,233,0.2147
20260914,D 一直黑+1.0秒同样打断,1.58,0,0,0,1346,1,133,1440,239,0.2156
20260914,D 一直黑+1.0秒同样打断,1.60,0,0,0,1346,1,135,1440,239,0.2179
20260914,D 一直黑+1.0秒同样打断,1.62,0,0,0,1346,1,136,1440,245,0.2156
20260914,D 一直黑+1.0秒同样打断,1.64,0,0,0,1346,1,137,1440,246,0.2170
20260914,D 一直黑+1.0秒同样打断,1.66,0,0,0,1346,1,138,1440,253,0.2186
20260914,D 一直黑+1.0秒同样打断,1.68,0,0,0,1346,1,139,1440,255,0.2209
20260914,D 一直黑+1.0秒同样打断,1.70,0,0,0,1346,1,140,1440,257,0.2205
20260914,D 一直黑+1.0秒同样打断,1.72,0,0,0,1346,1,141,1440,260,0.2191
20260914,D 一直黑+1.0秒同样打断,1.74,0,0,0,1346,1,142,1440,264,0.2172
20260914,D 一直黑+1.0秒同样打断,1.76,0,0,0,1346,1,143,1440,267,0.2177
20260914,D 一直黑+1.0秒同样打断,1.78,0,0,0,1346,1,145,1440,277,0.2190
20260914,D 一直黑+1.0秒同样打断,1.80,0,0,0,1346,1,146,1440,277,0.2188
20260914,D 一直黑+1.0秒同样打断,1.82,0,0,0,1346,1,146,1440,282,0.2164
20260914,D 一直黑+1.0秒同样打断,1.84,0,0,0,1346,1,147,1440,280,0.2174
20260914,D 一直黑+1.0秒同样打断,1.86,0,0,0,1346,1,148,1440,289,0.2167
20260914,D 一直黑+1.0秒同样打断,1.88,0,0,0,1346,1,149,1440,293,0.2188
20260914,D 一直黑+1.0秒同样打断,1.90,0,0,0,1346,1,150,1440,298,0.2191
20260914,D 一直黑+1.0秒同样打断,1.92,0,0,0,1346,1,151,1440,303,0.2181
20260914,D 一直黑+1.0秒同样打断,1.94,0,0,0,1346,1,152,1440,313,0.2181
20260914,D 一直黑+1.0秒同样打断,1.96,0,0,0,1346,1,153,1440,311,0.2156
20260914,D 一直黑+1.0秒同样打断,1.98,0,0,0,1346,1,154,1440,318,0.2139
20260914,D 一直黑+1.0秒同样打断,2.00,0,0,0,1346,1,155,1440,321,0.2123
20260914,D 一直黑+1.0秒同样打断,2.02,0,0,0,1346,1,157,1440,326,0.2087
20260914,D 一直黑+1.0秒同样打断,2.04,0,0,0,1346,1,158,1440,338,0.2032
20260914,D 一直黑+1.0秒同样打断,2.06,0,0,0,1346,1,158,1440,344,0.1970
20260914,D 一直黑+1.0秒同样打断,2.08,0,0,0,1346,1,159,1440,358,0.1931
20260914,D 一直黑+1.0秒同样打断,2.10,0,0,0,1346,1,160,1440,351,0.1900
20260914,D 一直黑+1.0秒同样打断,2.12,0,0,0,1346,1,161,1440,357,0.1871
20260914,D 一直黑+1.0秒同样打断,2.14,0,0,0,1346,1,161,1440,357,0.1852
20260914,D 一直黑+1.0秒同样打断,2.16,0,0,0,1346,1,161,1440,358,0.1839
20260914,D 一直黑+1.0秒同样打断,2.18,0,0,0,1346,1,162,1440,362,0.1830
20260914,D 一直黑+1.0秒同样打断,2.20,0,0,0,1346,1,163,1440,365,0.1826
20260914,D 一直黑+1.0秒同样打断,2.22,0,0,0,1346,1,164,1440,374,0.1824
20260914,D 一直黑+1.0秒同样打断,2.24,0,0,0,1346,1,165,1440,373,0.1825
20260914,D 一直黑+1.0秒同样打断,2.26,0,0,0,1346,1,166,1440,378,0.1826
20260914,D 一直黑+1.0秒同样打断,2.28,0,0,0,1346,1,168,1440,383,0.1826
20260914,D 一直黑+1.0秒同样打断,2.30,0,0,0,1346,1,170,1440,388,0.1827
20260914,D 一直黑+1.0秒同样打断,2.32,0,0,0,1346,1,172,1440,394,0.1827
20260914,D 一直黑+1.0秒同样打断,2.34,0,0,0,1346,1,172,1440,398,0.1827
20260914,D 一直黑+1.0秒同样打断,2.36,0,0,0,1346,1,172,1440,401,0.1827
20260914,D 一直黑+1.0秒同样打断,2.38,0,0,0,1346,1,173,1440,404,0.1827
20260914,D 一直黑+1.0秒同样打断,2.40,0,0,0,1346,1,174,1440,406,0.1827
20260914,D 一直黑+1.0秒同样打断,2.42,0,0,0,1346,1,175,1440,406,0.1827
20260914,D 一直黑+1.0秒同样打断,2.44,0,0,0,1346,1,175,1440,407,0.1827
20260914,D 一直黑+1.0秒同样打断,2.46,0,0,0,1346,1,175,1440,407,0.1827
20260914,D 一直黑+1.0秒同样打断,2.48,0,0,0,1346,1,177,1440,409,0.1827
20260914,D 一直黑+1.0秒同样打断,2.50,0,0,0,1346,1,179,1440,411,0.1827
20260914,D 一直黑+1.0秒同样打断,2.52,0,0,0,1346,1,182,1440,417,0.1827
20260914,D 一直黑+1.0秒同样打断,2.54,0,0,0,1346,1,182,1440,417,0.1827
20260914,D 一直黑+1.0秒同样打断,2.56,0,0,0,1346,1,183,1440,417,0.1827
20260914,D 一直黑+1.0秒同样打断,2.58,0,0,0,1346,1,185,1440,421,0.1827
20260914,D 一直黑+1.0秒同样打断,2.60,0,0,0,1346,1,185,1440,424,0.1827
20260914,D 一直黑+1.0秒同样打断,2.62,0,0,0,1346,1,185,1440,425,0.1827
20260914,D 一直黑+1.0秒同样打断,2.64,0,0,0,1346,1,185,1440,423,0.1827
20260914,D 一直黑+1.0秒同样打断,2.66,0,0,0,1346,1,187,1440,423,0.1827
20260914,D 一直黑+1.0秒同样打断,2.68,0,0,0,1346,1,190,1440,429,0.1827
20260914,D 一直黑+1.0秒同样打断,2.70,0,0,0,1346,1,192,1440,432,0.1827
20260914,D 一直黑+1.0秒同样打断,2.72,0,0,0,1346,1,194,1440,435,0.1827
20260914,D 一直黑+1.0秒同样打断,2.74,0,0,0,1346,1,196,1440,437,0.1827
20260914,D 一直黑+1.0秒同样打断,2.76,0,0,0,1346,1,199,1440,441,0.1827
20260914,D 一直黑+1.0秒同样打断,2.78,0,0,0,1346,1,203,1440,444,0.1827
20260914,D 一直黑+1.0秒同样打断,2.80,0,0,0,1346,1,205,1440,446,0.1827
20260914,D 一直黑+1.0秒同样打断,2.82,0,0,0,1346,1,207,1440,451,0.1827
20260914,D 一直黑+1.0秒同样打断,2.84,0,0,0,1346,1,207,1440,454,0.1827
20260914,D 一直黑+1.0秒同样打断,2.86,0,0,0,1346,1,209,1440,454,0.1827
20260914,D 一直黑+1.0秒同样打断,2.88,0,0,0,1346,1,213,1440,458,0.1827
20260914,D 一直黑+1.0秒同样打断,2.90,0,0,0,1346,1,214,1440,460,0.1827
20260914,D 一直黑+1.0秒同样打断,2.92,0,0,0,1346,1,214,1440,464,0.1827
20260914,D 一直黑+1.0秒同样打断,2.94,0,0,0,1346,1,213,1440,464,0.1827
20260914,D 一直黑+1.0秒同样打断,2.96,0,0,0,1346,1,214,1440,467,0.1827
20260914,D 一直黑+1.0秒同样打断,2.98,0,0,0,1346,1,216,1440,470,0.1827
20260914,E 一直黑(不给红也不打断),0.00,0,0,0,1346,1,7,1440,7,0.2607
20260914,E 一直黑(不给红也不打断),0.02,0,0,0,1346,1,7,1440,15,0.2561
20260914,E 一直黑(不给红也不打断),0.04,0,0,0,1346,1,8,1440,18,0.2479
20260914,E 一直黑(不给红也不打断),0.06,0,0,0,1346,1,8,1440,24,0.2346
20260914,E 一直黑(不给红也不打断),0.08,0,0,0,1346,1,10,1440,24,0.2182
20260914,E 一直黑(不给红也不打断),0.10,0,0,0,1346,1,11,1440,23,0.2049
20260914,E 一直黑(不给红也不打断),0.12,0,0,0,1346,1,13,1440,37,0.2001
20260914,E 一直黑(不给红也不打断),0.14,0,0,0,1346,1,14,1440,43,0.2034
20260914,E 一直黑(不给红也不打断),0.16,0,0,0,1346,1,15,1440,40,0.2153
20260914,E 一直黑(不给红也不打断),0.18,0,0,0,1346,1,17,1440,43,0.2246
20260914,E 一直黑(不给红也不打断),0.20,0,0,0,1346,1,19,1440,45,0.2310
20260914,E 一直黑(不给红也不打断),0.22,0,0,0,1346,1,21,1440,40,0.2320
20260914,E 一直黑(不给红也不打断),0.24,0,0,0,1346,1,23,1440,50,0.2318
20260914,E 一直黑(不给红也不打断),0.26,0,0,0,1346,1,25,1440,46,0.2286
20260914,E 一直黑(不给红也不打断),0.28,0,0,0,1346,1,27,1440,56,0.2249
20260914,E 一直黑(不给红也不打断),0.30,0,0,0,1346,1,29,1440,52,0.2210
20260914,E 一直黑(不给红也不打断),0.32,0,0,0,1346,1,30,1440,61,0.2172
20260914,E 一直黑(不给红也不打断),0.34,0,0,0,1346,1,31,1440,60,0.2127
20260914,E 一直黑(不给红也不打断),0.36,0,0,0,1346,1,32,1440,71,0.2076
20260914,E 一直黑(不给红也不打断),0.38,0,0,0,1346,1,33,1440,67,0.2038
20260914,E 一直黑(不给红也不打断),0.40,0,0,0,1346,1,34,1440,67,0.1996
20260914,E 一直黑(不给红也不打断),0.42,0,0,0,1346,1,35,1440,66,0.1949
20260914,E 一直黑(不给红也不打断),0.44,0,0,0,1346,1,36,1440,74,0.1940
20260914,E 一直黑(不给红也不打断),0.46,0,0,0,1346,1,37,1440,67,0.1954
20260914,E 一直黑(不给红也不打断),0.48,0,0,0,1346,1,38,1440,68,0.1974
20260914,E 一直黑(不给红也不打断),0.50,0,0,0,1346,1,39,1440,69,0.1991
20260914,E 一直黑(不给红也不打断),0.52,0,0,0,1346,1,40,1440,71,0.2002
20260914,E 一直黑(不给红也不打断),0.54,0,0,0,1346,1,41,1440,77,0.2007
20260914,E 一直黑(不给红也不打断),0.56,0,0,0,1346,1,42,1440,75,0.2008
20260914,E 一直黑(不给红也不打断),0.58,0,0,0,1346,1,43,1440,68,0.2048
20260914,E 一直黑(不给红也不打断),0.60,0,0,0,1346,1,44,1440,79,0.2117
20260914,E 一直黑(不给红也不打断),0.62,0,0,0,1346,1,45,1440,81,0.2153
20260914,E 一直黑(不给红也不打断),0.64,0,0,0,1346,1,46,1440,87,0.2147
20260914,E 一直黑(不给红也不打断),0.66,0,0,0,1346,1,47,1440,84,0.2103
20260914,E 一直黑(不给红也不打断),0.68,0,0,0,1346,1,49,1440,91,0.2027
20260914,E 一直黑(不给红也不打断),0.70,0,0,0,1346,1,51,1440,92,0.1967
20260914,E 一直黑(不给红也不打断),0.72,0,0,0,1346,1,53,1440,95,0.1915
20260914,E 一直黑(不给红也不打断),0.74,0,0,0,1346,1,55,1440,96,0.1887
20260914,E 一直黑(不给红也不打断),0.76,0,0,0,1346,1,56,1440,96,0.1884
20260914,E 一直黑(不给红也不打断),0.78,0,0,0,1346,1,57,1440,101,0.1934
20260914,E 一直黑(不给红也不打断),0.80,0,0,0,1346,1,58,1440,105,0.2001
20260914,E 一直黑(不给红也不打断),0.82,0,0,0,1346,1,59,1440,108,0.2032
20260914,E 一直黑(不给红也不打断),0.84,0,0,0,1346,1,60,1440,112,0.2025
20260914,E 一直黑(不给红也不打断),0.86,0,0,0,1346,1,61,1440,105,0.1980
20260914,E 一直黑(不给红也不打断),0.88,0,0,0,1346,1,62,1440,107,0.1941
20260914,E 一直黑(不给红也不打断),0.90,0,0,0,1346,1,63,1440,111,0.1962
20260914,E 一直黑(不给红也不打断),0.92,0,0,0,1346,1,64,1440,119,0.2021
20260914,E 一直黑(不给红也不打断),0.94,0,0,0,1346,1,65,1440,118,0.2085
20260914,E 一直黑(不给红也不打断),0.96,0,0,0,1346,1,66,1440,128,0.2112
20260914,E 一直黑(不给红也不打断),0.98,0,0,0,1346,1,68,1440,131,0.2101
20260914,E 一直黑(不给红也不打断),1.00,0,0,0,1346,1,70,1440,125,0.2052
20260914,E 一直黑(不给红也不打断),1.02,0,0,0,1346,1,72,1440,132,0.1971
20260914,E 一直黑(不给红也不打断),1.04,0,0,0,1346,1,74,1440,133,0.1950
20260914,E 一直黑(不给红也不打断),1.06,0,0,0,1346,1,76,1440,133,0.2013
20260914,E 一直黑(不给红也不打断),1.08,0,0,0,1346,1,78,1440,140,0.2119
20260914,E 一直黑(不给红也不打断),1.10,0,0,0,1346,1,79,1440,145,0.2212
20260914,E 一直黑(不给红也不打断),1.12,0,0,0,1346,1,80,1440,147,0.2249
20260914,E 一直黑(不给红也不打断),1.14,0,0,0,1346,1,81,1440,152,0.2263
20260914,E 一直黑(不给红也不打断),1.16,0,0,0,1346,1,82,1440,152,0.2222
20260914,E 一直黑(不给红也不打断),1.18,0,0,0,1346,1,84,1440,155,0.2163
20260914,E 一直黑(不给红也不打断),1.20,0,0,0,1346,1,86,1440,161,0.2153
20260914,E 一直黑(不给红也不打断),1.22,0,0,0,1346,1,89,1440,169,0.2172
20260914,E 一直黑(不给红也不打断),1.24,0,0,0,1346,1,92,1440,174,0.2191
20260914,E 一直黑(不给红也不打断),1.26,0,0,0,1346,1,95,1440,177,0.2197
20260914,E 一直黑(不给红也不打断),1.28,0,0,0,1346,1,98,1440,182,0.2172
20260914,E 一直黑(不给红也不打断),1.30,0,0,0,1346,1,101,1440,183,0.2178
20260914,E 一直黑(不给红也不打断),1.32,0,0,0,1346,1,102,1440,186,0.2185
20260914,E 一直黑(不给红也不打断),1.34,0,0,0,1346,1,104,1440,190,0.2183
20260914,E 一直黑(不给红也不打断),1.36,0,0,0,1346,1,106,1440,193,0.2157
20260914,E 一直黑(不给红也不打断),1.38,0,0,0,1346,1,108,1440,193,0.2162
20260914,E 一直黑(不给红也不打断),1.40,0,0,0,1346,1,110,1440,199,0.2161
20260914,E 一直黑(不给红也不打断),1.42,0,0,0,1346,1,113,1440,204,0.2141
20260914,E 一直黑(不给红也不打断),1.44,0,0,0,1346,1,116,1440,212,0.2121
20260914,E 一直黑(不给红也不打断),1.46,0,0,0,1346,1,119,1440,222,0.2129
20260914,E 一直黑(不给红也不打断),1.48,0,0,0,1346,1,122,1440,223,0.2146
20260914,E 一直黑(不给红也不打断),1.50,0,0,0,1346,1,125,1440,233,0.2158
20260914,E 一直黑(不给红也不打断),1.52,0,0,0,1346,1,127,1440,228,0.2181
20260914,E 一直黑(不给红也不打断),1.54,0,0,0,1346,1,129,1440,228,0.2164
20260914,E 一直黑(不给红也不打断),1.56,0,0,0,1346,1,131,1440,233,0.2147
20260914,E 一直黑(不给红也不打断),1.58,0,0,0,1346,1,133,1440,239,0.2156
20260914,E 一直黑(不给红也不打断),1.60,0,0,0,1346,1,135,1440,239,0.2179
20260914,E 一直黑(不给红也不打断),1.62,0,0,0,1346,1,136,1440,245,0.2156
20260914,E 一直黑(不给红也不打断),1.64,0,0,0,1346,1,137,1440,246,0.2170
20260914,E 一直黑(不给红也不打断),1.66,0,0,0,1346,1,138,1440,253,0.2186
20260914,E 一直黑(不给红也不打断),1.68,0,0,0,1346,1,139,1440,255,0.2209
20260914,E 一直黑(不给红也不打断),1.70,0,0,0,1346,1,140,1440,257,0.2205
20260914,E 一直黑(不给红也不打断),1.72,0,0,0,1346,1,141,1440,260,0.2191
20260914,E 一直黑(不给红也不打断),1.74,0,0,0,1346,1,142,1440,264,0.2172
20260914,E 一直黑(不给红也不打断),1.76,0,0,0,1346,1,143,1440,267,0.2177
20260914,E 一直黑(不给红也不打断),1.78,0,0,0,1346,1,145,1440,277,0.2190
20260914,E 一直黑(不给红也不打断),1.80,0,0,0,1346,1,146,1440,277,0.2188
20260914,E 一直黑(不给红也不打断),1.82,0,0,0,1346,1,146,1440,282,0.2164
20260914,E 一直黑(不给红也不打断),1.84,0,0,0,1346,1,147,1440,280,0.2174
20260914,E 一直黑(不给红也不打断),1.86,0,0,0,1346,1,148,1440,289,0.2167
20260914,E 一直黑(不给红也不打断),1.88,0,0,0,1346,1,149,1440,293,0.2188
20260914,E 一直黑(不给红也不打断),1.90,0,0,0,1346,1,150,1440,298,0.2191
20260914,E 一直黑(不给红也不打断),1.92,0,0,0,1346,1,151,1440,303,0.2181
20260914,E 一直黑(不给红也不打断),1.94,0,0,0,1346,1,152,1440,313,0.2181
20260914,E 一直黑(不给红也不打断),1.96,0,0,0,1346,1,153,1440,311,0.2156
20260914,E 一直黑(不给红也不打断),1.98,0,0,0,1346,1,154,1440,318,0.2139
20260914,E 一直黑(不给红也不打断),2.00,0,0,0,1346,1,155,1440,321,0.2123
20260914,E 一直黑(不给红也不打断),2.02,0,0,0,1346,1,157,1440,326,0.2087
20260914,E 一直黑(不给红也不打断),2.04,0,0,0,1346,1,158,1440,338,0.2032
20260914,E 一直黑(不给红也不打断),2.06,0,0,0,1346,1,158,1440,344,0.1970
20260914,E 一直黑(不给红也不打断),2.08,0,0,0,1346,1,159,1440,358,0.1931
20260914,E 一直黑(不给红也不打断),2.10,0,0,0,1346,1,160,1440,351,0.1900
20260914,E 一直黑(不给红也不打断),2.12,0,0,0,1346,1,161,1440,357,0.1871
20260914,E 一直黑(不给红也不打断),2.14,0,0,0,1346,1,161,1440,357,0.1852
20260914,E 一直黑(不给红也不打断),2.16,0,0,0,1346,1,161,1440,358,0.1839
20260914,E 一直黑(不给红也不打断),2.18,0,0,0,1346,1,162,1440,362,0.1830
20260914,E 一直黑(不给红也不打断),2.20,0,0,0,1346,1,163,1440,365,0.1826
20260914,E 一直黑(不给红也不打断),2.22,0,0,0,1346,1,164,1440,374,0.1824
20260914,E 一直黑(不给红也不打断),2.24,0,0,0,1346,1,165,1440,373,0.1825
20260914,E 一直黑(不给红也不打断),2.26,0,0,0,1346,1,166,1440,378,0.1826
20260914,E 一直黑(不给红也不打断),2.28,0,0,0,1346,1,168,1440,383,0.1826
20260914,E 一直黑(不给红也不打断),2.30,0,0,0,1346,1,170,1440,388,0.1827
20260914,E 一直黑(不给红也不打断),2.32,0,0,0,1346,1,172,1440,394,0.1827
20260914,E 一直黑(不给红也不打断),2.34,0,0,0,1346,1,172,1440,398,0.1827
20260914,E 一直黑(不给红也不打断),2.36,0,0,0,1346,1,172,1440,401,0.1827
20260914,E 一直黑(不给红也不打断),2.38,0,0,0,1346,1,173,1440,404,0.1827
20260914,E 一直黑(不给红也不打断),2.40,0,0,0,1346,1,174,1440,406,0.1827
20260914,E 一直黑(不给红也不打断),2.42,0,0,0,1346,1,175,1440,406,0.1827
20260914,E 一直黑(不给红也不打断),2.44,0,0,0,1346,1,175,1440,407,0.1827
20260914,E 一直黑(不给红也不打断),2.46,0,0,0,1346,1,175,1440,407,0.1827
20260914,E 一直黑(不给红也不打断),2.48,0,0,0,1346,1,177,1440,409,0.1827
20260914,E 一直黑(不给红也不打断),2.50,0,0,0,1346,1,179,1440,411,0.1827
20260914,E 一直黑(不给红也不打断),2.52,0,0,0,1346,1,182,1440,417,0.1827
20260914,E 一直黑(不给红也不打断),2.54,0,0,0,1346,1,182,1440,417,0.1827
20260914,E 一直黑(不给红也不打断),2.56,0,0,0,1346,1,183,1440,417,0.1827
20260914,E 一直黑(不给红也不打断),2.58,0,0,0,1346,1,185,1440,421,0.1827
20260914,E 一直黑(不给红也不打断),2.60,0,0,0,1346,1,185,1440,424,0.1827
20260914,E 一直黑(不给红也不打断),2.62,0,0,0,1346,1,185,1440,425,0.1827
20260914,E 一直黑(不给红也不打断),2.64,0,0,0,1346,1,185,1440,423,0.1827
20260914,E 一直黑(不给红也不打断),2.66,0,0,0,1346,1,187,1440,423,0.1827
20260914,E 一直黑(不给红也不打断),2.68,0,0,0,1346,1,190,1440,429,0.1827
20260914,E 一直黑(不给红也不打断),2.70,0,0,0,1346,1,192,1440,432,0.1827
20260914,E 一直黑(不给红也不打断),2.72,0,0,0,1346,1,194,1440,435,0.1827
20260914,E 一直黑(不给红也不打断),2.74,0,0,0,1346,1,196,1440,437,0.1827
20260914,E 一直黑(不给红也不打断),2.76,0,0,0,1346,1,199,1440,441,0.1827
20260914,E 一直黑(不给红也不打断),2.78,0,0,0,1346,1,203,1440,444,0.1827
20260914,E 一直黑(不给红也不打断),2.80,0,0,0,1346,1,205,1440,446,0.1827
20260914,E 一直黑(不给红也不打断),2.82,0,0,0,1346,1,207,1440,451,0.1827
20260914,E 一直黑(不给红也不打断),2.84,0,0,0,1346,1,207,1440,454,0.1827
20260914,E 一直黑(不给红也不打断),2.86,0,0,0,1346,1,209,1440,454,0.1827
20260914,E 一直黑(不给红也不打断),2.88,0,0,0,1346,1,213,1440,458,0.1827
20260914,E 一直黑(不给红也不打断),2.90,0,0,0,1346,1,214,1440,460,0.1827
20260914,E 一直黑(不给红也不打断),2.92,0,0,0,1346,1,214,1440,464,0.1827
20260914,E 一直黑(不给红也不打断),2.94,0,0,0,1346,1,213,1440,464,0.1827
20260914,E 一直黑(不给红也不打断),2.96,0,0,0,1346,1,214,1440,467,0.1827
20260914,E 一直黑(不给红也不打断),2.98,0,0,0,1346,1,216,1440,470,0.1827
20260915,A 一直红,0.00,0,1,1346,1346,1,1435,1440,1435,0.2607
20260915,A 一直红,0.02,1,1,1346,1346,1,1430,1440,1447,0.2565
20260915,A 一直红,0.04,1,1,1346,1346,1,1437,1440,1462,0.2509
20260915,A 一直红,0.06,1,1,1346,1346,1,1436,1440,1454,0.2553
20260915,A 一直红,0.08,1,1,1346,1346,1,1436,1440,1451,0.2670
20260915,A 一直红,0.10,1,1,1346,1346,1,1437,1440,1469,0.2804
20260915,A 一直红,0.12,1,1,1346,1346,1,1434,1440,1452,0.2937
20260915,A 一直红,0.14,1,1,1346,1346,1,1433,1440,1456,0.3070
20260915,A 一直红,0.16,1,1,1346,1346,1,1434,1440,1460,0.3198
20260915,A 一直红,0.18,1,1,1346,1346,1,1434,1440,1458,0.3322
20260915,A 一直红,0.20,1,1,1346,1346,1,1434,1440,1465,0.3432
20260915,A 一直红,0.22,1,1,1346,1346,1,1434,1440,1462,0.3522
20260915,A 一直红,0.24,1,1,1346,1346,1,1434,1440,1462,0.3584
20260915,A 一直红,0.26,1,1,1346,1346,1,1434,1440,1462,0.3629
20260915,A 一直红,0.28,1,1,1346,1346,1,1434,1440,1460,0.3667
20260915,A 一直红,0.30,1,1,1346,1346,1,1435,1440,1458,0.3690
20260915,A 一直红,0.32,1,1,1346,1346,1,1435,1440,1459,0.3701
20260915,A 一直红,0.34,1,1,1346,1346,1,1435,1440,1457,0.3711
20260915,A 一直红,0.36,1,1,1346,1346,1,1434,1440,1460,0.3708
20260915,A 一直红,0.38,1,1,1346,1346,1,1436,1440,1456,0.3682
20260915,A 一直红,0.40,1,1,1346,1346,1,1437,1440,1463,0.3644
20260915,A 一直红,0.42,1,1,1346,1346,1,1435,1440,1459,0.3590
20260915,A 一直红,0.44,1,1,1346,1346,1,1436,1440,1453,0.3523
20260915,A 一直红,0.46,1,1,1346,1346,1,1436,1440,1454,0.3458
20260915,A 一直红,0.48,1,1,1346,1346,1,1437,1440,1458,0.3439
20260915,A 一直红,0.50,1,1,1346,1346,1,1434,1440,1458,0.3472
20260915,A 一直红,0.52,1,1,1346,1346,1,1434,1440,1460,0.3520
20260915,A 一直红,0.54,1,1,1346,1346,1,1434,1440,1461,0.3555
20260915,A 一直红,0.56,1,1,1346,1346,1,1434,1440,1458,0.3572
20260915,A 一直红,0.58,1,1,1346,1346,1,1436,1440,1464,0.3580
20260915,A 一直红,0.60,1,1,1346,1346,1,1436,1440,1461,0.3570
20260915,A 一直红,0.62,1,1,1346,1346,1,1434,1440,1461,0.3552
20260915,A 一直红,0.64,1,1,1346,1346,1,1434,1440,1458,0.3531
20260915,A 一直红,0.66,1,1,1346,1346,1,1433,1440,1461,0.3495
20260915,A 一直红,0.68,1,1,1346,1346,1,1435,1440,1465,0.3460
20260915,A 一直红,0.70,1,1,1346,1346,1,1436,1440,1465,0.3480
20260915,A 一直红,0.72,1,1,1346,1346,1,1434,1440,1460,0.3515
20260915,A 一直红,0.74,1,1,1346,1346,1,1434,1440,1458,0.3535
20260915,A 一直红,0.76,1,1,1346,1346,1,1433,1440,1459,0.3539
20260915,A 一直红,0.78,1,1,1346,1346,1,1434,1440,1459,0.3534
20260915,A 一直红,0.80,1,1,1346,1346,1,1434,1440,1465,0.3523
20260915,A 一直红,0.82,1,1,1346,1346,1,1433,1440,1465,0.3531
20260915,A 一直红,0.84,1,1,1346,1346,1,1436,1440,1463,0.3553
20260915,A 一直红,0.86,1,1,1346,1346,1,1433,1440,1460,0.3556
20260915,A 一直红,0.88,1,1,1346,1346,1,1435,1440,1461,0.3541
20260915,A 一直红,0.90,1,1,1346,1346,1,1434,1440,1455,0.3497
20260915,A 一直红,0.92,1,1,1346,1346,1,1432,1440,1451,0.3442
20260915,A 一直红,0.94,1,1,1346,1346,1,1432,1440,1454,0.3398
20260915,A 一直红,0.96,1,1,1346,1346,1,1433,1440,1455,0.3389
20260915,A 一直红,0.98,1,1,1346,1346,1,1434,1440,1464,0.3388
20260915,A 一直红,1.00,1,1,1346,1346,1,1436,1440,1464,0.3424
20260915,A 一直红,1.02,1,1,1346,1346,1,1432,1440,1455,0.3466
20260915,A 一直红,1.04,1,1,1346,1346,1,1433,1440,1458,0.3496
20260915,A 一直红,1.06,1,1,1346,1346,1,1433,1440,1459,0.3510
20260915,A 一直红,1.08,1,1,1346,1346,1,1434,1440,1458,0.3520
20260915,A 一直红,1.10,1,1,1346,1346,1,1433,1440,1461,0.3520
20260915,A 一直红,1.12,1,1,1346,1346,1,1434,1440,1460,0.3512
20260915,A 一直红,1.14,1,1,1346,1346,1,1434,1440,1462,0.3516
20260915,A 一直红,1.16,1,1,1346,1346,1,1433,1440,1456,0.3526
20260915,A 一直红,1.18,1,1,1346,1346,1,1435,1440,1459,0.3515
20260915,A 一直红,1.20,1,1,1346,1346,1,1434,1440,1455,0.3473
20260915,A 一直红,1.22,1,1,1346,1346,1,1432,1440,1452,0.3429
20260915,A 一直红,1.24,1,1,1346,1346,1,1434,1440,1455,0.3422
20260915,A 一直红,1.26,1,1,1346,1346,1,1435,1440,1459,0.3432
20260915,A 一直红,1.28,1,1,1346,1346,1,1433,1440,1455,0.3438
20260915,A 一直红,1.30,1,1,1346,1346,1,1436,1440,1465,0.3475
20260915,A 一直红,1.32,1,1,1346,1346,1,1433,1440,1455,0.3515
20260915,A 一直红,1.34,1,1,1346,1346,1,1434,1440,1463,0.3541
20260915,A 一直红,1.36,1,1,1346,1346,1,1433,1440,1460,0.3551
20260915,A 一直红,1.38,1,1,1346,1346,1,1434,1440,1458,0.3554
20260915,A 一直红,1.40,1,1,1346,1346,1,1434,1440,1463,0.3548
20260915,A 一直红,1.42,1,1,1346,1346,1,1434,1440,1465,0.3529
20260915,A 一直红,1.44,1,1,1346,1346,1,1436,1440,1467,0.3518
20260915,A 一直红,1.46,1,1,1346,1346,1,1433,1440,1456,0.3522
20260915,A 一直红,1.48,1,1,1346,1346,1,1435,1440,1458,0.3510
20260915,A 一直红,1.50,1,1,1346,1346,1,1434,1440,1455,0.3468
20260915,A 一直红,1.52,1,1,1346,1346,1,1432,1440,1451,0.3420
20260915,A 一直红,1.54,1,1,1346,1346,1,1434,1440,1455,0.3392
20260915,A 一直红,1.56,1,1,1346,1346,1,1433,1440,1459,0.3383
20260915,A 一直红,1.58,1,1,1346,1346,1,1435,1440,1460,0.3397
20260915,A 一直红,1.60,1,1,1346,1346,1,1436,1440,1464,0.3452
20260915,A 一直红,1.62,1,1,1346,1346,1,1432,1440,1455,0.3504
20260915,A 一直红,1.64,1,1,1346,1346,1,1433,1440,1460,0.3537
20260915,A 一直红,1.66,1,1,1346,1346,1,1433,1440,1460,0.3549
20260915,A 一直红,1.68,1,1,1346,1346,1,1434,1440,1458,0.3552
20260915,A 一直红,1.70,1,1,1346,1346,1,1434,1440,1463,0.3543
20260915,A 一直红,1.72,1,1,1346,1346,1,1433,1440,1464,0.3522
20260915,A 一直红,1.74,1,1,1346,1346,1,1436,1440,1468,0.3518
20260915,A 一直红,1.76,1,1,1346,1346,1,1433,1440,1457,0.3529
20260915,A 一直红,1.78,1,1,1346,1346,1,1435,1440,1458,0.3519
20260915,A 一直红,1.80,1,1,1346,1346,1,1434,1440,1454,0.3477
20260915,A 一直红,1.82,1,1,1346,1346,1,1432,1440,1453,0.3426
20260915,A 一直红,1.84,1,1,1346,1346,1,1434,1440,1453,0.3394
20260915,A 一直红,1.86,1,1,1346,1346,1,1433,1440,1458,0.3391
20260915,A 一直红,1.88,1,1,1346,1346,1,1435,1440,1461,0.3405
20260915,A 一直红,1.90,1,1,1346,1346,1,1436,1440,1464,0.3457
20260915,A 一直红,1.92,1,1,1346,1346,1,1432,1440,1455,0.3506
20260915,A 一直红,1.94,1,1,1346,1346,1,1434,1440,1460,0.3537
20260915,A 一直红,1.96,1,1,1346,1346,1,1433,1440,1460,0.3550
20260915,A 一直红,1.98,1,1,1346,1346,1,1433,1440,1454,0.3554
20260915,A 一直红,2.00,1,1,1346,1346,1,1434,1440,1463,0.3548
20260915,A 一直红,2.02,1,1,1346,1346,1,1434,1440,1463,0.3528
20260915,A 一直红,2.04,1,1,1346,1346,1,1434,1440,1465,0.3518
20260915,A 一直红,2.06,1,1,1346,1346,1,1433,1440,1457,0.3523
20260915,A 一直红,2.08,1,1,1346,1346,1,1435,1440,1459,0.3509
20260915,A 一直红,2.10,1,1,1346,1346,1,1434,1440,1455,0.3467
20260915,A 一直红,2.12,1,1,1346,1346,1,1432,1440,1452,0.3422
20260915,A 一直红,2.14,1,1,1346,1346,1,1434,1440,1455,0.3395
20260915,A 一直红,2.16,1,1,1346,1346,1,1433,1440,1459,0.3386
20260915,A 一直红,2.18,1,1,1346,1346,1,1435,1440,1459,0.3400
20260915,A 一直红,2.20,1,1,1346,1346,1,1436,1440,1464,0.3454
20260915,A 一直红,2.22,1,1,1346,1346,1,1433,1440,1456,0.3506
20260915,A 一直红,2.24,1,1,1346,1346,1,1433,1440,1458,0.3538
20260915,A 一直红,2.26,1,1,1346,1346,1,1433,1440,1460,0.3551
20260915,A 一直红,2.28,1,1,1346,1346,1,1434,1440,1458,0.3554
20260915,A 一直红,2.30,1,1,1346,1346,1,1434,1440,1463,0.3546
20260915,A 一直红,2.32,1,1,1346,1346,1,1433,1440,1464,0.3524
20260915,A 一直红,2.34,1,1,1346,1346,1,1436,1440,1468,0.3518
20260915,A 一直红,2.36,1,1,1346,1346,1,1433,1440,1457,0.3527
20260915,A 一直红,2.38,1,1,1346,1346,1,1435,1440,1458,0.3516
20260915,A 一直红,2.40,1,1,1346,1346,1,1434,1440,1454,0.3474
20260915,A 一直红,2.42,1,1,1346,1346,1,1432,1440,1452,0.3424
20260915,A 一直红,2.44,1,1,1346,1346,1,1434,1440,1455,0.3393
20260915,A 一直红,2.46,1,1,1346,1346,1,1433,1440,1459,0.3390
20260915,A 一直红,2.48,1,1,1346,1346,1,1435,1440,1461,0.3406
20260915,A 一直红,2.50,1,1,1346,1346,1,1436,1440,1464,0.3461
20260915,A 一直红,2.52,1,1,1346,1346,1,1432,1440,1455,0.3512
20260915,A 一直红,2.54,1,1,1346,1346,1,1434,1440,1460,0.3544
20260915,A 一直红,2.56,1,1,1346,1346,1,1433,1440,1460,0.3557
20260915,A 一直红,2.58,1,1,1346,1346,1,1433,1440,1454,0.3560
20260915,A 一直红,2.60,1,1,1346,1346,1,1434,1440,1463,0.3553
20260915,A 一直红,2.62,1,1,1346,1346,1,1434,1440,1465,0.3532
20260915,A 一直红,2.64,1,1,1346,1346,1,1434,1440,1465,0.3519
20260915,A 一直红,2.66,1,1,1346,1346,1,1433,1440,1457,0.3521
20260915,A 一直红,2.68,1,1,1346,1346,1,1435,1440,1459,0.3506
20260915,A 一直红,2.70,1,1,1346,1346,1,1434,1440,1455,0.3463
20260915,A 一直红,2.72,1,1,1346,1346,1,1432,1440,1452,0.3419
20260915,A 一直红,2.74,1,1,1346,1346,1,1434,1440,1455,0.3393
20260915,A 一直红,2.76,1,1,1346,1346,1,1433,1440,1459,0.3385
20260915,A 一直红,2.78,1,1,1346,1346,1,1435,1440,1459,0.3400
20260915,A 一直红,2.80,1,1,1346,1346,1,1436,1440,1464,0.3455
20260915,A 一直红,2.82,1,1,1346,1346,1,1433,1440,1456,0.3506
20260915,A 一直红,2.84,1,1,1346,1346,1,1433,1440,1458,0.3539
20260915,A 一直红,2.86,1,1,1346,1346,1,1433,1440,1460,0.3551
20260915,A 一直红,2.88,1,1,1346,1346,1,1434,1440,1458,0.3554
20260915,A 一直红,2.90,1,1,1346,1346,1,1434,1440,1463,0.3545
20260915,A 一直红,2.92,1,1,1346,1346,1,1433,1440,1464,0.3524
20260915,A 一直红,2.94,1,1,1346,1346,1,1436,1440,1468,0.3518
20260915,A 一直红,2.96,1,1,1346,1346,1,1433,1440,1457,0.3527
20260915,A 一直红,2.98,1,1,1346,1346,1,1435,1440,1459,0.3517
20260915,B 红0.5秒后全黑,0.00,0,1,1346,1346,1,1435,1440,1435,0.2607
20260915,B 红0.5秒后全黑,0.02,1,1,1346,1346,1,1430,1440,1447,0.2565
20260915,B 红0.5秒后全黑,0.04,1,1,1346,1346,1,1437,1440,1462,0.2509
20260915,B 红0.5秒后全黑,0.06,1,1,1346,1346,1,1436,1440,1454,0.2553
20260915,B 红0.5秒后全黑,0.08,1,1,1346,1346,1,1436,1440,1451,0.2670
20260915,B 红0.5秒后全黑,0.10,1,1,1346,1346,1,1437,1440,1469,0.2804
20260915,B 红0.5秒后全黑,0.12,1,1,1346,1346,1,1434,1440,1452,0.2937
20260915,B 红0.5秒后全黑,0.14,1,1,1346,1346,1,1433,1440,1456,0.3070
20260915,B 红0.5秒后全黑,0.16,1,1,1346,1346,1,1434,1440,1460,0.3198
20260915,B 红0.5秒后全黑,0.18,1,1,1346,1346,1,1434,1440,1458,0.3322
20260915,B 红0.5秒后全黑,0.20,1,1,1346,1346,1,1434,1440,1465,0.3432
20260915,B 红0.5秒后全黑,0.22,1,1,1346,1346,1,1434,1440,1462,0.3522
20260915,B 红0.5秒后全黑,0.24,1,1,1346,1346,1,1434,1440,1462,0.3584
20260915,B 红0.5秒后全黑,0.26,1,1,1346,1346,1,1434,1440,1462,0.3629
20260915,B 红0.5秒后全黑,0.28,1,1,1346,1346,1,1434,1440,1460,0.3667
20260915,B 红0.5秒后全黑,0.30,1,1,1346,1346,1,1435,1440,1458,0.3690
20260915,B 红0.5秒后全黑,0.32,1,1,1346,1346,1,1435,1440,1459,0.3701
20260915,B 红0.5秒后全黑,0.34,1,1,1346,1346,1,1435,1440,1457,0.3711
20260915,B 红0.5秒后全黑,0.36,1,1,1346,1346,1,1434,1440,1460,0.3708
20260915,B 红0.5秒后全黑,0.38,1,1,1346,1346,1,1436,1440,1456,0.3682
20260915,B 红0.5秒后全黑,0.40,1,1,1346,1346,1,1437,1440,1463,0.3644
20260915,B 红0.5秒后全黑,0.42,1,1,1346,1346,1,1435,1440,1459,0.3590
20260915,B 红0.5秒后全黑,0.44,1,1,1346,1346,1,1436,1440,1453,0.3523
20260915,B 红0.5秒后全黑,0.46,1,1,1346,1346,1,1436,1440,1454,0.3458
20260915,B 红0.5秒后全黑,0.48,1,1,1346,1346,1,1437,1440,1458,0.3439
20260915,B 红0.5秒后全黑,0.50,1,0,0,1346,1,83,1440,107,0.3479
20260915,B 红0.5秒后全黑,0.52,1,0,0,1346,1,91,1440,130,0.3538
20260915,B 红0.5秒后全黑,0.54,1,0,0,1346,1,100,1440,153,0.3588
20260915,B 红0.5秒后全黑,0.56,1,0,0,1346,1,112,1440,179,0.3620
20260915,B 红0.5秒后全黑,0.58,1,0,0,1346,1,135,1440,219,0.3639
20260915,B 红0.5秒后全黑,0.60,1,0,0,1346,1,145,1440,237,0.3635
20260915,B 红0.5秒后全黑,0.62,1,0,0,1346,1,170,1440,272,0.3617
20260915,B 红0.5秒后全黑,0.64,1,0,0,1346,1,188,1440,313,0.3594
20260915,B 红0.5秒后全黑,0.66,1,0,0,1346,1,211,1440,345,0.3556
20260915,B 红0.5秒后全黑,0.68,1,0,0,1346,1,240,1440,398,0.3498
20260915,B 红0.5秒后全黑,0.70,1,0,0,1346,1,273,1440,439,0.3489
20260915,B 红0.5秒后全黑,0.72,1,0,0,1346,1,300,1440,487,0.3515
20260915,B 红0.5秒后全黑,0.74,1,0,0,1346,1,324,1440,548,0.3542
20260915,B 红0.5秒后全黑,0.76,1,0,0,1346,1,347,1440,603,0.3564
20260915,B 红0.5秒后全黑,0.78,1,0,0,1346,1,388,1440,666,0.3583
20260915,B 红0.5秒后全黑,0.80,1,0,0,1346,1,422,1440,717,0.3596
20260915,B 红0.5秒后全黑,0.82,1,0,0,1346,1,423,1440,736,0.3608
20260915,B 红0.5秒后全黑,0.84,1,0,0,1346,1,430,1440,757,0.3628
20260915,B 红0.5秒后全黑,0.86,1,0,0,1346,1,425,1440,779,0.3633
20260915,B 红0.5秒后全黑,0.88,1,0,0,1346,1,421,1440,780,0.3614
20260915,B 红0.5秒后全黑,0.90,1,0,0,1346,1,408,1440,758,0.3562
20260915,B 红0.5秒后全黑,0.92,1,0,0,1346,1,428,1440,787,0.3510
20260915,B 红0.5秒后全黑,0.94,1,0,0,1346,1,430,1440,792,0.3501
20260915,B 红0.5秒后全黑,0.96,1,0,0,1346,1,436,1440,787,0.3518
20260915,B 红0.5秒后全黑,0.98,1,0,0,1346,1,430,1440,783,0.3518
20260915,B 红0.5秒后全黑,1.00,1,0,0,1346,1,432,1440,783,0.3503
20260915,B 红0.5秒后全黑,1.02,1,0,0,1346,1,436,1440,791,0.3495
20260915,B 红0.5秒后全黑,1.04,1,0,0,1346,1,412,1440,767,0.3497
20260915,B 红0.5秒后全黑,1.06,1,0,0,1346,1,429,1440,779,0.3500
20260915,B 红0.5秒后全黑,1.08,1,0,0,1346,1,419,1440,780,0.3499
20260915,B 红0.5秒后全黑,1.10,1,0,0,1346,1,410,1440,774,0.3501
20260915,B 红0.5秒后全黑,1.12,1,0,0,1346,1,419,1440,780,0.3514
20260915,B 红0.5秒后全黑,1.14,1,0,0,1346,1,421,1440,787,0.3552
20260915,B 红0.5秒后全黑,1.16,1,0,0,1346,1,422,1440,796,0.3583
20260915,B 红0.5秒后全黑,1.18,1,0,0,1346,1,405,1440,778,0.3594
20260915,B 红0.5秒后全黑,1.20,1,0,0,1346,1,406,1440,776,0.3572
20260915,B 红0.5秒后全黑,1.22,1,0,0,1346,1,409,1440,793,0.3548
20260915,B 红0.5秒后全黑,1.24,1,0,0,1346,1,398,1440,777,0.3546
20260915,B 红0.5秒后全黑,1.26,1,0,0,1346,1,405,1440,781,0.3542
20260915,B 红0.5秒后全黑,1.28,1,0,0,1346,1,400,1440,781,0.3521
20260915,B 红0.5秒后全黑,1.30,1,0,0,1346,1,401,1440,774,0.3521
20260915,B 红0.5秒后全黑,1.32,1,0,0,1346,1,426,1440,797,0.3545
20260915,B 红0.5秒后全黑,1.34,1,0,0,1346,1,406,1440,766,0.3566
20260915,B 红0.5秒后全黑,1.36,1,0,0,1346,1,411,1440,779,0.3578
20260915,B 红0.5秒后全黑,1.38,1,0,0,1346,1,416,1440,789,0.3589
20260915,B 红0.5秒后全黑,1.40,1,0,0,1346,1,413,1440,801,0.3593
20260915,B 红0.5秒后全黑,1.42,1,0,0,1346,1,403,1440,786,0.3578
20260915,B 红0.5秒后全黑,1.44,1,0,0,1346,1,402,1440,773,0.3578
20260915,B 红0.5秒后全黑,1.46,1,0,0,1346,1,414,1440,791,0.3602
20260915,B 红0.5秒后全黑,1.48,1,0,0,1346,1,403,1440,768,0.3606
20260915,B 红0.5秒后全黑,1.50,1,0,0,1346,1,393,1440,772,0.3579
20260915,B 红0.5秒后全黑,1.52,1,0,0,1346,1,405,1440,781,0.3543
20260915,B 红0.5秒后全黑,1.54,1,0,0,1346,1,408,1440,800,0.3527
20260915,B 红0.5秒后全黑,1.56,1,0,0,1346,1,402,1440,767,0.3517
20260915,B 红0.5秒后全黑,1.58,1,0,0,1346,1,402,1440,769,0.3487
20260915,B 红0.5秒后全黑,1.60,1,0,0,1346,1,407,1440,788,0.3502
20260915,B 红0.5秒后全黑,1.62,1,0,0,1346,1,395,1440,792,0.3533
20260915,B 红0.5秒后全黑,1.64,1,0,0,1346,1,399,1440,786,0.3558
20260915,B 红0.5秒后全黑,1.66,1,0,0,1346,1,396,1440,779,0.3579
20260915,B 红0.5秒后全黑,1.68,1,0,0,1346,1,396,1440,770,0.3594
20260915,B 红0.5秒后全黑,1.70,1,0,0,1346,1,406,1440,778,0.3598
20260915,B 红0.5秒后全黑,1.72,1,0,0,1346,1,403,1440,781,0.3584
20260915,B 红0.5秒后全黑,1.74,1,0,0,1346,1,403,1440,771,0.3579
20260915,B 红0.5秒后全黑,1.76,1,0,0,1346,1,406,1440,774,0.3599
20260915,B 红0.5秒后全黑,1.78,1,0,0,1346,1,413,1440,784,0.3610
20260915,B 红0.5秒后全黑,1.80,1,0,0,1346,1,410,1440,774,0.3591
20260915,B 红0.5秒后全黑,1.82,1,0,0,1346,1,414,1440,787,0.3557
20260915,B 红0.5秒后全黑,1.84,1,0,0,1346,1,396,1440,781,0.3540
20260915,B 红0.5秒后全黑,1.86,1,0,0,1346,1,393,1440,783,0.3527
20260915,B 红0.5秒后全黑,1.88,1,0,0,1346,1,407,1440,785,0.3493
20260915,B 红0.5秒后全黑,1.90,1,0,0,1346,1,396,1440,777,0.3466
20260915,B 红0.5秒后全黑,1.92,1,0,0,1346,1,396,1440,773,0.3471
20260915,B 红0.5秒后全黑,1.94,1,0,0,1346,1,392,1440,761,0.3480
20260915,B 红0.5秒后全黑,1.96,1,0,0,1346,1,402,1440,784,0.3497
20260915,B 红0.5秒后全黑,1.98,1,0,0,1346,1,392,1440,754,0.3519
20260915,B 红0.5秒后全黑,2.00,1,0,0,1346,1,403,1440,766,0.3532
20260915,B 红0.5秒后全黑,2.02,1,0,0,1346,1,402,1440,764,0.3537
20260915,B 红0.5秒后全黑,2.04,1,0,0,1346,1,405,1440,774,0.3559
20260915,B 红0.5秒后全黑,2.06,1,0,0,1346,1,400,1440,756,0.3577
20260915,B 红0.5秒后全黑,2.08,1,0,0,1346,1,404,1440,764,0.3580
20260915,B 红0.5秒后全黑,2.10,1,0,0,1346,1,397,1440,764,0.3560
20260915,B 红0.5秒后全黑,2.12,1,0,0,1346,1,393,1440,758,0.3540
20260915,B 红0.5秒后全黑,2.14,1,0,0,1346,1,397,1440,739,0.3546
20260915,B 红0.5秒后全黑,2.16,1,0,0,1346,1,398,1440,753,0.3553
20260915,B 红0.5秒后全黑,2.18,1,0,0,1346,1,397,1440,766,0.3536
20260915,B 红0.5秒后全黑,2.20,1,0,0,1346,1,389,1440,763,0.3509
20260915,B 红0.5秒后全黑,2.22,1,0,0,1346,1,386,1440,764,0.3496
20260915,B 红0.5秒后全黑,2.24,1,0,0,1346,1,384,1440,768,0.3504
20260915,B 红0.5秒后全黑,2.26,1,0,0,1346,1,377,1440,765,0.3512
20260915,B 红0.5秒后全黑,2.28,1,0,0,1346,1,359,1440,738,0.3527
20260915,B 红0.5秒后全黑,2.30,1,0,0,1346,1,368,1440,771,0.3545
20260915,B 红0.5秒后全黑,2.32,1,0,0,1346,1,367,1440,772,0.3563
20260915,B 红0.5秒后全黑,2.34,1,0,0,1346,1,359,1440,757,0.3593
20260915,B 红0.5秒后全黑,2.36,1,0,0,1346,1,356,1440,750,0.3614
20260915,B 红0.5秒后全黑,2.38,1,0,0,1346,1,366,1440,763,0.3615
20260915,B 红0.5秒后全黑,2.40,1,0,0,1346,1,364,1440,757,0.3585
20260915,B 红0.5秒后全黑,2.42,1,0,0,1346,1,361,1440,766,0.3544
20260915,B 红0.5秒后全黑,2.44,1,0,0,1346,1,368,1440,764,0.3528
20260915,B 红0.5秒后全黑,2.46,1,0,0,1346,1,366,1440,744,0.3530
20260915,B 红0.5秒后全黑,2.48,1,0,0,1346,1,375,1440,746,0.3515
20260915,B 红0.5秒后全黑,2.50,1,0,0,1346,1,382,1440,759,0.3486
20260915,B 红0.5秒后全黑,2.52,1,0,0,1346,1,374,1440,750,0.3477
20260915,B 红0.5秒后全黑,2.54,1,0,0,1346,1,367,1440,747,0.3497
20260915,B 红0.5秒后全黑,2.56,1,0,0,1346,1,363,1440,758,0.3527
20260915,B 红0.5秒后全黑,2.58,1,0,0,1346,1,360,1440,756,0.3555
20260915,B 红0.5秒后全黑,2.60,1,0,0,1346,1,365,1440,756,0.3573
20260915,B 红0.5秒后全黑,2.62,1,0,0,1346,1,363,1440,745,0.3572
20260915,B 红0.5秒后全黑,2.64,1,0,0,1346,1,369,1440,743,0.3580
20260915,B 红0.5秒后全黑,2.66,1,0,0,1346,1,369,1440,749,0.3584
20260915,B 红0.5秒后全黑,2.68,1,0,0,1346,1,375,1440,748,0.3574
20260915,B 红0.5秒后全黑,2.70,1,0,0,1346,1,375,1440,751,0.3543
20260915,B 红0.5秒后全黑,2.72,1,0,0,1346,1,371,1440,745,0.3519
20260915,B 红0.5秒后全黑,2.74,1,0,0,1346,1,378,1440,762,0.3507
20260915,B 红0.5秒后全黑,2.76,1,0,0,1346,1,376,1440,762,0.3494
20260915,B 红0.5秒后全黑,2.78,1,0,0,1346,1,378,1440,761,0.3473
20260915,B 红0.5秒后全黑,2.80,1,0,0,1346,1,379,1440,775,0.3497
20260915,B 红0.5秒后全黑,2.82,1,0,0,1346,1,369,1440,766,0.3519
20260915,B 红0.5秒后全黑,2.84,1,0,0,1346,1,364,1440,762,0.3530
20260915,B 红0.5秒后全黑,2.86,1,0,0,1346,1,362,1440,751,0.3541
20260915,B 红0.5秒后全黑,2.88,1,0,0,1346,1,372,1440,759,0.3546
20260915,B 红0.5秒后全黑,2.90,1,0,0,1346,1,369,1440,767,0.3543
20260915,B 红0.5秒后全黑,2.92,1,0,0,1346,1,367,1440,771,0.3541
20260915,B 红0.5秒后全黑,2.94,1,0,0,1346,1,364,1440,751,0.3563
20260915,B 红0.5秒后全黑,2.96,1,0,0,1346,1,364,1440,746,0.3593
20260915,B 红0.5秒后全黑,2.98,1,0,0,1346,1,372,1440,760,0.3603
20260915,C 同B+1.0秒打断运动记忆,0.00,0,1,1346,1346,1,1435,1440,1435,0.2607
20260915,C 同B+1.0秒打断运动记忆,0.02,1,1,1346,1346,1,1430,1440,1447,0.2565
20260915,C 同B+1.0秒打断运动记忆,0.04,1,1,1346,1346,1,1437,1440,1462,0.2509
20260915,C 同B+1.0秒打断运动记忆,0.06,1,1,1346,1346,1,1436,1440,1454,0.2553
20260915,C 同B+1.0秒打断运动记忆,0.08,1,1,1346,1346,1,1436,1440,1451,0.2670
20260915,C 同B+1.0秒打断运动记忆,0.10,1,1,1346,1346,1,1437,1440,1469,0.2804
20260915,C 同B+1.0秒打断运动记忆,0.12,1,1,1346,1346,1,1434,1440,1452,0.2937
20260915,C 同B+1.0秒打断运动记忆,0.14,1,1,1346,1346,1,1433,1440,1456,0.3070
20260915,C 同B+1.0秒打断运动记忆,0.16,1,1,1346,1346,1,1434,1440,1460,0.3198
20260915,C 同B+1.0秒打断运动记忆,0.18,1,1,1346,1346,1,1434,1440,1458,0.3322
20260915,C 同B+1.0秒打断运动记忆,0.20,1,1,1346,1346,1,1434,1440,1465,0.3432
20260915,C 同B+1.0秒打断运动记忆,0.22,1,1,1346,1346,1,1434,1440,1462,0.3522
20260915,C 同B+1.0秒打断运动记忆,0.24,1,1,1346,1346,1,1434,1440,1462,0.3584
20260915,C 同B+1.0秒打断运动记忆,0.26,1,1,1346,1346,1,1434,1440,1462,0.3629
20260915,C 同B+1.0秒打断运动记忆,0.28,1,1,1346,1346,1,1434,1440,1460,0.3667
20260915,C 同B+1.0秒打断运动记忆,0.30,1,1,1346,1346,1,1435,1440,1458,0.3690
20260915,C 同B+1.0秒打断运动记忆,0.32,1,1,1346,1346,1,1435,1440,1459,0.3701
20260915,C 同B+1.0秒打断运动记忆,0.34,1,1,1346,1346,1,1435,1440,1457,0.3711
20260915,C 同B+1.0秒打断运动记忆,0.36,1,1,1346,1346,1,1434,1440,1460,0.3708
20260915,C 同B+1.0秒打断运动记忆,0.38,1,1,1346,1346,1,1436,1440,1456,0.3682
20260915,C 同B+1.0秒打断运动记忆,0.40,1,1,1346,1346,1,1437,1440,1463,0.3644
20260915,C 同B+1.0秒打断运动记忆,0.42,1,1,1346,1346,1,1435,1440,1459,0.3590
20260915,C 同B+1.0秒打断运动记忆,0.44,1,1,1346,1346,1,1436,1440,1453,0.3523
20260915,C 同B+1.0秒打断运动记忆,0.46,1,1,1346,1346,1,1436,1440,1454,0.3458
20260915,C 同B+1.0秒打断运动记忆,0.48,1,1,1346,1346,1,1437,1440,1458,0.3439
20260915,C 同B+1.0秒打断运动记忆,0.50,1,0,0,1346,1,83,1440,107,0.3479
20260915,C 同B+1.0秒打断运动记忆,0.52,1,0,0,1346,1,91,1440,130,0.3538
20260915,C 同B+1.0秒打断运动记忆,0.54,1,0,0,1346,1,100,1440,153,0.3588
20260915,C 同B+1.0秒打断运动记忆,0.56,1,0,0,1346,1,112,1440,179,0.3620
20260915,C 同B+1.0秒打断运动记忆,0.58,1,0,0,1346,1,135,1440,219,0.3639
20260915,C 同B+1.0秒打断运动记忆,0.60,1,0,0,1346,1,145,1440,237,0.3635
20260915,C 同B+1.0秒打断运动记忆,0.62,1,0,0,1346,1,170,1440,272,0.3617
20260915,C 同B+1.0秒打断运动记忆,0.64,1,0,0,1346,1,188,1440,313,0.3594
20260915,C 同B+1.0秒打断运动记忆,0.66,1,0,0,1346,1,211,1440,345,0.3556
20260915,C 同B+1.0秒打断运动记忆,0.68,1,0,0,1346,1,240,1440,398,0.3498
20260915,C 同B+1.0秒打断运动记忆,0.70,1,0,0,1346,1,273,1440,439,0.3489
20260915,C 同B+1.0秒打断运动记忆,0.72,1,0,0,1346,1,300,1440,487,0.3515
20260915,C 同B+1.0秒打断运动记忆,0.74,1,0,0,1346,1,324,1440,548,0.3542
20260915,C 同B+1.0秒打断运动记忆,0.76,1,0,0,1346,1,347,1440,603,0.3564
20260915,C 同B+1.0秒打断运动记忆,0.78,1,0,0,1346,1,388,1440,666,0.3583
20260915,C 同B+1.0秒打断运动记忆,0.80,1,0,0,1346,1,422,1440,717,0.3596
20260915,C 同B+1.0秒打断运动记忆,0.82,1,0,0,1346,1,423,1440,736,0.3608
20260915,C 同B+1.0秒打断运动记忆,0.84,1,0,0,1346,1,430,1440,757,0.3628
20260915,C 同B+1.0秒打断运动记忆,0.86,1,0,0,1346,1,425,1440,779,0.3633
20260915,C 同B+1.0秒打断运动记忆,0.88,1,0,0,1346,1,421,1440,780,0.3614
20260915,C 同B+1.0秒打断运动记忆,0.90,1,0,0,1346,1,408,1440,758,0.3562
20260915,C 同B+1.0秒打断运动记忆,0.92,1,0,0,1346,1,428,1440,787,0.3510
20260915,C 同B+1.0秒打断运动记忆,0.94,1,0,0,1346,1,430,1440,792,0.3501
20260915,C 同B+1.0秒打断运动记忆,0.96,1,0,0,1346,1,436,1440,787,0.3518
20260915,C 同B+1.0秒打断运动记忆,0.98,1,0,0,1346,1,430,1440,783,0.3518
20260915,C 同B+1.0秒打断运动记忆,1.00,1,0,0,1346,1,432,1440,783,0.3503
20260915,C 同B+1.0秒打断运动记忆,1.02,0,0,0,1346,1,436,1440,790,0.3480
20260915,C 同B+1.0秒打断运动记忆,1.04,0,0,0,1346,1,413,1440,766,0.3423
20260915,C 同B+1.0秒打断运动记忆,1.06,0,0,0,1346,1,431,1440,790,0.3330
20260915,C 同B+1.0秒打断运动记忆,1.08,0,0,0,1346,1,419,1440,779,0.3198
20260915,C 同B+1.0秒打断运动记忆,1.10,0,0,0,1346,1,422,1440,789,0.3032
20260915,C 同B+1.0秒打断运动记忆,1.12,0,0,0,1346,1,414,1440,764,0.2870
20260915,C 同B+1.0秒打断运动记忆,1.14,0,0,0,1346,1,426,1440,792,0.2715
20260915,C 同B+1.0秒打断运动记忆,1.16,0,0,0,1346,1,424,1440,787,0.2570
20260915,C 同B+1.0秒打断运动记忆,1.18,0,0,0,1346,1,410,1440,774,0.2449
20260915,C 同B+1.0秒打断运动记忆,1.20,0,0,0,1346,1,418,1440,784,0.2347
20260915,C 同B+1.0秒打断运动记忆,1.22,0,0,0,1346,1,415,1440,803,0.2248
20260915,C 同B+1.0秒打断运动记忆,1.24,0,0,0,1346,1,402,1440,776,0.2187
20260915,C 同B+1.0秒打断运动记忆,1.26,0,0,0,1346,1,410,1440,771,0.2144
20260915,C 同B+1.0秒打断运动记忆,1.28,0,0,0,1346,1,415,1440,796,0.2119
20260915,C 同B+1.0秒打断运动记忆,1.30,0,0,0,1346,1,400,1440,779,0.2078
20260915,C 同B+1.0秒打断运动记忆,1.32,0,0,0,1346,1,421,1440,804,0.2080
20260915,C 同B+1.0秒打断运动记忆,1.34,0,0,0,1346,1,407,1440,793,0.2083
20260915,C 同B+1.0秒打断运动记忆,1.36,0,0,0,1346,1,402,1440,790,0.2101
20260915,C 同B+1.0秒打断运动记忆,1.38,0,0,0,1346,1,411,1440,797,0.2094
20260915,C 同B+1.0秒打断运动记忆,1.40,0,0,0,1346,1,418,1440,802,0.2109
20260915,C 同B+1.0秒打断运动记忆,1.42,0,0,0,1346,1,408,1440,781,0.2120
20260915,C 同B+1.0秒打断运动记忆,1.44,0,0,0,1346,1,411,1440,777,0.2166
20260915,C 同B+1.0秒打断运动记忆,1.46,0,0,0,1346,1,410,1440,771,0.2191
20260915,C 同B+1.0秒打断运动记忆,1.48,0,0,0,1346,1,424,1440,811,0.2168
20260915,C 同B+1.0秒打断运动记忆,1.50,0,0,0,1346,1,394,1440,775,0.2111
20260915,C 同B+1.0秒打断运动记忆,1.52,0,0,0,1346,1,406,1440,791,0.2035
20260915,C 同B+1.0秒打断运动记忆,1.54,0,0,0,1346,1,415,1440,783,0.2018
20260915,C 同B+1.0秒打断运动记忆,1.56,0,0,0,1346,1,416,1440,794,0.2009
20260915,C 同B+1.0秒打断运动记忆,1.58,0,0,0,1346,1,407,1440,783,0.1972
20260915,C 同B+1.0秒打断运动记忆,1.60,0,0,0,1346,1,403,1440,793,0.1910
20260915,C 同B+1.0秒打断运动记忆,1.62,0,0,0,1346,1,402,1440,780,0.1839
20260915,C 同B+1.0秒打断运动记忆,1.64,0,0,0,1346,1,399,1440,761,0.1764
20260915,C 同B+1.0秒打断运动记忆,1.66,0,0,0,1346,1,396,1440,761,0.1673
20260915,C 同B+1.0秒打断运动记忆,1.68,0,0,0,1346,1,407,1440,786,0.1558
20260915,C 同B+1.0秒打断运动记忆,1.70,0,0,0,1346,1,413,1440,785,0.1414
20260915,C 同B+1.0秒打断运动记忆,1.72,0,0,0,1346,1,401,1440,790,0.1316
20260915,C 同B+1.0秒打断运动记忆,1.74,0,0,0,1346,1,403,1440,786,0.1411
20260915,C 同B+1.0秒打断运动记忆,1.76,0,0,0,1346,1,401,1440,767,0.1541
20260915,C 同B+1.0秒打断运动记忆,1.78,0,0,0,1346,1,406,1440,795,0.1636
20260915,C 同B+1.0秒打断运动记忆,1.80,0,0,0,1346,1,395,1440,770,0.1690
20260915,C 同B+1.0秒打断运动记忆,1.82,0,0,0,1346,1,403,1440,767,0.1703
20260915,C 同B+1.0秒打断运动记忆,1.84,0,0,0,1346,1,414,1440,795,0.1677
20260915,C 同B+1.0秒打断运动记忆,1.86,0,0,0,1346,1,397,1440,765,0.1612
20260915,C 同B+1.0秒打断运动记忆,1.88,0,0,0,1346,1,399,1440,768,0.1553
20260915,C 同B+1.0秒打断运动记忆,1.90,0,0,0,1346,1,405,1440,788,0.1537
20260915,C 同B+1.0秒打断运动记忆,1.92,0,0,0,1346,1,391,1440,776,0.1549
20260915,C 同B+1.0秒打断运动记忆,1.94,0,0,0,1346,1,396,1440,780,0.1547
20260915,C 同B+1.0秒打断运动记忆,1.96,0,0,0,1346,1,390,1440,772,0.1546
20260915,C 同B+1.0秒打断运动记忆,1.98,0,0,0,1346,1,409,1440,781,0.1545
20260915,C 同B+1.0秒打断运动记忆,2.00,0,0,0,1346,1,412,1440,786,0.1541
20260915,C 同B+1.0秒打断运动记忆,2.02,0,0,0,1346,1,409,1440,773,0.1532
20260915,C 同B+1.0秒打断运动记忆,2.04,0,0,0,1346,1,407,1440,759,0.1518
20260915,C 同B+1.0秒打断运动记忆,2.06,0,0,0,1346,1,415,1440,767,0.1500
20260915,C 同B+1.0秒打断运动记忆,2.08,0,0,0,1346,1,404,1440,756,0.1475
20260915,C 同B+1.0秒打断运动记忆,2.10,0,0,0,1346,1,400,1440,761,0.1443
20260915,C 同B+1.0秒打断运动记忆,2.12,0,0,0,1346,1,406,1440,770,0.1401
20260915,C 同B+1.0秒打断运动记忆,2.14,0,0,0,1346,1,414,1440,759,0.1346
20260915,C 同B+1.0秒打断运动记忆,2.16,0,0,0,1346,1,413,1440,781,0.1276
20260915,C 同B+1.0秒打断运动记忆,2.18,0,0,0,1346,1,398,1440,765,0.1186
20260915,C 同B+1.0秒打断运动记忆,2.20,0,0,0,1346,1,399,1440,769,0.1074
20260915,C 同B+1.0秒打断运动记忆,2.22,0,0,0,1346,1,410,1440,789,0.0939
20260915,C 同B+1.0秒打断运动记忆,2.24,0,0,0,1346,1,390,1440,763,0.0776
20260915,C 同B+1.0秒打断运动记忆,2.26,0,0,0,1346,1,397,1440,773,0.0587
20260915,C 同B+1.0秒打断运动记忆,2.28,0,0,0,1346,1,395,1440,772,0.0544
20260915,C 同B+1.0秒打断运动记忆,2.30,0,0,0,1346,1,398,1440,769,0.0597
20260915,C 同B+1.0秒打断运动记忆,2.32,0,0,0,1346,1,388,1440,765,0.0644
20260915,C 同B+1.0秒打断运动记忆,2.34,0,0,0,1346,1,392,1440,776,0.0666
20260915,C 同B+1.0秒打断运动记忆,2.36,0,0,0,1346,1,393,1440,756,0.0664
20260915,C 同B+1.0秒打断运动记忆,2.38,0,0,0,1346,1,396,1440,761,0.0639
20260915,C 同B+1.0秒打断运动记忆,2.40,0,0,0,1346,1,407,1440,782,0.0606
20260915,C 同B+1.0秒打断运动记忆,2.42,0,0,0,1346,1,412,1440,782,0.0587
20260915,C 同B+1.0秒打断运动记忆,2.44,0,0,0,1346,1,399,1440,762,0.0576
20260915,C 同B+1.0秒打断运动记忆,2.46,0,0,0,1346,1,397,1440,759,0.0596
20260915,C 同B+1.0秒打断运动记忆,2.48,0,0,0,1346,1,396,1440,783,0.0612
20260915,C 同B+1.0秒打断运动记忆,2.50,0,0,0,1346,1,379,1440,775,0.0620
20260915,C 同B+1.0秒打断运动记忆,2.52,0,0,0,1346,1,368,1440,744,0.0621
20260915,C 同B+1.0秒打断运动记忆,2.54,0,0,0,1346,1,381,1440,762,0.0617
20260915,C 同B+1.0秒打断运动记忆,2.56,0,0,0,1346,1,389,1440,773,0.0609
20260915,C 同B+1.0秒打断运动记忆,2.58,0,0,0,1346,1,388,1440,776,0.0597
20260915,C 同B+1.0秒打断运动记忆,2.60,0,0,0,1346,1,374,1440,751,0.0580
20260915,C 同B+1.0秒打断运动记忆,2.62,0,0,0,1346,1,375,1440,748,0.0579
20260915,C 同B+1.0秒打断运动记忆,2.64,0,0,0,1346,1,386,1440,758,0.0590
20260915,C 同B+1.0秒打断运动记忆,2.66,0,0,0,1346,1,385,1440,752,0.0597
20260915,C 同B+1.0秒打断运动记忆,2.68,0,0,0,1346,1,382,1440,749,0.0592
20260915,C 同B+1.0秒打断运动记忆,2.70,0,0,0,1346,1,384,1440,754,0.0587
20260915,C 同B+1.0秒打断运动记忆,2.72,0,0,0,1346,1,377,1440,752,0.0572
20260915,C 同B+1.0秒打断运动记忆,2.74,0,0,0,1346,1,375,1440,748,0.0575
20260915,C 同B+1.0秒打断运动记忆,2.76,0,0,0,1346,1,386,1440,757,0.0579
20260915,C 同B+1.0秒打断运动记忆,2.78,0,0,0,1346,1,385,1440,752,0.0584
20260915,C 同B+1.0秒打断运动记忆,2.80,0,0,0,1346,1,364,1440,749,0.0580
20260915,C 同B+1.0秒打断运动记忆,2.82,0,0,0,1346,1,375,1440,750,0.0578
20260915,C 同B+1.0秒打断运动记忆,2.84,0,0,0,1346,1,373,1440,732,0.0583
20260915,C 同B+1.0秒打断运动记忆,2.86,0,0,0,1346,1,373,1440,742,0.0590
20260915,C 同B+1.0秒打断运动记忆,2.88,0,0,0,1346,1,361,1440,744,0.0574
20260915,C 同B+1.0秒打断运动记忆,2.90,0,0,0,1346,1,350,1440,743,0.0573
20260915,C 同B+1.0秒打断运动记忆,2.92,0,0,0,1346,1,350,1440,739,0.0579
20260915,C 同B+1.0秒打断运动记忆,2.94,0,0,0,1346,1,352,1440,734,0.0606
20260915,C 同B+1.0秒打断运动记忆,2.96,0,0,0,1346,1,366,1440,739,0.0627
20260915,C 同B+1.0秒打断运动记忆,2.98,0,0,0,1346,1,367,1440,742,0.0619
20260915,D 一直黑+1.0秒同样打断,0.00,0,0,0,1346,1,7,1440,7,0.2607
20260915,D 一直黑+1.0秒同样打断,0.02,0,0,0,1346,1,7,1440,15,0.2561
20260915,D 一直黑+1.0秒同样打断,0.04,0,0,0,1346,1,8,1440,18,0.2476
20260915,D 一直黑+1.0秒同样打断,0.06,0,0,0,1346,1,8,1440,21,0.2341
20260915,D 一直黑+1.0秒同样打断,0.08,0,0,0,1346,1,9,1440,19,0.2179
20260915,D 一直黑+1.0秒同样打断,0.10,0,0,0,1346,1,11,1440,24,0.2044
20260915,D 一直黑+1.0秒同样打断,0.12,0,0,0,1346,1,13,1440,34,0.2010
20260915,D 一直黑+1.0秒同样打断,0.14,0,0,0,1346,1,14,1440,27,0.2055
20260915,D 一直黑+1.0秒同样打断,0.16,0,0,0,1346,1,15,1440,39,0.2160
20260915,D 一直黑+1.0秒同样打断,0.18,0,0,0,1346,1,17,1440,42,0.2221
20260915,D 一直黑+1.0秒同样打断,0.20,0,0,0,1346,1,19,1440,43,0.2240
20260915,D 一直黑+1.0秒同样打断,0.22,0,0,0,1346,1,21,1440,47,0.2216
20260915,D 一直黑+1.0秒同样打断,0.24,0,0,0,1346,1,23,1440,51,0.2169
20260915,D 一直黑+1.0秒同样打断,0.26,0,0,0,1346,1,25,1440,57,0.2118
20260915,D 一直黑+1.0秒同样打断,0.28,0,0,0,1346,1,27,1440,64,0.2077
20260915,D 一直黑+1.0秒同样打断,0.30,0,0,0,1346,1,29,1440,56,0.2025
20260915,D 一直黑+1.0秒同样打断,0.32,0,0,0,1346,1,30,1440,58,0.2027
20260915,D 一直黑+1.0秒同样打断,0.34,0,0,0,1346,1,31,1440,56,0.2025
20260915,D 一直黑+1.0秒同样打断,0.36,0,0,0,1346,1,32,1440,63,0.1990
20260915,D 一直黑+1.0秒同样打断,0.38,0,0,0,1346,1,33,1440,62,0.1931
20260915,D 一直黑+1.0秒同样打断,0.40,0,0,0,1346,1,34,1440,65,0.1946
20260915,D 一直黑+1.0秒同样打断,0.42,0,0,0,1346,1,35,1440,60,0.1995
20260915,D 一直黑+1.0秒同样打断,0.44,0,0,0,1346,1,36,1440,71,0.2007
20260915,D 一直黑+1.0秒同样打断,0.46,0,0,0,1346,1,37,1440,71,0.1988
20260915,D 一直黑+1.0秒同样打断,0.48,0,0,0,1346,1,38,1440,73,0.1977
20260915,D 一直黑+1.0秒同样打断,0.50,0,0,0,1346,1,39,1440,74,0.1962
20260915,D 一直黑+1.0秒同样打断,0.52,0,0,0,1346,1,40,1440,69,0.1942
20260915,D 一直黑+1.0秒同样打断,0.54,0,0,0,1346,1,41,1440,71,0.1916
20260915,D 一直黑+1.0秒同样打断,0.56,0,0,0,1346,1,42,1440,74,0.1929
20260915,D 一直黑+1.0秒同样打断,0.58,0,0,0,1346,1,43,1440,77,0.2014
20260915,D 一直黑+1.0秒同样打断,0.60,0,0,0,1346,1,44,1440,78,0.2130
20260915,D 一直黑+1.0秒同样打断,0.62,0,0,0,1346,1,45,1440,88,0.2238
20260915,D 一直黑+1.0秒同样打断,0.64,0,0,0,1346,1,46,1440,88,0.2282
20260915,D 一直黑+1.0秒同样打断,0.66,0,0,0,1346,1,47,1440,87,0.2300
20260915,D 一直黑+1.0秒同样打断,0.68,0,0,0,1346,1,49,1440,88,0.2262
20260915,D 一直黑+1.0秒同样打断,0.70,0,0,0,1346,1,51,1440,89,0.2210
20260915,D 一直黑+1.0秒同样打断,0.72,0,0,0,1346,1,53,1440,92,0.2147
20260915,D 一直黑+1.0秒同样打断,0.74,0,0,0,1346,1,55,1440,101,0.2108
20260915,D 一直黑+1.0秒同样打断,0.76,0,0,0,1346,1,56,1440,111,0.2116
20260915,D 一直黑+1.0秒同样打断,0.78,0,0,0,1346,1,57,1440,103,0.2134
20260915,D 一直黑+1.0秒同样打断,0.80,0,0,0,1346,1,58,1440,109,0.2152
20260915,D 一直黑+1.0秒同样打断,0.82,0,0,0,1346,1,59,1440,117,0.2151
20260915,D 一直黑+1.0秒同样打断,0.84,0,0,0,1346,1,60,1440,113,0.2168
20260915,D 一直黑+1.0秒同样打断,0.86,0,0,0,1346,1,61,1440,114,0.2162
20260915,D 一直黑+1.0秒同样打断,0.88,0,0,0,1346,1,62,1440,116,0.2153
20260915,D 一直黑+1.0秒同样打断,0.90,0,0,0,1346,1,63,1440,120,0.2155
20260915,D 一直黑+1.0秒同样打断,0.92,0,0,0,1346,1,64,1440,121,0.2174
20260915,D 一直黑+1.0秒同样打断,0.94,0,0,0,1346,1,65,1440,117,0.2183
20260915,D 一直黑+1.0秒同样打断,0.96,0,0,0,1346,1,66,1440,129,0.2152
20260915,D 一直黑+1.0秒同样打断,0.98,0,0,0,1346,1,68,1440,137,0.2089
20260915,D 一直黑+1.0秒同样打断,1.00,0,0,0,1346,1,70,1440,137,0.2037
20260915,D 一直黑+1.0秒同样打断,1.02,0,0,0,1346,1,72,1440,132,0.1999
20260915,D 一直黑+1.0秒同样打断,1.04,0,0,0,1346,1,74,1440,143,0.1947
20260915,D 一直黑+1.0秒同样打断,1.06,0,0,0,1346,1,76,1440,151,0.1907
20260915,D 一直黑+1.0秒同样打断,1.08,0,0,0,1346,1,78,1440,148,0.1882
20260915,D 一直黑+1.0秒同样打断,1.10,0,0,0,1346,1,79,1440,145,0.1862
20260915,D 一直黑+1.0秒同样打断,1.12,0,0,0,1346,1,80,1440,147,0.1848
20260915,D 一直黑+1.0秒同样打断,1.14,0,0,0,1346,1,81,1440,151,0.1837
20260915,D 一直黑+1.0秒同样打断,1.16,0,0,0,1346,1,82,1440,153,0.1832
20260915,D 一直黑+1.0秒同样打断,1.18,0,0,0,1346,1,84,1440,157,0.1831
20260915,D 一直黑+1.0秒同样打断,1.20,0,0,0,1346,1,86,1440,160,0.1832
20260915,D 一直黑+1.0秒同样打断,1.22,0,0,0,1346,1,89,1440,161,0.1832
20260915,D 一直黑+1.0秒同样打断,1.24,0,0,0,1346,1,92,1440,165,0.1832
20260915,D 一直黑+1.0秒同样打断,1.26,0,0,0,1346,1,95,1440,169,0.1832
20260915,D 一直黑+1.0秒同样打断,1.28,0,0,0,1346,1,98,1440,172,0.1832
20260915,D 一直黑+1.0秒同样打断,1.30,0,0,0,1346,1,101,1440,176,0.1832
20260915,D 一直黑+1.0秒同样打断,1.32,0,0,0,1346,1,102,1440,178,0.1832
20260915,D 一直黑+1.0秒同样打断,1.34,0,0,0,1346,1,104,1440,183,0.1832
20260915,D 一直黑+1.0秒同样打断,1.36,0,0,0,1346,1,106,1440,188,0.1832
20260915,D 一直黑+1.0秒同样打断,1.38,0,0,0,1346,1,108,1440,191,0.1832
20260915,D 一直黑+1.0秒同样打断,1.40,0,0,0,1346,1,110,1440,195,0.1832
20260915,D 一直黑+1.0秒同样打断,1.42,0,0,0,1346,1,113,1440,199,0.1832
20260915,D 一直黑+1.0秒同样打断,1.44,0,0,0,1346,1,116,1440,204,0.1832
20260915,D 一直黑+1.0秒同样打断,1.46,0,0,0,1346,1,119,1440,209,0.1832
20260915,D 一直黑+1.0秒同样打断,1.48,0,0,0,1346,1,122,1440,213,0.1832
20260915,D 一直黑+1.0秒同样打断,1.50,0,0,0,1346,1,125,1440,217,0.1832
20260915,D 一直黑+1.0秒同样打断,1.52,0,0,0,1346,1,127,1440,220,0.1832
20260915,D 一直黑+1.0秒同样打断,1.54,0,0,0,1346,1,129,1440,223,0.1832
20260915,D 一直黑+1.0秒同样打断,1.56,0,0,0,1346,1,131,1440,226,0.1832
20260915,D 一直黑+1.0秒同样打断,1.58,0,0,0,1346,1,133,1440,227,0.1832
20260915,D 一直黑+1.0秒同样打断,1.60,0,0,0,1346,1,135,1440,229,0.1832
20260915,D 一直黑+1.0秒同样打断,1.62,0,0,0,1346,1,136,1440,232,0.1832
20260915,D 一直黑+1.0秒同样打断,1.64,0,0,0,1346,1,137,1440,235,0.1832
20260915,D 一直黑+1.0秒同样打断,1.66,0,0,0,1346,1,138,1440,239,0.1832
20260915,D 一直黑+1.0秒同样打断,1.68,0,0,0,1346,1,139,1440,242,0.1832
20260915,D 一直黑+1.0秒同样打断,1.70,0,0,0,1346,1,140,1440,246,0.1832
20260915,D 一直黑+1.0秒同样打断,1.72,0,0,0,1346,1,141,1440,250,0.1832
20260915,D 一直黑+1.0秒同样打断,1.74,0,0,0,1346,1,142,1440,253,0.1832
20260915,D 一直黑+1.0秒同样打断,1.76,0,0,0,1346,1,143,1440,257,0.1832
20260915,D 一直黑+1.0秒同样打断,1.78,0,0,0,1346,1,145,1440,262,0.1832
20260915,D 一直黑+1.0秒同样打断,1.80,0,0,0,1346,1,147,1440,267,0.1832
20260915,D 一直黑+1.0秒同样打断,1.82,0,0,0,1346,1,148,1440,271,0.1832
20260915,D 一直黑+1.0秒同样打断,1.84,0,0,0,1346,1,149,1440,275,0.1832
20260915,D 一直黑+1.0秒同样打断,1.86,0,0,0,1346,1,150,1440,281,0.1832
20260915,D 一直黑+1.0秒同样打断,1.88,0,0,0,1346,1,151,1440,285,0.1832
20260915,D 一直黑+1.0秒同样打断,1.90,0,0,0,1346,1,152,1440,290,0.1832
20260915,D 一直黑+1.0秒同样打断,1.92,0,0,0,1346,1,153,1440,294,0.1832
20260915,D 一直黑+1.0秒同样打断,1.94,0,0,0,1346,1,154,1440,297,0.1832
20260915,D 一直黑+1.0秒同样打断,1.96,0,0,0,1346,1,155,1440,302,0.1832
20260915,D 一直黑+1.0秒同样打断,1.98,0,0,0,1346,1,156,1440,307,0.1832
20260915,D 一直黑+1.0秒同样打断,2.00,0,0,0,1346,1,157,1440,312,0.1832
20260915,D 一直黑+1.0秒同样打断,2.02,0,0,0,1346,1,159,1440,318,0.1832
20260915,D 一直黑+1.0秒同样打断,2.04,0,0,0,1346,1,161,1440,325,0.1832
20260915,D 一直黑+1.0秒同样打断,2.06,0,0,0,1346,1,162,1440,333,0.1832
20260915,D 一直黑+1.0秒同样打断,2.08,0,0,0,1346,1,163,1440,340,0.1832
20260915,D 一直黑+1.0秒同样打断,2.10,0,0,0,1346,1,164,1440,345,0.1832
20260915,D 一直黑+1.0秒同样打断,2.12,0,0,0,1346,1,165,1440,351,0.1832
20260915,D 一直黑+1.0秒同样打断,2.14,0,0,0,1346,1,166,1440,356,0.1832
20260915,D 一直黑+1.0秒同样打断,2.16,0,0,0,1346,1,167,1440,361,0.1832
20260915,D 一直黑+1.0秒同样打断,2.18,0,0,0,1346,1,168,1440,365,0.1832
20260915,D 一直黑+1.0秒同样打断,2.20,0,0,0,1346,1,169,1440,369,0.1832
20260915,D 一直黑+1.0秒同样打断,2.22,0,0,0,1346,1,170,1440,375,0.1832
20260915,D 一直黑+1.0秒同样打断,2.24,0,0,0,1346,1,171,1440,380,0.1832
20260915,D 一直黑+1.0秒同样打断,2.26,0,0,0,1346,1,172,1440,385,0.1832
20260915,D 一直黑+1.0秒同样打断,2.28,0,0,0,1346,1,174,1440,389,0.1832
20260915,D 一直黑+1.0秒同样打断,2.30,0,0,0,1346,1,176,1440,393,0.1832
20260915,D 一直黑+1.0秒同样打断,2.32,0,0,0,1346,1,178,1440,398,0.1832
20260915,D 一直黑+1.0秒同样打断,2.34,0,0,0,1346,1,179,1440,402,0.1832
20260915,D 一直黑+1.0秒同样打断,2.36,0,0,0,1346,1,180,1440,407,0.1832
20260915,D 一直黑+1.0秒同样打断,2.38,0,0,0,1346,1,181,1440,411,0.1832
20260915,D 一直黑+1.0秒同样打断,2.40,0,0,0,1346,1,182,1440,414,0.1832
20260915,D 一直黑+1.0秒同样打断,2.42,0,0,0,1346,1,183,1440,416,0.1832
20260915,D 一直黑+1.0秒同样打断,2.44,0,0,0,1346,1,184,1440,417,0.1832
20260915,D 一直黑+1.0秒同样打断,2.46,0,0,0,1346,1,185,1440,419,0.1832
20260915,D 一直黑+1.0秒同样打断,2.48,0,0,0,1346,1,186,1440,422,0.1832
20260915,D 一直黑+1.0秒同样打断,2.50,0,0,0,1346,1,188,1440,425,0.1832
20260915,D 一直黑+1.0秒同样打断,2.52,0,0,0,1346,1,190,1440,429,0.1832
20260915,D 一直黑+1.0秒同样打断,2.54,0,0,0,1346,1,192,1440,433,0.1832
20260915,D 一直黑+1.0秒同样打断,2.56,0,0,0,1346,1,194,1440,441,0.1832
20260915,D 一直黑+1.0秒同样打断,2.58,0,0,0,1346,1,197,1440,445,0.1832
20260915,D 一直黑+1.0秒同样打断,2.60,0,0,0,1346,1,198,1440,447,0.1832
20260915,D 一直黑+1.0秒同样打断,2.62,0,0,0,1346,1,199,1440,448,0.1832
20260915,D 一直黑+1.0秒同样打断,2.64,0,0,0,1346,1,200,1440,450,0.1832
20260915,D 一直黑+1.0秒同样打断,2.66,0,0,0,1346,1,202,1440,453,0.1832
20260915,D 一直黑+1.0秒同样打断,2.68,0,0,0,1346,1,204,1440,455,0.1832
20260915,D 一直黑+1.0秒同样打断,2.70,0,0,0,1346,1,206,1440,458,0.1832
20260915,D 一直黑+1.0秒同样打断,2.72,0,0,0,1346,1,208,1440,462,0.1832
20260915,D 一直黑+1.0秒同样打断,2.74,0,0,0,1346,1,211,1440,468,0.1832
20260915,D 一直黑+1.0秒同样打断,2.76,0,0,0,1346,1,214,1440,472,0.1832
20260915,D 一直黑+1.0秒同样打断,2.78,0,0,0,1346,1,217,1440,475,0.1832
20260915,D 一直黑+1.0秒同样打断,2.80,0,0,0,1346,1,219,1440,479,0.1832
20260915,D 一直黑+1.0秒同样打断,2.82,0,0,0,1346,1,221,1440,483,0.1832
20260915,D 一直黑+1.0秒同样打断,2.84,0,0,0,1346,1,223,1440,486,0.1832
20260915,D 一直黑+1.0秒同样打断,2.86,0,0,0,1346,1,225,1440,489,0.1832
20260915,D 一直黑+1.0秒同样打断,2.88,0,0,0,1346,1,227,1440,494,0.1832
20260915,D 一直黑+1.0秒同样打断,2.90,0,0,0,1346,1,228,1440,497,0.1832
20260915,D 一直黑+1.0秒同样打断,2.92,0,0,0,1346,1,229,1440,500,0.1832
20260915,D 一直黑+1.0秒同样打断,2.94,0,0,0,1346,1,230,1440,503,0.1832
20260915,D 一直黑+1.0秒同样打断,2.96,0,0,0,1346,1,231,1440,507,0.1832
20260915,D 一直黑+1.0秒同样打断,2.98,0,0,0,1346,1,232,1440,512,0.1832
20260915,E 一直黑(不给红也不打断),0.00,0,0,0,1346,1,7,1440,7,0.2607
20260915,E 一直黑(不给红也不打断),0.02,0,0,0,1346,1,7,1440,15,0.2561
20260915,E 一直黑(不给红也不打断),0.04,0,0,0,1346,1,8,1440,18,0.2476
20260915,E 一直黑(不给红也不打断),0.06,0,0,0,1346,1,8,1440,21,0.2341
20260915,E 一直黑(不给红也不打断),0.08,0,0,0,1346,1,9,1440,19,0.2179
20260915,E 一直黑(不给红也不打断),0.10,0,0,0,1346,1,11,1440,24,0.2044
20260915,E 一直黑(不给红也不打断),0.12,0,0,0,1346,1,13,1440,34,0.2010
20260915,E 一直黑(不给红也不打断),0.14,0,0,0,1346,1,14,1440,27,0.2055
20260915,E 一直黑(不给红也不打断),0.16,0,0,0,1346,1,15,1440,39,0.2160
20260915,E 一直黑(不给红也不打断),0.18,0,0,0,1346,1,17,1440,42,0.2221
20260915,E 一直黑(不给红也不打断),0.20,0,0,0,1346,1,19,1440,43,0.2240
20260915,E 一直黑(不给红也不打断),0.22,0,0,0,1346,1,21,1440,47,0.2216
20260915,E 一直黑(不给红也不打断),0.24,0,0,0,1346,1,23,1440,51,0.2169
20260915,E 一直黑(不给红也不打断),0.26,0,0,0,1346,1,25,1440,57,0.2118
20260915,E 一直黑(不给红也不打断),0.28,0,0,0,1346,1,27,1440,64,0.2077
20260915,E 一直黑(不给红也不打断),0.30,0,0,0,1346,1,29,1440,56,0.2025
20260915,E 一直黑(不给红也不打断),0.32,0,0,0,1346,1,30,1440,58,0.2027
20260915,E 一直黑(不给红也不打断),0.34,0,0,0,1346,1,31,1440,56,0.2025
20260915,E 一直黑(不给红也不打断),0.36,0,0,0,1346,1,32,1440,63,0.1990
20260915,E 一直黑(不给红也不打断),0.38,0,0,0,1346,1,33,1440,62,0.1931
20260915,E 一直黑(不给红也不打断),0.40,0,0,0,1346,1,34,1440,65,0.1946
20260915,E 一直黑(不给红也不打断),0.42,0,0,0,1346,1,35,1440,60,0.1995
20260915,E 一直黑(不给红也不打断),0.44,0,0,0,1346,1,36,1440,71,0.2007
20260915,E 一直黑(不给红也不打断),0.46,0,0,0,1346,1,37,1440,71,0.1988
20260915,E 一直黑(不给红也不打断),0.48,0,0,0,1346,1,38,1440,73,0.1977
20260915,E 一直黑(不给红也不打断),0.50,0,0,0,1346,1,39,1440,74,0.1962
20260915,E 一直黑(不给红也不打断),0.52,0,0,0,1346,1,40,1440,69,0.1942
20260915,E 一直黑(不给红也不打断),0.54,0,0,0,1346,1,41,1440,71,0.1916
20260915,E 一直黑(不给红也不打断),0.56,0,0,0,1346,1,42,1440,74,0.1929
20260915,E 一直黑(不给红也不打断),0.58,0,0,0,1346,1,43,1440,77,0.2014
20260915,E 一直黑(不给红也不打断),0.60,0,0,0,1346,1,44,1440,78,0.2130
20260915,E 一直黑(不给红也不打断),0.62,0,0,0,1346,1,45,1440,88,0.2238
20260915,E 一直黑(不给红也不打断),0.64,0,0,0,1346,1,46,1440,88,0.2282
20260915,E 一直黑(不给红也不打断),0.66,0,0,0,1346,1,47,1440,87,0.2300
20260915,E 一直黑(不给红也不打断),0.68,0,0,0,1346,1,49,1440,88,0.2262
20260915,E 一直黑(不给红也不打断),0.70,0,0,0,1346,1,51,1440,89,0.2210
20260915,E 一直黑(不给红也不打断),0.72,0,0,0,1346,1,53,1440,92,0.2147
20260915,E 一直黑(不给红也不打断),0.74,0,0,0,1346,1,55,1440,101,0.2108
20260915,E 一直黑(不给红也不打断),0.76,0,0,0,1346,1,56,1440,111,0.2116
20260915,E 一直黑(不给红也不打断),0.78,0,0,0,1346,1,57,1440,103,0.2134
20260915,E 一直黑(不给红也不打断),0.80,0,0,0,1346,1,58,1440,109,0.2152
20260915,E 一直黑(不给红也不打断),0.82,0,0,0,1346,1,59,1440,117,0.2151
20260915,E 一直黑(不给红也不打断),0.84,0,0,0,1346,1,60,1440,113,0.2168
20260915,E 一直黑(不给红也不打断),0.86,0,0,0,1346,1,61,1440,114,0.2162
20260915,E 一直黑(不给红也不打断),0.88,0,0,0,1346,1,62,1440,116,0.2153
20260915,E 一直黑(不给红也不打断),0.90,0,0,0,1346,1,63,1440,120,0.2155
20260915,E 一直黑(不给红也不打断),0.92,0,0,0,1346,1,64,1440,121,0.2174
20260915,E 一直黑(不给红也不打断),0.94,0,0,0,1346,1,65,1440,117,0.2183
20260915,E 一直黑(不给红也不打断),0.96,0,0,0,1346,1,66,1440,129,0.2152
20260915,E 一直黑(不给红也不打断),0.98,0,0,0,1346,1,68,1440,137,0.2089
20260915,E 一直黑(不给红也不打断),1.00,0,0,0,1346,1,70,1440,137,0.2037
20260915,E 一直黑(不给红也不打断),1.02,0,0,0,1346,1,72,1440,132,0.1999
20260915,E 一直黑(不给红也不打断),1.04,0,0,0,1346,1,74,1440,143,0.1947
20260915,E 一直黑(不给红也不打断),1.06,0,0,0,1346,1,76,1440,151,0.1907
20260915,E 一直黑(不给红也不打断),1.08,0,0,0,1346,1,78,1440,148,0.1882
20260915,E 一直黑(不给红也不打断),1.10,0,0,0,1346,1,79,1440,145,0.1862
20260915,E 一直黑(不给红也不打断),1.12,0,0,0,1346,1,80,1440,147,0.1848
20260915,E 一直黑(不给红也不打断),1.14,0,0,0,1346,1,81,1440,151,0.1837
20260915,E 一直黑(不给红也不打断),1.16,0,0,0,1346,1,82,1440,153,0.1832
20260915,E 一直黑(不给红也不打断),1.18,0,0,0,1346,1,84,1440,157,0.1831
20260915,E 一直黑(不给红也不打断),1.20,0,0,0,1346,1,86,1440,160,0.1832
20260915,E 一直黑(不给红也不打断),1.22,0,0,0,1346,1,89,1440,161,0.1832
20260915,E 一直黑(不给红也不打断),1.24,0,0,0,1346,1,92,1440,165,0.1832
20260915,E 一直黑(不给红也不打断),1.26,0,0,0,1346,1,95,1440,169,0.1832
20260915,E 一直黑(不给红也不打断),1.28,0,0,0,1346,1,98,1440,172,0.1832
20260915,E 一直黑(不给红也不打断),1.30,0,0,0,1346,1,101,1440,176,0.1832
20260915,E 一直黑(不给红也不打断),1.32,0,0,0,1346,1,102,1440,178,0.1832
20260915,E 一直黑(不给红也不打断),1.34,0,0,0,1346,1,104,1440,183,0.1832
20260915,E 一直黑(不给红也不打断),1.36,0,0,0,1346,1,106,1440,188,0.1832
20260915,E 一直黑(不给红也不打断),1.38,0,0,0,1346,1,108,1440,191,0.1832
20260915,E 一直黑(不给红也不打断),1.40,0,0,0,1346,1,110,1440,195,0.1832
20260915,E 一直黑(不给红也不打断),1.42,0,0,0,1346,1,113,1440,199,0.1832
20260915,E 一直黑(不给红也不打断),1.44,0,0,0,1346,1,116,1440,204,0.1832
20260915,E 一直黑(不给红也不打断),1.46,0,0,0,1346,1,119,1440,209,0.1832
20260915,E 一直黑(不给红也不打断),1.48,0,0,0,1346,1,122,1440,213,0.1832
20260915,E 一直黑(不给红也不打断),1.50,0,0,0,1346,1,125,1440,217,0.1832
20260915,E 一直黑(不给红也不打断),1.52,0,0,0,1346,1,127,1440,220,0.1832
20260915,E 一直黑(不给红也不打断),1.54,0,0,0,1346,1,129,1440,223,0.1832
20260915,E 一直黑(不给红也不打断),1.56,0,0,0,1346,1,131,1440,226,0.1832
20260915,E 一直黑(不给红也不打断),1.58,0,0,0,1346,1,133,1440,230,0.1832
20260915,E 一直黑(不给红也不打断),1.60,0,0,0,1346,1,135,1440,229,0.1832
20260915,E 一直黑(不给红也不打断),1.62,0,0,0,1346,1,136,1440,232,0.1832
20260915,E 一直黑(不给红也不打断),1.64,0,0,0,1346,1,137,1440,235,0.1832
20260915,E 一直黑(不给红也不打断),1.66,0,0,0,1346,1,138,1440,239,0.1832
20260915,E 一直黑(不给红也不打断),1.68,0,0,0,1346,1,139,1440,242,0.1832
20260915,E 一直黑(不给红也不打断),1.70,0,0,0,1346,1,140,1440,245,0.1832
20260915,E 一直黑(不给红也不打断),1.72,0,0,0,1346,1,141,1440,250,0.1832
20260915,E 一直黑(不给红也不打断),1.74,0,0,0,1346,1,142,1440,253,0.1832
20260915,E 一直黑(不给红也不打断),1.76,0,0,0,1346,1,143,1440,257,0.1832
20260915,E 一直黑(不给红也不打断),1.78,0,0,0,1346,1,145,1440,262,0.1832
20260915,E 一直黑(不给红也不打断),1.80,0,0,0,1346,1,147,1440,267,0.1832
20260915,E 一直黑(不给红也不打断),1.82,0,0,0,1346,1,148,1440,271,0.1832
20260915,E 一直黑(不给红也不打断),1.84,0,0,0,1346,1,149,1440,275,0.1832
20260915,E 一直黑(不给红也不打断),1.86,0,0,0,1346,1,150,1440,281,0.1832
20260915,E 一直黑(不给红也不打断),1.88,0,0,0,1346,1,151,1440,285,0.1832
20260915,E 一直黑(不给红也不打断),1.90,0,0,0,1346,1,152,1440,290,0.1832
20260915,E 一直黑(不给红也不打断),1.92,0,0,0,1346,1,153,1440,294,0.1832
20260915,E 一直黑(不给红也不打断),1.94,0,0,0,1346,1,154,1440,297,0.1832
20260915,E 一直黑(不给红也不打断),1.96,0,0,0,1346,1,155,1440,302,0.1832
20260915,E 一直黑(不给红也不打断),1.98,0,0,0,1346,1,156,1440,307,0.1832
20260915,E 一直黑(不给红也不打断),2.00,0,0,0,1346,1,157,1440,312,0.1832
20260915,E 一直黑(不给红也不打断),2.02,0,0,0,1346,1,159,1440,318,0.1832
20260915,E 一直黑(不给红也不打断),2.04,0,0,0,1346,1,161,1440,325,0.1832
20260915,E 一直黑(不给红也不打断),2.06,0,0,0,1346,1,162,1440,333,0.1832
20260915,E 一直黑(不给红也不打断),2.08,0,0,0,1346,1,163,1440,340,0.1832
20260915,E 一直黑(不给红也不打断),2.10,0,0,0,1346,1,164,1440,345,0.1832
20260915,E 一直黑(不给红也不打断),2.12,0,0,0,1346,1,165,1440,351,0.1832
20260915,E 一直黑(不给红也不打断),2.14,0,0,0,1346,1,166,1440,356,0.1832
20260915,E 一直黑(不给红也不打断),2.16,0,0,0,1346,1,167,1440,361,0.1832
20260915,E 一直黑(不给红也不打断),2.18,0,0,0,1346,1,168,1440,365,0.1832
20260915,E 一直黑(不给红也不打断),2.20,0,0,0,1346,1,169,1440,369,0.1832
20260915,E 一直黑(不给红也不打断),2.22,0,0,0,1346,1,170,1440,375,0.1832
20260915,E 一直黑(不给红也不打断),2.24,0,0,0,1346,1,171,1440,380,0.1832
20260915,E 一直黑(不给红也不打断),2.26,0,0,0,1346,1,172,1440,385,0.1832
20260915,E 一直黑(不给红也不打断),2.28,0,0,0,1346,1,174,1440,389,0.1832
20260915,E 一直黑(不给红也不打断),2.30,0,0,0,1346,1,176,1440,393,0.1832
20260915,E 一直黑(不给红也不打断),2.32,0,0,0,1346,1,178,1440,398,0.1832
20260915,E 一直黑(不给红也不打断),2.34,0,0,0,1346,1,179,1440,402,0.1832
20260915,E 一直黑(不给红也不打断),2.36,0,0,0,1346,1,180,1440,407,0.1832
20260915,E 一直黑(不给红也不打断),2.38,0,0,0,1346,1,181,1440,411,0.1832
20260915,E 一直黑(不给红也不打断),2.40,0,0,0,1346,1,182,1440,414,0.1832
20260915,E 一直黑(不给红也不打断),2.42,0,0,0,1346,1,183,1440,416,0.1832
20260915,E 一直黑(不给红也不打断),2.44,0,0,0,1346,1,184,1440,417,0.1832
20260915,E 一直黑(不给红也不打断),2.46,0,0,0,1346,1,185,1440,419,0.1832
20260915,E 一直黑(不给红也不打断),2.48,0,0,0,1346,1,186,1440,422,0.1832
20260915,E 一直黑(不给红也不打断),2.50,0,0,0,1346,1,188,1440,425,0.1832
20260915,E 一直黑(不给红也不打断),2.52,0,0,0,1346,1,190,1440,429,0.1832
20260915,E 一直黑(不给红也不打断),2.54,0,0,0,1346,1,192,1440,433,0.1832
20260915,E 一直黑(不给红也不打断),2.56,0,0,0,1346,1,194,1440,441,0.1832
20260915,E 一直黑(不给红也不打断),2.58,0,0,0,1346,1,197,1440,445,0.1832
20260915,E 一直黑(不给红也不打断),2.60,0,0,0,1346,1,198,1440,447,0.1832
20260915,E 一直黑(不给红也不打断),2.62,0,0,0,1346,1,199,1440,448,0.1832
20260915,E 一直黑(不给红也不打断),2.64,0,0,0,1346,1,200,1440,450,0.1832
20260915,E 一直黑(不给红也不打断),2.66,0,0,0,1346,1,202,1440,453,0.1832
20260915,E 一直黑(不给红也不打断),2.68,0,0,0,1346,1,204,1440,455,0.1832
20260915,E 一直黑(不给红也不打断),2.70,0,0,0,1346,1,206,1440,458,0.1832
20260915,E 一直黑(不给红也不打断),2.72,0,0,0,1346,1,208,1440,462,0.1832
20260915,E 一直黑(不给红也不打断),2.74,0,0,0,1346,1,211,1440,468,0.1832
20260915,E 一直黑(不给红也不打断),2.76,0,0,0,1346,1,214,1440,472,0.1832
20260915,E 一直黑(不给红也不打断),2.78,0,0,0,1346,1,217,1440,475,0.1832
20260915,E 一直黑(不给红也不打断),2.80,0,0,0,1346,1,219,1440,479,0.1832
20260915,E 一直黑(不给红也不打断),2.82,0,0,0,1346,1,221,1440,483,0.1832
20260915,E 一直黑(不给红也不打断),2.84,0,0,0,1346,1,223,1440,486,0.1832
20260915,E 一直黑(不给红也不打断),2.86,0,0,0,1346,1,225,1440,489,0.1832
20260915,E 一直黑(不给红也不打断),2.88,0,0,0,1346,1,227,1440,494,0.1832
20260915,E 一直黑(不给红也不打断),2.90,0,0,0,1346,1,228,1440,497,0.1832
20260915,E 一直黑(不给红也不打断),2.92,0,0,0,1346,1,229,1440,500,0.1832
20260915,E 一直黑(不给红也不打断),2.94,0,0,0,1346,1,230,1440,503,0.1832
20260915,E 一直黑(不给红也不打断),2.96,0,0,0,1346,1,231,1440,507,0.1832
20260915,E 一直黑(不给红也不打断),2.98,0,0,0,1346,1,232,1440,512,0.1832
20260916,A 一直红,0.00,0,1,1346,1346,1,1435,1440,1435,0.2607
20260916,A 一直红,0.02,1,1,1346,1346,1,1430,1440,1447,0.2565
20260916,A 一直红,0.04,1,1,1346,1346,1,1437,1440,1462,0.2502
20260916,A 一直红,0.06,1,1,1346,1346,1,1439,1440,1467,0.2526
20260916,A 一直红,0.08,1,1,1346,1346,1,1437,1440,1455,0.2612
20260916,A 一直红,0.10,1,1,1346,1346,1,1437,1440,1462,0.2711
20260916,A 一直红,0.12,1,1,1346,1346,1,1434,1440,1456,0.2803
20260916,A 一直红,0.14,1,1,1346,1346,1,1436,1440,1459,0.2906
20260916,A 一直红,0.16,1,1,1346,1346,1,1433,1440,1461,0.3025
20260916,A 一直红,0.18,1,1,1346,1346,1,1434,1440,1464,0.3148
20260916,A 一直红,0.20,1,1,1346,1346,1,1434,1440,1466,0.3259
20260916,A 一直红,0.22,1,1,1346,1346,1,1434,1440,1465,0.3351
20260916,A 一直红,0.24,1,1,1346,1346,1,1434,1440,1464,0.3420
20260916,A 一直红,0.26,1,1,1346,1346,1,1434,1440,1461,0.3464
20260916,A 一直红,0.28,1,1,1346,1346,1,1437,1440,1463,0.3496
20260916,A 一直红,0.30,1,1,1346,1346,1,1436,1440,1459,0.3514
20260916,A 一直红,0.32,1,1,1346,1346,1,1436,1440,1456,0.3523
20260916,A 一直红,0.34,1,1,1346,1346,1,1436,1440,1457,0.3524
20260916,A 一直红,0.36,1,1,1346,1346,1,1436,1440,1459,0.3523
20260916,A 一直红,0.38,1,1,1346,1346,1,1436,1440,1458,0.3514
20260916,A 一直红,0.40,1,1,1346,1346,1,1436,1440,1457,0.3503
20260916,A 一直红,0.42,1,1,1346,1346,1,1434,1440,1457,0.3472
20260916,A 一直红,0.44,1,1,1346,1346,1,1434,1440,1455,0.3428
20260916,A 一直红,0.46,1,1,1346,1346,1,1434,1440,1452,0.3387
20260916,A 一直红,0.48,1,1,1346,1346,1,1437,1440,1457,0.3370
20260916,A 一直红,0.50,1,1,1346,1346,1,1433,1440,1455,0.3363
20260916,A 一直红,0.52,1,1,1346,1346,1,1434,1440,1458,0.3371
20260916,A 一直红,0.54,1,1,1346,1346,1,1434,1440,1460,0.3392
20260916,A 一直红,0.56,1,1,1346,1346,1,1434,1440,1458,0.3403
20260916,A 一直红,0.58,1,1,1346,1346,1,1437,1440,1462,0.3408
20260916,A 一直红,0.60,1,1,1346,1346,1,1437,1440,1460,0.3421
20260916,A 一直红,0.62,1,1,1346,1346,1,1436,1440,1457,0.3446
20260916,A 一直红,0.64,1,1,1346,1346,1,1435,1440,1455,0.3471
20260916,A 一直红,0.66,1,1,1346,1346,1,1436,1440,1467,0.3483
20260916,A 一直红,0.68,1,1,1346,1346,1,1435,1440,1470,0.3470
20260916,A 一直红,0.70,1,1,1346,1346,1,1436,1440,1466,0.3446
20260916,A 一直红,0.72,1,1,1346,1346,1,1434,1440,1457,0.3398
20260916,A 一直红,0.74,1,1,1346,1346,1,1434,1440,1456,0.3347
20260916,A 一直红,0.76,1,1,1346,1346,1,1434,1440,1463,0.3320
20260916,A 一直红,0.78,1,1,1346,1346,1,1433,1440,1461,0.3351
20260916,A 一直红,0.80,1,1,1346,1346,1,1433,1440,1463,0.3409
20260916,A 一直红,0.82,1,1,1346,1346,1,1434,1440,1459,0.3467
20260916,A 一直红,0.84,1,1,1346,1346,1,1434,1440,1460,0.3501
20260916,A 一直红,0.86,1,1,1346,1346,1,1433,1440,1455,0.3503
20260916,A 一直红,0.88,1,1,1346,1346,1,1436,1440,1455,0.3469
20260916,A 一直红,0.90,1,1,1346,1346,1,1435,1440,1457,0.3432
20260916,A 一直红,0.92,1,1,1346,1346,1,1434,1440,1454,0.3435
20260916,A 一直红,0.94,1,1,1346,1346,1,1435,1440,1454,0.3459
20260916,A 一直红,0.96,1,1,1346,1346,1,1435,1440,1456,0.3455
20260916,A 一直红,0.98,1,1,1346,1346,1,1434,1440,1460,0.3426
20260916,A 一直红,1.00,1,1,1346,1346,1,1435,1440,1465,0.3382
20260916,A 一直红,1.02,1,1,1346,1346,1,1435,1440,1455,0.3331
20260916,A 一直红,1.04,1,1,1346,1346,1,1435,1440,1453,0.3296
20260916,A 一直红,1.06,1,1,1346,1346,1,1435,1440,1463,0.3282
20260916,A 一直红,1.08,1,1,1346,1346,1,1433,1440,1451,0.3286
20260916,A 一直红,1.10,1,1,1346,1346,1,1433,1440,1455,0.3296
20260916,A 一直红,1.12,1,1,1346,1346,1,1433,1440,1454,0.3332
20260916,A 一直红,1.14,1,1,1346,1346,1,1434,1440,1462,0.3366
20260916,A 一直红,1.16,1,1,1346,1346,1,1434,1440,1457,0.3376
20260916,A 一直红,1.18,1,1,1346,1346,1,1435,1440,1456,0.3355
20260916,A 一直红,1.20,1,1,1346,1346,1,1434,1440,1456,0.3323
20260916,A 一直红,1.22,1,1,1346,1346,1,1434,1440,1454,0.3281
20260916,A 一直红,1.24,1,1,1346,1346,1,1435,1440,1459,0.3249
20260916,A 一直红,1.26,1,1,1346,1346,1,1434,1440,1457,0.3206
20260916,A 一直红,1.28,1,1,1346,1346,1,1436,1440,1461,0.3158
20260916,A 一直红,1.30,1,1,1346,1346,1,1436,1440,1461,0.3151
20260916,A 一直红,1.32,1,1,1346,1346,1,1434,1440,1454,0.3180
20260916,A 一直红,1.34,1,1,1346,1346,1,1434,1440,1457,0.3218
20260916,A 一直红,1.36,1,1,1346,1346,1,1434,1440,1461,0.3244
20260916,A 一直红,1.38,1,1,1346,1346,1,1434,1440,1452,0.3259
20260916,A 一直红,1.40,1,1,1346,1346,1,1434,1440,1459,0.3271
20260916,A 一直红,1.42,1,1,1346,1346,1,1434,1440,1452,0.3296
20260916,A 一直红,1.44,1,1,1346,1346,1,1436,1440,1459,0.3335
20260916,A 一直红,1.46,1,1,1346,1346,1,1433,1440,1456,0.3367
20260916,A 一直红,1.48,1,1,1346,1346,1,1435,1440,1454,0.3379
20260916,A 一直红,1.50,1,1,1346,1346,1,1435,1440,1457,0.3390
20260916,A 一直红,1.52,1,1,1346,1346,1,1434,1440,1454,0.3390
20260916,A 一直红,1.54,1,1,1346,1346,1,1436,1440,1456,0.3394
20260916,A 一直红,1.56,1,1,1346,1346,1,1435,1440,1458,0.3379
20260916,A 一直红,1.58,1,1,1346,1346,1,1435,1440,1458,0.3344
20260916,A 一直红,1.60,1,1,1346,1346,1,1435,1440,1456,0.3324
20260916,A 一直红,1.62,1,1,1346,1346,1,1434,1440,1456,0.3320
20260916,A 一直红,1.64,1,1,1346,1346,1,1435,1440,1458,0.3326
20260916,A 一直红,1.66,1,1,1346,1346,1,1433,1440,1459,0.3322
20260916,A 一直红,1.68,1,1,1346,1346,1,1433,1440,1449,0.3308
20260916,A 一直红,1.70,1,1,1346,1346,1,1433,1440,1455,0.3305
20260916,A 一直红,1.72,1,1,1346,1346,1,1433,1440,1459,0.3353
20260916,A 一直红,1.74,1,1,1346,1346,1,1434,1440,1458,0.3405
20260916,A 一直红,1.76,1,1,1346,1346,1,1433,1440,1455,0.3428
20260916,A 一直红,1.78,1,1,1346,1346,1,1436,1440,1455,0.3420
20260916,A 一直红,1.80,1,1,1346,1346,1,1435,1440,1457,0.3407
20260916,A 一直红,1.82,1,1,1346,1346,1,1434,1440,1453,0.3393
20260916,A 一直红,1.84,1,1,1346,1346,1,1436,1440,1460,0.3398
20260916,A 一直红,1.86,1,1,1346,1346,1,1435,1440,1455,0.3394
20260916,A 一直红,1.88,1,1,1346,1346,1,1435,1440,1456,0.3378
20260916,A 一直红,1.90,1,1,1346,1346,1,1435,1440,1456,0.3359
20260916,A 一直红,1.92,1,1,1346,1346,1,1434,1440,1456,0.3335
20260916,A 一直红,1.94,1,1,1346,1346,1,1433,1440,1454,0.3329
20260916,A 一直红,1.96,1,1,1346,1346,1,1433,1440,1459,0.3323
20260916,A 一直红,1.98,1,1,1346,1346,1,1433,1440,1452,0.3318
20260916,A 一直红,2.00,1,1,1346,1346,1,1433,1440,1456,0.3328
20260916,A 一直红,2.02,1,1,1346,1346,1,1433,1440,1458,0.3383
20260916,A 一直红,2.04,1,1,1346,1346,1,1433,1440,1461,0.3437
20260916,A 一直红,2.06,1,1,1346,1346,1,1433,1440,1456,0.3456
20260916,A 一直红,2.08,1,1,1346,1346,1,1436,1440,1457,0.3444
20260916,A 一直红,2.10,1,1,1346,1346,1,1434,1440,1460,0.3422
20260916,A 一直红,2.12,1,1,1346,1346,1,1435,1440,1452,0.3405
20260916,A 一直红,2.14,1,1,1346,1346,1,1434,1440,1461,0.3410
20260916,A 一直红,2.16,1,1,1346,1346,1,1435,1440,1454,0.3405
20260916,A 一直红,2.18,1,1,1346,1346,1,1435,1440,1456,0.3380
20260916,A 一直红,2.20,1,1,1346,1346,1,1435,1440,1456,0.3357
20260916,A 一直红,2.22,1,1,1346,1346,1,1434,1440,1455,0.3325
20260916,A 一直红,2.24,1,1,1346,1346,1,1433,1440,1453,0.3305
20260916,A 一直红,2.26,1,1,1346,1346,1,1435,1440,1460,0.3308
20260916,A 一直红,2.28,1,1,1346,1346,1,1433,1440,1452,0.3322
20260916,A 一直红,2.30,1,1,1346,1346,1,1433,1440,1456,0.3325
20260916,A 一直红,2.32,1,1,1346,1346,1,1434,1440,1457,0.3342
20260916,A 一直红,2.34,1,1,1346,1346,1,1433,1440,1460,0.3357
20260916,A 一直红,2.36,1,1,1346,1346,1,1434,1440,1459,0.3356
20260916,A 一直红,2.38,1,1,1346,1346,1,1435,1440,1454,0.3332
20260916,A 一直红,2.40,1,1,1346,1346,1,1435,1440,1459,0.3303
20260916,A 一直红,2.42,1,1,1346,1346,1,1434,1440,1454,0.3264
20260916,A 一直红,2.44,1,1,1346,1346,1,1435,1440,1453,0.3232
20260916,A 一直红,2.46,1,1,1346,1346,1,1434,1440,1461,0.3188
20260916,A 一直红,2.48,1,1,1346,1346,1,1436,1440,1461,0.3139
20260916,A 一直红,2.50,1,1,1346,1346,1,1436,1440,1460,0.3149
20260916,A 一直红,2.52,1,1,1346,1346,1,1435,1440,1458,0.3192
20260916,A 一直红,2.54,1,1,1346,1346,1,1435,1440,1459,0.3238
20260916,A 一直红,2.56,1,1,1346,1346,1,1434,1440,1460,0.3283
20260916,A 一直红,2.58,1,1,1346,1346,1,1434,1440,1452,0.3337
20260916,A 一直红,2.60,1,1,1346,1346,1,1435,1440,1461,0.3381
20260916,A 一直红,2.62,1,1,1346,1346,1,1435,1440,1461,0.3404
20260916,A 一直红,2.64,1,1,1346,1346,1,1434,1440,1459,0.3406
20260916,A 一直红,2.66,1,1,1346,1346,1,1434,1440,1461,0.3394
20260916,A 一直红,2.68,1,1,1346,1346,1,1437,1440,1462,0.3373
20260916,A 一直红,2.70,1,1,1346,1346,1,1435,1440,1455,0.3360
20260916,A 一直红,2.72,1,1,1346,1346,1,1434,1440,1454,0.3347
20260916,A 一直红,2.74,1,1,1346,1346,1,1436,1440,1456,0.3348
20260916,A 一直红,2.76,1,1,1346,1346,1,1435,1440,1456,0.3336
20260916,A 一直红,2.78,1,1,1346,1346,1,1435,1440,1457,0.3314
20260916,A 一直红,2.80,1,1,1346,1346,1,1435,1440,1459,0.3323
20260916,A 一直红,2.82,1,1,1346,1346,1,1434,1440,1457,0.3340
20260916,A 一直红,2.84,1,1,1346,1346,1,1434,1440,1457,0.3351
20260916,A 一直红,2.86,1,1,1346,1346,1,1433,1440,1457,0.3345
20260916,A 一直红,2.88,1,1,1346,1346,1,1433,1440,1450,0.3323
20260916,A 一直红,2.90,1,1,1346,1346,1,1433,1440,1455,0.3312
20260916,A 一直红,2.92,1,1,1346,1346,1,1433,1440,1457,0.3347
20260916,A 一直红,2.94,1,1,1346,1346,1,1434,1440,1459,0.3389
20260916,A 一直红,2.96,1,1,1346,1346,1,1433,1440,1455,0.3405
20260916,A 一直红,2.98,1,1,1346,1346,1,1436,1440,1455,0.3394
20260916,B 红0.5秒后全黑,0.00,0,1,1346,1346,1,1435,1440,1435,0.2607
20260916,B 红0.5秒后全黑,0.02,1,1,1346,1346,1,1430,1440,1447,0.2565
20260916,B 红0.5秒后全黑,0.04,1,1,1346,1346,1,1437,1440,1462,0.2502
20260916,B 红0.5秒后全黑,0.06,1,1,1346,1346,1,1439,1440,1467,0.2526
20260916,B 红0.5秒后全黑,0.08,1,1,1346,1346,1,1437,1440,1455,0.2612
20260916,B 红0.5秒后全黑,0.10,1,1,1346,1346,1,1437,1440,1462,0.2711
20260916,B 红0.5秒后全黑,0.12,1,1,1346,1346,1,1434,1440,1456,0.2803
20260916,B 红0.5秒后全黑,0.14,1,1,1346,1346,1,1436,1440,1459,0.2906
20260916,B 红0.5秒后全黑,0.16,1,1,1346,1346,1,1433,1440,1461,0.3025
20260916,B 红0.5秒后全黑,0.18,1,1,1346,1346,1,1434,1440,1464,0.3148
20260916,B 红0.5秒后全黑,0.20,1,1,1346,1346,1,1434,1440,1466,0.3259
20260916,B 红0.5秒后全黑,0.22,1,1,1346,1346,1,1434,1440,1465,0.3351
20260916,B 红0.5秒后全黑,0.24,1,1,1346,1346,1,1434,1440,1464,0.3420
20260916,B 红0.5秒后全黑,0.26,1,1,1346,1346,1,1434,1440,1461,0.3464
20260916,B 红0.5秒后全黑,0.28,1,1,1346,1346,1,1437,1440,1463,0.3496
20260916,B 红0.5秒后全黑,0.30,1,1,1346,1346,1,1436,1440,1459,0.3514
20260916,B 红0.5秒后全黑,0.32,1,1,1346,1346,1,1436,1440,1456,0.3523
20260916,B 红0.5秒后全黑,0.34,1,1,1346,1346,1,1436,1440,1457,0.3524
20260916,B 红0.5秒后全黑,0.36,1,1,1346,1346,1,1436,1440,1459,0.3523
20260916,B 红0.5秒后全黑,0.38,1,1,1346,1346,1,1436,1440,1458,0.3514
20260916,B 红0.5秒后全黑,0.40,1,1,1346,1346,1,1436,1440,1457,0.3503
20260916,B 红0.5秒后全黑,0.42,1,1,1346,1346,1,1434,1440,1457,0.3472
20260916,B 红0.5秒后全黑,0.44,1,1,1346,1346,1,1434,1440,1455,0.3428
20260916,B 红0.5秒后全黑,0.46,1,1,1346,1346,1,1434,1440,1452,0.3387
20260916,B 红0.5秒后全黑,0.48,1,1,1346,1346,1,1437,1440,1457,0.3370
20260916,B 红0.5秒后全黑,0.50,1,0,0,1346,1,80,1440,102,0.3371
20260916,B 红0.5秒后全黑,0.52,1,0,0,1346,1,89,1440,127,0.3401
20260916,B 红0.5秒后全黑,0.54,1,0,0,1346,1,98,1440,145,0.3444
20260916,B 红0.5秒后全黑,0.56,1,0,0,1346,1,107,1440,174,0.3487
20260916,B 红0.5秒后全黑,0.58,1,0,0,1346,1,130,1440,208,0.3525
20260916,B 红0.5秒后全黑,0.60,1,0,0,1346,1,141,1440,225,0.3553
20260916,B 红0.5秒后全黑,0.62,1,0,0,1346,1,167,1440,267,0.3579
20260916,B 红0.5秒后全黑,0.64,1,0,0,1346,1,184,1440,304,0.3605
20260916,B 红0.5秒后全黑,0.66,1,0,0,1346,1,206,1440,340,0.3616
20260916,B 红0.5秒后全黑,0.68,1,0,0,1346,1,235,1440,379,0.3614
20260916,B 红0.5秒后全黑,0.70,1,0,0,1346,1,266,1440,422,0.3614
20260916,B 红0.5秒后全黑,0.72,1,0,0,1346,1,290,1440,471,0.3594
20260916,B 红0.5秒后全黑,0.74,1,0,0,1346,1,315,1440,534,0.3554
20260916,B 红0.5秒后全黑,0.76,1,0,0,1346,1,338,1440,590,0.3493
20260916,B 红0.5秒后全黑,0.78,1,0,0,1346,1,377,1440,650,0.3440
20260916,B 红0.5秒后全黑,0.80,1,0,0,1346,1,411,1440,705,0.3458
20260916,B 红0.5秒后全黑,0.82,1,0,0,1346,1,417,1440,739,0.3505
20260916,B 红0.5秒后全黑,0.84,1,0,0,1346,1,422,1440,767,0.3551
20260916,B 红0.5秒后全黑,0.86,1,0,0,1346,1,430,1440,795,0.3568
20260916,B 红0.5秒后全黑,0.88,1,0,0,1346,1,429,1440,782,0.3561
20260916,B 红0.5秒后全黑,0.90,1,0,0,1346,1,432,1440,788,0.3523
20260916,B 红0.5秒后全黑,0.92,1,0,0,1346,1,427,1440,784,0.3481
20260916,B 红0.5秒后全黑,0.94,1,0,0,1346,1,418,1440,781,0.3455
20260916,B 红0.5秒后全黑,0.96,1,0,0,1346,1,429,1440,798,0.3430
20260916,B 红0.5秒后全黑,0.98,1,0,0,1346,1,422,1440,793,0.3388
20260916,B 红0.5秒后全黑,1.00,1,0,0,1346,1,417,1440,783,0.3366
20260916,B 红0.5秒后全黑,1.02,1,0,0,1346,1,423,1440,779,0.3359
20260916,B 红0.5秒后全黑,1.04,1,0,0,1346,1,436,1440,800,0.3344
20260916,B 红0.5秒后全黑,1.06,1,0,0,1346,1,418,1440,766,0.3338
20260916,B 红0.5秒后全黑,1.08,1,0,0,1346,1,416,1440,771,0.3364
20260916,B 红0.5秒后全黑,1.10,1,0,0,1346,1,429,1440,792,0.3392
20260916,B 红0.5秒后全黑,1.12,1,0,0,1346,1,423,1440,780,0.3418
20260916,B 红0.5秒后全黑,1.14,1,0,0,1346,1,431,1440,796,0.3431
20260916,B 红0.5秒后全黑,1.16,1,0,0,1346,1,419,1440,777,0.3429
20260916,B 红0.5秒后全黑,1.18,1,0,0,1346,1,426,1440,800,0.3412
20260916,B 红0.5秒后全黑,1.20,1,0,0,1346,1,422,1440,765,0.3404
20260916,B 红0.5秒后全黑,1.22,1,0,0,1346,1,434,1440,788,0.3396
20260916,B 红0.5秒后全黑,1.24,1,0,0,1346,1,440,1440,804,0.3394
20260916,B 红0.5秒后全黑,1.26,1,0,0,1346,1,437,1440,796,0.3394
20260916,B 红0.5秒后全黑,1.28,1,0,0,1346,1,428,1440,773,0.3403
20260916,B 红0.5秒后全黑,1.30,1,0,0,1346,1,440,1440,791,0.3423
20260916,B 红0.5秒后全黑,1.32,1,0,0,1346,1,439,1440,780,0.3446
20260916,B 红0.5秒后全黑,1.34,1,0,0,1346,1,444,1440,816,0.3460
20260916,B 红0.5秒后全黑,1.36,1,0,0,1346,1,430,1440,769,0.3473
20260916,B 红0.5秒后全黑,1.38,1,0,0,1346,1,445,1440,787,0.3479
20260916,B 红0.5秒后全黑,1.40,1,0,0,1346,1,447,1440,791,0.3478
20260916,B 红0.5秒后全黑,1.42,1,0,0,1346,1,433,1440,783,0.3464
20260916,B 红0.5秒后全黑,1.44,1,0,0,1346,1,437,1440,788,0.3468
20260916,B 红0.5秒后全黑,1.46,1,0,0,1346,1,443,1440,779,0.3471
20260916,B 红0.5秒后全黑,1.48,1,0,0,1346,1,456,1440,801,0.3471
20260916,B 红0.5秒后全黑,1.50,1,0,0,1346,1,439,1440,771,0.3464
20260916,B 红0.5秒后全黑,1.52,1,0,0,1346,1,443,1440,791,0.3459
20260916,B 红0.5秒后全黑,1.54,1,0,0,1346,1,436,1440,776,0.3452
20260916,B 红0.5秒后全黑,1.56,1,0,0,1346,1,435,1440,782,0.3427
20260916,B 红0.5秒后全黑,1.58,1,0,0,1346,1,433,1440,776,0.3382
20260916,B 红0.5秒后全黑,1.60,1,0,0,1346,1,436,1440,788,0.3366
20260916,B 红0.5秒后全黑,1.62,1,0,0,1346,1,427,1440,758,0.3370
20260916,B 红0.5秒后全黑,1.64,1,0,0,1346,1,432,1440,767,0.3378
20260916,B 红0.5秒后全黑,1.66,1,0,0,1346,1,438,1440,762,0.3388
20260916,B 红0.5秒后全黑,1.68,1,0,0,1346,1,441,1440,768,0.3395
20260916,B 红0.5秒后全黑,1.70,1,0,0,1346,1,446,1440,788,0.3403
20260916,B 红0.5秒后全黑,1.72,1,0,0,1346,1,441,1440,777,0.3418
20260916,B 红0.5秒后全黑,1.74,1,0,0,1346,1,444,1440,776,0.3441
20260916,B 红0.5秒后全黑,1.76,1,0,0,1346,1,455,1440,782,0.3452
20260916,B 红0.5秒后全黑,1.78,1,0,0,1346,1,464,1440,785,0.3442
20260916,B 红0.5秒后全黑,1.80,1,0,0,1346,1,453,1440,781,0.3424
20260916,B 红0.5秒后全黑,1.82,1,0,0,1346,1,436,1440,768,0.3400
20260916,B 红0.5秒后全黑,1.84,1,0,0,1346,1,435,1440,785,0.3390
20260916,B 红0.5秒后全黑,1.86,1,0,0,1346,1,434,1440,764,0.3380
20260916,B 红0.5秒后全黑,1.88,1,0,0,1346,1,443,1440,776,0.3373
20260916,B 红0.5秒后全黑,1.90,1,0,0,1346,1,438,1440,765,0.3386
20260916,B 红0.5秒后全黑,1.92,1,0,0,1346,1,447,1440,771,0.3402
20260916,B 红0.5秒后全黑,1.94,1,0,0,1346,1,445,1440,771,0.3406
20260916,B 红0.5秒后全黑,1.96,1,0,0,1346,1,438,1440,780,0.3406
20260916,B 红0.5秒后全黑,1.98,1,0,0,1346,1,423,1440,759,0.3399
20260916,B 红0.5秒后全黑,2.00,1,0,0,1346,1,427,1440,778,0.3384
20260916,B 红0.5秒后全黑,2.02,1,0,0,1346,1,420,1440,769,0.3394
20260916,B 红0.5秒后全黑,2.04,1,0,0,1346,1,412,1440,765,0.3425
20260916,B 红0.5秒后全黑,2.06,1,0,0,1346,1,413,1440,763,0.3444
20260916,B 红0.5秒后全黑,2.08,1,0,0,1346,1,425,1440,774,0.3446
20260916,B 红0.5秒后全黑,2.10,1,0,0,1346,1,436,1440,777,0.3443
20260916,B 红0.5秒后全黑,2.12,1,0,0,1346,1,435,1440,775,0.3435
20260916,B 红0.5秒后全黑,2.14,1,0,0,1346,1,437,1440,774,0.3433
20260916,B 红0.5秒后全黑,2.16,1,0,0,1346,1,433,1440,767,0.3416
20260916,B 红0.5秒后全黑,2.18,1,0,0,1346,1,438,1440,785,0.3380
20260916,B 红0.5秒后全黑,2.20,1,0,0,1346,1,429,1440,776,0.3374
20260916,B 红0.5秒后全黑,2.22,1,0,0,1346,1,427,1440,771,0.3388
20260916,B 红0.5秒后全黑,2.24,1,0,0,1346,1,436,1440,789,0.3396
20260916,B 红0.5秒后全黑,2.26,1,0,0,1346,1,430,1440,772,0.3398
20260916,B 红0.5秒后全黑,2.28,1,0,0,1346,1,423,1440,766,0.3397
20260916,B 红0.5秒后全黑,2.30,1,0,0,1346,1,432,1440,768,0.3414
20260916,B 红0.5秒后全黑,2.32,1,0,0,1346,1,432,1440,771,0.3438
20260916,B 红0.5秒后全黑,2.34,1,0,0,1346,1,437,1440,784,0.3476
20260916,B 红0.5秒后全黑,2.36,1,0,0,1346,1,431,1440,790,0.3486
20260916,B 红0.5秒后全黑,2.38,1,0,0,1346,1,420,1440,766,0.3474
20260916,B 红0.5秒后全黑,2.40,1,0,0,1346,1,414,1440,761,0.3433
20260916,B 红0.5秒后全黑,2.42,1,0,0,1346,1,416,1440,764,0.3386
20260916,B 红0.5秒后全黑,2.44,1,0,0,1346,1,423,1440,762,0.3349
20260916,B 红0.5秒后全黑,2.46,1,0,0,1346,1,429,1440,773,0.3329
20260916,B 红0.5秒后全黑,2.48,1,0,0,1346,1,439,1440,771,0.3339
20260916,B 红0.5秒后全黑,2.50,1,0,0,1346,1,439,1440,774,0.3379
20260916,B 红0.5秒后全黑,2.52,1,0,0,1346,1,442,1440,783,0.3429
20260916,B 红0.5秒后全黑,2.54,1,0,0,1346,1,439,1440,780,0.3467
20260916,B 红0.5秒后全黑,2.56,1,0,0,1346,1,429,1440,769,0.3486
20260916,B 红0.5秒后全黑,2.58,1,0,0,1346,1,429,1440,765,0.3483
20260916,B 红0.5秒后全黑,2.60,1,0,0,1346,1,435,1440,774,0.3476
20260916,B 红0.5秒后全黑,2.62,1,0,0,1346,1,421,1440,773,0.3447
20260916,B 红0.5秒后全黑,2.64,1,0,0,1346,1,427,1440,757,0.3414
20260916,B 红0.5秒后全黑,2.66,1,0,0,1346,1,432,1440,766,0.3428
20260916,B 红0.5秒后全黑,2.68,1,0,0,1346,1,429,1440,761,0.3461
20260916,B 红0.5秒后全黑,2.70,1,0,0,1346,1,426,1440,768,0.3479
20260916,B 红0.5秒后全黑,2.72,1,0,0,1346,1,426,1440,756,0.3484
20260916,B 红0.5秒后全黑,2.74,1,0,0,1346,1,440,1440,779,0.3483
20260916,B 红0.5秒后全黑,2.76,1,0,0,1346,1,444,1440,768,0.3462
20260916,B 红0.5秒后全黑,2.78,1,0,0,1346,1,436,1440,776,0.3423
20260916,B 红0.5秒后全黑,2.80,1,0,0,1346,1,414,1440,763,0.3405
20260916,B 红0.5秒后全黑,2.82,1,0,0,1346,1,422,1440,762,0.3414
20260916,B 红0.5秒后全黑,2.84,1,0,0,1346,1,420,1440,763,0.3418
20260916,B 红0.5秒后全黑,2.86,1,0,0,1346,1,412,1440,763,0.3421
20260916,B 红0.5秒后全黑,2.88,1,0,0,1346,1,412,1440,772,0.3415
20260916,B 红0.5秒后全黑,2.90,1,0,0,1346,1,425,1440,769,0.3408
20260916,B 红0.5秒后全黑,2.92,1,0,0,1346,1,417,1440,763,0.3413
20260916,B 红0.5秒后全黑,2.94,1,0,0,1346,1,417,1440,766,0.3436
20260916,B 红0.5秒后全黑,2.96,1,0,0,1346,1,423,1440,753,0.3448
20260916,B 红0.5秒后全黑,2.98,1,0,0,1346,1,422,1440,758,0.3440
20260916,C 同B+1.0秒打断运动记忆,0.00,0,1,1346,1346,1,1435,1440,1435,0.2607
20260916,C 同B+1.0秒打断运动记忆,0.02,1,1,1346,1346,1,1430,1440,1447,0.2565
20260916,C 同B+1.0秒打断运动记忆,0.04,1,1,1346,1346,1,1437,1440,1462,0.2502
20260916,C 同B+1.0秒打断运动记忆,0.06,1,1,1346,1346,1,1439,1440,1467,0.2526
20260916,C 同B+1.0秒打断运动记忆,0.08,1,1,1346,1346,1,1437,1440,1455,0.2612
20260916,C 同B+1.0秒打断运动记忆,0.10,1,1,1346,1346,1,1437,1440,1462,0.2711
20260916,C 同B+1.0秒打断运动记忆,0.12,1,1,1346,1346,1,1434,1440,1456,0.2803
20260916,C 同B+1.0秒打断运动记忆,0.14,1,1,1346,1346,1,1436,1440,1459,0.2906
20260916,C 同B+1.0秒打断运动记忆,0.16,1,1,1346,1346,1,1433,1440,1461,0.3025
20260916,C 同B+1.0秒打断运动记忆,0.18,1,1,1346,1346,1,1434,1440,1464,0.3148
20260916,C 同B+1.0秒打断运动记忆,0.20,1,1,1346,1346,1,1434,1440,1466,0.3259
20260916,C 同B+1.0秒打断运动记忆,0.22,1,1,1346,1346,1,1434,1440,1465,0.3351
20260916,C 同B+1.0秒打断运动记忆,0.24,1,1,1346,1346,1,1434,1440,1464,0.3420
20260916,C 同B+1.0秒打断运动记忆,0.26,1,1,1346,1346,1,1434,1440,1461,0.3464
20260916,C 同B+1.0秒打断运动记忆,0.28,1,1,1346,1346,1,1437,1440,1463,0.3496
20260916,C 同B+1.0秒打断运动记忆,0.30,1,1,1346,1346,1,1436,1440,1459,0.3514
20260916,C 同B+1.0秒打断运动记忆,0.32,1,1,1346,1346,1,1436,1440,1456,0.3523
20260916,C 同B+1.0秒打断运动记忆,0.34,1,1,1346,1346,1,1436,1440,1457,0.3524
20260916,C 同B+1.0秒打断运动记忆,0.36,1,1,1346,1346,1,1436,1440,1459,0.3523
20260916,C 同B+1.0秒打断运动记忆,0.38,1,1,1346,1346,1,1436,1440,1458,0.3514
20260916,C 同B+1.0秒打断运动记忆,0.40,1,1,1346,1346,1,1436,1440,1457,0.3503
20260916,C 同B+1.0秒打断运动记忆,0.42,1,1,1346,1346,1,1434,1440,1457,0.3472
20260916,C 同B+1.0秒打断运动记忆,0.44,1,1,1346,1346,1,1434,1440,1455,0.3428
20260916,C 同B+1.0秒打断运动记忆,0.46,1,1,1346,1346,1,1434,1440,1452,0.3387
20260916,C 同B+1.0秒打断运动记忆,0.48,1,1,1346,1346,1,1437,1440,1457,0.3370
20260916,C 同B+1.0秒打断运动记忆,0.50,1,0,0,1346,1,80,1440,102,0.3371
20260916,C 同B+1.0秒打断运动记忆,0.52,1,0,0,1346,1,89,1440,127,0.3401
20260916,C 同B+1.0秒打断运动记忆,0.54,1,0,0,1346,1,98,1440,145,0.3444
20260916,C 同B+1.0秒打断运动记忆,0.56,1,0,0,1346,1,107,1440,174,0.3487
20260916,C 同B+1.0秒打断运动记忆,0.58,1,0,0,1346,1,130,1440,208,0.3525
20260916,C 同B+1.0秒打断运动记忆,0.60,1,0,0,1346,1,141,1440,225,0.3553
20260916,C 同B+1.0秒打断运动记忆,0.62,1,0,0,1346,1,167,1440,267,0.3579
20260916,C 同B+1.0秒打断运动记忆,0.64,1,0,0,1346,1,184,1440,304,0.3605
20260916,C 同B+1.0秒打断运动记忆,0.66,1,0,0,1346,1,206,1440,340,0.3616
20260916,C 同B+1.0秒打断运动记忆,0.68,1,0,0,1346,1,235,1440,379,0.3614
20260916,C 同B+1.0秒打断运动记忆,0.70,1,0,0,1346,1,266,1440,422,0.3614
20260916,C 同B+1.0秒打断运动记忆,0.72,1,0,0,1346,1,290,1440,471,0.3594
20260916,C 同B+1.0秒打断运动记忆,0.74,1,0,0,1346,1,315,1440,534,0.3554
20260916,C 同B+1.0秒打断运动记忆,0.76,1,0,0,1346,1,338,1440,590,0.3493
20260916,C 同B+1.0秒打断运动记忆,0.78,1,0,0,1346,1,377,1440,650,0.3440
20260916,C 同B+1.0秒打断运动记忆,0.80,1,0,0,1346,1,411,1440,705,0.3458
20260916,C 同B+1.0秒打断运动记忆,0.82,1,0,0,1346,1,417,1440,739,0.3505
20260916,C 同B+1.0秒打断运动记忆,0.84,1,0,0,1346,1,422,1440,767,0.3551
20260916,C 同B+1.0秒打断运动记忆,0.86,1,0,0,1346,1,430,1440,795,0.3568
20260916,C 同B+1.0秒打断运动记忆,0.88,1,0,0,1346,1,429,1440,782,0.3561
20260916,C 同B+1.0秒打断运动记忆,0.90,1,0,0,1346,1,432,1440,788,0.3523
20260916,C 同B+1.0秒打断运动记忆,0.92,1,0,0,1346,1,427,1440,784,0.3481
20260916,C 同B+1.0秒打断运动记忆,0.94,1,0,0,1346,1,418,1440,781,0.3455
20260916,C 同B+1.0秒打断运动记忆,0.96,1,0,0,1346,1,429,1440,798,0.3430
20260916,C 同B+1.0秒打断运动记忆,0.98,1,0,0,1346,1,422,1440,793,0.3388
20260916,C 同B+1.0秒打断运动记忆,1.00,1,0,0,1346,1,417,1440,783,0.3366
20260916,C 同B+1.0秒打断运动记忆,1.02,0,0,0,1346,1,423,1440,778,0.3341
20260916,C 同B+1.0秒打断运动记忆,1.04,0,0,0,1346,1,438,1440,803,0.3267
20260916,C 同B+1.0秒打断运动记忆,1.06,0,0,0,1346,1,420,1440,769,0.3160
20260916,C 同B+1.0秒打断运动记忆,1.08,0,0,0,1346,1,420,1440,777,0.3029
20260916,C 同B+1.0秒打断运动记忆,1.10,0,0,0,1346,1,433,1440,800,0.2873
20260916,C 同B+1.0秒打断运动记忆,1.12,0,0,0,1346,1,419,1440,771,0.2684
20260916,C 同B+1.0秒打断运动记忆,1.14,0,0,0,1346,1,442,1440,807,0.2458
20260916,C 同B+1.0秒打断运动记忆,1.16,0,0,0,1346,1,421,1440,787,0.2203
20260916,C 同B+1.0秒打断运动记忆,1.18,0,0,0,1346,1,425,1440,801,0.1974
20260916,C 同B+1.0秒打断运动记忆,1.20,0,0,0,1346,1,417,1440,762,0.1907
20260916,C 同B+1.0秒打断运动记忆,1.22,0,0,0,1346,1,419,1440,774,0.1930
20260916,C 同B+1.0秒打断运动记忆,1.24,0,0,0,1346,1,436,1440,805,0.2005
20260916,C 同B+1.0秒打断运动记忆,1.26,0,0,0,1346,1,432,1440,798,0.2064
20260916,C 同B+1.0秒打断运动记忆,1.28,0,0,0,1346,1,427,1440,766,0.2107
20260916,C 同B+1.0秒打断运动记忆,1.30,0,0,0,1346,1,442,1440,790,0.2113
20260916,C 同B+1.0秒打断运动记忆,1.32,0,0,0,1346,1,438,1440,787,0.2110
20260916,C 同B+1.0秒打断运动记忆,1.34,0,0,0,1346,1,443,1440,812,0.2079
20260916,C 同B+1.0秒打断运动记忆,1.36,0,0,0,1346,1,435,1440,776,0.2095
20260916,C 同B+1.0秒打断运动记忆,1.38,0,0,0,1346,1,451,1440,814,0.2096
20260916,C 同B+1.0秒打断运动记忆,1.40,0,0,0,1346,1,435,1440,773,0.2100
20260916,C 同B+1.0秒打断运动记忆,1.42,0,0,0,1346,1,444,1440,797,0.2093
20260916,C 同B+1.0秒打断运动记忆,1.44,0,0,0,1346,1,431,1440,782,0.2124
20260916,C 同B+1.0秒打断运动记忆,1.46,0,0,0,1346,1,442,1440,796,0.2166
20260916,C 同B+1.0秒打断运动记忆,1.48,0,0,0,1346,1,433,1440,780,0.2209
20260916,C 同B+1.0秒打断运动记忆,1.50,0,0,0,1346,1,437,1440,784,0.2226
20260916,C 同B+1.0秒打断运动记忆,1.52,0,0,0,1346,1,434,1440,798,0.2204
20260916,C 同B+1.0秒打断运动记忆,1.54,0,0,0,1346,1,412,1440,765,0.2146
20260916,C 同B+1.0秒打断运动记忆,1.56,0,0,0,1346,1,426,1440,790,0.2155
20260916,C 同B+1.0秒打断运动记忆,1.58,0,0,0,1346,1,424,1440,786,0.2171
20260916,C 同B+1.0秒打断运动记忆,1.60,0,0,0,1346,1,423,1440,784,0.2188
20260916,C 同B+1.0秒打断运动记忆,1.62,0,0,0,1346,1,428,1440,785,0.2178
20260916,C 同B+1.0秒打断运动记忆,1.64,0,0,0,1346,1,430,1440,781,0.2152
20260916,C 同B+1.0秒打断运动记忆,1.66,0,0,0,1346,1,435,1440,780,0.2135
20260916,C 同B+1.0秒打断运动记忆,1.68,0,0,0,1346,1,433,1440,774,0.2121
20260916,C 同B+1.0秒打断运动记忆,1.70,0,0,0,1346,1,438,1440,798,0.2089
20260916,C 同B+1.0秒打断运动记忆,1.72,0,0,0,1346,1,425,1440,761,0.2066
20260916,C 同B+1.0秒打断运动记忆,1.74,0,0,0,1346,1,448,1440,791,0.2041
20260916,C 同B+1.0秒打断运动记忆,1.76,0,0,0,1346,1,430,1440,763,0.2043
20260916,C 同B+1.0秒打断运动记忆,1.78,0,0,0,1346,1,443,1440,788,0.2034
20260916,C 同B+1.0秒打断运动记忆,1.80,0,0,0,1346,1,433,1440,757,0.2077
20260916,C 同B+1.0秒打断运动记忆,1.82,0,0,0,1346,1,448,1440,783,0.2101
20260916,C 同B+1.0秒打断运动记忆,1.84,0,0,0,1346,1,445,1440,786,0.2108
20260916,C 同B+1.0秒打断运动记忆,1.86,0,0,0,1346,1,446,1440,791,0.2131
20260916,C 同B+1.0秒打断运动记忆,1.88,0,0,0,1346,1,436,1440,770,0.2152
20260916,C 同B+1.0秒打断运动记忆,1.90,0,0,0,1346,1,438,1440,773,0.2159
20260916,C 同B+1.0秒打断运动记忆,1.92,0,0,0,1346,1,448,1440,789,0.2130
20260916,C 同B+1.0秒打断运动记忆,1.94,0,0,0,1346,1,437,1440,769,0.2104
20260916,C 同B+1.0秒打断运动记忆,1.96,0,0,0,1346,1,445,1440,794,0.2055
20260916,C 同B+1.0秒打断运动记忆,1.98,0,0,0,1346,1,430,1440,759,0.2073
20260916,C 同B+1.0秒打断运动记忆,2.00,0,0,0,1346,1,432,1440,775,0.2086
20260916,C 同B+1.0秒打断运动记忆,2.02,0,0,0,1346,1,424,1440,767,0.2110
20260916,C 同B+1.0秒打断运动记忆,2.04,0,0,0,1346,1,427,1440,773,0.2126
20260916,C 同B+1.0秒打断运动记忆,2.06,0,0,0,1346,1,429,1440,771,0.2126
20260916,C 同B+1.0秒打断运动记忆,2.08,0,0,0,1346,1,433,1440,776,0.2142
20260916,C 同B+1.0秒打断运动记忆,2.10,0,0,0,1346,1,438,1440,781,0.2140
20260916,C 同B+1.0秒打断运动记忆,2.12,0,0,0,1346,1,425,1440,771,0.2158
20260916,C 同B+1.0秒打断运动记忆,2.14,0,0,0,1346,1,423,1440,759,0.2195
20260916,C 同B+1.0秒打断运动记忆,2.16,0,0,0,1346,1,433,1440,783,0.2206
20260916,C 同B+1.0秒打断运动记忆,2.18,0,0,0,1346,1,434,1440,781,0.2219
20260916,C 同B+1.0秒打断运动记忆,2.20,0,0,0,1346,1,433,1440,775,0.2207
20260916,C 同B+1.0秒打断运动记忆,2.22,0,0,0,1346,1,428,1440,784,0.2210
20260916,C 同B+1.0秒打断运动记忆,2.24,0,0,0,1346,1,420,1440,771,0.2202
20260916,C 同B+1.0秒打断运动记忆,2.26,0,0,0,1346,1,426,1440,783,0.2182
20260916,C 同B+1.0秒打断运动记忆,2.28,0,0,0,1346,1,432,1440,792,0.2159
20260916,C 同B+1.0秒打断运动记忆,2.30,0,0,0,1346,1,417,1440,758,0.2132
20260916,C 同B+1.0秒打断运动记忆,2.32,0,0,0,1346,1,418,1440,775,0.2098
20260916,C 同B+1.0秒打断运动记忆,2.34,0,0,0,1346,1,426,1440,772,0.2062
20260916,C 同B+1.0秒打断运动记忆,2.36,0,0,0,1346,1,424,1440,758,0.2031
20260916,C 同B+1.0秒打断运动记忆,2.38,0,0,0,1346,1,428,1440,781,0.1991
20260916,C 同B+1.0秒打断运动记忆,2.40,0,0,0,1346,1,429,1440,768,0.1964
20260916,C 同B+1.0秒打断运动记忆,2.42,0,0,0,1346,1,443,1440,793,0.1966
20260916,C 同B+1.0秒打断运动记忆,2.44,0,0,0,1346,1,416,1440,764,0.1976
20260916,C 同B+1.0秒打断运动记忆,2.46,0,0,0,1346,1,425,1440,777,0.1984
20260916,C 同B+1.0秒打断运动记忆,2.48,0,0,0,1346,1,429,1440,779,0.1995
20260916,C 同B+1.0秒打断运动记忆,2.50,0,0,0,1346,1,433,1440,783,0.2003
20260916,C 同B+1.0秒打断运动记忆,2.52,0,0,0,1346,1,425,1440,777,0.2006
20260916,C 同B+1.0秒打断运动记忆,2.54,0,0,0,1346,1,422,1440,785,0.2004
20260916,C 同B+1.0秒打断运动记忆,2.56,0,0,0,1346,1,412,1440,766,0.1999
20260916,C 同B+1.0秒打断运动记忆,2.58,0,0,0,1346,1,419,1440,770,0.2032
20260916,C 同B+1.0秒打断运动记忆,2.60,0,0,0,1346,1,429,1440,772,0.2093
20260916,C 同B+1.0秒打断运动记忆,2.62,0,0,0,1346,1,422,1440,777,0.2122
20260916,C 同B+1.0秒打断运动记忆,2.64,0,0,0,1346,1,420,1440,766,0.2110
20260916,C 同B+1.0秒打断运动记忆,2.66,0,0,0,1346,1,420,1440,756,0.2060
20260916,C 同B+1.0秒打断运动记忆,2.68,0,0,0,1346,1,425,1440,775,0.1974
20260916,C 同B+1.0秒打断运动记忆,2.70,0,0,0,1346,1,428,1440,779,0.1898
20260916,C 同B+1.0秒打断运动记忆,2.72,0,0,0,1346,1,417,1440,760,0.1870
20260916,C 同B+1.0秒打断运动记忆,2.74,0,0,0,1346,1,431,1440,781,0.1876
20260916,C 同B+1.0秒打断运动记忆,2.76,0,0,0,1346,1,423,1440,775,0.1873
20260916,C 同B+1.0秒打断运动记忆,2.78,0,0,0,1346,1,414,1440,754,0.1863
20260916,C 同B+1.0秒打断运动记忆,2.80,0,0,0,1346,1,410,1440,759,0.1856
20260916,C 同B+1.0秒打断运动记忆,2.82,0,0,0,1346,1,417,1440,767,0.1852
20260916,C 同B+1.0秒打断运动记忆,2.84,0,0,0,1346,1,424,1440,766,0.1853
20260916,C 同B+1.0秒打断运动记忆,2.86,0,0,0,1346,1,418,1440,751,0.1854
20260916,C 同B+1.0秒打断运动记忆,2.88,0,0,0,1346,1,428,1440,766,0.1854
20260916,C 同B+1.0秒打断运动记忆,2.90,0,0,0,1346,1,421,1440,773,0.1854
20260916,C 同B+1.0秒打断运动记忆,2.92,0,0,0,1346,1,424,1440,775,0.1854
20260916,C 同B+1.0秒打断运动记忆,2.94,0,0,0,1346,1,424,1440,763,0.1854
20260916,C 同B+1.0秒打断运动记忆,2.96,0,0,0,1346,1,425,1440,770,0.1854
20260916,C 同B+1.0秒打断运动记忆,2.98,0,0,0,1346,1,412,1440,766,0.1854
20260916,D 一直黑+1.0秒同样打断,0.00,0,0,0,1346,1,7,1440,7,0.2607
20260916,D 一直黑+1.0秒同样打断,0.02,0,0,0,1346,1,7,1440,15,0.2561
20260916,D 一直黑+1.0秒同样打断,0.04,0,0,0,1346,1,8,1440,18,0.2475
20260916,D 一直黑+1.0秒同样打断,0.06,0,0,0,1346,1,8,1440,27,0.2340
20260916,D 一直黑+1.0秒同样打断,0.08,0,0,0,1346,1,10,1440,24,0.2175
20260916,D 一直黑+1.0秒同样打断,0.10,0,0,0,1346,1,11,1440,28,0.2007
20260916,D 一直黑+1.0秒同样打断,0.12,0,0,0,1346,1,13,1440,35,0.1945
20260916,D 一直黑+1.0秒同样打断,0.14,0,0,0,1346,1,14,1440,45,0.1979
20260916,D 一直黑+1.0秒同样打断,0.16,0,0,0,1346,1,15,1440,43,0.2069
20260916,D 一直黑+1.0秒同样打断,0.18,0,0,0,1346,1,17,1440,41,0.2184
20260916,D 一直黑+1.0秒同样打断,0.20,0,0,0,1346,1,19,1440,38,0.2254
20260916,D 一直黑+1.0秒同样打断,0.22,0,0,0,1346,1,21,1440,50,0.2283
20260916,D 一直黑+1.0秒同样打断,0.24,0,0,0,1346,1,23,1440,50,0.2269
20260916,D 一直黑+1.0秒同样打断,0.26,0,0,0,1346,1,25,1440,52,0.2217
20260916,D 一直黑+1.0秒同样打断,0.28,0,0,0,1346,1,27,1440,51,0.2125
20260916,D 一直黑+1.0秒同样打断,0.30,0,0,0,1346,1,29,1440,63,0.2027
20260916,D 一直黑+1.0秒同样打断,0.32,0,0,0,1346,1,30,1440,54,0.1981
20260916,D 一直黑+1.0秒同样打断,0.34,0,0,0,1346,1,31,1440,61,0.1945
20260916,D 一直黑+1.0秒同样打断,0.36,0,0,0,1346,1,32,1440,60,0.1914
20260916,D 一直黑+1.0秒同样打断,0.38,0,0,0,1346,1,33,1440,63,0.1904
20260916,D 一直黑+1.0秒同样打断,0.40,0,0,0,1346,1,34,1440,61,0.1900
20260916,D 一直黑+1.0秒同样打断,0.42,0,0,0,1346,1,35,1440,61,0.1890
20260916,D 一直黑+1.0秒同样打断,0.44,0,0,0,1346,1,36,1440,63,0.1878
20260916,D 一直黑+1.0秒同样打断,0.46,0,0,0,1346,1,37,1440,65,0.1856
20260916,D 一直黑+1.0秒同样打断,0.48,0,0,0,1346,1,38,1440,64,0.1886
20260916,D 一直黑+1.0秒同样打断,0.50,0,0,0,1346,1,39,1440,67,0.1953
20260916,D 一直黑+1.0秒同样打断,0.52,0,0,0,1346,1,40,1440,69,0.1985
20260916,D 一直黑+1.0秒同样打断,0.54,0,0,0,1346,1,41,1440,70,0.1977
20260916,D 一直黑+1.0秒同样打断,0.56,0,0,0,1346,1,42,1440,71,0.1931
20260916,D 一直黑+1.0秒同样打断,0.58,0,0,0,1346,1,43,1440,72,0.1854
20260916,D 一直黑+1.0秒同样打断,0.60,0,0,0,1346,1,44,1440,76,0.1869
20260916,D 一直黑+1.0秒同样打断,0.62,0,0,0,1346,1,45,1440,80,0.1942
20260916,D 一直黑+1.0秒同样打断,0.64,0,0,0,1346,1,46,1440,82,0.1982
20260916,D 一直黑+1.0秒同样打断,0.66,0,0,0,1346,1,47,1440,82,0.1983
20260916,D 一直黑+1.0秒同样打断,0.68,0,0,0,1346,1,49,1440,84,0.1946
20260916,D 一直黑+1.0秒同样打断,0.70,0,0,0,1346,1,51,1440,84,0.1876
20260916,D 一直黑+1.0秒同样打断,0.72,0,0,0,1346,1,53,1440,90,0.1895
20260916,D 一直黑+1.0秒同样打断,0.74,0,0,0,1346,1,55,1440,99,0.1969
20260916,D 一直黑+1.0秒同样打断,0.76,0,0,0,1346,1,56,1440,98,0.2009
20260916,D 一直黑+1.0秒同样打断,0.78,0,0,0,1346,1,57,1440,100,0.2010
20260916,D 一直黑+1.0秒同样打断,0.80,0,0,0,1346,1,58,1440,99,0.1973
20260916,D 一直黑+1.0秒同样打断,0.82,0,0,0,1346,1,59,1440,99,0.1897
20260916,D 一直黑+1.0秒同样打断,0.84,0,0,0,1346,1,60,1440,109,0.1843
20260916,D 一直黑+1.0秒同样打断,0.86,0,0,0,1346,1,61,1440,104,0.1835
20260916,D 一直黑+1.0秒同样打断,0.88,0,0,0,1346,1,62,1440,109,0.1845
20260916,D 一直黑+1.0秒同样打断,0.90,0,0,0,1346,1,63,1440,109,0.1850
20260916,D 一直黑+1.0秒同样打断,0.92,0,0,0,1346,1,64,1440,113,0.1846
20260916,D 一直黑+1.0秒同样打断,0.94,0,0,0,1346,1,65,1440,112,0.1845
20260916,D 一直黑+1.0秒同样打断,0.96,0,0,0,1346,1,66,1440,118,0.1846
20260916,D 一直黑+1.0秒同样打断,0.98,0,0,0,1346,1,68,1440,120,0.1847
20260916,D 一直黑+1.0秒同样打断,1.00,0,0,0,1346,1,70,1440,123,0.1847
20260916,D 一直黑+1.0秒同样打断,1.02,0,0,0,1346,1,72,1440,126,0.1847
20260916,D 一直黑+1.0秒同样打断,1.04,0,0,0,1346,1,74,1440,129,0.1847
20260916,D 一直黑+1.0秒同样打断,1.06,0,0,0,1346,1,76,1440,133,0.1847
20260916,D 一直黑+1.0秒同样打断,1.08,0,0,0,1346,1,78,1440,137,0.1847
20260916,D 一直黑+1.0秒同样打断,1.10,0,0,0,1346,1,79,1440,141,0.1847
20260916,D 一直黑+1.0秒同样打断,1.12,0,0,0,1346,1,80,1440,144,0.1847
20260916,D 一直黑+1.0秒同样打断,1.14,0,0,0,1346,1,81,1440,147,0.1847
20260916,D 一直黑+1.0秒同样打断,1.16,0,0,0,1346,1,82,1440,150,0.1847
20260916,D 一直黑+1.0秒同样打断,1.18,0,0,0,1346,1,84,1440,154,0.1847
20260916,D 一直黑+1.0秒同样打断,1.20,0,0,0,1346,1,86,1440,157,0.1847
20260916,D 一直黑+1.0秒同样打断,1.22,0,0,0,1346,1,89,1440,162,0.1847
20260916,D 一直黑+1.0秒同样打断,1.24,0,0,0,1346,1,92,1440,166,0.1847
20260916,D 一直黑+1.0秒同样打断,1.26,0,0,0,1346,1,95,1440,170,0.1847
20260916,D 一直黑+1.0秒同样打断,1.28,0,0,0,1346,1,98,1440,174,0.1847
20260916,D 一直黑+1.0秒同样打断,1.30,0,0,0,1346,1,101,1440,178,0.1847
20260916,D 一直黑+1.0秒同样打断,1.32,0,0,0,1346,1,102,1440,180,0.1847
20260916,D 一直黑+1.0秒同样打断,1.34,0,0,0,1346,1,104,1440,181,0.1847
20260916,D 一直黑+1.0秒同样打断,1.36,0,0,0,1346,1,106,1440,184,0.1847
20260916,D 一直黑+1.0秒同样打断,1.38,0,0,0,1346,1,108,1440,187,0.1847
20260916,D 一直黑+1.0秒同样打断,1.40,0,0,0,1346,1,110,1440,191,0.1847
20260916,D 一直黑+1.0秒同样打断,1.42,0,0,0,1346,1,113,1440,197,0.1847
20260916,D 一直黑+1.0秒同样打断,1.44,0,0,0,1346,1,116,1440,202,0.1847
20260916,D 一直黑+1.0秒同样打断,1.46,0,0,0,1346,1,119,1440,206,0.1847
20260916,D 一直黑+1.0秒同样打断,1.48,0,0,0,1346,1,122,1440,210,0.1847
20260916,D 一直黑+1.0秒同样打断,1.50,0,0,0,1346,1,125,1440,214,0.1847
20260916,D 一直黑+1.0秒同样打断,1.52,0,0,0,1346,1,127,1440,217,0.1847
20260916,D 一直黑+1.0秒同样打断,1.54,0,0,0,1346,1,129,1440,220,0.1847
20260916,D 一直黑+1.0秒同样打断,1.56,0,0,0,1346,1,131,1440,223,0.1847
20260916,D 一直黑+1.0秒同样打断,1.58,0,0,0,1346,1,133,1440,227,0.1847
20260916,D 一直黑+1.0秒同样打断,1.60,0,0,0,1346,1,135,1440,231,0.1847
20260916,D 一直黑+1.0秒同样打断,1.62,0,0,0,1346,1,135,1440,233,0.1847
20260916,D 一直黑+1.0秒同样打断,1.64,0,0,0,1346,1,135,1440,235,0.1847
20260916,D 一直黑+1.0秒同样打断,1.66,0,0,0,1346,1,136,1440,239,0.1847
20260916,D 一直黑+1.0秒同样打断,1.68,0,0,0,1346,1,137,1440,242,0.1847
20260916,D 一直黑+1.0秒同样打断,1.70,0,0,0,1346,1,137,1440,244,0.1847
20260916,D 一直黑+1.0秒同样打断,1.72,0,0,0,1346,1,137,1440,247,0.1847
20260916,D 一直黑+1.0秒同样打断,1.74,0,0,0,1346,1,138,1440,250,0.1847
20260916,D 一直黑+1.0秒同样打断,1.76,0,0,0,1346,1,139,1440,253,0.1847
20260916,D 一直黑+1.0秒同样打断,1.78,0,0,0,1346,1,140,1440,256,0.1847
20260916,D 一直黑+1.0秒同样打断,1.80,0,0,0,1346,1,141,1440,260,0.1847
20260916,D 一直黑+1.0秒同样打断,1.82,0,0,0,1346,1,142,1440,263,0.1847
20260916,D 一直黑+1.0秒同样打断,1.84,0,0,0,1346,1,143,1440,266,0.1847
20260916,D 一直黑+1.0秒同样打断,1.86,0,0,0,1346,1,143,1440,271,0.1847
20260916,D 一直黑+1.0秒同样打断,1.88,0,0,0,1346,1,143,1440,274,0.1847
20260916,D 一直黑+1.0秒同样打断,1.90,0,0,0,1346,1,145,1440,280,0.1847
20260916,D 一直黑+1.0秒同样打断,1.92,0,0,0,1346,1,146,1440,283,0.1847
20260916,D 一直黑+1.0秒同样打断,1.94,0,0,0,1346,1,146,1440,284,0.1847
20260916,D 一直黑+1.0秒同样打断,1.96,0,0,0,1346,1,146,1440,288,0.1846
20260916,D 一直黑+1.0秒同样打断,1.98,0,0,0,1346,1,148,1440,294,0.1846
20260916,D 一直黑+1.0秒同样打断,2.00,0,0,0,1346,1,148,1440,298,0.1846
20260916,D 一直黑+1.0秒同样打断,2.02,0,0,0,1346,1,149,1440,302,0.1846
20260916,D 一直黑+1.0秒同样打断,2.04,0,0,0,1346,1,151,1440,308,0.1846
20260916,D 一直黑+1.0秒同样打断,2.06,0,0,0,1346,1,153,1440,317,0.1846
20260916,D 一直黑+1.0秒同样打断,2.08,0,0,0,1346,1,153,1440,324,0.1846
20260916,D 一直黑+1.0秒同样打断,2.10,0,0,0,1346,1,152,1440,328,0.1846
20260916,D 一直黑+1.0秒同样打断,2.12,0,0,0,1346,1,151,1440,330,0.1846
20260916,D 一直黑+1.0秒同样打断,2.14,0,0,0,1346,1,153,1440,335,0.1846
20260916,D 一直黑+1.0秒同样打断,2.16,0,0,0,1346,1,154,1440,340,0.1846
20260916,D 一直黑+1.0秒同样打断,2.18,0,0,0,1346,1,155,1440,345,0.1846
20260916,D 一直黑+1.0秒同样打断,2.20,0,0,0,1346,1,155,1440,348,0.1846
20260916,D 一直黑+1.0秒同样打断,2.22,0,0,0,1346,1,154,1440,351,0.1846
20260916,D 一直黑+1.0秒同样打断,2.24,0,0,0,1346,1,156,1440,355,0.1846
20260916,D 一直黑+1.0秒同样打断,2.26,0,0,0,1346,1,157,1440,362,0.1846
20260916,D 一直黑+1.0秒同样打断,2.28,0,0,0,1346,1,160,1440,371,0.1846
20260916,D 一直黑+1.0秒同样打断,2.30,0,0,0,1346,1,161,1440,374,0.1846
20260916,D 一直黑+1.0秒同样打断,2.32,0,0,0,1346,1,164,1440,379,0.1846
20260916,D 一直黑+1.0秒同样打断,2.34,0,0,0,1346,1,166,1440,384,0.1846
20260916,D 一直黑+1.0秒同样打断,2.36,0,0,0,1346,1,167,1440,390,0.1846
20260916,D 一直黑+1.0秒同样打断,2.38,0,0,0,1346,1,169,1440,394,0.1846
20260916,D 一直黑+1.0秒同样打断,2.40,0,0,0,1346,1,169,1440,395,0.1846
20260916,D 一直黑+1.0秒同样打断,2.42,0,0,0,1346,1,169,1440,396,0.1846
20260916,D 一直黑+1.0秒同样打断,2.44,0,0,0,1346,1,171,1440,400,0.1846
20260916,D 一直黑+1.0秒同样打断,2.46,0,0,0,1346,1,172,1440,404,0.1846
20260916,D 一直黑+1.0秒同样打断,2.48,0,0,0,1346,1,174,1440,404,0.1846
20260916,D 一直黑+1.0秒同样打断,2.50,0,0,0,1346,1,175,1440,404,0.1846
20260916,D 一直黑+1.0秒同样打断,2.52,0,0,0,1346,1,177,1440,407,0.1846
20260916,D 一直黑+1.0秒同样打断,2.54,0,0,0,1346,1,180,1440,415,0.1846
20260916,D 一直黑+1.0秒同样打断,2.56,0,0,0,1346,1,182,1440,419,0.1846
20260916,D 一直黑+1.0秒同样打断,2.58,0,0,0,1346,1,186,1440,421,0.1846
20260916,D 一直黑+1.0秒同样打断,2.60,0,0,0,1346,1,186,1440,420,0.1846
20260916,D 一直黑+1.0秒同样打断,2.62,0,0,0,1346,1,188,1440,425,0.1846
20260916,D 一直黑+1.0秒同样打断,2.64,0,0,0,1346,1,190,1440,428,0.1846
20260916,D 一直黑+1.0秒同样打断,2.66,0,0,0,1346,1,192,1440,431,0.1846
20260916,D 一直黑+1.0秒同样打断,2.68,0,0,0,1346,1,193,1440,433,0.1846
20260916,D 一直黑+1.0秒同样打断,2.70,0,0,0,1346,1,195,1440,438,0.1846
20260916,D 一直黑+1.0秒同样打断,2.72,0,0,0,1346,1,197,1440,441,0.1846
20260916,D 一直黑+1.0秒同样打断,2.74,0,0,0,1346,1,200,1440,445,0.1846
20260916,D 一直黑+1.0秒同样打断,2.76,0,0,0,1346,1,201,1440,451,0.1846
20260916,D 一直黑+1.0秒同样打断,2.78,0,0,0,1346,1,205,1440,457,0.1846
20260916,D 一直黑+1.0秒同样打断,2.80,0,0,0,1346,1,207,1440,458,0.1846
20260916,D 一直黑+1.0秒同样打断,2.82,0,0,0,1346,1,208,1440,459,0.1846
20260916,D 一直黑+1.0秒同样打断,2.84,0,0,0,1346,1,209,1440,462,0.1846
20260916,D 一直黑+1.0秒同样打断,2.86,0,0,0,1346,1,211,1440,467,0.1846
20260916,D 一直黑+1.0秒同样打断,2.88,0,0,0,1346,1,214,1440,469,0.1846
20260916,D 一直黑+1.0秒同样打断,2.90,0,0,0,1346,1,214,1440,469,0.1846
20260916,D 一直黑+1.0秒同样打断,2.92,0,0,0,1346,1,213,1440,473,0.1846
20260916,D 一直黑+1.0秒同样打断,2.94,0,0,0,1346,1,214,1440,478,0.1846
20260916,D 一直黑+1.0秒同样打断,2.96,0,0,0,1346,1,215,1440,478,0.1846
20260916,D 一直黑+1.0秒同样打断,2.98,0,0,0,1346,1,215,1440,480,0.1846
20260916,E 一直黑(不给红也不打断),0.00,0,0,0,1346,1,7,1440,7,0.2607
20260916,E 一直黑(不给红也不打断),0.02,0,0,0,1346,1,7,1440,15,0.2561
20260916,E 一直黑(不给红也不打断),0.04,0,0,0,1346,1,8,1440,18,0.2475
20260916,E 一直黑(不给红也不打断),0.06,0,0,0,1346,1,8,1440,27,0.2340
20260916,E 一直黑(不给红也不打断),0.08,0,0,0,1346,1,10,1440,24,0.2175
20260916,E 一直黑(不给红也不打断),0.10,0,0,0,1346,1,11,1440,28,0.2007
20260916,E 一直黑(不给红也不打断),0.12,0,0,0,1346,1,13,1440,35,0.1945
20260916,E 一直黑(不给红也不打断),0.14,0,0,0,1346,1,14,1440,45,0.1979
20260916,E 一直黑(不给红也不打断),0.16,0,0,0,1346,1,15,1440,43,0.2069
20260916,E 一直黑(不给红也不打断),0.18,0,0,0,1346,1,17,1440,41,0.2184
20260916,E 一直黑(不给红也不打断),0.20,0,0,0,1346,1,19,1440,38,0.2254
20260916,E 一直黑(不给红也不打断),0.22,0,0,0,1346,1,21,1440,50,0.2283
20260916,E 一直黑(不给红也不打断),0.24,0,0,0,1346,1,23,1440,50,0.2269
20260916,E 一直黑(不给红也不打断),0.26,0,0,0,1346,1,25,1440,52,0.2217
20260916,E 一直黑(不给红也不打断),0.28,0,0,0,1346,1,27,1440,51,0.2125
20260916,E 一直黑(不给红也不打断),0.30,0,0,0,1346,1,29,1440,63,0.2027
20260916,E 一直黑(不给红也不打断),0.32,0,0,0,1346,1,30,1440,54,0.1981
20260916,E 一直黑(不给红也不打断),0.34,0,0,0,1346,1,31,1440,61,0.1945
20260916,E 一直黑(不给红也不打断),0.36,0,0,0,1346,1,32,1440,60,0.1914
20260916,E 一直黑(不给红也不打断),0.38,0,0,0,1346,1,33,1440,63,0.1904
20260916,E 一直黑(不给红也不打断),0.40,0,0,0,1346,1,34,1440,61,0.1900
20260916,E 一直黑(不给红也不打断),0.42,0,0,0,1346,1,35,1440,61,0.1890
20260916,E 一直黑(不给红也不打断),0.44,0,0,0,1346,1,36,1440,63,0.1878
20260916,E 一直黑(不给红也不打断),0.46,0,0,0,1346,1,37,1440,65,0.1856
20260916,E 一直黑(不给红也不打断),0.48,0,0,0,1346,1,38,1440,64,0.1886
20260916,E 一直黑(不给红也不打断),0.50,0,0,0,1346,1,39,1440,67,0.1953
20260916,E 一直黑(不给红也不打断),0.52,0,0,0,1346,1,40,1440,69,0.1985
20260916,E 一直黑(不给红也不打断),0.54,0,0,0,1346,1,41,1440,70,0.1977
20260916,E 一直黑(不给红也不打断),0.56,0,0,0,1346,1,42,1440,71,0.1931
20260916,E 一直黑(不给红也不打断),0.58,0,0,0,1346,1,43,1440,72,0.1854
20260916,E 一直黑(不给红也不打断),0.60,0,0,0,1346,1,44,1440,76,0.1869
20260916,E 一直黑(不给红也不打断),0.62,0,0,0,1346,1,45,1440,80,0.1942
20260916,E 一直黑(不给红也不打断),0.64,0,0,0,1346,1,46,1440,82,0.1982
20260916,E 一直黑(不给红也不打断),0.66,0,0,0,1346,1,47,1440,82,0.1983
20260916,E 一直黑(不给红也不打断),0.68,0,0,0,1346,1,49,1440,84,0.1946
20260916,E 一直黑(不给红也不打断),0.70,0,0,0,1346,1,51,1440,84,0.1876
20260916,E 一直黑(不给红也不打断),0.72,0,0,0,1346,1,53,1440,90,0.1895
20260916,E 一直黑(不给红也不打断),0.74,0,0,0,1346,1,55,1440,99,0.1969
20260916,E 一直黑(不给红也不打断),0.76,0,0,0,1346,1,56,1440,98,0.2009
20260916,E 一直黑(不给红也不打断),0.78,0,0,0,1346,1,57,1440,100,0.2010
20260916,E 一直黑(不给红也不打断),0.80,0,0,0,1346,1,58,1440,99,0.1973
20260916,E 一直黑(不给红也不打断),0.82,0,0,0,1346,1,59,1440,99,0.1897
20260916,E 一直黑(不给红也不打断),0.84,0,0,0,1346,1,60,1440,109,0.1843
20260916,E 一直黑(不给红也不打断),0.86,0,0,0,1346,1,61,1440,104,0.1835
20260916,E 一直黑(不给红也不打断),0.88,0,0,0,1346,1,62,1440,109,0.1845
20260916,E 一直黑(不给红也不打断),0.90,0,0,0,1346,1,63,1440,109,0.1850
20260916,E 一直黑(不给红也不打断),0.92,0,0,0,1346,1,64,1440,113,0.1846
20260916,E 一直黑(不给红也不打断),0.94,0,0,0,1346,1,65,1440,112,0.1845
20260916,E 一直黑(不给红也不打断),0.96,0,0,0,1346,1,66,1440,118,0.1846
20260916,E 一直黑(不给红也不打断),0.98,0,0,0,1346,1,68,1440,120,0.1847
20260916,E 一直黑(不给红也不打断),1.00,0,0,0,1346,1,70,1440,123,0.1847
20260916,E 一直黑(不给红也不打断),1.02,0,0,0,1346,1,72,1440,126,0.1847
20260916,E 一直黑(不给红也不打断),1.04,0,0,0,1346,1,74,1440,129,0.1847
20260916,E 一直黑(不给红也不打断),1.06,0,0,0,1346,1,76,1440,133,0.1847
20260916,E 一直黑(不给红也不打断),1.08,0,0,0,1346,1,78,1440,137,0.1847
20260916,E 一直黑(不给红也不打断),1.10,0,0,0,1346,1,79,1440,141,0.1847
20260916,E 一直黑(不给红也不打断),1.12,0,0,0,1346,1,80,1440,144,0.1847
20260916,E 一直黑(不给红也不打断),1.14,0,0,0,1346,1,81,1440,147,0.1847
20260916,E 一直黑(不给红也不打断),1.16,0,0,0,1346,1,82,1440,150,0.1847
20260916,E 一直黑(不给红也不打断),1.18,0,0,0,1346,1,84,1440,154,0.1847
20260916,E 一直黑(不给红也不打断),1.20,0,0,0,1346,1,86,1440,157,0.1847
20260916,E 一直黑(不给红也不打断),1.22,0,0,0,1346,1,89,1440,162,0.1847
20260916,E 一直黑(不给红也不打断),1.24,0,0,0,1346,1,92,1440,166,0.1847
20260916,E 一直黑(不给红也不打断),1.26,0,0,0,1346,1,95,1440,170,0.1847
20260916,E 一直黑(不给红也不打断),1.28,0,0,0,1346,1,98,1440,174,0.1847
20260916,E 一直黑(不给红也不打断),1.30,0,0,0,1346,1,101,1440,178,0.1847
20260916,E 一直黑(不给红也不打断),1.32,0,0,0,1346,1,102,1440,180,0.1847
20260916,E 一直黑(不给红也不打断),1.34,0,0,0,1346,1,104,1440,181,0.1847
20260916,E 一直黑(不给红也不打断),1.36,0,0,0,1346,1,106,1440,184,0.1847
20260916,E 一直黑(不给红也不打断),1.38,0,0,0,1346,1,108,1440,187,0.1847
20260916,E 一直黑(不给红也不打断),1.40,0,0,0,1346,1,110,1440,191,0.1847
20260916,E 一直黑(不给红也不打断),1.42,0,0,0,1346,1,113,1440,197,0.1847
20260916,E 一直黑(不给红也不打断),1.44,0,0,0,1346,1,116,1440,202,0.1847
20260916,E 一直黑(不给红也不打断),1.46,0,0,0,1346,1,119,1440,206,0.1847
20260916,E 一直黑(不给红也不打断),1.48,0,0,0,1346,1,122,1440,210,0.1847
20260916,E 一直黑(不给红也不打断),1.50,0,0,0,1346,1,125,1440,214,0.1847
20260916,E 一直黑(不给红也不打断),1.52,0,0,0,1346,1,127,1440,217,0.1847
20260916,E 一直黑(不给红也不打断),1.54,0,0,0,1346,1,129,1440,220,0.1847
20260916,E 一直黑(不给红也不打断),1.56,0,0,0,1346,1,131,1440,223,0.1847
20260916,E 一直黑(不给红也不打断),1.58,0,0,0,1346,1,133,1440,227,0.1847
20260916,E 一直黑(不给红也不打断),1.60,0,0,0,1346,1,135,1440,231,0.1847
20260916,E 一直黑(不给红也不打断),1.62,0,0,0,1346,1,135,1440,233,0.1847
20260916,E 一直黑(不给红也不打断),1.64,0,0,0,1346,1,135,1440,235,0.1847
20260916,E 一直黑(不给红也不打断),1.66,0,0,0,1346,1,136,1440,239,0.1847
20260916,E 一直黑(不给红也不打断),1.68,0,0,0,1346,1,137,1440,242,0.1847
20260916,E 一直黑(不给红也不打断),1.70,0,0,0,1346,1,137,1440,244,0.1847
20260916,E 一直黑(不给红也不打断),1.72,0,0,0,1346,1,137,1440,247,0.1847
20260916,E 一直黑(不给红也不打断),1.74,0,0,0,1346,1,138,1440,250,0.1847
20260916,E 一直黑(不给红也不打断),1.76,0,0,0,1346,1,139,1440,253,0.1847
20260916,E 一直黑(不给红也不打断),1.78,0,0,0,1346,1,140,1440,256,0.1847
20260916,E 一直黑(不给红也不打断),1.80,0,0,0,1346,1,141,1440,260,0.1847
20260916,E 一直黑(不给红也不打断),1.82,0,0,0,1346,1,142,1440,263,0.1847
20260916,E 一直黑(不给红也不打断),1.84,0,0,0,1346,1,143,1440,266,0.1847
20260916,E 一直黑(不给红也不打断),1.86,0,0,0,1346,1,143,1440,271,0.1847
20260916,E 一直黑(不给红也不打断),1.88,0,0,0,1346,1,143,1440,274,0.1847
20260916,E 一直黑(不给红也不打断),1.90,0,0,0,1346,1,145,1440,280,0.1847
20260916,E 一直黑(不给红也不打断),1.92,0,0,0,1346,1,146,1440,283,0.1847
20260916,E 一直黑(不给红也不打断),1.94,0,0,0,1346,1,146,1440,284,0.1847
20260916,E 一直黑(不给红也不打断),1.96,0,0,0,1346,1,146,1440,288,0.1846
20260916,E 一直黑(不给红也不打断),1.98,0,0,0,1346,1,148,1440,294,0.1846
20260916,E 一直黑(不给红也不打断),2.00,0,0,0,1346,1,148,1440,298,0.1846
20260916,E 一直黑(不给红也不打断),2.02,0,0,0,1346,1,149,1440,302,0.1846
20260916,E 一直黑(不给红也不打断),2.04,0,0,0,1346,1,151,1440,308,0.1846
20260916,E 一直黑(不给红也不打断),2.06,0,0,0,1346,1,153,1440,317,0.1846
20260916,E 一直黑(不给红也不打断),2.08,0,0,0,1346,1,153,1440,324,0.1846
20260916,E 一直黑(不给红也不打断),2.10,0,0,0,1346,1,152,1440,328,0.1846
20260916,E 一直黑(不给红也不打断),2.12,0,0,0,1346,1,151,1440,330,0.1846
20260916,E 一直黑(不给红也不打断),2.14,0,0,0,1346,1,153,1440,335,0.1846
20260916,E 一直黑(不给红也不打断),2.16,0,0,0,1346,1,154,1440,340,0.1846
20260916,E 一直黑(不给红也不打断),2.18,0,0,0,1346,1,155,1440,345,0.1846
20260916,E 一直黑(不给红也不打断),2.20,0,0,0,1346,1,155,1440,348,0.1846
20260916,E 一直黑(不给红也不打断),2.22,0,0,0,1346,1,154,1440,351,0.1846
20260916,E 一直黑(不给红也不打断),2.24,0,0,0,1346,1,156,1440,355,0.1846
20260916,E 一直黑(不给红也不打断),2.26,0,0,0,1346,1,157,1440,362,0.1846
20260916,E 一直黑(不给红也不打断),2.28,0,0,0,1346,1,160,1440,371,0.1846
20260916,E 一直黑(不给红也不打断),2.30,0,0,0,1346,1,161,1440,374,0.1846
20260916,E 一直黑(不给红也不打断),2.32,0,0,0,1346,1,164,1440,379,0.1846
20260916,E 一直黑(不给红也不打断),2.34,0,0,0,1346,1,166,1440,384,0.1846
20260916,E 一直黑(不给红也不打断),2.36,0,0,0,1346,1,167,1440,390,0.1846
20260916,E 一直黑(不给红也不打断),2.38,0,0,0,1346,1,169,1440,394,0.1846
20260916,E 一直黑(不给红也不打断),2.40,0,0,0,1346,1,169,1440,395,0.1846
20260916,E 一直黑(不给红也不打断),2.42,0,0,0,1346,1,169,1440,396,0.1846
20260916,E 一直黑(不给红也不打断),2.44,0,0,0,1346,1,171,1440,400,0.1846
20260916,E 一直黑(不给红也不打断),2.46,0,0,0,1346,1,172,1440,404,0.1846
20260916,E 一直黑(不给红也不打断),2.48,0,0,0,1346,1,174,1440,404,0.1846
20260916,E 一直黑(不给红也不打断),2.50,0,0,0,1346,1,175,1440,404,0.1846
20260916,E 一直黑(不给红也不打断),2.52,0,0,0,1346,1,177,1440,407,0.1846
20260916,E 一直黑(不给红也不打断),2.54,0,0,0,1346,1,180,1440,415,0.1846
20260916,E 一直黑(不给红也不打断),2.56,0,0,0,1346,1,182,1440,419,0.1846
20260916,E 一直黑(不给红也不打断),2.58,0,0,0,1346,1,186,1440,421,0.1846
20260916,E 一直黑(不给红也不打断),2.60,0,0,0,1346,1,186,1440,420,0.1846
20260916,E 一直黑(不给红也不打断),2.62,0,0,0,1346,1,188,1440,425,0.1846
20260916,E 一直黑(不给红也不打断),2.64,0,0,0,1346,1,190,1440,428,0.1846
20260916,E 一直黑(不给红也不打断),2.66,0,0,0,1346,1,192,1440,431,0.1846
20260916,E 一直黑(不给红也不打断),2.68,0,0,0,1346,1,193,1440,433,0.1846
20260916,E 一直黑(不给红也不打断),2.70,0,0,0,1346,1,195,1440,438,0.1846
20260916,E 一直黑(不给红也不打断),2.72,0,0,0,1346,1,197,1440,441,0.1846
20260916,E 一直黑(不给红也不打断),2.74,0,0,0,1346,1,200,1440,445,0.1846
20260916,E 一直黑(不给红也不打断),2.76,0,0,0,1346,1,201,1440,451,0.1846
20260916,E 一直黑(不给红也不打断),2.78,0,0,0,1346,1,205,1440,457,0.1846
20260916,E 一直黑(不给红也不打断),2.80,0,0,0,1346,1,207,1440,458,0.1846
20260916,E 一直黑(不给红也不打断),2.82,0,0,0,1346,1,208,1440,459,0.1846
20260916,E 一直黑(不给红也不打断),2.84,0,0,0,1346,1,209,1440,462,0.1846
20260916,E 一直黑(不给红也不打断),2.86,0,0,0,1346,1,211,1440,467,0.1846
20260916,E 一直黑(不给红也不打断),2.88,0,0,0,1346,1,214,1440,469,0.1846
20260916,E 一直黑(不给红也不打断),2.90,0,0,0,1346,1,214,1440,469,0.1846
20260916,E 一直黑(不给红也不打断),2.92,0,0,0,1346,1,213,1440,473,0.1846
20260916,E 一直黑(不给红也不打断),2.94,0,0,0,1346,1,214,1440,478,0.1846
20260916,E 一直黑(不给红也不打断),2.96,0,0,0,1346,1,215,1440,478,0.1846
20260916,E 一直黑(不给红也不打断),2.98,0,0,0,1346,1,215,1440,480,0.1846
20260917,A 一直红,0.00,0,1,1346,1346,1,1435,1440,1435,0.2607
20260917,A 一直红,0.02,1,1,1346,1346,1,1430,1440,1447,0.2565
20260917,A 一直红,0.04,1,1,1346,1346,1,1437,1440,1461,0.2508
20260917,A 一直红,0.06,1,1,1346,1346,1,1437,1440,1465,0.2545
20260917,A 一直红,0.08,1,1,1346,1346,1,1438,1440,1457,0.2636
20260917,A 一直红,0.10,1,1,1346,1346,1,1437,1440,1456,0.2745
20260917,A 一直红,0.12,1,1,1346,1346,1,1434,1440,1451,0.2842
20260917,A 一直红,0.14,1,1,1346,1346,1,1433,1440,1451,0.2944
20260917,A 一直红,0.16,1,1,1346,1346,1,1434,1440,1461,0.3053
20260917,A 一直红,0.18,1,1,1346,1346,1,1434,1440,1458,0.3167
20260917,A 一直红,0.20,1,1,1346,1346,1,1434,1440,1463,0.3281
20260917,A 一直红,0.22,1,1,1346,1346,1,1434,1440,1460,0.3387
20260917,A 一直红,0.24,1,1,1346,1346,1,1434,1440,1463,0.3475
20260917,A 一直红,0.26,1,1,1346,1346,1,1434,1440,1460,0.3543
20260917,A 一直红,0.28,1,1,1346,1346,1,1436,1440,1459,0.3595
20260917,A 一直红,0.30,1,1,1346,1346,1,1436,1440,1458,0.3632
20260917,A 一直红,0.32,1,1,1346,1346,1,1436,1440,1463,0.3653
20260917,A 一直红,0.34,1,1,1346,1346,1,1436,1440,1458,0.3666
20260917,A 一直红,0.36,1,1,1346,1346,1,1436,1440,1461,0.3675
20260917,A 一直红,0.38,1,1,1346,1346,1,1436,1440,1458,0.3685
20260917,A 一直红,0.40,1,1,1346,1346,1,1436,1440,1460,0.3694
20260917,A 一直红,0.42,1,1,1346,1346,1,1436,1440,1460,0.3690
20260917,A 一直红,0.44,1,1,1346,1346,1,1438,1440,1464,0.3671
20260917,A 一直红,0.46,1,1,1346,1346,1,1437,1440,1460,0.3640
20260917,A 一直红,0.48,1,1,1346,1346,1,1437,1440,1462,0.3606
20260917,A 一直红,0.50,1,1,1346,1346,1,1437,1440,1469,0.3570
20260917,A 一直红,0.52,1,1,1346,1346,1,1433,1440,1463,0.3514
20260917,A 一直红,0.54,1,1,1346,1346,1,1435,1440,1467,0.3450
20260917,A 一直红,0.56,1,1,1346,1346,1,1433,1440,1459,0.3409
20260917,A 一直红,0.58,1,1,1346,1346,1,1435,1440,1463,0.3392
20260917,A 一直红,0.60,1,1,1346,1346,1,1436,1440,1459,0.3380
20260917,A 一直红,0.62,1,1,1346,1346,1,1434,1440,1463,0.3371
20260917,A 一直红,0.64,1,1,1346,1346,1,1434,1440,1462,0.3362
20260917,A 一直红,0.66,1,1,1346,1346,1,1434,1440,1466,0.3369
20260917,A 一直红,0.68,1,1,1346,1346,1,1434,1440,1465,0.3402
20260917,A 一直红,0.70,1,1,1346,1346,1,1436,1440,1471,0.3436
20260917,A 一直红,0.72,1,1,1346,1346,1,1432,1440,1456,0.3456
20260917,A 一直红,0.74,1,1,1346,1346,1,1434,1440,1462,0.3448
20260917,A 一直红,0.76,1,1,1346,1346,1,1433,1440,1460,0.3428
20260917,A 一直红,0.78,1,1,1346,1346,1,1434,1440,1463,0.3408
20260917,A 一直红,0.80,1,1,1346,1346,1,1433,1440,1461,0.3421
20260917,A 一直红,0.82,1,1,1346,1346,1,1432,1440,1457,0.3467
20260917,A 一直红,0.84,1,1,1346,1346,1,1433,1440,1457,0.3514
20260917,A 一直红,0.86,1,1,1346,1346,1,1432,1440,1458,0.3535
20260917,A 一直红,0.88,1,1,1346,1346,1,1434,1440,1457,0.3524
20260917,A 一直红,0.90,1,1,1346,1346,1,1434,1440,1457,0.3481
20260917,A 一直红,0.92,1,1,1346,1346,1,1435,1440,1459,0.3426
20260917,A 一直红,0.94,1,1,1346,1346,1,1435,1440,1457,0.3396
20260917,A 一直红,0.96,1,1,1346,1346,1,1435,1440,1455,0.3381
20260917,A 一直红,0.98,1,1,1346,1346,1,1434,1440,1456,0.3392
20260917,A 一直红,1.00,1,1,1346,1346,1,1436,1440,1465,0.3423
20260917,A 一直红,1.02,1,1,1346,1346,1,1433,1440,1453,0.3453
20260917,A 一直红,1.04,1,1,1346,1346,1,1434,1440,1456,0.3458
20260917,A 一直红,1.06,1,1,1346,1346,1,1433,1440,1459,0.3449
20260917,A 一直红,1.08,1,1,1346,1346,1,1434,1440,1458,0.3424
20260917,A 一直红,1.10,1,1,1346,1346,1,1434,1440,1457,0.3413
20260917,A 一直红,1.12,1,1,1346,1346,1,1434,1440,1458,0.3426
20260917,A 一直红,1.14,1,1,1346,1346,1,1434,1440,1459,0.3439
20260917,A 一直红,1.16,1,1,1346,1346,1,1433,1440,1460,0.3440
20260917,A 一直红,1.18,1,1,1346,1346,1,1435,1440,1461,0.3430
20260917,A 一直红,1.20,1,1,1346,1346,1,1435,1440,1455,0.3414
20260917,A 一直红,1.22,1,1,1346,1346,1,1435,1440,1462,0.3396
20260917,A 一直红,1.24,1,1,1346,1346,1,1435,1440,1457,0.3393
20260917,A 一直红,1.26,1,1,1346,1346,1,1435,1440,1458,0.3392
20260917,A 一直红,1.28,1,1,1346,1346,1,1435,1440,1460,0.3390
20260917,A 一直红,1.30,1,1,1346,1346,1,1436,1440,1463,0.3420
20260917,A 一直红,1.32,1,1,1346,1346,1,1434,1440,1456,0.3451
20260917,A 一直红,1.34,1,1,1346,1346,1,1434,1440,1456,0.3468
20260917,A 一直红,1.36,1,1,1346,1346,1,1433,1440,1460,0.3468
20260917,A 一直红,1.38,1,1,1346,1346,1,1434,1440,1461,0.3483
20260917,A 一直红,1.40,1,1,1346,1346,1,1434,1440,1463,0.3526
20260917,A 一直红,1.42,1,1,1346,1346,1,1434,1440,1463,0.3582
20260917,A 一直红,1.44,1,1,1346,1346,1,1434,1440,1464,0.3623
20260917,A 一直红,1.46,1,1,1346,1346,1,1434,1440,1459,0.3641
20260917,A 一直红,1.48,1,1,1346,1346,1,1436,1440,1462,0.3625
20260917,A 一直红,1.50,1,1,1346,1346,1,1435,1440,1457,0.3574
20260917,A 一直红,1.52,1,1,1346,1346,1,1434,1440,1459,0.3489
20260917,A 一直红,1.54,1,1,1346,1346,1,1434,1440,1455,0.3410
20260917,A 一直红,1.56,1,1,1346,1346,1,1435,1440,1453,0.3370
20260917,A 一直红,1.58,1,1,1346,1346,1,1435,1440,1452,0.3346
20260917,A 一直红,1.60,1,1,1346,1346,1,1436,1440,1460,0.3383
20260917,A 一直红,1.62,1,1,1346,1346,1,1434,1440,1453,0.3432
20260917,A 一直红,1.64,1,1,1346,1346,1,1434,1440,1456,0.3460
20260917,A 一直红,1.66,1,1,1346,1346,1,1433,1440,1458,0.3460
20260917,A 一直红,1.68,1,1,1346,1346,1,1434,1440,1461,0.3442
20260917,A 一直红,1.70,1,1,1346,1346,1,1434,1440,1456,0.3435
20260917,A 一直红,1.72,1,1,1346,1346,1,1434,1440,1456,0.3455
20260917,A 一直红,1.74,1,1,1346,1346,1,1434,1440,1462,0.3472
20260917,A 一直红,1.76,1,1,1346,1346,1,1434,1440,1460,0.3472
20260917,A 一直红,1.78,1,1,1346,1346,1,1435,1440,1462,0.3457
20260917,A 一直红,1.80,1,1,1346,1346,1,1435,1440,1455,0.3436
20260917,A 一直红,1.82,1,1,1346,1346,1,1435,1440,1464,0.3422
20260917,A 一直红,1.84,1,1,1346,1346,1,1435,1440,1455,0.3425
20260917,A 一直红,1.86,1,1,1346,1346,1,1435,1440,1459,0.3425
20260917,A 一直红,1.88,1,1,1346,1346,1,1435,1440,1460,0.3414
20260917,A 一直红,1.90,1,1,1346,1346,1,1435,1440,1465,0.3436
20260917,A 一直红,1.92,1,1,1346,1346,1,1434,1440,1456,0.3463
20260917,A 一直红,1.94,1,1,1346,1346,1,1434,1440,1456,0.3476
20260917,A 一直红,1.96,1,1,1346,1346,1,1433,1440,1460,0.3474
20260917,A 一直红,1.98,1,1,1346,1346,1,1434,1440,1461,0.3486
20260917,A 一直红,2.00,1,1,1346,1346,1,1434,1440,1463,0.3522
20260917,A 一直红,2.02,1,1,1346,1346,1,1434,1440,1463,0.3571
20260917,A 一直红,2.04,1,1,1346,1346,1,1434,1440,1464,0.3611
20260917,A 一直红,2.06,1,1,1346,1346,1,1434,1440,1459,0.3628
20260917,A 一直红,2.08,1,1,1346,1346,1,1436,1440,1465,0.3611
20260917,A 一直红,2.10,1,1,1346,1346,1,1435,1440,1459,0.3559
20260917,A 一直红,2.12,1,1,1346,1346,1,1434,1440,1460,0.3476
20260917,A 一直红,2.14,1,1,1346,1346,1,1436,1440,1460,0.3403
20260917,A 一直红,2.16,1,1,1346,1346,1,1435,1440,1455,0.3364
20260917,A 一直红,2.18,1,1,1346,1346,1,1434,1440,1457,0.3361
20260917,A 一直红,2.20,1,1,1346,1346,1,1436,1440,1462,0.3415
20260917,A 一直红,2.22,1,1,1346,1346,1,1434,1440,1453,0.3467
20260917,A 一直红,2.24,1,1,1346,1346,1,1434,1440,1457,0.3494
20260917,A 一直红,2.26,1,1,1346,1346,1,1433,1440,1458,0.3490
20260917,A 一直红,2.28,1,1,1346,1346,1,1434,1440,1462,0.3464
20260917,A 一直红,2.30,1,1,1346,1346,1,1434,1440,1461,0.3449
20260917,A 一直红,2.32,1,1,1346,1346,1,1434,1440,1455,0.3468
20260917,A 一直红,2.34,1,1,1346,1346,1,1434,1440,1458,0.3486
20260917,A 一直红,2.36,1,1,1346,1346,1,1434,1440,1460,0.3485
20260917,A 一直红,2.38,1,1,1346,1346,1,1435,1440,1460,0.3465
20260917,A 一直红,2.40,1,1,1346,1346,1,1435,1440,1457,0.3438
20260917,A 一直红,2.42,1,1,1346,1346,1,1435,1440,1463,0.3412
20260917,A 一直红,2.44,1,1,1346,1346,1,1435,1440,1455,0.3405
20260917,A 一直红,2.46,1,1,1346,1346,1,1435,1440,1456,0.3401
20260917,A 一直红,2.48,1,1,1346,1346,1,1434,1440,1457,0.3395
20260917,A 一直红,2.50,1,1,1346,1346,1,1436,1440,1464,0.3429
20260917,A 一直红,2.52,1,1,1346,1346,1,1434,1440,1455,0.3460
20260917,A 一直红,2.54,1,1,1346,1346,1,1436,1440,1461,0.3474
20260917,A 一直红,2.56,1,1,1346,1346,1,1433,1440,1459,0.3461
20260917,A 一直红,2.58,1,1,1346,1346,1,1434,1440,1466,0.3442
20260917,A 一直红,2.60,1,1,1346,1346,1,1433,1440,1462,0.3458
20260917,A 一直红,2.62,1,1,1346,1346,1,1433,1440,1458,0.3510
20260917,A 一直红,2.64,1,1,1346,1346,1,1434,1440,1458,0.3557
20260917,A 一直红,2.66,1,1,1346,1346,1,1433,1440,1459,0.3580
20260917,A 一直红,2.68,1,1,1346,1346,1,1435,1440,1465,0.3569
20260917,A 一直红,2.70,1,1,1346,1346,1,1434,1440,1456,0.3523
20260917,A 一直红,2.72,1,1,1346,1346,1,1434,1440,1455,0.3456
20260917,A 一直红,2.74,1,1,1346,1346,1,1435,1440,1454,0.3417
20260917,A 一直红,2.76,1,1,1346,1346,1,1435,1440,1456,0.3398
20260917,A 一直红,2.78,1,1,1346,1346,1,1435,1440,1456,0.3385
20260917,A 一直红,2.80,1,1,1346,1346,1,1435,1440,1460,0.3415
20260917,A 一直红,2.82,1,1,1346,1346,1,1434,1440,1455,0.3448
20260917,A 一直红,2.84,1,1,1346,1346,1,1436,1440,1458,0.3463
20260917,A 一直红,2.86,1,1,1346,1346,1,1433,1440,1458,0.3455
20260917,A 一直红,2.88,1,1,1346,1346,1,1434,1440,1461,0.3440
20260917,A 一直红,2.90,1,1,1346,1346,1,1433,1440,1455,0.3453
20260917,A 一直红,2.92,1,1,1346,1346,1,1433,1440,1457,0.3494
20260917,A 一直红,2.94,1,1,1346,1346,1,1434,1440,1460,0.3532
20260917,A 一直红,2.96,1,1,1346,1346,1,1434,1440,1458,0.3547
20260917,A 一直红,2.98,1,1,1346,1346,1,1435,1440,1463,0.3532
20260917,B 红0.5秒后全黑,0.00,0,1,1346,1346,1,1435,1440,1435,0.2607
20260917,B 红0.5秒后全黑,0.02,1,1,1346,1346,1,1430,1440,1447,0.2565
20260917,B 红0.5秒后全黑,0.04,1,1,1346,1346,1,1437,1440,1461,0.2508
20260917,B 红0.5秒后全黑,0.06,1,1,1346,1346,1,1437,1440,1465,0.2545
20260917,B 红0.5秒后全黑,0.08,1,1,1346,1346,1,1438,1440,1457,0.2636
20260917,B 红0.5秒后全黑,0.10,1,1,1346,1346,1,1437,1440,1456,0.2745
20260917,B 红0.5秒后全黑,0.12,1,1,1346,1346,1,1434,1440,1451,0.2842
20260917,B 红0.5秒后全黑,0.14,1,1,1346,1346,1,1433,1440,1451,0.2944
20260917,B 红0.5秒后全黑,0.16,1,1,1346,1346,1,1434,1440,1461,0.3053
20260917,B 红0.5秒后全黑,0.18,1,1,1346,1346,1,1434,1440,1458,0.3167
20260917,B 红0.5秒后全黑,0.20,1,1,1346,1346,1,1434,1440,1463,0.3281
20260917,B 红0.5秒后全黑,0.22,1,1,1346,1346,1,1434,1440,1460,0.3387
20260917,B 红0.5秒后全黑,0.24,1,1,1346,1346,1,1434,1440,1463,0.3475
20260917,B 红0.5秒后全黑,0.26,1,1,1346,1346,1,1434,1440,1460,0.3543
20260917,B 红0.5秒后全黑,0.28,1,1,1346,1346,1,1436,1440,1459,0.3595
20260917,B 红0.5秒后全黑,0.30,1,1,1346,1346,1,1436,1440,1458,0.3632
20260917,B 红0.5秒后全黑,0.32,1,1,1346,1346,1,1436,1440,1463,0.3653
20260917,B 红0.5秒后全黑,0.34,1,1,1346,1346,1,1436,1440,1458,0.3666
20260917,B 红0.5秒后全黑,0.36,1,1,1346,1346,1,1436,1440,1461,0.3675
20260917,B 红0.5秒后全黑,0.38,1,1,1346,1346,1,1436,1440,1458,0.3685
20260917,B 红0.5秒后全黑,0.40,1,1,1346,1346,1,1436,1440,1460,0.3694
20260917,B 红0.5秒后全黑,0.42,1,1,1346,1346,1,1436,1440,1460,0.3690
20260917,B 红0.5秒后全黑,0.44,1,1,1346,1346,1,1438,1440,1464,0.3671
20260917,B 红0.5秒后全黑,0.46,1,1,1346,1346,1,1437,1440,1460,0.3640
20260917,B 红0.5秒后全黑,0.48,1,1,1346,1346,1,1437,1440,1462,0.3606
20260917,B 红0.5秒后全黑,0.50,1,0,0,1346,1,87,1440,119,0.3572
20260917,B 红0.5秒后全黑,0.52,1,0,0,1346,1,94,1440,141,0.3517
20260917,B 红0.5秒后全黑,0.54,1,0,0,1346,1,104,1440,167,0.3457
20260917,B 红0.5秒后全黑,0.56,1,0,0,1346,1,115,1440,198,0.3442
20260917,B 红0.5秒后全黑,0.58,1,0,0,1346,1,137,1440,224,0.3462
20260917,B 红0.5秒后全黑,0.60,1,0,0,1346,1,149,1440,245,0.3493
20260917,B 红0.5秒后全黑,0.62,1,0,0,1346,1,176,1440,284,0.3506
20260917,B 红0.5秒后全黑,0.64,1,0,0,1346,1,194,1440,320,0.3503
20260917,B 红0.5秒后全黑,0.66,1,0,0,1346,1,220,1440,369,0.3477
20260917,B 红0.5秒后全黑,0.68,1,0,0,1346,1,249,1440,411,0.3466
20260917,B 红0.5秒后全黑,0.70,1,0,0,1346,1,282,1440,463,0.3497
20260917,B 红0.5秒后全黑,0.72,1,0,0,1346,1,304,1440,494,0.3537
20260917,B 红0.5秒后全黑,0.74,1,0,0,1346,1,326,1440,558,0.3550
20260917,B 红0.5秒后全黑,0.76,1,0,0,1346,1,349,1440,613,0.3532
20260917,B 红0.5秒后全黑,0.78,1,0,0,1346,1,384,1440,656,0.3497
20260917,B 红0.5秒后全黑,0.80,1,0,0,1346,1,413,1440,710,0.3465
20260917,B 红0.5秒后全黑,0.82,1,0,0,1346,1,415,1440,731,0.3441
20260917,B 红0.5秒后全黑,0.84,1,0,0,1346,1,413,1440,740,0.3462
20260917,B 红0.5秒后全黑,0.86,1,0,0,1346,1,413,1440,750,0.3502
20260917,B 红0.5秒后全黑,0.88,1,0,0,1346,1,412,1440,753,0.3541
20260917,B 红0.5秒后全黑,0.90,1,0,0,1346,1,411,1440,767,0.3578
20260917,B 红0.5秒后全黑,0.92,1,0,0,1346,1,417,1440,760,0.3592
20260917,B 红0.5秒后全黑,0.94,1,0,0,1346,1,424,1440,773,0.3587
20260917,B 红0.5秒后全黑,0.96,1,0,0,1346,1,429,1440,778,0.3554
20260917,B 红0.5秒后全黑,0.98,1,0,0,1346,1,423,1440,778,0.3506
20260917,B 红0.5秒后全黑,1.00,1,0,0,1346,1,440,1440,787,0.3493
20260917,B 红0.5秒后全黑,1.02,1,0,0,1346,1,427,1440,764,0.3496
20260917,B 红0.5秒后全黑,1.04,1,0,0,1346,1,439,1440,780,0.3495
20260917,B 红0.5秒后全黑,1.06,1,0,0,1346,1,437,1440,773,0.3488
20260917,B 红0.5秒后全黑,1.08,1,0,0,1346,1,442,1440,773,0.3458
20260917,B 红0.5秒后全黑,1.10,1,0,0,1346,1,456,1440,803,0.3430
20260917,B 红0.5秒后全黑,1.12,1,0,0,1346,1,431,1440,764,0.3437
20260917,B 红0.5秒后全黑,1.14,1,0,0,1346,1,434,1440,775,0.3471
20260917,B 红0.5秒后全黑,1.16,1,0,0,1346,1,441,1440,792,0.3504
20260917,B 红0.5秒后全黑,1.18,1,0,0,1346,1,437,1440,790,0.3519
20260917,B 红0.5秒后全黑,1.20,1,0,0,1346,1,435,1440,805,0.3538
20260917,B 红0.5秒后全黑,1.22,1,0,0,1346,1,406,1440,757,0.3555
20260917,B 红0.5秒后全黑,1.24,1,0,0,1346,1,421,1440,773,0.3564
20260917,B 红0.5秒后全黑,1.26,1,0,0,1346,1,427,1440,802,0.3552
20260917,B 红0.5秒后全黑,1.28,1,0,0,1346,1,409,1440,773,0.3510
20260917,B 红0.5秒后全黑,1.30,1,0,0,1346,1,421,1440,797,0.3444
20260917,B 红0.5秒后全黑,1.32,1,0,0,1346,1,413,1440,771,0.3408
20260917,B 红0.5秒后全黑,1.34,1,0,0,1346,1,406,1440,761,0.3390
20260917,B 红0.5秒后全黑,1.36,1,0,0,1346,1,423,1440,798,0.3364
20260917,B 红0.5秒后全黑,1.38,1,0,0,1346,1,423,1440,781,0.3344
20260917,B 红0.5秒后全黑,1.40,1,0,0,1346,1,415,1440,785,0.3357
20260917,B 红0.5秒后全黑,1.42,1,0,0,1346,1,410,1440,771,0.3393
20260917,B 红0.5秒后全黑,1.44,1,0,0,1346,1,418,1440,779,0.3430
20260917,B 红0.5秒后全黑,1.46,1,0,0,1346,1,412,1440,780,0.3458
20260917,B 红0.5秒后全黑,1.48,1,0,0,1346,1,410,1440,774,0.3479
20260917,B 红0.5秒后全黑,1.50,1,0,0,1346,1,423,1440,792,0.3507
20260917,B 红0.5秒后全黑,1.52,1,0,0,1346,1,414,1440,767,0.3531
20260917,B 红0.5秒后全黑,1.54,1,0,0,1346,1,417,1440,767,0.3559
20260917,B 红0.5秒后全黑,1.56,1,0,0,1346,1,411,1440,761,0.3565
20260917,B 红0.5秒后全黑,1.58,1,0,0,1346,1,421,1440,787,0.3539
20260917,B 红0.5秒后全黑,1.60,1,0,0,1346,1,421,1440,793,0.3509
20260917,B 红0.5秒后全黑,1.62,1,0,0,1346,1,414,1440,753,0.3508
20260917,B 红0.5秒后全黑,1.64,1,0,0,1346,1,423,1440,785,0.3519
20260917,B 红0.5秒后全黑,1.66,1,0,0,1346,1,413,1440,782,0.3516
20260917,B 红0.5秒后全黑,1.68,1,0,0,1346,1,418,1440,799,0.3501
20260917,B 红0.5秒后全黑,1.70,1,0,0,1346,1,409,1440,780,0.3489
20260917,B 红0.5秒后全黑,1.72,1,0,0,1346,1,417,1440,787,0.3491
20260917,B 红0.5秒后全黑,1.74,1,0,0,1346,1,395,1440,769,0.3498
20260917,B 红0.5秒后全黑,1.76,1,0,0,1346,1,401,1440,776,0.3496
20260917,B 红0.5秒后全黑,1.78,1,0,0,1346,1,411,1440,785,0.3488
20260917,B 红0.5秒后全黑,1.80,1,0,0,1346,1,408,1440,772,0.3487
20260917,B 红0.5秒后全黑,1.82,1,0,0,1346,1,422,1440,785,0.3477
20260917,B 红0.5秒后全黑,1.84,1,0,0,1346,1,419,1440,790,0.3474
20260917,B 红0.5秒后全黑,1.86,1,0,0,1346,1,400,1440,768,0.3455
20260917,B 红0.5秒后全黑,1.88,1,0,0,1346,1,402,1440,779,0.3445
20260917,B 红0.5秒后全黑,1.90,1,0,0,1346,1,404,1440,775,0.3468
20260917,B 红0.5秒后全黑,1.92,1,0,0,1346,1,417,1440,773,0.3503
20260917,B 红0.5秒后全黑,1.94,1,0,0,1346,1,434,1440,797,0.3521
20260917,B 红0.5秒后全黑,1.96,1,0,0,1346,1,411,1440,766,0.3521
20260917,B 红0.5秒后全黑,1.98,1,0,0,1346,1,422,1440,767,0.3493
20260917,B 红0.5秒后全黑,2.00,1,0,0,1346,1,426,1440,785,0.3455
20260917,B 红0.5秒后全黑,2.02,1,0,0,1346,1,407,1440,766,0.3428
20260917,B 红0.5秒后全黑,2.04,1,0,0,1346,1,401,1440,771,0.3449
20260917,B 红0.5秒后全黑,2.06,1,0,0,1346,1,403,1440,747,0.3476
20260917,B 红0.5秒后全黑,2.08,1,0,0,1346,1,413,1440,769,0.3492
20260917,B 红0.5秒后全黑,2.10,1,0,0,1346,1,423,1440,773,0.3522
20260917,B 红0.5秒后全黑,2.12,1,0,0,1346,1,427,1440,766,0.3552
20260917,B 红0.5秒后全黑,2.14,1,0,0,1346,1,428,1440,767,0.3580
20260917,B 红0.5秒后全黑,2.16,1,0,0,1346,1,410,1440,767,0.3580
20260917,B 红0.5秒后全黑,2.18,1,0,0,1346,1,412,1440,772,0.3549
20260917,B 红0.5秒后全黑,2.20,1,0,0,1346,1,418,1440,783,0.3500
20260917,B 红0.5秒后全黑,2.22,1,0,0,1346,1,423,1440,772,0.3428
20260917,B 红0.5秒后全黑,2.24,1,0,0,1346,1,430,1440,786,0.3374
20260917,B 红0.5秒后全黑,2.26,1,0,0,1346,1,421,1440,778,0.3361
20260917,B 红0.5秒后全黑,2.28,1,0,0,1346,1,411,1440,760,0.3382
20260917,B 红0.5秒后全黑,2.30,1,0,0,1346,1,413,1440,772,0.3407
20260917,B 红0.5秒后全黑,2.32,1,0,0,1346,1,422,1440,770,0.3436
20260917,B 红0.5秒后全黑,2.34,1,0,0,1346,1,405,1440,752,0.3478
20260917,B 红0.5秒后全黑,2.36,1,0,0,1346,1,411,1440,765,0.3512
20260917,B 红0.5秒后全黑,2.38,1,0,0,1346,1,415,1440,777,0.3532
20260917,B 红0.5秒后全黑,2.40,1,0,0,1346,1,400,1440,762,0.3557
20260917,B 红0.5秒后全黑,2.42,1,0,0,1346,1,403,1440,757,0.3563
20260917,B 红0.5秒后全黑,2.44,1,0,0,1346,1,412,1440,769,0.3561
20260917,B 红0.5秒后全黑,2.46,1,0,0,1346,1,410,1440,745,0.3532
20260917,B 红0.5秒后全黑,2.48,1,0,0,1346,1,417,1440,759,0.3496
20260917,B 红0.5秒后全黑,2.50,1,0,0,1346,1,417,1440,773,0.3478
20260917,B 红0.5秒后全黑,2.52,1,0,0,1346,1,408,1440,755,0.3454
20260917,B 红0.5秒后全黑,2.54,1,0,0,1346,1,418,1440,770,0.3403
20260917,B 红0.5秒后全黑,2.56,1,0,0,1346,1,419,1440,771,0.3342
20260917,B 红0.5秒后全黑,2.58,1,0,0,1346,1,415,1440,778,0.3307
20260917,B 红0.5秒后全黑,2.60,1,0,0,1346,1,409,1440,779,0.3324
20260917,B 红0.5秒后全黑,2.62,1,0,0,1346,1,403,1440,767,0.3379
20260917,B 红0.5秒后全黑,2.64,1,0,0,1346,1,398,1440,769,0.3428
20260917,B 红0.5秒后全黑,2.66,1,0,0,1346,1,413,1440,769,0.3457
20260917,B 红0.5秒后全黑,2.68,1,0,0,1346,1,408,1440,759,0.3469
20260917,B 红0.5秒后全黑,2.70,1,0,0,1346,1,409,1440,776,0.3489
20260917,B 红0.5秒后全黑,2.72,1,0,0,1346,1,408,1440,779,0.3512
20260917,B 红0.5秒后全黑,2.74,1,0,0,1346,1,404,1440,768,0.3525
20260917,B 红0.5秒后全黑,2.76,1,0,0,1346,1,409,1440,778,0.3515
20260917,B 红0.5秒后全黑,2.78,1,0,0,1346,1,395,1440,751,0.3478
20260917,B 红0.5秒后全黑,2.80,1,0,0,1346,1,392,1440,754,0.3444
20260917,B 红0.5秒后全黑,2.82,1,0,0,1346,1,403,1440,757,0.3407
20260917,B 红0.5秒后全黑,2.84,1,0,0,1346,1,408,1440,767,0.3359
20260917,B 红0.5秒后全黑,2.86,1,0,0,1346,1,407,1440,768,0.3312
20260917,B 红0.5秒后全黑,2.88,1,0,0,1346,1,401,1440,770,0.3288
20260917,B 红0.5秒后全黑,2.90,1,0,0,1346,1,398,1440,761,0.3307
20260917,B 红0.5秒后全黑,2.92,1,0,0,1346,1,401,1440,767,0.3357
20260917,B 红0.5秒后全黑,2.94,1,0,0,1346,1,406,1440,756,0.3416
20260917,B 红0.5秒后全黑,2.96,1,0,0,1346,1,404,1440,763,0.3460
20260917,B 红0.5秒后全黑,2.98,1,0,0,1346,1,408,1440,775,0.3484
20260917,C 同B+1.0秒打断运动记忆,0.00,0,1,1346,1346,1,1435,1440,1435,0.2607
20260917,C 同B+1.0秒打断运动记忆,0.02,1,1,1346,1346,1,1430,1440,1447,0.2565
20260917,C 同B+1.0秒打断运动记忆,0.04,1,1,1346,1346,1,1437,1440,1461,0.2508
20260917,C 同B+1.0秒打断运动记忆,0.06,1,1,1346,1346,1,1437,1440,1465,0.2545
20260917,C 同B+1.0秒打断运动记忆,0.08,1,1,1346,1346,1,1438,1440,1457,0.2636
20260917,C 同B+1.0秒打断运动记忆,0.10,1,1,1346,1346,1,1437,1440,1456,0.2745
20260917,C 同B+1.0秒打断运动记忆,0.12,1,1,1346,1346,1,1434,1440,1451,0.2842
20260917,C 同B+1.0秒打断运动记忆,0.14,1,1,1346,1346,1,1433,1440,1451,0.2944
20260917,C 同B+1.0秒打断运动记忆,0.16,1,1,1346,1346,1,1434,1440,1461,0.3053
20260917,C 同B+1.0秒打断运动记忆,0.18,1,1,1346,1346,1,1434,1440,1458,0.3167
20260917,C 同B+1.0秒打断运动记忆,0.20,1,1,1346,1346,1,1434,1440,1463,0.3281
20260917,C 同B+1.0秒打断运动记忆,0.22,1,1,1346,1346,1,1434,1440,1460,0.3387
20260917,C 同B+1.0秒打断运动记忆,0.24,1,1,1346,1346,1,1434,1440,1463,0.3475
20260917,C 同B+1.0秒打断运动记忆,0.26,1,1,1346,1346,1,1434,1440,1460,0.3543
20260917,C 同B+1.0秒打断运动记忆,0.28,1,1,1346,1346,1,1436,1440,1459,0.3595
20260917,C 同B+1.0秒打断运动记忆,0.30,1,1,1346,1346,1,1436,1440,1458,0.3632
20260917,C 同B+1.0秒打断运动记忆,0.32,1,1,1346,1346,1,1436,1440,1463,0.3653
20260917,C 同B+1.0秒打断运动记忆,0.34,1,1,1346,1346,1,1436,1440,1458,0.3666
20260917,C 同B+1.0秒打断运动记忆,0.36,1,1,1346,1346,1,1436,1440,1461,0.3675
20260917,C 同B+1.0秒打断运动记忆,0.38,1,1,1346,1346,1,1436,1440,1458,0.3685
20260917,C 同B+1.0秒打断运动记忆,0.40,1,1,1346,1346,1,1436,1440,1460,0.3694
20260917,C 同B+1.0秒打断运动记忆,0.42,1,1,1346,1346,1,1436,1440,1460,0.3690
20260917,C 同B+1.0秒打断运动记忆,0.44,1,1,1346,1346,1,1438,1440,1464,0.3671
20260917,C 同B+1.0秒打断运动记忆,0.46,1,1,1346,1346,1,1437,1440,1460,0.3640
20260917,C 同B+1.0秒打断运动记忆,0.48,1,1,1346,1346,1,1437,1440,1462,0.3606
20260917,C 同B+1.0秒打断运动记忆,0.50,1,0,0,1346,1,87,1440,119,0.3572
20260917,C 同B+1.0秒打断运动记忆,0.52,1,0,0,1346,1,94,1440,141,0.3517
20260917,C 同B+1.0秒打断运动记忆,0.54,1,0,0,1346,1,104,1440,167,0.3457
20260917,C 同B+1.0秒打断运动记忆,0.56,1,0,0,1346,1,115,1440,198,0.3442
20260917,C 同B+1.0秒打断运动记忆,0.58,1,0,0,1346,1,137,1440,224,0.3462
20260917,C 同B+1.0秒打断运动记忆,0.60,1,0,0,1346,1,149,1440,245,0.3493
20260917,C 同B+1.0秒打断运动记忆,0.62,1,0,0,1346,1,176,1440,284,0.3506
20260917,C 同B+1.0秒打断运动记忆,0.64,1,0,0,1346,1,194,1440,320,0.3503
20260917,C 同B+1.0秒打断运动记忆,0.66,1,0,0,1346,1,220,1440,369,0.3477
20260917,C 同B+1.0秒打断运动记忆,0.68,1,0,0,1346,1,249,1440,411,0.3466
20260917,C 同B+1.0秒打断运动记忆,0.70,1,0,0,1346,1,282,1440,463,0.3497
20260917,C 同B+1.0秒打断运动记忆,0.72,1,0,0,1346,1,304,1440,494,0.3537
20260917,C 同B+1.0秒打断运动记忆,0.74,1,0,0,1346,1,326,1440,558,0.3550
20260917,C 同B+1.0秒打断运动记忆,0.76,1,0,0,1346,1,349,1440,613,0.3532
20260917,C 同B+1.0秒打断运动记忆,0.78,1,0,0,1346,1,384,1440,656,0.3497
20260917,C 同B+1.0秒打断运动记忆,0.80,1,0,0,1346,1,413,1440,710,0.3465
20260917,C 同B+1.0秒打断运动记忆,0.82,1,0,0,1346,1,415,1440,731,0.3441
20260917,C 同B+1.0秒打断运动记忆,0.84,1,0,0,1346,1,413,1440,740,0.3462
20260917,C 同B+1.0秒打断运动记忆,0.86,1,0,0,1346,1,413,1440,750,0.3502
20260917,C 同B+1.0秒打断运动记忆,0.88,1,0,0,1346,1,412,1440,753,0.3541
20260917,C 同B+1.0秒打断运动记忆,0.90,1,0,0,1346,1,411,1440,767,0.3578
20260917,C 同B+1.0秒打断运动记忆,0.92,1,0,0,1346,1,417,1440,760,0.3592
20260917,C 同B+1.0秒打断运动记忆,0.94,1,0,0,1346,1,424,1440,773,0.3587
20260917,C 同B+1.0秒打断运动记忆,0.96,1,0,0,1346,1,429,1440,778,0.3554
20260917,C 同B+1.0秒打断运动记忆,0.98,1,0,0,1346,1,423,1440,778,0.3506
20260917,C 同B+1.0秒打断运动记忆,1.00,1,0,0,1346,1,440,1440,787,0.3493
20260917,C 同B+1.0秒打断运动记忆,1.02,0,0,0,1346,1,427,1440,763,0.3480
20260917,C 同B+1.0秒打断运动记忆,1.04,0,0,0,1346,1,439,1440,783,0.3432
20260917,C 同B+1.0秒打断运动记忆,1.06,0,0,0,1346,1,436,1440,766,0.3332
20260917,C 同B+1.0秒打断运动记忆,1.08,0,0,0,1346,1,447,1440,790,0.3193
20260917,C 同B+1.0秒打断运动记忆,1.10,0,0,0,1346,1,446,1440,780,0.3030
20260917,C 同B+1.0秒打断运动记忆,1.12,0,0,0,1346,1,445,1440,781,0.2837
20260917,C 同B+1.0秒打断运动记忆,1.14,0,0,0,1346,1,445,1440,793,0.2653
20260917,C 同B+1.0秒打断运动记忆,1.16,0,0,0,1346,1,441,1440,783,0.2441
20260917,C 同B+1.0秒打断运动记忆,1.18,0,0,0,1346,1,442,1440,789,0.2211
20260917,C 同B+1.0秒打断运动记忆,1.20,0,0,0,1346,1,440,1440,781,0.2056
20260917,C 同B+1.0秒打断运动记忆,1.22,0,0,0,1346,1,437,1440,792,0.2060
20260917,C 同B+1.0秒打断运动记忆,1.24,0,0,0,1346,1,424,1440,775,0.2176
20260917,C 同B+1.0秒打断运动记忆,1.26,0,0,0,1346,1,429,1440,784,0.2285
20260917,C 同B+1.0秒打断运动记忆,1.28,0,0,0,1346,1,423,1440,786,0.2359
20260917,C 同B+1.0秒打断运动记忆,1.30,0,0,0,1346,1,416,1440,776,0.2413
20260917,C 同B+1.0秒打断运动记忆,1.32,0,0,0,1346,1,429,1440,777,0.2412
20260917,C 同B+1.0秒打断运动记忆,1.34,0,0,0,1346,1,434,1440,783,0.2383
20260917,C 同B+1.0秒打断运动记忆,1.36,0,0,0,1346,1,433,1440,776,0.2323
20260917,C 同B+1.0秒打断运动记忆,1.38,0,0,0,1346,1,426,1440,774,0.2287
20260917,C 同B+1.0秒打断运动记忆,1.40,0,0,0,1346,1,435,1440,790,0.2225
20260917,C 同B+1.0秒打断运动记忆,1.42,0,0,0,1346,1,420,1440,784,0.2171
20260917,C 同B+1.0秒打断运动记忆,1.44,0,0,0,1346,1,423,1440,786,0.2194
20260917,C 同B+1.0秒打断运动记忆,1.46,0,0,0,1346,1,427,1440,782,0.2222
20260917,C 同B+1.0秒打断运动记忆,1.48,0,0,0,1346,1,428,1440,778,0.2228
20260917,C 同B+1.0秒打断运动记忆,1.50,0,0,0,1346,1,422,1440,786,0.2199
20260917,C 同B+1.0秒打断运动记忆,1.52,0,0,0,1346,1,409,1440,774,0.2162
20260917,C 同B+1.0秒打断运动记忆,1.54,0,0,0,1346,1,422,1440,779,0.2156
20260917,C 同B+1.0秒打断运动记忆,1.56,0,0,0,1346,1,421,1440,794,0.2187
20260917,C 同B+1.0秒打断运动记忆,1.58,0,0,0,1346,1,412,1440,763,0.2199
20260917,C 同B+1.0秒打断运动记忆,1.60,0,0,0,1346,1,424,1440,782,0.2203
20260917,C 同B+1.0秒打断运动记忆,1.62,0,0,0,1346,1,428,1440,790,0.2179
20260917,C 同B+1.0秒打断运动记忆,1.64,0,0,0,1346,1,417,1440,761,0.2147
20260917,C 同B+1.0秒打断运动记忆,1.66,0,0,0,1346,1,420,1440,783,0.2137
20260917,C 同B+1.0秒打断运动记忆,1.68,0,0,0,1346,1,410,1440,780,0.2153
20260917,C 同B+1.0秒打断运动记忆,1.70,0,0,0,1346,1,422,1440,792,0.2141
20260917,C 同B+1.0秒打断运动记忆,1.72,0,0,0,1346,1,422,1440,775,0.2146
20260917,C 同B+1.0秒打断运动记忆,1.74,0,0,0,1346,1,436,1440,800,0.2149
20260917,C 同B+1.0秒打断运动记忆,1.76,0,0,0,1346,1,410,1440,753,0.2141
20260917,C 同B+1.0秒打断运动记忆,1.78,0,0,0,1346,1,423,1440,768,0.2118
20260917,C 同B+1.0秒打断运动记忆,1.80,0,0,0,1346,1,418,1440,771,0.2170
20260917,C 同B+1.0秒打断运动记忆,1.82,0,0,0,1346,1,417,1440,781,0.2221
20260917,C 同B+1.0秒打断运动记忆,1.84,0,0,0,1346,1,411,1440,755,0.2254
20260917,C 同B+1.0秒打断运动记忆,1.86,0,0,0,1346,1,414,1440,775,0.2233
20260917,C 同B+1.0秒打断运动记忆,1.88,0,0,0,1346,1,420,1440,782,0.2188
20260917,C 同B+1.0秒打断运动记忆,1.90,0,0,0,1346,1,416,1440,776,0.2163
20260917,C 同B+1.0秒打断运动记忆,1.92,0,0,0,1346,1,407,1440,777,0.2209
20260917,C 同B+1.0秒打断运动记忆,1.94,0,0,0,1346,1,398,1440,773,0.2248
20260917,C 同B+1.0秒打断运动记忆,1.96,0,0,0,1346,1,405,1440,782,0.2261
20260917,C 同B+1.0秒打断运动记忆,1.98,0,0,0,1346,1,417,1440,793,0.2234
20260917,C 同B+1.0秒打断运动记忆,2.00,0,0,0,1346,1,414,1440,791,0.2223
20260917,C 同B+1.0秒打断运动记忆,2.02,0,0,0,1346,1,402,1440,768,0.2198
20260917,C 同B+1.0秒打断运动记忆,2.04,0,0,0,1346,1,421,1440,797,0.2188
20260917,C 同B+1.0秒打断运动记忆,2.06,0,0,0,1346,1,413,1440,773,0.2171
20260917,C 同B+1.0秒打断运动记忆,2.08,0,0,0,1346,1,426,1440,796,0.2154
20260917,C 同B+1.0秒打断运动记忆,2.10,0,0,0,1346,1,408,1440,768,0.2136
20260917,C 同B+1.0秒打断运动记忆,2.12,0,0,0,1346,1,421,1440,805,0.2131
20260917,C 同B+1.0秒打断运动记忆,2.14,0,0,0,1346,1,409,1440,776,0.2152
20260917,C 同B+1.0秒打断运动记忆,2.16,0,0,0,1346,1,418,1440,794,0.2145
20260917,C 同B+1.0秒打断运动记忆,2.18,0,0,0,1346,1,412,1440,772,0.2138
20260917,C 同B+1.0秒打断运动记忆,2.20,0,0,0,1346,1,421,1440,792,0.2130
20260917,C 同B+1.0秒打断运动记忆,2.22,0,0,0,1346,1,412,1440,774,0.2128
20260917,C 同B+1.0秒打断运动记忆,2.24,0,0,0,1346,1,412,1440,783,0.2110
20260917,C 同B+1.0秒打断运动记忆,2.26,0,0,0,1346,1,405,1440,760,0.2147
20260917,C 同B+1.0秒打断运动记忆,2.28,0,0,0,1346,1,421,1440,786,0.2165
20260917,C 同B+1.0秒打断运动记忆,2.30,0,0,0,1346,1,414,1440,770,0.2173
20260917,C 同B+1.0秒打断运动记忆,2.32,0,0,0,1346,1,420,1440,783,0.2147
20260917,C 同B+1.0秒打断运动记忆,2.34,0,0,0,1346,1,401,1440,767,0.2103
20260917,C 同B+1.0秒打断运动记忆,2.36,0,0,0,1346,1,407,1440,787,0.2106
20260917,C 同B+1.0秒打断运动记忆,2.38,0,0,0,1346,1,404,1440,771,0.2166
20260917,C 同B+1.0秒打断运动记忆,2.40,0,0,0,1346,1,408,1440,767,0.2227
20260917,C 同B+1.0秒打断运动记忆,2.42,0,0,0,1346,1,417,1440,776,0.2236
20260917,C 同B+1.0秒打断运动记忆,2.44,0,0,0,1346,1,415,1440,782,0.2201
20260917,C 同B+1.0秒打断运动记忆,2.46,0,0,0,1346,1,411,1440,789,0.2130
20260917,C 同B+1.0秒打断运动记忆,2.48,0,0,0,1346,1,390,1440,764,0.2045
20260917,C 同B+1.0秒打断运动记忆,2.50,0,0,0,1346,1,405,1440,780,0.2027
20260917,C 同B+1.0秒打断运动记忆,2.52,0,0,0,1346,1,408,1440,762,0.2087
20260917,C 同B+1.0秒打断运动记忆,2.54,0,0,0,1346,1,408,1440,778,0.2164
20260917,C 同B+1.0秒打断运动记忆,2.56,0,0,0,1346,1,430,1440,801,0.2228
20260917,C 同B+1.0秒打断运动记忆,2.58,0,0,0,1346,1,395,1440,755,0.2231
20260917,C 同B+1.0秒打断运动记忆,2.60,0,0,0,1346,1,409,1440,780,0.2218
20260917,C 同B+1.0秒打断运动记忆,2.62,0,0,0,1346,1,410,1440,758,0.2157
20260917,C 同B+1.0秒打断运动记忆,2.64,0,0,0,1346,1,417,1440,776,0.2124
20260917,C 同B+1.0秒打断运动记忆,2.66,0,0,0,1346,1,414,1440,783,0.2152
20260917,C 同B+1.0秒打断运动记忆,2.68,0,0,0,1346,1,411,1440,758,0.2208
20260917,C 同B+1.0秒打断运动记忆,2.70,0,0,0,1346,1,419,1440,793,0.2249
20260917,C 同B+1.0秒打断运动记忆,2.72,0,0,0,1346,1,401,1440,763,0.2234
20260917,C 同B+1.0秒打断运动记忆,2.74,0,0,0,1346,1,407,1440,772,0.2208
20260917,C 同B+1.0秒打断运动记忆,2.76,0,0,0,1346,1,418,1440,779,0.2216
20260917,C 同B+1.0秒打断运动记忆,2.78,0,0,0,1346,1,415,1440,776,0.2230
20260917,C 同B+1.0秒打断运动记忆,2.80,0,0,0,1346,1,413,1440,780,0.2200
20260917,C 同B+1.0秒打断运动记忆,2.82,0,0,0,1346,1,402,1440,776,0.2189
20260917,C 同B+1.0秒打断运动记忆,2.84,0,0,0,1346,1,411,1440,785,0.2196
20260917,C 同B+1.0秒打断运动记忆,2.86,0,0,0,1346,1,405,1440,792,0.2204
20260917,C 同B+1.0秒打断运动记忆,2.88,0,0,0,1346,1,391,1440,764,0.2199
20260917,C 同B+1.0秒打断运动记忆,2.90,0,0,0,1346,1,416,1440,781,0.2198
20260917,C 同B+1.0秒打断运动记忆,2.92,0,0,0,1346,1,399,1440,779,0.2184
20260917,C 同B+1.0秒打断运动记忆,2.94,0,0,0,1346,1,394,1440,772,0.2194
20260917,C 同B+1.0秒打断运动记忆,2.96,0,0,0,1346,1,410,1440,798,0.2186
20260917,C 同B+1.0秒打断运动记忆,2.98,0,0,0,1346,1,394,1440,766,0.2168
20260917,D 一直黑+1.0秒同样打断,0.00,0,0,0,1346,1,7,1440,7,0.2607
20260917,D 一直黑+1.0秒同样打断,0.02,0,0,0,1346,1,7,1440,15,0.2561
20260917,D 一直黑+1.0秒同样打断,0.04,0,0,0,1346,1,8,1440,18,0.2474
20260917,D 一直黑+1.0秒同样打断,0.06,0,0,0,1346,1,8,1440,24,0.2339
20260917,D 一直黑+1.0秒同样打断,0.08,0,0,0,1346,1,9,1440,22,0.2174
20260917,D 一直黑+1.0秒同样打断,0.10,0,0,0,1346,1,11,1440,26,0.2037
20260917,D 一直黑+1.0秒同样打断,0.12,0,0,0,1346,1,13,1440,37,0.1981
20260917,D 一直黑+1.0秒同样打断,0.14,0,0,0,1346,1,14,1440,35,0.2012
20260917,D 一直黑+1.0秒同样打断,0.16,0,0,0,1346,1,15,1440,42,0.2131
20260917,D 一直黑+1.0秒同样打断,0.18,0,0,0,1346,1,17,1440,42,0.2233
20260917,D 一直黑+1.0秒同样打断,0.20,0,0,0,1346,1,19,1440,41,0.2289
20260917,D 一直黑+1.0秒同样打断,0.22,0,0,0,1346,1,21,1440,43,0.2322
20260917,D 一直黑+1.0秒同样打断,0.24,0,0,0,1346,1,23,1440,48,0.2301
20260917,D 一直黑+1.0秒同样打断,0.26,0,0,0,1346,1,25,1440,48,0.2263
20260917,D 一直黑+1.0秒同样打断,0.28,0,0,0,1346,1,27,1440,52,0.2178
20260917,D 一直黑+1.0秒同样打断,0.30,0,0,0,1346,1,29,1440,61,0.2122
20260917,D 一直黑+1.0秒同样打断,0.32,0,0,0,1346,1,30,1440,60,0.2116
20260917,D 一直黑+1.0秒同样打断,0.34,0,0,0,1346,1,31,1440,61,0.2107
20260917,D 一直黑+1.0秒同样打断,0.36,0,0,0,1346,1,32,1440,65,0.2072
20260917,D 一直黑+1.0秒同样打断,0.38,0,0,0,1346,1,33,1440,59,0.2001
20260917,D 一直黑+1.0秒同样打断,0.40,0,0,0,1346,1,34,1440,69,0.1938
20260917,D 一直黑+1.0秒同样打断,0.42,0,0,0,1346,1,35,1440,71,0.1901
20260917,D 一直黑+1.0秒同样打断,0.44,0,0,0,1346,1,36,1440,63,0.1866
20260917,D 一直黑+1.0秒同样打断,0.46,0,0,0,1346,1,37,1440,68,0.1861
20260917,D 一直黑+1.0秒同样打断,0.48,0,0,0,1346,1,38,1440,70,0.1873
20260917,D 一直黑+1.0秒同样打断,0.50,0,0,0,1346,1,39,1440,71,0.1887
20260917,D 一直黑+1.0秒同样打断,0.52,0,0,0,1346,1,40,1440,69,0.1894
20260917,D 一直黑+1.0秒同样打断,0.54,0,0,0,1346,1,41,1440,71,0.1893
20260917,D 一直黑+1.0秒同样打断,0.56,0,0,0,1346,1,42,1440,70,0.1885
20260917,D 一直黑+1.0秒同样打断,0.58,0,0,0,1346,1,43,1440,72,0.1869
20260917,D 一直黑+1.0秒同样打断,0.60,0,0,0,1346,1,44,1440,77,0.1893
20260917,D 一直黑+1.0秒同样打断,0.62,0,0,0,1346,1,45,1440,79,0.1958
20260917,D 一直黑+1.0秒同样打断,0.64,0,0,0,1346,1,46,1440,89,0.2022
20260917,D 一直黑+1.0秒同样打断,0.66,0,0,0,1346,1,47,1440,83,0.2048
20260917,D 一直黑+1.0秒同样打断,0.68,0,0,0,1346,1,49,1440,89,0.2061
20260917,D 一直黑+1.0秒同样打断,0.70,0,0,0,1346,1,51,1440,91,0.2088
20260917,D 一直黑+1.0秒同样打断,0.72,0,0,0,1346,1,53,1440,108,0.2119
20260917,D 一直黑+1.0秒同样打断,0.74,0,0,0,1346,1,55,1440,98,0.2154
20260917,D 一直黑+1.0秒同样打断,0.76,0,0,0,1346,1,56,1440,109,0.2154
20260917,D 一直黑+1.0秒同样打断,0.78,0,0,0,1346,1,57,1440,110,0.2139
20260917,D 一直黑+1.0秒同样打断,0.80,0,0,0,1346,1,58,1440,104,0.2124
20260917,D 一直黑+1.0秒同样打断,0.82,0,0,0,1346,1,59,1440,124,0.2085
20260917,D 一直黑+1.0秒同样打断,0.84,0,0,0,1346,1,60,1440,121,0.2024
20260917,D 一直黑+1.0秒同样打断,0.86,0,0,0,1346,1,61,1440,117,0.2026
20260917,D 一直黑+1.0秒同样打断,0.88,0,0,0,1346,1,62,1440,117,0.2080
20260917,D 一直黑+1.0秒同样打断,0.90,0,0,0,1346,1,63,1440,119,0.2134
20260917,D 一直黑+1.0秒同样打断,0.92,0,0,0,1346,1,64,1440,122,0.2164
20260917,D 一直黑+1.0秒同样打断,0.94,0,0,0,1346,1,65,1440,116,0.2168
20260917,D 一直黑+1.0秒同样打断,0.96,0,0,0,1346,1,66,1440,131,0.2130
20260917,D 一直黑+1.0秒同样打断,0.98,0,0,0,1346,1,68,1440,125,0.2085
20260917,D 一直黑+1.0秒同样打断,1.00,0,0,0,1346,1,70,1440,132,0.2088
20260917,D 一直黑+1.0秒同样打断,1.02,0,0,0,1346,1,72,1440,137,0.2129
20260917,D 一直黑+1.0秒同样打断,1.04,0,0,0,1346,1,74,1440,140,0.2149
20260917,D 一直黑+1.0秒同样打断,1.06,0,0,0,1346,1,76,1440,143,0.2154
20260917,D 一直黑+1.0秒同样打断,1.08,0,0,0,1346,1,78,1440,149,0.2132
20260917,D 一直黑+1.0秒同样打断,1.10,0,0,0,1346,1,79,1440,148,0.2146
20260917,D 一直黑+1.0秒同样打断,1.12,0,0,0,1346,1,80,1440,157,0.2160
20260917,D 一直黑+1.0秒同样打断,1.14,0,0,0,1346,1,81,1440,153,0.2167
20260917,D 一直黑+1.0秒同样打断,1.16,0,0,0,1346,1,82,1440,160,0.2134
20260917,D 一直黑+1.0秒同样打断,1.18,0,0,0,1346,1,84,1440,161,0.2126
20260917,D 一直黑+1.0秒同样打断,1.20,0,0,0,1346,1,86,1440,167,0.2148
20260917,D 一直黑+1.0秒同样打断,1.22,0,0,0,1346,1,89,1440,169,0.2160
20260917,D 一直黑+1.0秒同样打断,1.24,0,0,0,1346,1,92,1440,174,0.2158
20260917,D 一直黑+1.0秒同样打断,1.26,0,0,0,1346,1,95,1440,173,0.2156
20260917,D 一直黑+1.0秒同样打断,1.28,0,0,0,1346,1,98,1440,186,0.2154
20260917,D 一直黑+1.0秒同样打断,1.30,0,0,0,1346,1,101,1440,183,0.2161
20260917,D 一直黑+1.0秒同样打断,1.32,0,0,0,1346,1,102,1440,189,0.2137
20260917,D 一直黑+1.0秒同样打断,1.34,0,0,0,1346,1,104,1440,189,0.2169
20260917,D 一直黑+1.0秒同样打断,1.36,0,0,0,1346,1,106,1440,191,0.2195
20260917,D 一直黑+1.0秒同样打断,1.38,0,0,0,1346,1,108,1440,197,0.2203
20260917,D 一直黑+1.0秒同样打断,1.40,0,0,0,1346,1,110,1440,203,0.2199
20260917,D 一直黑+1.0秒同样打断,1.42,0,0,0,1346,1,113,1440,203,0.2189
20260917,D 一直黑+1.0秒同样打断,1.44,0,0,0,1346,1,116,1440,213,0.2161
20260917,D 一直黑+1.0秒同样打断,1.46,0,0,0,1346,1,119,1440,216,0.2133
20260917,D 一直黑+1.0秒同样打断,1.48,0,0,0,1346,1,122,1440,224,0.2119
20260917,D 一直黑+1.0秒同样打断,1.50,0,0,0,1346,1,125,1440,221,0.2134
20260917,D 一直黑+1.0秒同样打断,1.52,0,0,0,1346,1,127,1440,225,0.2145
20260917,D 一直黑+1.0秒同样打断,1.54,0,0,0,1346,1,129,1440,228,0.2145
20260917,D 一直黑+1.0秒同样打断,1.56,0,0,0,1346,1,131,1440,234,0.2120
20260917,D 一直黑+1.0秒同样打断,1.58,0,0,0,1346,1,133,1440,234,0.2160
20260917,D 一直黑+1.0秒同样打断,1.60,0,0,0,1346,1,135,1440,241,0.2206
20260917,D 一直黑+1.0秒同样打断,1.62,0,0,0,1346,1,136,1440,240,0.2234
20260917,D 一直黑+1.0秒同样打断,1.64,0,0,0,1346,1,137,1440,242,0.2210
20260917,D 一直黑+1.0秒同样打断,1.66,0,0,0,1346,1,138,1440,247,0.2163
20260917,D 一直黑+1.0秒同样打断,1.68,0,0,0,1346,1,139,1440,250,0.2122
20260917,D 一直黑+1.0秒同样打断,1.70,0,0,0,1346,1,140,1440,252,0.2099
20260917,D 一直黑+1.0秒同样打断,1.72,0,0,0,1346,1,141,1440,262,0.2121
20260917,D 一直黑+1.0秒同样打断,1.74,0,0,0,1346,1,142,1440,267,0.2150
20260917,D 一直黑+1.0秒同样打断,1.76,0,0,0,1346,1,143,1440,273,0.2158
20260917,D 一直黑+1.0秒同样打断,1.78,0,0,0,1346,1,145,1440,275,0.2127
20260917,D 一直黑+1.0秒同样打断,1.80,0,0,0,1346,1,147,1440,280,0.2160
20260917,D 一直黑+1.0秒同样打断,1.82,0,0,0,1346,1,148,1440,284,0.2194
20260917,D 一直黑+1.0秒同样打断,1.84,0,0,0,1346,1,149,1440,289,0.2208
20260917,D 一直黑+1.0秒同样打断,1.86,0,0,0,1346,1,150,1440,293,0.2196
20260917,D 一直黑+1.0秒同样打断,1.88,0,0,0,1346,1,151,1440,297,0.2181
20260917,D 一直黑+1.0秒同样打断,1.90,0,0,0,1346,1,152,1440,301,0.2165
20260917,D 一直黑+1.0秒同样打断,1.92,0,0,0,1346,1,153,1440,307,0.2152
20260917,D 一直黑+1.0秒同样打断,1.94,0,0,0,1346,1,154,1440,312,0.2156
20260917,D 一直黑+1.0秒同样打断,1.96,0,0,0,1346,1,155,1440,316,0.2134
20260917,D 一直黑+1.0秒同样打断,1.98,0,0,0,1346,1,156,1440,318,0.2145
20260917,D 一直黑+1.0秒同样打断,2.00,0,0,0,1346,1,157,1440,323,0.2156
20260917,D 一直黑+1.0秒同样打断,2.02,0,0,0,1346,1,159,1440,331,0.2181
20260917,D 一直黑+1.0秒同样打断,2.04,0,0,0,1346,1,161,1440,336,0.2166
20260917,D 一直黑+1.0秒同样打断,2.06,0,0,0,1346,1,162,1440,343,0.2140
20260917,D 一直黑+1.0秒同样打断,2.08,0,0,0,1346,1,163,1440,347,0.2127
20260917,D 一直黑+1.0秒同样打断,2.10,0,0,0,1346,1,164,1440,357,0.2137
20260917,D 一直黑+1.0秒同样打断,2.12,0,0,0,1346,1,165,1440,364,0.2130
20260917,D 一直黑+1.0秒同样打断,2.14,0,0,0,1346,1,166,1440,369,0.2121
20260917,D 一直黑+1.0秒同样打断,2.16,0,0,0,1346,1,167,1440,374,0.2116
20260917,D 一直黑+1.0秒同样打断,2.18,0,0,0,1346,1,168,1440,380,0.2111
20260917,D 一直黑+1.0秒同样打断,2.20,0,0,0,1346,1,169,1440,383,0.2109
20260917,D 一直黑+1.0秒同样打断,2.22,0,0,0,1346,1,170,1440,387,0.2108
20260917,D 一直黑+1.0秒同样打断,2.24,0,0,0,1346,1,171,1440,392,0.2098
20260917,D 一直黑+1.0秒同样打断,2.26,0,0,0,1346,1,171,1440,395,0.2083
20260917,D 一直黑+1.0秒同样打断,2.28,0,0,0,1346,1,173,1440,405,0.2065
20260917,D 一直黑+1.0秒同样打断,2.30,0,0,0,1346,1,175,1440,409,0.2102
20260917,D 一直黑+1.0秒同样打断,2.32,0,0,0,1346,1,177,1440,412,0.2158
20260917,D 一直黑+1.0秒同样打断,2.34,0,0,0,1346,1,178,1440,417,0.2197
20260917,D 一直黑+1.0秒同样打断,2.36,0,0,0,1346,1,180,1440,420,0.2186
20260917,D 一直黑+1.0秒同样打断,2.38,0,0,0,1346,1,181,1440,428,0.2151
20260917,D 一直黑+1.0秒同样打断,2.40,0,0,0,1346,1,182,1440,429,0.2102
20260917,D 一直黑+1.0秒同样打断,2.42,0,0,0,1346,1,183,1440,434,0.2086
20260917,D 一直黑+1.0秒同样打断,2.44,0,0,0,1346,1,184,1440,437,0.2101
20260917,D 一直黑+1.0秒同样打断,2.46,0,0,0,1346,1,185,1440,442,0.2121
20260917,D 一直黑+1.0秒同样打断,2.48,0,0,0,1346,1,185,1440,447,0.2139
20260917,D 一直黑+1.0秒同样打断,2.50,0,0,0,1346,1,187,1440,449,0.2148
20260917,D 一直黑+1.0秒同样打断,2.52,0,0,0,1346,1,188,1440,453,0.2153
20260917,D 一直黑+1.0秒同样打断,2.54,0,0,0,1346,1,190,1440,463,0.2148
20260917,D 一直黑+1.0秒同样打断,2.56,0,0,0,1346,1,191,1440,458,0.2159
20260917,D 一直黑+1.0秒同样打断,2.58,0,0,0,1346,1,195,1440,468,0.2163
20260917,D 一直黑+1.0秒同样打断,2.60,0,0,0,1346,1,196,1440,467,0.2151
20260917,D 一直黑+1.0秒同样打断,2.62,0,0,0,1346,1,197,1440,471,0.2135
20260917,D 一直黑+1.0秒同样打断,2.64,0,0,0,1346,1,197,1440,470,0.2152
20260917,D 一直黑+1.0秒同样打断,2.66,0,0,0,1346,1,200,1440,474,0.2166
20260917,D 一直黑+1.0秒同样打断,2.68,0,0,0,1346,1,202,1440,472,0.2167
20260917,D 一直黑+1.0秒同样打断,2.70,0,0,0,1346,1,204,1440,478,0.2138
20260917,D 一直黑+1.0秒同样打断,2.72,0,0,0,1346,1,205,1440,478,0.2139
20260917,D 一直黑+1.0秒同样打断,2.74,0,0,0,1346,1,208,1440,488,0.2147
20260917,D 一直黑+1.0秒同样打断,2.76,0,0,0,1346,1,211,1440,493,0.2142
20260917,D 一直黑+1.0秒同样打断,2.78,0,0,0,1346,1,214,1440,493,0.2130
20260917,D 一直黑+1.0秒同样打断,2.80,0,0,0,1346,1,215,1440,489,0.2132
20260917,D 一直黑+1.0秒同样打断,2.82,0,0,0,1346,1,218,1440,497,0.2148
20260917,D 一直黑+1.0秒同样打断,2.84,0,0,0,1346,1,220,1440,501,0.2147
20260917,D 一直黑+1.0秒同样打断,2.86,0,0,0,1346,1,223,1440,500,0.2128
20260917,D 一直黑+1.0秒同样打断,2.88,0,0,0,1346,1,224,1440,508,0.2139
20260917,D 一直黑+1.0秒同样打断,2.90,0,0,0,1346,1,224,1440,508,0.2166
20260917,D 一直黑+1.0秒同样打断,2.92,0,0,0,1346,1,224,1440,510,0.2174
20260917,D 一直黑+1.0秒同样打断,2.94,0,0,0,1346,1,226,1440,511,0.2148
20260917,D 一直黑+1.0秒同样打断,2.96,0,0,0,1346,1,226,1440,514,0.2142
20260917,D 一直黑+1.0秒同样打断,2.98,0,0,0,1346,1,226,1440,520,0.2128
20260917,E 一直黑(不给红也不打断),0.00,0,0,0,1346,1,7,1440,7,0.2607
20260917,E 一直黑(不给红也不打断),0.02,0,0,0,1346,1,7,1440,15,0.2561
20260917,E 一直黑(不给红也不打断),0.04,0,0,0,1346,1,8,1440,18,0.2474
20260917,E 一直黑(不给红也不打断),0.06,0,0,0,1346,1,8,1440,24,0.2339
20260917,E 一直黑(不给红也不打断),0.08,0,0,0,1346,1,9,1440,22,0.2174
20260917,E 一直黑(不给红也不打断),0.10,0,0,0,1346,1,11,1440,26,0.2037
20260917,E 一直黑(不给红也不打断),0.12,0,0,0,1346,1,13,1440,37,0.1981
20260917,E 一直黑(不给红也不打断),0.14,0,0,0,1346,1,14,1440,35,0.2012
20260917,E 一直黑(不给红也不打断),0.16,0,0,0,1346,1,15,1440,42,0.2131
20260917,E 一直黑(不给红也不打断),0.18,0,0,0,1346,1,17,1440,42,0.2233
20260917,E 一直黑(不给红也不打断),0.20,0,0,0,1346,1,19,1440,41,0.2289
20260917,E 一直黑(不给红也不打断),0.22,0,0,0,1346,1,21,1440,43,0.2322
20260917,E 一直黑(不给红也不打断),0.24,0,0,0,1346,1,23,1440,48,0.2301
20260917,E 一直黑(不给红也不打断),0.26,0,0,0,1346,1,25,1440,48,0.2263
20260917,E 一直黑(不给红也不打断),0.28,0,0,0,1346,1,27,1440,52,0.2178
20260917,E 一直黑(不给红也不打断),0.30,0,0,0,1346,1,29,1440,61,0.2122
20260917,E 一直黑(不给红也不打断),0.32,0,0,0,1346,1,30,1440,60,0.2116
20260917,E 一直黑(不给红也不打断),0.34,0,0,0,1346,1,31,1440,61,0.2107
20260917,E 一直黑(不给红也不打断),0.36,0,0,0,1346,1,32,1440,65,0.2072
20260917,E 一直黑(不给红也不打断),0.38,0,0,0,1346,1,33,1440,59,0.2001
20260917,E 一直黑(不给红也不打断),0.40,0,0,0,1346,1,34,1440,69,0.1938
20260917,E 一直黑(不给红也不打断),0.42,0,0,0,1346,1,35,1440,71,0.1901
20260917,E 一直黑(不给红也不打断),0.44,0,0,0,1346,1,36,1440,63,0.1866
20260917,E 一直黑(不给红也不打断),0.46,0,0,0,1346,1,37,1440,68,0.1861
20260917,E 一直黑(不给红也不打断),0.48,0,0,0,1346,1,38,1440,70,0.1873
20260917,E 一直黑(不给红也不打断),0.50,0,0,0,1346,1,39,1440,71,0.1887
20260917,E 一直黑(不给红也不打断),0.52,0,0,0,1346,1,40,1440,69,0.1894
20260917,E 一直黑(不给红也不打断),0.54,0,0,0,1346,1,41,1440,71,0.1893
20260917,E 一直黑(不给红也不打断),0.56,0,0,0,1346,1,42,1440,70,0.1885
20260917,E 一直黑(不给红也不打断),0.58,0,0,0,1346,1,43,1440,72,0.1869
20260917,E 一直黑(不给红也不打断),0.60,0,0,0,1346,1,44,1440,77,0.1893
20260917,E 一直黑(不给红也不打断),0.62,0,0,0,1346,1,45,1440,79,0.1958
20260917,E 一直黑(不给红也不打断),0.64,0,0,0,1346,1,46,1440,89,0.2022
20260917,E 一直黑(不给红也不打断),0.66,0,0,0,1346,1,47,1440,83,0.2048
20260917,E 一直黑(不给红也不打断),0.68,0,0,0,1346,1,49,1440,89,0.2061
20260917,E 一直黑(不给红也不打断),0.70,0,0,0,1346,1,51,1440,91,0.2088
20260917,E 一直黑(不给红也不打断),0.72,0,0,0,1346,1,53,1440,108,0.2119
20260917,E 一直黑(不给红也不打断),0.74,0,0,0,1346,1,55,1440,98,0.2154
20260917,E 一直黑(不给红也不打断),0.76,0,0,0,1346,1,56,1440,109,0.2154
20260917,E 一直黑(不给红也不打断),0.78,0,0,0,1346,1,57,1440,110,0.2139
20260917,E 一直黑(不给红也不打断),0.80,0,0,0,1346,1,58,1440,104,0.2124
20260917,E 一直黑(不给红也不打断),0.82,0,0,0,1346,1,59,1440,124,0.2085
20260917,E 一直黑(不给红也不打断),0.84,0,0,0,1346,1,60,1440,121,0.2024
20260917,E 一直黑(不给红也不打断),0.86,0,0,0,1346,1,61,1440,117,0.2026
20260917,E 一直黑(不给红也不打断),0.88,0,0,0,1346,1,62,1440,117,0.2080
20260917,E 一直黑(不给红也不打断),0.90,0,0,0,1346,1,63,1440,119,0.2134
20260917,E 一直黑(不给红也不打断),0.92,0,0,0,1346,1,64,1440,122,0.2164
20260917,E 一直黑(不给红也不打断),0.94,0,0,0,1346,1,65,1440,116,0.2168
20260917,E 一直黑(不给红也不打断),0.96,0,0,0,1346,1,66,1440,131,0.2130
20260917,E 一直黑(不给红也不打断),0.98,0,0,0,1346,1,68,1440,125,0.2085
20260917,E 一直黑(不给红也不打断),1.00,0,0,0,1346,1,70,1440,132,0.2088
20260917,E 一直黑(不给红也不打断),1.02,0,0,0,1346,1,72,1440,137,0.2129
20260917,E 一直黑(不给红也不打断),1.04,0,0,0,1346,1,74,1440,140,0.2149
20260917,E 一直黑(不给红也不打断),1.06,0,0,0,1346,1,76,1440,143,0.2154
20260917,E 一直黑(不给红也不打断),1.08,0,0,0,1346,1,78,1440,149,0.2132
20260917,E 一直黑(不给红也不打断),1.10,0,0,0,1346,1,79,1440,148,0.2146
20260917,E 一直黑(不给红也不打断),1.12,0,0,0,1346,1,80,1440,157,0.2160
20260917,E 一直黑(不给红也不打断),1.14,0,0,0,1346,1,81,1440,153,0.2167
20260917,E 一直黑(不给红也不打断),1.16,0,0,0,1346,1,82,1440,160,0.2134
20260917,E 一直黑(不给红也不打断),1.18,0,0,0,1346,1,84,1440,161,0.2126
20260917,E 一直黑(不给红也不打断),1.20,0,0,0,1346,1,86,1440,167,0.2148
20260917,E 一直黑(不给红也不打断),1.22,0,0,0,1346,1,89,1440,169,0.2160
20260917,E 一直黑(不给红也不打断),1.24,0,0,0,1346,1,92,1440,174,0.2158
20260917,E 一直黑(不给红也不打断),1.26,0,0,0,1346,1,95,1440,173,0.2156
20260917,E 一直黑(不给红也不打断),1.28,0,0,0,1346,1,98,1440,186,0.2154
20260917,E 一直黑(不给红也不打断),1.30,0,0,0,1346,1,101,1440,183,0.2161
20260917,E 一直黑(不给红也不打断),1.32,0,0,0,1346,1,102,1440,189,0.2137
20260917,E 一直黑(不给红也不打断),1.34,0,0,0,1346,1,104,1440,189,0.2169
20260917,E 一直黑(不给红也不打断),1.36,0,0,0,1346,1,106,1440,191,0.2195
20260917,E 一直黑(不给红也不打断),1.38,0,0,0,1346,1,108,1440,197,0.2203
20260917,E 一直黑(不给红也不打断),1.40,0,0,0,1346,1,110,1440,203,0.2199
20260917,E 一直黑(不给红也不打断),1.42,0,0,0,1346,1,113,1440,203,0.2189
20260917,E 一直黑(不给红也不打断),1.44,0,0,0,1346,1,116,1440,213,0.2161
20260917,E 一直黑(不给红也不打断),1.46,0,0,0,1346,1,119,1440,216,0.2133
20260917,E 一直黑(不给红也不打断),1.48,0,0,0,1346,1,122,1440,224,0.2119
20260917,E 一直黑(不给红也不打断),1.50,0,0,0,1346,1,125,1440,221,0.2134
20260917,E 一直黑(不给红也不打断),1.52,0,0,0,1346,1,127,1440,225,0.2145
20260917,E 一直黑(不给红也不打断),1.54,0,0,0,1346,1,129,1440,228,0.2145
20260917,E 一直黑(不给红也不打断),1.56,0,0,0,1346,1,131,1440,234,0.2120
20260917,E 一直黑(不给红也不打断),1.58,0,0,0,1346,1,133,1440,234,0.2160
20260917,E 一直黑(不给红也不打断),1.60,0,0,0,1346,1,135,1440,241,0.2206
20260917,E 一直黑(不给红也不打断),1.62,0,0,0,1346,1,136,1440,240,0.2234
20260917,E 一直黑(不给红也不打断),1.64,0,0,0,1346,1,137,1440,242,0.2210
20260917,E 一直黑(不给红也不打断),1.66,0,0,0,1346,1,138,1440,247,0.2163
20260917,E 一直黑(不给红也不打断),1.68,0,0,0,1346,1,139,1440,250,0.2122
20260917,E 一直黑(不给红也不打断),1.70,0,0,0,1346,1,140,1440,252,0.2099
20260917,E 一直黑(不给红也不打断),1.72,0,0,0,1346,1,141,1440,262,0.2121
20260917,E 一直黑(不给红也不打断),1.74,0,0,0,1346,1,142,1440,267,0.2150
20260917,E 一直黑(不给红也不打断),1.76,0,0,0,1346,1,143,1440,273,0.2158
20260917,E 一直黑(不给红也不打断),1.78,0,0,0,1346,1,145,1440,275,0.2127
20260917,E 一直黑(不给红也不打断),1.80,0,0,0,1346,1,147,1440,280,0.2160
20260917,E 一直黑(不给红也不打断),1.82,0,0,0,1346,1,148,1440,284,0.2194
20260917,E 一直黑(不给红也不打断),1.84,0,0,0,1346,1,149,1440,289,0.2208
20260917,E 一直黑(不给红也不打断),1.86,0,0,0,1346,1,150,1440,293,0.2196
20260917,E 一直黑(不给红也不打断),1.88,0,0,0,1346,1,151,1440,297,0.2181
20260917,E 一直黑(不给红也不打断),1.90,0,0,0,1346,1,152,1440,301,0.2165
20260917,E 一直黑(不给红也不打断),1.92,0,0,0,1346,1,153,1440,307,0.2152
20260917,E 一直黑(不给红也不打断),1.94,0,0,0,1346,1,154,1440,312,0.2156
20260917,E 一直黑(不给红也不打断),1.96,0,0,0,1346,1,155,1440,316,0.2134
20260917,E 一直黑(不给红也不打断),1.98,0,0,0,1346,1,156,1440,318,0.2145
20260917,E 一直黑(不给红也不打断),2.00,0,0,0,1346,1,157,1440,323,0.2156
20260917,E 一直黑(不给红也不打断),2.02,0,0,0,1346,1,159,1440,331,0.2181
20260917,E 一直黑(不给红也不打断),2.04,0,0,0,1346,1,161,1440,336,0.2166
20260917,E 一直黑(不给红也不打断),2.06,0,0,0,1346,1,162,1440,343,0.2140
20260917,E 一直黑(不给红也不打断),2.08,0,0,0,1346,1,163,1440,347,0.2127
20260917,E 一直黑(不给红也不打断),2.10,0,0,0,1346,1,164,1440,357,0.2137
20260917,E 一直黑(不给红也不打断),2.12,0,0,0,1346,1,165,1440,364,0.2130
20260917,E 一直黑(不给红也不打断),2.14,0,0,0,1346,1,166,1440,369,0.2121
20260917,E 一直黑(不给红也不打断),2.16,0,0,0,1346,1,167,1440,374,0.2116
20260917,E 一直黑(不给红也不打断),2.18,0,0,0,1346,1,168,1440,380,0.2111
20260917,E 一直黑(不给红也不打断),2.20,0,0,0,1346,1,169,1440,383,0.2109
20260917,E 一直黑(不给红也不打断),2.22,0,0,0,1346,1,170,1440,387,0.2108
20260917,E 一直黑(不给红也不打断),2.24,0,0,0,1346,1,171,1440,392,0.2098
20260917,E 一直黑(不给红也不打断),2.26,0,0,0,1346,1,171,1440,395,0.2083
20260917,E 一直黑(不给红也不打断),2.28,0,0,0,1346,1,173,1440,405,0.2065
20260917,E 一直黑(不给红也不打断),2.30,0,0,0,1346,1,175,1440,409,0.2102
20260917,E 一直黑(不给红也不打断),2.32,0,0,0,1346,1,177,1440,412,0.2158
20260917,E 一直黑(不给红也不打断),2.34,0,0,0,1346,1,178,1440,417,0.2197
20260917,E 一直黑(不给红也不打断),2.36,0,0,0,1346,1,180,1440,420,0.2186
20260917,E 一直黑(不给红也不打断),2.38,0,0,0,1346,1,181,1440,428,0.2151
20260917,E 一直黑(不给红也不打断),2.40,0,0,0,1346,1,182,1440,429,0.2102
20260917,E 一直黑(不给红也不打断),2.42,0,0,0,1346,1,183,1440,434,0.2086
20260917,E 一直黑(不给红也不打断),2.44,0,0,0,1346,1,184,1440,437,0.2101
20260917,E 一直黑(不给红也不打断),2.46,0,0,0,1346,1,185,1440,442,0.2121
20260917,E 一直黑(不给红也不打断),2.48,0,0,0,1346,1,185,1440,447,0.2139
20260917,E 一直黑(不给红也不打断),2.50,0,0,0,1346,1,187,1440,449,0.2148
20260917,E 一直黑(不给红也不打断),2.52,0,0,0,1346,1,188,1440,453,0.2153
20260917,E 一直黑(不给红也不打断),2.54,0,0,0,1346,1,190,1440,463,0.2148
20260917,E 一直黑(不给红也不打断),2.56,0,0,0,1346,1,191,1440,458,0.2159
20260917,E 一直黑(不给红也不打断),2.58,0,0,0,1346,1,195,1440,468,0.2163
20260917,E 一直黑(不给红也不打断),2.60,0,0,0,1346,1,196,1440,467,0.2151
20260917,E 一直黑(不给红也不打断),2.62,0,0,0,1346,1,197,1440,471,0.2135
20260917,E 一直黑(不给红也不打断),2.64,0,0,0,1346,1,197,1440,470,0.2152
20260917,E 一直黑(不给红也不打断),2.66,0,0,0,1346,1,200,1440,474,0.2166
20260917,E 一直黑(不给红也不打断),2.68,0,0,0,1346,1,202,1440,472,0.2167
20260917,E 一直黑(不给红也不打断),2.70,0,0,0,1346,1,204,1440,478,0.2138
20260917,E 一直黑(不给红也不打断),2.72,0,0,0,1346,1,205,1440,478,0.2139
20260917,E 一直黑(不给红也不打断),2.74,0,0,0,1346,1,208,1440,488,0.2147
20260917,E 一直黑(不给红也不打断),2.76,0,0,0,1346,1,211,1440,493,0.2142
20260917,E 一直黑(不给红也不打断),2.78,0,0,0,1346,1,214,1440,493,0.2130
20260917,E 一直黑(不给红也不打断),2.80,0,0,0,1346,1,215,1440,489,0.2132
20260917,E 一直黑(不给红也不打断),2.82,0,0,0,1346,1,218,1440,497,0.2148
20260917,E 一直黑(不给红也不打断),2.84,0,0,0,1346,1,220,1440,501,0.2147
20260917,E 一直黑(不给红也不打断),2.86,0,0,0,1346,1,223,1440,500,0.2128
20260917,E 一直黑(不给红也不打断),2.88,0,0,0,1346,1,224,1440,508,0.2139
20260917,E 一直黑(不给红也不打断),2.90,0,0,0,1346,1,224,1440,508,0.2166
20260917,E 一直黑(不给红也不打断),2.92,0,0,0,1346,1,224,1440,510,0.2174
20260917,E 一直黑(不给红也不打断),2.94,0,0,0,1346,1,226,1440,511,0.2148
20260917,E 一直黑(不给红也不打断),2.96,0,0,0,1346,1,226,1440,514,0.2142
20260917,E 一直黑(不给红也不打断),2.98,0,0,0,1346,1,226,1440,520,0.2128
20260918,A 一直红,0.00,0,1,1346,1346,1,1435,1440,1435,0.2607
20260918,A 一直红,0.02,1,1,1346,1346,1,1430,1440,1450,0.2565
20260918,A 一直红,0.04,1,1,1346,1346,1,1437,1440,1464,0.2513
20260918,A 一直红,0.06,1,1,1346,1346,1,1436,1440,1458,0.2552
20260918,A 一直红,0.08,1,1,1346,1346,1,1438,1440,1454,0.2664
20260918,A 一直红,0.10,1,1,1346,1346,1,1438,1440,1468,0.2790
20260918,A 一直红,0.12,1,1,1346,1346,1,1434,1440,1454,0.2904
20260918,A 一直红,0.14,1,1,1346,1346,1,1434,1440,1458,0.3011
20260918,A 一直红,0.16,1,1,1346,1346,1,1434,1440,1461,0.3108
20260918,A 一直红,0.18,1,1,1346,1346,1,1434,1440,1462,0.3192
20260918,A 一直红,0.20,1,1,1346,1346,1,1434,1440,1462,0.3273
20260918,A 一直红,0.22,1,1,1346,1346,1,1434,1440,1460,0.3349
20260918,A 一直红,0.24,1,1,1346,1346,1,1434,1440,1461,0.3413
20260918,A 一直红,0.26,1,1,1346,1346,1,1434,1440,1463,0.3457
20260918,A 一直红,0.28,1,1,1346,1346,1,1436,1440,1461,0.3485
20260918,A 一直红,0.30,1,1,1346,1346,1,1434,1440,1456,0.3501
20260918,A 一直红,0.32,1,1,1346,1346,1,1435,1440,1462,0.3518
20260918,A 一直红,0.34,1,1,1346,1346,1,1434,1440,1457,0.3526
20260918,A 一直红,0.36,1,1,1346,1346,1,1436,1440,1467,0.3525
20260918,A 一直红,0.38,1,1,1346,1346,1,1435,1440,1461,0.3509
20260918,A 一直红,0.40,1,1,1346,1346,1,1435,1440,1462,0.3477
20260918,A 一直红,0.42,1,1,1346,1346,1,1434,1440,1460,0.3416
20260918,A 一直红,0.44,1,1,1346,1346,1,1434,1440,1458,0.3371
20260918,A 一直红,0.46,1,1,1346,1346,1,1433,1440,1460,0.3367
20260918,A 一直红,0.48,1,1,1346,1346,1,1433,1440,1466,0.3384
20260918,A 一直红,0.50,1,1,1346,1346,1,1434,1440,1465,0.3397
20260918,A 一直红,0.52,1,1,1346,1346,1,1434,1440,1463,0.3404
20260918,A 一直红,0.54,1,1,1346,1346,1,1434,1440,1459,0.3426
20260918,A 一直红,0.56,1,1,1346,1346,1,1433,1440,1462,0.3448
20260918,A 一直红,0.58,1,1,1346,1346,1,1435,1440,1465,0.3467
20260918,A 一直红,0.60,1,1,1346,1346,1,1435,1440,1460,0.3485
20260918,A 一直红,0.62,1,1,1346,1346,1,1435,1440,1464,0.3495
20260918,A 一直红,0.64,1,1,1346,1346,1,1434,1440,1457,0.3501
20260918,A 一直红,0.66,1,1,1346,1346,1,1434,1440,1462,0.3496
20260918,A 一直红,0.68,1,1,1346,1346,1,1435,1440,1464,0.3465
20260918,A 一直红,0.70,1,1,1346,1346,1,1435,1440,1466,0.3418
20260918,A 一直红,0.72,1,1,1346,1346,1,1434,1440,1459,0.3366
20260918,A 一直红,0.74,1,1,1346,1346,1,1433,1440,1458,0.3355
20260918,A 一直红,0.76,1,1,1346,1346,1,1436,1440,1461,0.3389
20260918,A 一直红,0.78,1,1,1346,1346,1,1434,1440,1459,0.3429
20260918,A 一直红,0.80,1,1,1346,1346,1,1435,1440,1462,0.3447
20260918,A 一直红,0.82,1,1,1346,1346,1,1435,1440,1460,0.3448
20260918,A 一直红,0.84,1,1,1346,1346,1,1434,1440,1461,0.3454
20260918,A 一直红,0.86,1,1,1346,1346,1,1434,1440,1464,0.3450
20260918,A 一直红,0.88,1,1,1346,1346,1,1436,1440,1461,0.3432
20260918,A 一直红,0.90,1,1,1346,1346,1,1434,1440,1463,0.3403
20260918,A 一直红,0.92,1,1,1346,1346,1,1435,1440,1463,0.3386
20260918,A 一直红,0.94,1,1,1346,1346,1,1436,1440,1458,0.3401
20260918,A 一直红,0.96,1,1,1346,1346,1,1434,1440,1457,0.3420
20260918,A 一直红,0.98,1,1,1346,1346,1,1435,1440,1460,0.3415
20260918,A 一直红,1.00,1,1,1346,1346,1,1435,1440,1459,0.3398
20260918,A 一直红,1.02,1,1,1346,1346,1,1434,1440,1458,0.3387
20260918,A 一直红,1.04,1,1,1346,1346,1,1435,1440,1462,0.3372
20260918,A 一直红,1.06,1,1,1346,1346,1,1434,1440,1462,0.3352
20260918,A 一直红,1.08,1,1,1346,1346,1,1434,1440,1459,0.3329
20260918,A 一直红,1.10,1,1,1346,1346,1,1434,1440,1460,0.3320
20260918,A 一直红,1.12,1,1,1346,1346,1,1433,1440,1462,0.3344
20260918,A 一直红,1.14,1,1,1346,1346,1,1434,1440,1459,0.3386
20260918,A 一直红,1.16,1,1,1346,1346,1,1434,1440,1460,0.3410
20260918,A 一直红,1.18,1,1,1346,1346,1,1435,1440,1461,0.3418
20260918,A 一直红,1.20,1,1,1346,1346,1,1434,1440,1463,0.3420
20260918,A 一直红,1.22,1,1,1346,1346,1,1435,1440,1461,0.3423
20260918,A 一直红,1.24,1,1,1346,1346,1,1434,1440,1457,0.3422
20260918,A 一直红,1.26,1,1,1346,1346,1,1434,1440,1462,0.3425
20260918,A 一直红,1.28,1,1,1346,1346,1,1435,1440,1466,0.3414
20260918,A 一直红,1.30,1,1,1346,1346,1,1435,1440,1461,0.3392
20260918,A 一直红,1.32,1,1,1346,1346,1,1434,1440,1460,0.3362
20260918,A 一直红,1.34,1,1,1346,1346,1,1433,1440,1456,0.3363
20260918,A 一直红,1.36,1,1,1346,1346,1,1434,1440,1462,0.3380
20260918,A 一直红,1.38,1,1,1346,1346,1,1434,1440,1461,0.3405
20260918,A 一直红,1.40,1,1,1346,1346,1,1433,1440,1462,0.3425
20260918,A 一直红,1.42,1,1,1346,1346,1,1434,1440,1460,0.3449
20260918,A 一直红,1.44,1,1,1346,1346,1,1434,1440,1462,0.3469
20260918,A 一直红,1.46,1,1,1346,1346,1,1434,1440,1460,0.3464
20260918,A 一直红,1.48,1,1,1346,1346,1,1435,1440,1461,0.3441
20260918,A 一直红,1.50,1,1,1346,1346,1,1434,1440,1463,0.3410
20260918,A 一直红,1.52,1,1,1346,1346,1,1435,1440,1459,0.3411
20260918,A 一直红,1.54,1,1,1346,1346,1,1435,1440,1454,0.3441
20260918,A 一直红,1.56,1,1,1346,1346,1,1434,1440,1458,0.3464
20260918,A 一直红,1.58,1,1,1346,1346,1,1434,1440,1454,0.3454
20260918,A 一直红,1.60,1,1,1346,1346,1,1436,1440,1462,0.3432
20260918,A 一直红,1.62,1,1,1346,1346,1,1433,1440,1457,0.3417
20260918,A 一直红,1.64,1,1,1346,1346,1,1434,1440,1459,0.3396
20260918,A 一直红,1.66,1,1,1346,1346,1,1434,1440,1461,0.3372
20260918,A 一直红,1.68,1,1,1346,1346,1,1434,1440,1459,0.3341
20260918,A 一直红,1.70,1,1,1346,1346,1,1434,1440,1458,0.3327
20260918,A 一直红,1.72,1,1,1346,1346,1,1433,1440,1461,0.3342
20260918,A 一直红,1.74,1,1,1346,1346,1,1434,1440,1460,0.3372
20260918,A 一直红,1.76,1,1,1346,1346,1,1434,1440,1460,0.3405
20260918,A 一直红,1.78,1,1,1346,1346,1,1435,1440,1460,0.3432
20260918,A 一直红,1.80,1,1,1346,1346,1,1435,1440,1459,0.3458
20260918,A 一直红,1.82,1,1,1346,1346,1,1435,1440,1462,0.3474
20260918,A 一直红,1.84,1,1,1346,1346,1,1434,1440,1461,0.3475
20260918,A 一直红,1.86,1,1,1346,1346,1,1434,1440,1461,0.3464
20260918,A 一直红,1.88,1,1,1346,1346,1,1435,1440,1467,0.3439
20260918,A 一直红,1.90,1,1,1346,1346,1,1435,1440,1460,0.3406
20260918,A 一直红,1.92,1,1,1346,1346,1,1434,1440,1463,0.3359
20260918,A 一直红,1.94,1,1,1346,1346,1,1433,1440,1458,0.3353
20260918,A 一直红,1.96,1,1,1346,1346,1,1434,1440,1463,0.3363
20260918,A 一直红,1.98,1,1,1346,1346,1,1434,1440,1459,0.3373
20260918,A 一直红,2.00,1,1,1346,1346,1,1434,1440,1463,0.3385
20260918,A 一直红,2.02,1,1,1346,1346,1,1434,1440,1460,0.3413
20260918,A 一直红,2.04,1,1,1346,1346,1,1434,1440,1464,0.3445
20260918,A 一直红,2.06,1,1,1346,1346,1,1434,1440,1461,0.3453
20260918,A 一直红,2.08,1,1,1346,1346,1,1436,1440,1462,0.3439
20260918,A 一直红,2.10,1,1,1346,1346,1,1434,1440,1461,0.3410
20260918,A 一直红,2.12,1,1,1346,1346,1,1435,1440,1462,0.3397
20260918,A 一直红,2.14,1,1,1346,1346,1,1436,1440,1458,0.3411
20260918,A 一直红,2.16,1,1,1346,1346,1,1435,1440,1457,0.3426
20260918,A 一直红,2.18,1,1,1346,1346,1,1435,1440,1458,0.3414
20260918,A 一直红,2.20,1,1,1346,1346,1,1435,1440,1459,0.3398
20260918,A 一直红,2.22,1,1,1346,1346,1,1434,1440,1458,0.3394
20260918,A 一直红,2.24,1,1,1346,1346,1,1436,1440,1463,0.3384
20260918,A 一直红,2.26,1,1,1346,1346,1,1434,1440,1462,0.3369
20260918,A 一直红,2.28,1,1,1346,1346,1,1434,1440,1458,0.3342
20260918,A 一直红,2.30,1,1,1346,1346,1,1434,1440,1458,0.3326
20260918,A 一直红,2.32,1,1,1346,1346,1,1433,1440,1462,0.3338
20260918,A 一直红,2.34,1,1,1346,1346,1,1434,1440,1459,0.3372
20260918,A 一直红,2.36,1,1,1346,1346,1,1434,1440,1460,0.3405
20260918,A 一直红,2.38,1,1,1346,1346,1,1435,1440,1459,0.3431
20260918,A 一直红,2.40,1,1,1346,1346,1,1435,1440,1459,0.3454
20260918,A 一直红,2.42,1,1,1346,1346,1,1435,1440,1460,0.3470
20260918,A 一直红,2.44,1,1,1346,1346,1,1434,1440,1457,0.3469
20260918,A 一直红,2.46,1,1,1346,1346,1,1434,1440,1462,0.3463
20260918,A 一直红,2.48,1,1,1346,1346,1,1435,1440,1467,0.3442
20260918,A 一直红,2.50,1,1,1346,1346,1,1435,1440,1462,0.3412
20260918,A 一直红,2.52,1,1,1346,1346,1,1434,1440,1462,0.3367
20260918,A 一直红,2.54,1,1,1346,1346,1,1433,1440,1458,0.3352
20260918,A 一直红,2.56,1,1,1346,1346,1,1436,1440,1462,0.3380
20260918,A 一直红,2.58,1,1,1346,1346,1,1434,1440,1459,0.3419
20260918,A 一直红,2.60,1,1,1346,1346,1,1435,1440,1461,0.3437
20260918,A 一直红,2.62,1,1,1346,1346,1,1435,1440,1461,0.3435
20260918,A 一直红,2.64,1,1,1346,1346,1,1435,1440,1460,0.3433
20260918,A 一直红,2.66,1,1,1346,1346,1,1434,1440,1464,0.3422
20260918,A 一直红,2.68,1,1,1346,1346,1,1436,1440,1464,0.3402
20260918,A 一直红,2.70,1,1,1346,1346,1,1434,1440,1463,0.3385
20260918,A 一直红,2.72,1,1,1346,1346,1,1435,1440,1462,0.3397
20260918,A 一直红,2.74,1,1,1346,1346,1,1434,1440,1455,0.3433
20260918,A 一直红,2.76,1,1,1346,1346,1,1434,1440,1459,0.3460
20260918,A 一直红,2.78,1,1,1346,1346,1,1435,1440,1458,0.3453
20260918,A 一直红,2.80,1,1,1346,1346,1,1436,1440,1462,0.3430
20260918,A 一直红,2.82,1,1,1346,1346,1,1434,1440,1458,0.3409
20260918,A 一直红,2.84,1,1,1346,1346,1,1436,1440,1464,0.3385
20260918,A 一直红,2.86,1,1,1346,1346,1,1434,1440,1462,0.3360
20260918,A 一直红,2.88,1,1,1346,1346,1,1434,1440,1458,0.3329
20260918,A 一直红,2.90,1,1,1346,1346,1,1434,1440,1460,0.3317
20260918,A 一直红,2.92,1,1,1346,1346,1,1433,1440,1463,0.3339
20260918,A 一直红,2.94,1,1,1346,1346,1,1433,1440,1460,0.3381
20260918,A 一直红,2.96,1,1,1346,1346,1,1432,1440,1456,0.3418
20260918,A 一直红,2.98,1,1,1346,1346,1,1435,1440,1462,0.3443
20260918,B 红0.5秒后全黑,0.00,0,1,1346,1346,1,1435,1440,1435,0.2607
20260918,B 红0.5秒后全黑,0.02,1,1,1346,1346,1,1430,1440,1450,0.2565
20260918,B 红0.5秒后全黑,0.04,1,1,1346,1346,1,1437,1440,1464,0.2513
20260918,B 红0.5秒后全黑,0.06,1,1,1346,1346,1,1436,1440,1458,0.2552
20260918,B 红0.5秒后全黑,0.08,1,1,1346,1346,1,1438,1440,1454,0.2664
20260918,B 红0.5秒后全黑,0.10,1,1,1346,1346,1,1438,1440,1468,0.2790
20260918,B 红0.5秒后全黑,0.12,1,1,1346,1346,1,1434,1440,1454,0.2904
20260918,B 红0.5秒后全黑,0.14,1,1,1346,1346,1,1434,1440,1458,0.3011
20260918,B 红0.5秒后全黑,0.16,1,1,1346,1346,1,1434,1440,1461,0.3108
20260918,B 红0.5秒后全黑,0.18,1,1,1346,1346,1,1434,1440,1462,0.3192
20260918,B 红0.5秒后全黑,0.20,1,1,1346,1346,1,1434,1440,1462,0.3273
20260918,B 红0.5秒后全黑,0.22,1,1,1346,1346,1,1434,1440,1460,0.3349
20260918,B 红0.5秒后全黑,0.24,1,1,1346,1346,1,1434,1440,1461,0.3413
20260918,B 红0.5秒后全黑,0.26,1,1,1346,1346,1,1434,1440,1463,0.3457
20260918,B 红0.5秒后全黑,0.28,1,1,1346,1346,1,1436,1440,1461,0.3485
20260918,B 红0.5秒后全黑,0.30,1,1,1346,1346,1,1434,1440,1456,0.3501
20260918,B 红0.5秒后全黑,0.32,1,1,1346,1346,1,1435,1440,1462,0.3518
20260918,B 红0.5秒后全黑,0.34,1,1,1346,1346,1,1434,1440,1457,0.3526
20260918,B 红0.5秒后全黑,0.36,1,1,1346,1346,1,1436,1440,1467,0.3525
20260918,B 红0.5秒后全黑,0.38,1,1,1346,1346,1,1435,1440,1461,0.3509
20260918,B 红0.5秒后全黑,0.40,1,1,1346,1346,1,1435,1440,1462,0.3477
20260918,B 红0.5秒后全黑,0.42,1,1,1346,1346,1,1434,1440,1460,0.3416
20260918,B 红0.5秒后全黑,0.44,1,1,1346,1346,1,1434,1440,1458,0.3371
20260918,B 红0.5秒后全黑,0.46,1,1,1346,1346,1,1433,1440,1460,0.3367
20260918,B 红0.5秒后全黑,0.48,1,1,1346,1346,1,1433,1440,1466,0.3384
20260918,B 红0.5秒后全黑,0.50,1,0,0,1346,1,91,1440,122,0.3404
20260918,B 红0.5秒后全黑,0.52,1,0,0,1346,1,103,1440,150,0.3427
20260918,B 红0.5秒后全黑,0.54,1,0,0,1346,1,114,1440,169,0.3465
20260918,B 红0.5秒后全黑,0.56,1,0,0,1346,1,125,1440,199,0.3501
20260918,B 红0.5秒后全黑,0.58,1,0,0,1346,1,150,1440,240,0.3532
20260918,B 红0.5秒后全黑,0.60,1,0,0,1346,1,163,1440,259,0.3565
20260918,B 红0.5秒后全黑,0.62,1,0,0,1346,1,189,1440,296,0.3593
20260918,B 红0.5秒后全黑,0.64,1,0,0,1346,1,209,1440,339,0.3613
20260918,B 红0.5秒后全黑,0.66,1,0,0,1346,1,235,1440,377,0.3614
20260918,B 红0.5秒后全黑,0.68,1,0,0,1346,1,268,1440,419,0.3585
20260918,B 红0.5秒后全黑,0.70,1,0,0,1346,1,300,1440,473,0.3541
20260918,B 红0.5秒后全黑,0.72,1,0,0,1346,1,326,1440,525,0.3481
20260918,B 红0.5秒后全黑,0.74,1,0,0,1346,1,350,1440,578,0.3417
20260918,B 红0.5秒后全黑,0.76,1,0,0,1346,1,370,1440,642,0.3395
20260918,B 红0.5秒后全黑,0.78,1,0,0,1346,1,403,1440,696,0.3418
20260918,B 红0.5秒后全黑,0.80,1,0,0,1346,1,430,1440,733,0.3457
20260918,B 红0.5秒后全黑,0.82,1,0,0,1346,1,431,1440,746,0.3504
20260918,B 红0.5秒后全黑,0.84,1,0,0,1346,1,440,1440,765,0.3545
20260918,B 红0.5秒后全黑,0.86,1,0,0,1346,1,442,1440,787,0.3562
20260918,B 红0.5秒后全黑,0.88,1,0,0,1346,1,442,1440,785,0.3554
20260918,B 红0.5秒后全黑,0.90,1,0,0,1346,1,432,1440,770,0.3523
20260918,B 红0.5秒后全黑,0.92,1,0,0,1346,1,442,1440,779,0.3456
20260918,B 红0.5秒后全黑,0.94,1,0,0,1346,1,440,1440,787,0.3384
20260918,B 红0.5秒后全黑,0.96,1,0,0,1346,1,443,1440,780,0.3347
20260918,B 红0.5秒后全黑,0.98,1,0,0,1346,1,434,1440,765,0.3336
20260918,B 红0.5秒后全黑,1.00,1,0,0,1346,1,439,1440,780,0.3353
20260918,B 红0.5秒后全黑,1.02,1,0,0,1346,1,428,1440,777,0.3385
20260918,B 红0.5秒后全黑,1.04,1,0,0,1346,1,428,1440,795,0.3412
20260918,B 红0.5秒后全黑,1.06,1,0,0,1346,1,414,1440,778,0.3432
20260918,B 红0.5秒后全黑,1.08,1,0,0,1346,1,426,1440,792,0.3435
20260918,B 红0.5秒后全黑,1.10,1,0,0,1346,1,420,1440,781,0.3431
20260918,B 红0.5秒后全黑,1.12,1,0,0,1346,1,431,1440,781,0.3438
20260918,B 红0.5秒后全黑,1.14,1,0,0,1346,1,417,1440,772,0.3452
20260918,B 红0.5秒后全黑,1.16,1,0,0,1346,1,423,1440,767,0.3467
20260918,B 红0.5秒后全黑,1.18,1,0,0,1346,1,435,1440,791,0.3480
20260918,B 红0.5秒后全黑,1.20,1,0,0,1346,1,432,1440,779,0.3495
20260918,B 红0.5秒后全黑,1.22,1,0,0,1346,1,424,1440,773,0.3521
20260918,B 红0.5秒后全黑,1.24,1,0,0,1346,1,425,1440,788,0.3560
20260918,B 红0.5秒后全黑,1.26,1,0,0,1346,1,412,1440,781,0.3586
20260918,B 红0.5秒后全黑,1.28,1,0,0,1346,1,418,1440,779,0.3596
20260918,B 红0.5秒后全黑,1.30,1,0,0,1346,1,409,1440,768,0.3600
20260918,B 红0.5秒后全黑,1.32,1,0,0,1346,1,407,1440,764,0.3581
20260918,B 红0.5秒后全黑,1.34,1,0,0,1346,1,412,1440,773,0.3542
20260918,B 红0.5秒后全黑,1.36,1,0,0,1346,1,413,1440,785,0.3488
20260918,B 红0.5秒后全黑,1.38,1,0,0,1346,1,414,1440,784,0.3463
20260918,B 红0.5秒后全黑,1.40,1,0,0,1346,1,421,1440,789,0.3485
20260918,B 红0.5秒后全黑,1.42,1,0,0,1346,1,416,1440,789,0.3527
20260918,B 红0.5秒后全黑,1.44,1,0,0,1346,1,415,1440,782,0.3560
20260918,B 红0.5秒后全黑,1.46,1,0,0,1346,1,408,1440,767,0.3566
20260918,B 红0.5秒后全黑,1.48,1,0,0,1346,1,413,1440,791,0.3552
20260918,B 红0.5秒后全黑,1.50,1,0,0,1346,1,409,1440,759,0.3527
20260918,B 红0.5秒后全黑,1.52,1,0,0,1346,1,422,1440,793,0.3500
20260918,B 红0.5秒后全黑,1.54,1,0,0,1346,1,409,1440,762,0.3479
20260918,B 红0.5秒后全黑,1.56,1,0,0,1346,1,424,1440,783,0.3448
20260918,B 红0.5秒后全黑,1.58,1,0,0,1346,1,416,1440,767,0.3410
20260918,B 红0.5秒后全黑,1.60,1,0,0,1346,1,415,1440,782,0.3389
20260918,B 红0.5秒后全黑,1.62,1,0,0,1346,1,421,1440,786,0.3403
20260918,B 红0.5秒后全黑,1.64,1,0,0,1346,1,412,1440,762,0.3415
20260918,B 红0.5秒后全黑,1.66,1,0,0,1346,1,408,1440,776,0.3417
20260918,B 红0.5秒后全黑,1.68,1,0,0,1346,1,418,1440,778,0.3411
20260918,B 红0.5秒后全黑,1.70,1,0,0,1346,1,419,1440,782,0.3406
20260918,B 红0.5秒后全黑,1.72,1,0,0,1346,1,419,1440,776,0.3432
20260918,B 红0.5秒后全黑,1.74,1,0,0,1346,1,420,1440,770,0.3477
20260918,B 红0.5秒后全黑,1.76,1,0,0,1346,1,421,1440,777,0.3512
20260918,B 红0.5秒后全黑,1.78,1,0,0,1346,1,424,1440,772,0.3534
20260918,B 红0.5秒后全黑,1.80,1,0,0,1346,1,417,1440,776,0.3548
20260918,B 红0.5秒后全黑,1.82,1,0,0,1346,1,406,1440,758,0.3552
20260918,B 红0.5秒后全黑,1.84,1,0,0,1346,1,411,1440,768,0.3560
20260918,B 红0.5秒后全黑,1.86,1,0,0,1346,1,416,1440,785,0.3556
20260918,B 红0.5秒后全黑,1.88,1,0,0,1346,1,406,1440,761,0.3523
20260918,B 红0.5秒后全黑,1.90,1,0,0,1346,1,410,1440,753,0.3473
20260918,B 红0.5秒后全黑,1.92,1,0,0,1346,1,413,1440,761,0.3405
20260918,B 红0.5秒后全黑,1.94,1,0,0,1346,1,423,1440,773,0.3379
20260918,B 红0.5秒后全黑,1.96,1,0,0,1346,1,426,1440,780,0.3364
20260918,B 红0.5秒后全黑,1.98,1,0,0,1346,1,423,1440,762,0.3350
20260918,B 红0.5秒后全黑,2.00,1,0,0,1346,1,437,1440,783,0.3355
20260918,B 红0.5秒后全黑,2.02,1,0,0,1346,1,431,1440,777,0.3383
20260918,B 红0.5秒后全黑,2.04,1,0,0,1346,1,419,1440,773,0.3423
20260918,B 红0.5秒后全黑,2.06,1,0,0,1346,1,425,1440,785,0.3453
20260918,B 红0.5秒后全黑,2.08,1,0,0,1346,1,422,1440,776,0.3472
20260918,B 红0.5秒后全黑,2.10,1,0,0,1346,1,412,1440,770,0.3477
20260918,B 红0.5秒后全黑,2.12,1,0,0,1346,1,409,1440,756,0.3468
20260918,B 红0.5秒后全黑,2.14,1,0,0,1346,1,418,1440,760,0.3456
20260918,B 红0.5秒后全黑,2.16,1,0,0,1346,1,412,1440,775,0.3432
20260918,B 红0.5秒后全黑,2.18,1,0,0,1346,1,400,1440,759,0.3402
20260918,B 红0.5秒后全黑,2.20,1,0,0,1346,1,403,1440,772,0.3417
20260918,B 红0.5秒后全黑,2.22,1,0,0,1346,1,399,1440,771,0.3442
20260918,B 红0.5秒后全黑,2.24,1,0,0,1346,1,400,1440,769,0.3446
20260918,B 红0.5秒后全黑,2.26,1,0,0,1346,1,407,1440,759,0.3442
20260918,B 红0.5秒后全黑,2.28,1,0,0,1346,1,422,1440,776,0.3436
20260918,B 红0.5秒后全黑,2.30,1,0,0,1346,1,416,1440,782,0.3433
20260918,B 红0.5秒后全黑,2.32,1,0,0,1346,1,410,1440,787,0.3465
20260918,B 红0.5秒后全黑,2.34,1,0,0,1346,1,396,1440,751,0.3505
20260918,B 红0.5秒后全黑,2.36,1,0,0,1346,1,402,1440,753,0.3519
20260918,B 红0.5秒后全黑,2.38,1,0,0,1346,1,402,1440,764,0.3522
20260918,B 红0.5秒后全黑,2.40,1,0,0,1346,1,400,1440,767,0.3508
20260918,B 红0.5秒后全黑,2.42,1,0,0,1346,1,402,1440,770,0.3496
20260918,B 红0.5秒后全黑,2.44,1,0,0,1346,1,410,1440,767,0.3494
20260918,B 红0.5秒后全黑,2.46,1,0,0,1346,1,414,1440,782,0.3475
20260918,B 红0.5秒后全黑,2.48,1,0,0,1346,1,400,1440,763,0.3443
20260918,B 红0.5秒后全黑,2.50,1,0,0,1346,1,403,1440,775,0.3446
20260918,B 红0.5秒后全黑,2.52,1,0,0,1346,1,408,1440,765,0.3444
20260918,B 红0.5秒后全黑,2.54,1,0,0,1346,1,412,1440,759,0.3439
20260918,B 红0.5秒后全黑,2.56,1,0,0,1346,1,412,1440,779,0.3423
20260918,B 红0.5秒后全黑,2.58,1,0,0,1346,1,415,1440,762,0.3401
20260918,B 红0.5秒后全黑,2.60,1,0,0,1346,1,418,1440,767,0.3394
20260918,B 红0.5秒后全黑,2.62,1,0,0,1346,1,431,1440,772,0.3434
20260918,B 红0.5秒后全黑,2.64,1,0,0,1346,1,416,1440,756,0.3486
20260918,B 红0.5秒后全黑,2.66,1,0,0,1346,1,422,1440,775,0.3519
20260918,B 红0.5秒后全黑,2.68,1,0,0,1346,1,430,1440,772,0.3535
20260918,B 红0.5秒后全黑,2.70,1,0,0,1346,1,425,1440,756,0.3527
20260918,B 红0.5秒后全黑,2.72,1,0,0,1346,1,424,1440,770,0.3507
20260918,B 红0.5秒后全黑,2.74,1,0,0,1346,1,419,1440,767,0.3490
20260918,B 红0.5秒后全黑,2.76,1,0,0,1346,1,414,1440,768,0.3467
20260918,B 红0.5秒后全黑,2.78,1,0,0,1346,1,418,1440,746,0.3433
20260918,B 红0.5秒后全黑,2.80,1,0,0,1346,1,412,1440,757,0.3422
20260918,B 红0.5秒后全黑,2.82,1,0,0,1346,1,410,1440,754,0.3439
20260918,B 红0.5秒后全黑,2.84,1,0,0,1346,1,418,1440,764,0.3459
20260918,B 红0.5秒后全黑,2.86,1,0,0,1346,1,418,1440,762,0.3469
20260918,B 红0.5秒后全黑,2.88,1,0,0,1346,1,422,1440,780,0.3474
20260918,B 红0.5秒后全黑,2.90,1,0,0,1346,1,411,1440,771,0.3456
20260918,B 红0.5秒后全黑,2.92,1,0,0,1346,1,409,1440,757,0.3451
20260918,B 红0.5秒后全黑,2.94,1,0,0,1346,1,416,1440,755,0.3467
20260918,B 红0.5秒后全黑,2.96,1,0,0,1346,1,421,1440,751,0.3485
20260918,B 红0.5秒后全黑,2.98,1,0,0,1346,1,428,1440,766,0.3481
20260918,C 同B+1.0秒打断运动记忆,0.00,0,1,1346,1346,1,1435,1440,1435,0.2607
20260918,C 同B+1.0秒打断运动记忆,0.02,1,1,1346,1346,1,1430,1440,1450,0.2565
20260918,C 同B+1.0秒打断运动记忆,0.04,1,1,1346,1346,1,1437,1440,1464,0.2513
20260918,C 同B+1.0秒打断运动记忆,0.06,1,1,1346,1346,1,1436,1440,1458,0.2552
20260918,C 同B+1.0秒打断运动记忆,0.08,1,1,1346,1346,1,1438,1440,1454,0.2664
20260918,C 同B+1.0秒打断运动记忆,0.10,1,1,1346,1346,1,1438,1440,1468,0.2790
20260918,C 同B+1.0秒打断运动记忆,0.12,1,1,1346,1346,1,1434,1440,1454,0.2904
20260918,C 同B+1.0秒打断运动记忆,0.14,1,1,1346,1346,1,1434,1440,1458,0.3011
20260918,C 同B+1.0秒打断运动记忆,0.16,1,1,1346,1346,1,1434,1440,1461,0.3108
20260918,C 同B+1.0秒打断运动记忆,0.18,1,1,1346,1346,1,1434,1440,1462,0.3192
20260918,C 同B+1.0秒打断运动记忆,0.20,1,1,1346,1346,1,1434,1440,1462,0.3273
20260918,C 同B+1.0秒打断运动记忆,0.22,1,1,1346,1346,1,1434,1440,1460,0.3349
20260918,C 同B+1.0秒打断运动记忆,0.24,1,1,1346,1346,1,1434,1440,1461,0.3413
20260918,C 同B+1.0秒打断运动记忆,0.26,1,1,1346,1346,1,1434,1440,1463,0.3457
20260918,C 同B+1.0秒打断运动记忆,0.28,1,1,1346,1346,1,1436,1440,1461,0.3485
20260918,C 同B+1.0秒打断运动记忆,0.30,1,1,1346,1346,1,1434,1440,1456,0.3501
20260918,C 同B+1.0秒打断运动记忆,0.32,1,1,1346,1346,1,1435,1440,1462,0.3518
20260918,C 同B+1.0秒打断运动记忆,0.34,1,1,1346,1346,1,1434,1440,1457,0.3526
20260918,C 同B+1.0秒打断运动记忆,0.36,1,1,1346,1346,1,1436,1440,1467,0.3525
20260918,C 同B+1.0秒打断运动记忆,0.38,1,1,1346,1346,1,1435,1440,1461,0.3509
20260918,C 同B+1.0秒打断运动记忆,0.40,1,1,1346,1346,1,1435,1440,1462,0.3477
20260918,C 同B+1.0秒打断运动记忆,0.42,1,1,1346,1346,1,1434,1440,1460,0.3416
20260918,C 同B+1.0秒打断运动记忆,0.44,1,1,1346,1346,1,1434,1440,1458,0.3371
20260918,C 同B+1.0秒打断运动记忆,0.46,1,1,1346,1346,1,1433,1440,1460,0.3367
20260918,C 同B+1.0秒打断运动记忆,0.48,1,1,1346,1346,1,1433,1440,1466,0.3384
20260918,C 同B+1.0秒打断运动记忆,0.50,1,0,0,1346,1,91,1440,122,0.3404
20260918,C 同B+1.0秒打断运动记忆,0.52,1,0,0,1346,1,103,1440,150,0.3427
20260918,C 同B+1.0秒打断运动记忆,0.54,1,0,0,1346,1,114,1440,169,0.3465
20260918,C 同B+1.0秒打断运动记忆,0.56,1,0,0,1346,1,125,1440,199,0.3501
20260918,C 同B+1.0秒打断运动记忆,0.58,1,0,0,1346,1,150,1440,240,0.3532
20260918,C 同B+1.0秒打断运动记忆,0.60,1,0,0,1346,1,163,1440,259,0.3565
20260918,C 同B+1.0秒打断运动记忆,0.62,1,0,0,1346,1,189,1440,296,0.3593
20260918,C 同B+1.0秒打断运动记忆,0.64,1,0,0,1346,1,209,1440,339,0.3613
20260918,C 同B+1.0秒打断运动记忆,0.66,1,0,0,1346,1,235,1440,377,0.3614
20260918,C 同B+1.0秒打断运动记忆,0.68,1,0,0,1346,1,268,1440,419,0.3585
20260918,C 同B+1.0秒打断运动记忆,0.70,1,0,0,1346,1,300,1440,473,0.3541
20260918,C 同B+1.0秒打断运动记忆,0.72,1,0,0,1346,1,326,1440,525,0.3481
20260918,C 同B+1.0秒打断运动记忆,0.74,1,0,0,1346,1,350,1440,578,0.3417
20260918,C 同B+1.0秒打断运动记忆,0.76,1,0,0,1346,1,370,1440,642,0.3395
20260918,C 同B+1.0秒打断运动记忆,0.78,1,0,0,1346,1,403,1440,696,0.3418
20260918,C 同B+1.0秒打断运动记忆,0.80,1,0,0,1346,1,430,1440,733,0.3457
20260918,C 同B+1.0秒打断运动记忆,0.82,1,0,0,1346,1,431,1440,746,0.3504
20260918,C 同B+1.0秒打断运动记忆,0.84,1,0,0,1346,1,440,1440,765,0.3545
20260918,C 同B+1.0秒打断运动记忆,0.86,1,0,0,1346,1,442,1440,787,0.3562
20260918,C 同B+1.0秒打断运动记忆,0.88,1,0,0,1346,1,442,1440,785,0.3554
20260918,C 同B+1.0秒打断运动记忆,0.90,1,0,0,1346,1,432,1440,770,0.3523
20260918,C 同B+1.0秒打断运动记忆,0.92,1,0,0,1346,1,442,1440,779,0.3456
20260918,C 同B+1.0秒打断运动记忆,0.94,1,0,0,1346,1,440,1440,787,0.3384
20260918,C 同B+1.0秒打断运动记忆,0.96,1,0,0,1346,1,443,1440,780,0.3347
20260918,C 同B+1.0秒打断运动记忆,0.98,1,0,0,1346,1,434,1440,765,0.3336
20260918,C 同B+1.0秒打断运动记忆,1.00,1,0,0,1346,1,439,1440,780,0.3353
20260918,C 同B+1.0秒打断运动记忆,1.02,0,0,0,1346,1,428,1440,776,0.3369
20260918,C 同B+1.0秒打断运动记忆,1.04,0,0,0,1346,1,428,1440,797,0.3348
20260918,C 同B+1.0秒打断运动记忆,1.06,0,0,0,1346,1,419,1440,785,0.3279
20260918,C 同B+1.0秒打断运动记忆,1.08,0,0,0,1346,1,423,1440,790,0.3169
20260918,C 同B+1.0秒打断运动记忆,1.10,0,0,0,1346,1,428,1440,776,0.3030
20260918,C 同B+1.0秒打断运动记忆,1.12,0,0,0,1346,1,443,1440,798,0.2847
20260918,C 同B+1.0秒打断运动记忆,1.14,0,0,0,1346,1,419,1440,764,0.2664
20260918,C 同B+1.0秒打断运动记忆,1.16,0,0,0,1346,1,428,1440,767,0.2455
20260918,C 同B+1.0秒打断运动记忆,1.18,0,0,0,1346,1,440,1440,787,0.2300
20260918,C 同B+1.0秒打断运动记忆,1.20,0,0,0,1346,1,443,1440,779,0.2145
20260918,C 同B+1.0秒打断运动记忆,1.22,0,0,0,1346,1,441,1440,797,0.2055
20260918,C 同B+1.0秒打断运动记忆,1.24,0,0,0,1346,1,428,1440,788,0.2063
20260918,C 同B+1.0秒打断运动记忆,1.26,0,0,0,1346,1,425,1440,771,0.2086
20260918,C 同B+1.0秒打断运动记忆,1.28,0,0,0,1346,1,447,1440,798,0.2097
20260918,C 同B+1.0秒打断运动记忆,1.30,0,0,0,1346,1,432,1440,770,0.2092
20260918,C 同B+1.0秒打断运动记忆,1.32,0,0,0,1346,1,433,1440,794,0.2074
20260918,C 同B+1.0秒打断运动记忆,1.34,0,0,0,1346,1,428,1440,781,0.2039
20260918,C 同B+1.0秒打断运动记忆,1.36,0,0,0,1346,1,431,1440,778,0.1986
20260918,C 同B+1.0秒打断运动记忆,1.38,0,0,0,1346,1,434,1440,788,0.1945
20260918,C 同B+1.0秒打断运动记忆,1.40,0,0,0,1346,1,430,1440,774,0.1899
20260918,C 同B+1.0秒打断运动记忆,1.42,0,0,0,1346,1,421,1440,777,0.1865
20260918,C 同B+1.0秒打断运动记忆,1.44,0,0,0,1346,1,422,1440,779,0.1914
20260918,C 同B+1.0秒打断运动记忆,1.46,0,0,0,1346,1,410,1440,772,0.1965
20260918,C 同B+1.0秒打断运动记忆,1.48,0,0,0,1346,1,417,1440,781,0.1976
20260918,C 同B+1.0秒打断运动记忆,1.50,0,0,0,1346,1,435,1440,768,0.1954
20260918,C 同B+1.0秒打断运动记忆,1.52,0,0,0,1346,1,438,1440,804,0.1940
20260918,C 同B+1.0秒打断运动记忆,1.54,0,0,0,1346,1,422,1440,783,0.1929
20260918,C 同B+1.0秒打断运动记忆,1.56,0,0,0,1346,1,427,1440,793,0.1951
20260918,C 同B+1.0秒打断运动记忆,1.58,0,0,0,1346,1,417,1440,771,0.1968
20260918,C 同B+1.0秒打断运动记忆,1.60,0,0,0,1346,1,433,1440,792,0.1969
20260918,C 同B+1.0秒打断运动记忆,1.62,0,0,0,1346,1,441,1440,785,0.1983
20260918,C 同B+1.0秒打断运动记忆,1.64,0,0,0,1346,1,437,1440,798,0.2004
20260918,C 同B+1.0秒打断运动记忆,1.66,0,0,0,1346,1,417,1440,777,0.2030
20260918,C 同B+1.0秒打断运动记忆,1.68,0,0,0,1346,1,445,1440,802,0.2077
20260918,C 同B+1.0秒打断运动记忆,1.70,0,0,0,1346,1,444,1440,798,0.2108
20260918,C 同B+1.0秒打断运动记忆,1.72,0,0,0,1346,1,430,1440,773,0.2124
20260918,C 同B+1.0秒打断运动记忆,1.74,0,0,0,1346,1,440,1440,803,0.2109
20260918,C 同B+1.0秒打断运动记忆,1.76,0,0,0,1346,1,427,1440,784,0.2057
20260918,C 同B+1.0秒打断运动记忆,1.78,0,0,0,1346,1,421,1440,779,0.1984
20260918,C 同B+1.0秒打断运动记忆,1.80,0,0,0,1346,1,414,1440,774,0.1976
20260918,C 同B+1.0秒打断运动记忆,1.82,0,0,0,1346,1,426,1440,756,0.2056
20260918,C 同B+1.0秒打断运动记忆,1.84,0,0,0,1346,1,437,1440,791,0.2142
20260918,C 同B+1.0秒打断运动记忆,1.86,0,0,0,1346,1,429,1440,798,0.2187
20260918,C 同B+1.0秒打断运动记忆,1.88,0,0,0,1346,1,406,1440,769,0.2196
20260918,C 同B+1.0秒打断运动记忆,1.90,0,0,0,1346,1,411,1440,767,0.2166
20260918,C 同B+1.0秒打断运动记忆,1.92,0,0,0,1346,1,426,1440,775,0.2098
20260918,C 同B+1.0秒打断运动记忆,1.94,0,0,0,1346,1,418,1440,773,0.1991
20260918,C 同B+1.0秒打断运动记忆,1.96,0,0,0,1346,1,429,1440,794,0.1866
20260918,C 同B+1.0秒打断运动记忆,1.98,0,0,0,1346,1,433,1440,771,0.1868
20260918,C 同B+1.0秒打断运动记忆,2.00,0,0,0,1346,1,441,1440,784,0.1938
20260918,C 同B+1.0秒打断运动记忆,2.02,0,0,0,1346,1,441,1440,792,0.2000
20260918,C 同B+1.0秒打断运动记忆,2.04,0,0,0,1346,1,429,1440,793,0.2040
20260918,C 同B+1.0秒打断运动记忆,2.06,0,0,0,1346,1,425,1440,785,0.2062
20260918,C 同B+1.0秒打断运动记忆,2.08,0,0,0,1346,1,439,1440,801,0.2081
20260918,C 同B+1.0秒打断运动记忆,2.10,0,0,0,1346,1,427,1440,786,0.2118
20260918,C 同B+1.0秒打断运动记忆,2.12,0,0,0,1346,1,418,1440,768,0.2123
20260918,C 同B+1.0秒打断运动记忆,2.14,0,0,0,1346,1,430,1440,782,0.2123
20260918,C 同B+1.0秒打断运动记忆,2.16,0,0,0,1346,1,431,1440,777,0.2113
20260918,C 同B+1.0秒打断运动记忆,2.18,0,0,0,1346,1,439,1440,777,0.2136
20260918,C 同B+1.0秒打断运动记忆,2.20,0,0,0,1346,1,434,1440,780,0.2137
20260918,C 同B+1.0秒打断运动记忆,2.22,0,0,0,1346,1,432,1440,779,0.2114
20260918,C 同B+1.0秒打断运动记忆,2.24,0,0,0,1346,1,434,1440,780,0.2100
20260918,C 同B+1.0秒打断运动记忆,2.26,0,0,0,1346,1,431,1440,778,0.2069
20260918,C 同B+1.0秒打断运动记忆,2.28,0,0,0,1346,1,435,1440,787,0.2001
20260918,C 同B+1.0秒打断运动记忆,2.30,0,0,0,1346,1,431,1440,767,0.1925
20260918,C 同B+1.0秒打断运动记忆,2.32,0,0,0,1346,1,428,1440,768,0.1877
20260918,C 同B+1.0秒打断运动记忆,2.34,0,0,0,1346,1,441,1440,768,0.1860
20260918,C 同B+1.0秒打断运动记忆,2.36,0,0,0,1346,1,438,1440,785,0.1852
20260918,C 同B+1.0秒打断运动记忆,2.38,0,0,0,1346,1,433,1440,787,0.1856
20260918,C 同B+1.0秒打断运动记忆,2.40,0,0,0,1346,1,428,1440,763,0.1856
20260918,C 同B+1.0秒打断运动记忆,2.42,0,0,0,1346,1,434,1440,772,0.1846
20260918,C 同B+1.0秒打断运动记忆,2.44,0,0,0,1346,1,434,1440,763,0.1844
20260918,C 同B+1.0秒打断运动记忆,2.46,0,0,0,1346,1,441,1440,788,0.1844
20260918,C 同B+1.0秒打断运动记忆,2.48,0,0,0,1346,1,433,1440,782,0.1844
20260918,C 同B+1.0秒打断运动记忆,2.50,0,0,0,1346,1,433,1440,788,0.1843
20260918,C 同B+1.0秒打断运动记忆,2.52,0,0,0,1346,1,428,1440,765,0.1843
20260918,C 同B+1.0秒打断运动记忆,2.54,0,0,0,1346,1,445,1440,774,0.1843
20260918,C 同B+1.0秒打断运动记忆,2.56,0,0,0,1346,1,445,1440,772,0.1843
20260918,C 同B+1.0秒打断运动记忆,2.58,0,0,0,1346,1,441,1440,782,0.1843
20260918,C 同B+1.0秒打断运动记忆,2.60,0,0,0,1346,1,438,1440,779,0.1842
20260918,C 同B+1.0秒打断运动记忆,2.62,0,0,0,1346,1,443,1440,777,0.1842
20260918,C 同B+1.0秒打断运动记忆,2.64,0,0,0,1346,1,444,1440,791,0.1842
20260918,C 同B+1.0秒打断运动记忆,2.66,0,0,0,1346,1,439,1440,789,0.1842
20260918,C 同B+1.0秒打断运动记忆,2.68,0,0,0,1346,1,440,1440,780,0.1842
20260918,C 同B+1.0秒打断运动记忆,2.70,0,0,0,1346,1,445,1440,785,0.1842
20260918,C 同B+1.0秒打断运动记忆,2.72,0,0,0,1346,1,448,1440,790,0.1842
20260918,C 同B+1.0秒打断运动记忆,2.74,0,0,0,1346,1,436,1440,771,0.1842
20260918,C 同B+1.0秒打断运动记忆,2.76,0,0,0,1346,1,438,1440,774,0.1842
20260918,C 同B+1.0秒打断运动记忆,2.78,0,0,0,1346,1,431,1440,765,0.1842
20260918,C 同B+1.0秒打断运动记忆,2.80,0,0,0,1346,1,456,1440,801,0.1841
20260918,C 同B+1.0秒打断运动记忆,2.82,0,0,0,1346,1,432,1440,771,0.1841
20260918,C 同B+1.0秒打断运动记忆,2.84,0,0,0,1346,1,435,1440,778,0.1841
20260918,C 同B+1.0秒打断运动记忆,2.86,0,0,0,1346,1,448,1440,781,0.1841
20260918,C 同B+1.0秒打断运动记忆,2.88,0,0,0,1346,1,447,1440,769,0.1841
20260918,C 同B+1.0秒打断运动记忆,2.90,0,0,0,1346,1,448,1440,784,0.1841
20260918,C 同B+1.0秒打断运动记忆,2.92,0,0,0,1346,1,441,1440,767,0.1841
20260918,C 同B+1.0秒打断运动记忆,2.94,0,0,0,1346,1,445,1440,780,0.1841
20260918,C 同B+1.0秒打断运动记忆,2.96,0,0,0,1346,1,441,1440,773,0.1841
20260918,C 同B+1.0秒打断运动记忆,2.98,0,0,0,1346,1,448,1440,774,0.1841
20260918,D 一直黑+1.0秒同样打断,0.00,0,0,0,1346,1,7,1440,7,0.2607
20260918,D 一直黑+1.0秒同样打断,0.02,0,0,0,1346,1,7,1440,15,0.2561
20260918,D 一直黑+1.0秒同样打断,0.04,0,0,0,1346,1,8,1440,18,0.2477
20260918,D 一直黑+1.0秒同样打断,0.06,0,0,0,1346,1,8,1440,26,0.2343
20260918,D 一直黑+1.0秒同样打断,0.08,0,0,0,1346,1,10,1440,24,0.2179
20260918,D 一直黑+1.0秒同样打断,0.10,0,0,0,1346,1,11,1440,28,0.2040
20260918,D 一直黑+1.0秒同样打断,0.12,0,0,0,1346,1,13,1440,36,0.1984
20260918,D 一直黑+1.0秒同样打断,0.14,0,0,0,1346,1,14,1440,44,0.2019
20260918,D 一直黑+1.0秒同样打断,0.16,0,0,0,1346,1,15,1440,42,0.2137
20260918,D 一直黑+1.0秒同样打断,0.18,0,0,0,1346,1,17,1440,38,0.2233
20260918,D 一直黑+1.0秒同样打断,0.20,0,0,0,1346,1,19,1440,45,0.2283
20260918,D 一直黑+1.0秒同样打断,0.22,0,0,0,1346,1,21,1440,44,0.2295
20260918,D 一直黑+1.0秒同样打断,0.24,0,0,0,1346,1,23,1440,45,0.2265
20260918,D 一直黑+1.0秒同样打断,0.26,0,0,0,1346,1,25,1440,47,0.2201
20260918,D 一直黑+1.0秒同样打断,0.28,0,0,0,1346,1,27,1440,57,0.2143
20260918,D 一直黑+1.0秒同样打断,0.30,0,0,0,1346,1,29,1440,57,0.2081
20260918,D 一直黑+1.0秒同样打断,0.32,0,0,0,1346,1,30,1440,61,0.2000
20260918,D 一直黑+1.0秒同样打断,0.34,0,0,0,1346,1,31,1440,60,0.1902
20260918,D 一直黑+1.0秒同样打断,0.36,0,0,0,1346,1,32,1440,58,0.1852
20260918,D 一直黑+1.0秒同样打断,0.38,0,0,0,1346,1,33,1440,57,0.1844
20260918,D 一直黑+1.0秒同样打断,0.40,0,0,0,1346,1,34,1440,60,0.1855
20260918,D 一直黑+1.0秒同样打断,0.42,0,0,0,1346,1,35,1440,61,0.1866
20260918,D 一直黑+1.0秒同样打断,0.44,0,0,0,1346,1,36,1440,61,0.1870
20260918,D 一直黑+1.0秒同样打断,0.46,0,0,0,1346,1,37,1440,60,0.1864
20260918,D 一直黑+1.0秒同样打断,0.48,0,0,0,1346,1,38,1440,62,0.1850
20260918,D 一直黑+1.0秒同样打断,0.50,0,0,0,1346,1,39,1440,67,0.1891
20260918,D 一直黑+1.0秒同样打断,0.52,0,0,0,1346,1,40,1440,67,0.1965
20260918,D 一直黑+1.0秒同样打断,0.54,0,0,0,1346,1,41,1440,72,0.2005
20260918,D 一直黑+1.0秒同样打断,0.56,0,0,0,1346,1,42,1440,70,0.2006
20260918,D 一直黑+1.0秒同样打断,0.58,0,0,0,1346,1,43,1440,70,0.1968
20260918,D 一直黑+1.0秒同样打断,0.60,0,0,0,1346,1,44,1440,72,0.1899
20260918,D 一直黑+1.0秒同样打断,0.62,0,0,0,1346,1,45,1440,80,0.1902
20260918,D 一直黑+1.0秒同样打断,0.64,0,0,0,1346,1,46,1440,86,0.1967
20260918,D 一直黑+1.0秒同样打断,0.66,0,0,0,1346,1,47,1440,91,0.2026
20260918,D 一直黑+1.0秒同样打断,0.68,0,0,0,1346,1,49,1440,87,0.2064
20260918,D 一直黑+1.0秒同样打断,0.70,0,0,0,1346,1,51,1440,96,0.2085
20260918,D 一直黑+1.0秒同样打断,0.72,0,0,0,1346,1,53,1440,96,0.2113
20260918,D 一直黑+1.0秒同样打断,0.74,0,0,0,1346,1,55,1440,102,0.2140
20260918,D 一直黑+1.0秒同样打断,0.76,0,0,0,1346,1,56,1440,108,0.2132
20260918,D 一直黑+1.0秒同样打断,0.78,0,0,0,1346,1,57,1440,107,0.2106
20260918,D 一直黑+1.0秒同样打断,0.80,0,0,0,1346,1,58,1440,114,0.2067
20260918,D 一直黑+1.0秒同样打断,0.82,0,0,0,1346,1,59,1440,117,0.2007
20260918,D 一直黑+1.0秒同样打断,0.84,0,0,0,1346,1,60,1440,124,0.1950
20260918,D 一直黑+1.0秒同样打断,0.86,0,0,0,1346,1,61,1440,117,0.1909
20260918,D 一直黑+1.0秒同样打断,0.88,0,0,0,1346,1,62,1440,113,0.1875
20260918,D 一直黑+1.0秒同样打断,0.90,0,0,0,1346,1,63,1440,115,0.1861
20260918,D 一直黑+1.0秒同样打断,0.92,0,0,0,1346,1,64,1440,115,0.1860
20260918,D 一直黑+1.0秒同样打断,0.94,0,0,0,1346,1,65,1440,118,0.1859
20260918,D 一直黑+1.0秒同样打断,0.96,0,0,0,1346,1,66,1440,120,0.1853
20260918,D 一直黑+1.0秒同样打断,0.98,0,0,0,1346,1,68,1440,120,0.1847
20260918,D 一直黑+1.0秒同样打断,1.00,0,0,0,1346,1,70,1440,122,0.1847
20260918,D 一直黑+1.0秒同样打断,1.02,0,0,0,1346,1,72,1440,125,0.1846
20260918,D 一直黑+1.0秒同样打断,1.04,0,0,0,1346,1,74,1440,127,0.1844
20260918,D 一直黑+1.0秒同样打断,1.06,0,0,0,1346,1,76,1440,134,0.1844
20260918,D 一直黑+1.0秒同样打断,1.08,0,0,0,1346,1,78,1440,138,0.1844
20260918,D 一直黑+1.0秒同样打断,1.10,0,0,0,1346,1,79,1440,142,0.1844
20260918,D 一直黑+1.0秒同样打断,1.12,0,0,0,1346,1,80,1440,145,0.1844
20260918,D 一直黑+1.0秒同样打断,1.14,0,0,0,1346,1,81,1440,148,0.1844
20260918,D 一直黑+1.0秒同样打断,1.16,0,0,0,1346,1,82,1440,151,0.1844
20260918,D 一直黑+1.0秒同样打断,1.18,0,0,0,1346,1,84,1440,155,0.1844
20260918,D 一直黑+1.0秒同样打断,1.20,0,0,0,1346,1,86,1440,158,0.1844
20260918,D 一直黑+1.0秒同样打断,1.22,0,0,0,1346,1,89,1440,162,0.1844
20260918,D 一直黑+1.0秒同样打断,1.24,0,0,0,1346,1,92,1440,166,0.1844
20260918,D 一直黑+1.0秒同样打断,1.26,0,0,0,1346,1,95,1440,170,0.1844
20260918,D 一直黑+1.0秒同样打断,1.28,0,0,0,1346,1,98,1440,174,0.1844
20260918,D 一直黑+1.0秒同样打断,1.30,0,0,0,1346,1,101,1440,178,0.1844
20260918,D 一直黑+1.0秒同样打断,1.32,0,0,0,1346,1,102,1440,180,0.1844
20260918,D 一直黑+1.0秒同样打断,1.34,0,0,0,1346,1,104,1440,183,0.1844
20260918,D 一直黑+1.0秒同样打断,1.36,0,0,0,1346,1,106,1440,186,0.1844
20260918,D 一直黑+1.0秒同样打断,1.38,0,0,0,1346,1,108,1440,189,0.1844
20260918,D 一直黑+1.0秒同样打断,1.40,0,0,0,1346,1,110,1440,194,0.1844
20260918,D 一直黑+1.0秒同样打断,1.42,0,0,0,1346,1,113,1440,200,0.1844
20260918,D 一直黑+1.0秒同样打断,1.44,0,0,0,1346,1,116,1440,203,0.1844
20260918,D 一直黑+1.0秒同样打断,1.46,0,0,0,1346,1,119,1440,208,0.1844
20260918,D 一直黑+1.0秒同样打断,1.48,0,0,0,1346,1,122,1440,212,0.1844
20260918,D 一直黑+1.0秒同样打断,1.50,0,0,0,1346,1,125,1440,216,0.1844
20260918,D 一直黑+1.0秒同样打断,1.52,0,0,0,1346,1,127,1440,219,0.1844
20260918,D 一直黑+1.0秒同样打断,1.54,0,0,0,1346,1,129,1440,222,0.1844
20260918,D 一直黑+1.0秒同样打断,1.56,0,0,0,1346,1,131,1440,222,0.1844
20260918,D 一直黑+1.0秒同样打断,1.58,0,0,0,1346,1,133,1440,226,0.1844
20260918,D 一直黑+1.0秒同样打断,1.60,0,0,0,1346,1,135,1440,232,0.1844
20260918,D 一直黑+1.0秒同样打断,1.62,0,0,0,1346,1,136,1440,235,0.1844
20260918,D 一直黑+1.0秒同样打断,1.64,0,0,0,1346,1,137,1440,238,0.1844
20260918,D 一直黑+1.0秒同样打断,1.66,0,0,0,1346,1,138,1440,242,0.1844
20260918,D 一直黑+1.0秒同样打断,1.68,0,0,0,1346,1,139,1440,245,0.1844
20260918,D 一直黑+1.0秒同样打断,1.70,0,0,0,1346,1,140,1440,248,0.1844
20260918,D 一直黑+1.0秒同样打断,1.72,0,0,0,1346,1,141,1440,252,0.1844
20260918,D 一直黑+1.0秒同样打断,1.74,0,0,0,1346,1,142,1440,255,0.1844
20260918,D 一直黑+1.0秒同样打断,1.76,0,0,0,1346,1,143,1440,259,0.1844
20260918,D 一直黑+1.0秒同样打断,1.78,0,0,0,1346,1,145,1440,264,0.1844
20260918,D 一直黑+1.0秒同样打断,1.80,0,0,0,1346,1,147,1440,269,0.1844
20260918,D 一直黑+1.0秒同样打断,1.82,0,0,0,1346,1,148,1440,273,0.1844
20260918,D 一直黑+1.0秒同样打断,1.84,0,0,0,1346,1,149,1440,277,0.1844
20260918,D 一直黑+1.0秒同样打断,1.86,0,0,0,1346,1,150,1440,283,0.1844
20260918,D 一直黑+1.0秒同样打断,1.88,0,0,0,1346,1,151,1440,287,0.1844
20260918,D 一直黑+1.0秒同样打断,1.90,0,0,0,1346,1,152,1440,292,0.1844
20260918,D 一直黑+1.0秒同样打断,1.92,0,0,0,1346,1,153,1440,296,0.1844
20260918,D 一直黑+1.0秒同样打断,1.94,0,0,0,1346,1,154,1440,299,0.1844
20260918,D 一直黑+1.0秒同样打断,1.96,0,0,0,1346,1,155,1440,304,0.1844
20260918,D 一直黑+1.0秒同样打断,1.98,0,0,0,1346,1,156,1440,309,0.1844
20260918,D 一直黑+1.0秒同样打断,2.00,0,0,0,1346,1,157,1440,314,0.1844
20260918,D 一直黑+1.0秒同样打断,2.02,0,0,0,1346,1,159,1440,320,0.1844
20260918,D 一直黑+1.0秒同样打断,2.04,0,0,0,1346,1,161,1440,327,0.1844
20260918,D 一直黑+1.0秒同样打断,2.06,0,0,0,1346,1,162,1440,335,0.1844
20260918,D 一直黑+1.0秒同样打断,2.08,0,0,0,1346,1,163,1440,343,0.1844
20260918,D 一直黑+1.0秒同样打断,2.10,0,0,0,1346,1,164,1440,349,0.1844
20260918,D 一直黑+1.0秒同样打断,2.12,0,0,0,1346,1,165,1440,355,0.1844
20260918,D 一直黑+1.0秒同样打断,2.14,0,0,0,1346,1,166,1440,360,0.1844
20260918,D 一直黑+1.0秒同样打断,2.16,0,0,0,1346,1,167,1440,364,0.1844
20260918,D 一直黑+1.0秒同样打断,2.18,0,0,0,1346,1,168,1440,368,0.1844
20260918,D 一直黑+1.0秒同样打断,2.20,0,0,0,1346,1,169,1440,373,0.1844
20260918,D 一直黑+1.0秒同样打断,2.22,0,0,0,1346,1,170,1440,379,0.1844
20260918,D 一直黑+1.0秒同样打断,2.24,0,0,0,1346,1,171,1440,383,0.1844
20260918,D 一直黑+1.0秒同样打断,2.26,0,0,0,1346,1,172,1440,387,0.1844
20260918,D 一直黑+1.0秒同样打断,2.28,0,0,0,1346,1,174,1440,393,0.1844
20260918,D 一直黑+1.0秒同样打断,2.30,0,0,0,1346,1,176,1440,399,0.1844
20260918,D 一直黑+1.0秒同样打断,2.32,0,0,0,1346,1,178,1440,403,0.1844
20260918,D 一直黑+1.0秒同样打断,2.34,0,0,0,1346,1,179,1440,409,0.1844
20260918,D 一直黑+1.0秒同样打断,2.36,0,0,0,1346,1,179,1440,413,0.1844
20260918,D 一直黑+1.0秒同样打断,2.38,0,0,0,1346,1,179,1440,417,0.1844
20260918,D 一直黑+1.0秒同样打断,2.40,0,0,0,1346,1,180,1440,420,0.1844
20260918,D 一直黑+1.0秒同样打断,2.42,0,0,0,1346,1,181,1440,421,0.1844
20260918,D 一直黑+1.0秒同样打断,2.44,0,0,0,1346,1,181,1440,423,0.1844
20260918,D 一直黑+1.0秒同样打断,2.46,0,0,0,1346,1,181,1440,425,0.1844
20260918,D 一直黑+1.0秒同样打断,2.48,0,0,0,1346,1,182,1440,428,0.1844
20260918,D 一直黑+1.0秒同样打断,2.50,0,0,0,1346,1,184,1440,431,0.1844
20260918,D 一直黑+1.0秒同样打断,2.52,0,0,0,1346,1,185,1440,434,0.1844
20260918,D 一直黑+1.0秒同样打断,2.54,0,0,0,1346,1,186,1440,438,0.1844
20260918,D 一直黑+1.0秒同样打断,2.56,0,0,0,1346,1,188,1440,443,0.1844
20260918,D 一直黑+1.0秒同样打断,2.58,0,0,0,1346,1,191,1440,448,0.1844
20260918,D 一直黑+1.0秒同样打断,2.60,0,0,0,1346,1,191,1440,451,0.1844
20260918,D 一直黑+1.0秒同样打断,2.62,0,0,0,1346,1,191,1440,453,0.1844
20260918,D 一直黑+1.0秒同样打断,2.64,0,0,0,1346,1,192,1440,455,0.1844
20260918,D 一直黑+1.0秒同样打断,2.66,0,0,0,1346,1,193,1440,455,0.1844
20260918,D 一直黑+1.0秒同样打断,2.68,0,0,0,1346,1,194,1440,458,0.1844
20260918,D 一直黑+1.0秒同样打断,2.70,0,0,0,1346,1,195,1440,463,0.1844
20260918,D 一直黑+1.0秒同样打断,2.72,0,0,0,1346,1,197,1440,469,0.1844
20260918,D 一直黑+1.0秒同样打断,2.74,0,0,0,1346,1,200,1440,472,0.1844
20260918,D 一直黑+1.0秒同样打断,2.76,0,0,0,1346,1,202,1440,476,0.1844
20260918,D 一直黑+1.0秒同样打断,2.78,0,0,0,1346,1,204,1440,481,0.1844
20260918,D 一直黑+1.0秒同样打断,2.80,0,0,0,1346,1,206,1440,486,0.1844
20260918,D 一直黑+1.0秒同样打断,2.82,0,0,0,1346,1,208,1440,490,0.1844
20260918,D 一直黑+1.0秒同样打断,2.84,0,0,0,1346,1,208,1440,491,0.1844
20260918,D 一直黑+1.0秒同样打断,2.86,0,0,0,1346,1,209,1440,494,0.1844
20260918,D 一直黑+1.0秒同样打断,2.88,0,0,0,1346,1,210,1440,496,0.1844
20260918,D 一直黑+1.0秒同样打断,2.90,0,0,0,1346,1,210,1440,497,0.1844
20260918,D 一直黑+1.0秒同样打断,2.92,0,0,0,1346,1,210,1440,501,0.1844
20260918,D 一直黑+1.0秒同样打断,2.94,0,0,0,1346,1,209,1440,502,0.1844
20260918,D 一直黑+1.0秒同样打断,2.96,0,0,0,1346,1,209,1440,504,0.1844
20260918,D 一直黑+1.0秒同样打断,2.98,0,0,0,1346,1,209,1440,506,0.1844
20260918,E 一直黑(不给红也不打断),0.00,0,0,0,1346,1,7,1440,7,0.2607
20260918,E 一直黑(不给红也不打断),0.02,0,0,0,1346,1,7,1440,15,0.2561
20260918,E 一直黑(不给红也不打断),0.04,0,0,0,1346,1,8,1440,18,0.2477
20260918,E 一直黑(不给红也不打断),0.06,0,0,0,1346,1,8,1440,26,0.2343
20260918,E 一直黑(不给红也不打断),0.08,0,0,0,1346,1,10,1440,24,0.2179
20260918,E 一直黑(不给红也不打断),0.10,0,0,0,1346,1,11,1440,28,0.2040
20260918,E 一直黑(不给红也不打断),0.12,0,0,0,1346,1,13,1440,36,0.1984
20260918,E 一直黑(不给红也不打断),0.14,0,0,0,1346,1,14,1440,44,0.2019
20260918,E 一直黑(不给红也不打断),0.16,0,0,0,1346,1,15,1440,42,0.2137
20260918,E 一直黑(不给红也不打断),0.18,0,0,0,1346,1,17,1440,38,0.2233
20260918,E 一直黑(不给红也不打断),0.20,0,0,0,1346,1,19,1440,45,0.2283
20260918,E 一直黑(不给红也不打断),0.22,0,0,0,1346,1,21,1440,44,0.2295
20260918,E 一直黑(不给红也不打断),0.24,0,0,0,1346,1,23,1440,45,0.2265
20260918,E 一直黑(不给红也不打断),0.26,0,0,0,1346,1,25,1440,47,0.2201
20260918,E 一直黑(不给红也不打断),0.28,0,0,0,1346,1,27,1440,57,0.2143
20260918,E 一直黑(不给红也不打断),0.30,0,0,0,1346,1,29,1440,57,0.2081
20260918,E 一直黑(不给红也不打断),0.32,0,0,0,1346,1,30,1440,61,0.2000
20260918,E 一直黑(不给红也不打断),0.34,0,0,0,1346,1,31,1440,60,0.1902
20260918,E 一直黑(不给红也不打断),0.36,0,0,0,1346,1,32,1440,58,0.1852
20260918,E 一直黑(不给红也不打断),0.38,0,0,0,1346,1,33,1440,57,0.1844
20260918,E 一直黑(不给红也不打断),0.40,0,0,0,1346,1,34,1440,60,0.1855
20260918,E 一直黑(不给红也不打断),0.42,0,0,0,1346,1,35,1440,61,0.1866
20260918,E 一直黑(不给红也不打断),0.44,0,0,0,1346,1,36,1440,61,0.1870
20260918,E 一直黑(不给红也不打断),0.46,0,0,0,1346,1,37,1440,60,0.1864
20260918,E 一直黑(不给红也不打断),0.48,0,0,0,1346,1,38,1440,62,0.1850
20260918,E 一直黑(不给红也不打断),0.50,0,0,0,1346,1,39,1440,67,0.1891
20260918,E 一直黑(不给红也不打断),0.52,0,0,0,1346,1,40,1440,67,0.1965
20260918,E 一直黑(不给红也不打断),0.54,0,0,0,1346,1,41,1440,72,0.2005
20260918,E 一直黑(不给红也不打断),0.56,0,0,0,1346,1,42,1440,70,0.2006
20260918,E 一直黑(不给红也不打断),0.58,0,0,0,1346,1,43,1440,70,0.1968
20260918,E 一直黑(不给红也不打断),0.60,0,0,0,1346,1,44,1440,72,0.1899
20260918,E 一直黑(不给红也不打断),0.62,0,0,0,1346,1,45,1440,80,0.1902
20260918,E 一直黑(不给红也不打断),0.64,0,0,0,1346,1,46,1440,86,0.1967
20260918,E 一直黑(不给红也不打断),0.66,0,0,0,1346,1,47,1440,91,0.2026
20260918,E 一直黑(不给红也不打断),0.68,0,0,0,1346,1,49,1440,87,0.2064
20260918,E 一直黑(不给红也不打断),0.70,0,0,0,1346,1,51,1440,96,0.2085
20260918,E 一直黑(不给红也不打断),0.72,0,0,0,1346,1,53,1440,96,0.2113
20260918,E 一直黑(不给红也不打断),0.74,0,0,0,1346,1,55,1440,102,0.2140
20260918,E 一直黑(不给红也不打断),0.76,0,0,0,1346,1,56,1440,108,0.2132
20260918,E 一直黑(不给红也不打断),0.78,0,0,0,1346,1,57,1440,107,0.2106
20260918,E 一直黑(不给红也不打断),0.80,0,0,0,1346,1,58,1440,114,0.2067
20260918,E 一直黑(不给红也不打断),0.82,0,0,0,1346,1,59,1440,117,0.2007
20260918,E 一直黑(不给红也不打断),0.84,0,0,0,1346,1,60,1440,124,0.1950
20260918,E 一直黑(不给红也不打断),0.86,0,0,0,1346,1,61,1440,117,0.1909
20260918,E 一直黑(不给红也不打断),0.88,0,0,0,1346,1,62,1440,113,0.1875
20260918,E 一直黑(不给红也不打断),0.90,0,0,0,1346,1,63,1440,115,0.1861
20260918,E 一直黑(不给红也不打断),0.92,0,0,0,1346,1,64,1440,115,0.1860
20260918,E 一直黑(不给红也不打断),0.94,0,0,0,1346,1,65,1440,118,0.1859
20260918,E 一直黑(不给红也不打断),0.96,0,0,0,1346,1,66,1440,120,0.1853
20260918,E 一直黑(不给红也不打断),0.98,0,0,0,1346,1,68,1440,120,0.1847
20260918,E 一直黑(不给红也不打断),1.00,0,0,0,1346,1,70,1440,122,0.1847
20260918,E 一直黑(不给红也不打断),1.02,0,0,0,1346,1,72,1440,125,0.1846
20260918,E 一直黑(不给红也不打断),1.04,0,0,0,1346,1,74,1440,127,0.1844
20260918,E 一直黑(不给红也不打断),1.06,0,0,0,1346,1,76,1440,134,0.1844
20260918,E 一直黑(不给红也不打断),1.08,0,0,0,1346,1,78,1440,138,0.1844
20260918,E 一直黑(不给红也不打断),1.10,0,0,0,1346,1,79,1440,142,0.1844
20260918,E 一直黑(不给红也不打断),1.12,0,0,0,1346,1,80,1440,145,0.1844
20260918,E 一直黑(不给红也不打断),1.14,0,0,0,1346,1,81,1440,148,0.1844
20260918,E 一直黑(不给红也不打断),1.16,0,0,0,1346,1,82,1440,151,0.1844
20260918,E 一直黑(不给红也不打断),1.18,0,0,0,1346,1,84,1440,155,0.1844
20260918,E 一直黑(不给红也不打断),1.20,0,0,0,1346,1,86,1440,158,0.1844
20260918,E 一直黑(不给红也不打断),1.22,0,0,0,1346,1,89,1440,162,0.1844
20260918,E 一直黑(不给红也不打断),1.24,0,0,0,1346,1,92,1440,166,0.1844
20260918,E 一直黑(不给红也不打断),1.26,0,0,0,1346,1,95,1440,170,0.1844
20260918,E 一直黑(不给红也不打断),1.28,0,0,0,1346,1,98,1440,174,0.1844
20260918,E 一直黑(不给红也不打断),1.30,0,0,0,1346,1,101,1440,178,0.1844
20260918,E 一直黑(不给红也不打断),1.32,0,0,0,1346,1,102,1440,180,0.1844
20260918,E 一直黑(不给红也不打断),1.34,0,0,0,1346,1,104,1440,183,0.1844
20260918,E 一直黑(不给红也不打断),1.36,0,0,0,1346,1,106,1440,186,0.1844
20260918,E 一直黑(不给红也不打断),1.38,0,0,0,1346,1,108,1440,189,0.1844
20260918,E 一直黑(不给红也不打断),1.40,0,0,0,1346,1,110,1440,194,0.1844
20260918,E 一直黑(不给红也不打断),1.42,0,0,0,1346,1,113,1440,200,0.1844
20260918,E 一直黑(不给红也不打断),1.44,0,0,0,1346,1,116,1440,203,0.1844
20260918,E 一直黑(不给红也不打断),1.46,0,0,0,1346,1,119,1440,208,0.1844
20260918,E 一直黑(不给红也不打断),1.48,0,0,0,1346,1,122,1440,212,0.1844
20260918,E 一直黑(不给红也不打断),1.50,0,0,0,1346,1,125,1440,216,0.1844
20260918,E 一直黑(不给红也不打断),1.52,0,0,0,1346,1,127,1440,219,0.1844
20260918,E 一直黑(不给红也不打断),1.54,0,0,0,1346,1,129,1440,222,0.1844
20260918,E 一直黑(不给红也不打断),1.56,0,0,0,1346,1,131,1440,222,0.1844
20260918,E 一直黑(不给红也不打断),1.58,0,0,0,1346,1,133,1440,226,0.1844
20260918,E 一直黑(不给红也不打断),1.60,0,0,0,1346,1,135,1440,232,0.1844
20260918,E 一直黑(不给红也不打断),1.62,0,0,0,1346,1,136,1440,235,0.1844
20260918,E 一直黑(不给红也不打断),1.64,0,0,0,1346,1,137,1440,238,0.1844
20260918,E 一直黑(不给红也不打断),1.66,0,0,0,1346,1,138,1440,242,0.1844
20260918,E 一直黑(不给红也不打断),1.68,0,0,0,1346,1,139,1440,245,0.1844
20260918,E 一直黑(不给红也不打断),1.70,0,0,0,1346,1,140,1440,248,0.1844
20260918,E 一直黑(不给红也不打断),1.72,0,0,0,1346,1,141,1440,252,0.1844
20260918,E 一直黑(不给红也不打断),1.74,0,0,0,1346,1,142,1440,255,0.1844
20260918,E 一直黑(不给红也不打断),1.76,0,0,0,1346,1,143,1440,259,0.1844
20260918,E 一直黑(不给红也不打断),1.78,0,0,0,1346,1,145,1440,264,0.1844
20260918,E 一直黑(不给红也不打断),1.80,0,0,0,1346,1,147,1440,269,0.1844
20260918,E 一直黑(不给红也不打断),1.82,0,0,0,1346,1,148,1440,273,0.1844
20260918,E 一直黑(不给红也不打断),1.84,0,0,0,1346,1,149,1440,277,0.1844
20260918,E 一直黑(不给红也不打断),1.86,0,0,0,1346,1,150,1440,283,0.1844
20260918,E 一直黑(不给红也不打断),1.88,0,0,0,1346,1,151,1440,287,0.1844
20260918,E 一直黑(不给红也不打断),1.90,0,0,0,1346,1,152,1440,292,0.1844
20260918,E 一直黑(不给红也不打断),1.92,0,0,0,1346,1,153,1440,296,0.1844
20260918,E 一直黑(不给红也不打断),1.94,0,0,0,1346,1,154,1440,299,0.1844
20260918,E 一直黑(不给红也不打断),1.96,0,0,0,1346,1,155,1440,304,0.1844
20260918,E 一直黑(不给红也不打断),1.98,0,0,0,1346,1,156,1440,309,0.1844
20260918,E 一直黑(不给红也不打断),2.00,0,0,0,1346,1,157,1440,314,0.1844
20260918,E 一直黑(不给红也不打断),2.02,0,0,0,1346,1,159,1440,320,0.1844
20260918,E 一直黑(不给红也不打断),2.04,0,0,0,1346,1,161,1440,327,0.1844
20260918,E 一直黑(不给红也不打断),2.06,0,0,0,1346,1,162,1440,335,0.1844
20260918,E 一直黑(不给红也不打断),2.08,0,0,0,1346,1,163,1440,343,0.1844
20260918,E 一直黑(不给红也不打断),2.10,0,0,0,1346,1,164,1440,349,0.1844
20260918,E 一直黑(不给红也不打断),2.12,0,0,0,1346,1,165,1440,355,0.1844
20260918,E 一直黑(不给红也不打断),2.14,0,0,0,1346,1,166,1440,360,0.1844
20260918,E 一直黑(不给红也不打断),2.16,0,0,0,1346,1,167,1440,364,0.1844
20260918,E 一直黑(不给红也不打断),2.18,0,0,0,1346,1,168,1440,368,0.1844
20260918,E 一直黑(不给红也不打断),2.20,0,0,0,1346,1,169,1440,373,0.1844
20260918,E 一直黑(不给红也不打断),2.22,0,0,0,1346,1,170,1440,379,0.1844
20260918,E 一直黑(不给红也不打断),2.24,0,0,0,1346,1,171,1440,383,0.1844
20260918,E 一直黑(不给红也不打断),2.26,0,0,0,1346,1,172,1440,387,0.1844
20260918,E 一直黑(不给红也不打断),2.28,0,0,0,1346,1,174,1440,393,0.1844
20260918,E 一直黑(不给红也不打断),2.30,0,0,0,1346,1,176,1440,399,0.1844
20260918,E 一直黑(不给红也不打断),2.32,0,0,0,1346,1,178,1440,403,0.1844
20260918,E 一直黑(不给红也不打断),2.34,0,0,0,1346,1,179,1440,409,0.1844
20260918,E 一直黑(不给红也不打断),2.36,0,0,0,1346,1,179,1440,413,0.1844
20260918,E 一直黑(不给红也不打断),2.38,0,0,0,1346,1,179,1440,417,0.1844
20260918,E 一直黑(不给红也不打断),2.40,0,0,0,1346,1,180,1440,420,0.1844
20260918,E 一直黑(不给红也不打断),2.42,0,0,0,1346,1,181,1440,421,0.1844
20260918,E 一直黑(不给红也不打断),2.44,0,0,0,1346,1,181,1440,423,0.1844
20260918,E 一直黑(不给红也不打断),2.46,0,0,0,1346,1,181,1440,425,0.1844
20260918,E 一直黑(不给红也不打断),2.48,0,0,0,1346,1,182,1440,428,0.1844
20260918,E 一直黑(不给红也不打断),2.50,0,0,0,1346,1,184,1440,431,0.1844
20260918,E 一直黑(不给红也不打断),2.52,0,0,0,1346,1,185,1440,434,0.1844
20260918,E 一直黑(不给红也不打断),2.54,0,0,0,1346,1,186,1440,438,0.1844
20260918,E 一直黑(不给红也不打断),2.56,0,0,0,1346,1,188,1440,443,0.1844
20260918,E 一直黑(不给红也不打断),2.58,0,0,0,1346,1,191,1440,448,0.1844
20260918,E 一直黑(不给红也不打断),2.60,0,0,0,1346,1,191,1440,451,0.1844
20260918,E 一直黑(不给红也不打断),2.62,0,0,0,1346,1,191,1440,453,0.1844
20260918,E 一直黑(不给红也不打断),2.64,0,0,0,1346,1,192,1440,455,0.1844
20260918,E 一直黑(不给红也不打断),2.66,0,0,0,1346,1,193,1440,455,0.1844
20260918,E 一直黑(不给红也不打断),2.68,0,0,0,1346,1,194,1440,458,0.1844
20260918,E 一直黑(不给红也不打断),2.70,0,0,0,1346,1,195,1440,463,0.1844
20260918,E 一直黑(不给红也不打断),2.72,0,0,0,1346,1,197,1440,469,0.1844
20260918,E 一直黑(不给红也不打断),2.74,0,0,0,1346,1,200,1440,472,0.1844
20260918,E 一直黑(不给红也不打断),2.76,0,0,0,1346,1,202,1440,476,0.1844
20260918,E 一直黑(不给红也不打断),2.78,0,0,0,1346,1,204,1440,481,0.1844
20260918,E 一直黑(不给红也不打断),2.80,0,0,0,1346,1,206,1440,486,0.1844
20260918,E 一直黑(不给红也不打断),2.82,0,0,0,1346,1,208,1440,490,0.1844
20260918,E 一直黑(不给红也不打断),2.84,0,0,0,1346,1,208,1440,491,0.1844
20260918,E 一直黑(不给红也不打断),2.86,0,0,0,1346,1,209,1440,494,0.1844
20260918,E 一直黑(不给红也不打断),2.88,0,0,0,1346,1,210,1440,496,0.1844
20260918,E 一直黑(不给红也不打断),2.90,0,0,0,1346,1,210,1440,497,0.1844
20260918,E 一直黑(不给红也不打断),2.92,0,0,0,1346,1,210,1440,501,0.1844
20260918,E 一直黑(不给红也不打断),2.94,0,0,0,1346,1,209,1440,502,0.1844
20260918,E 一直黑(不给红也不打断),2.96,0,0,0,1346,1,209,1440,504,0.1844
20260918,E 一直黑(不给红也不打断),2.98,0,0,0,1346,1,209,1440,506,0.1844
