种子,幕名,秒,走路,视觉红,视觉红数,视觉红块,前额叶红,前额叶红数,前额叶红块,前额叶亮,高度
20260914,A 一直红,0.00,0,1,1346,1346,1,1357,1360,1357,0.2607
20260914,A 一直红,0.02,1,1,1346,1346,1,1358,1360,1582,0.2565
20260914,A 一直红,0.04,1,1,1346,1346,1,1360,1360,1799,0.2525
20260914,A 一直红,0.06,1,1,1346,1346,1,1360,1360,1977,0.2594
20260914,A 一直红,0.08,1,1,1346,1346,1,1360,1360,2134,0.2739
20260914,A 一直红,0.10,1,1,1346,1346,1,1360,1360,2266,0.2900
20260914,A 一直红,0.12,1,1,1346,1346,1,1360,1360,2376,0.3054
20260914,A 一直红,0.14,1,1,1346,1346,1,1360,1360,2458,0.3204
20260914,A 一直红,0.16,1,1,1346,1346,1,1360,1360,2521,0.3345
20260914,A 一直红,0.18,1,1,1346,1346,1,1360,1360,2571,0.3475
20260914,A 一直红,0.20,1,1,1346,1346,1,1360,1360,2607,0.3597
20260914,A 一直红,0.22,1,1,1346,1346,1,1360,1360,2633,0.3705
20260914,A 一直红,0.24,1,1,1346,1346,1,1360,1360,2658,0.3789
20260914,A 一直红,0.26,1,1,1346,1346,1,1360,1360,2676,0.3846
20260914,A 一直红,0.28,1,1,1346,1346,1,1360,1360,2690,0.3893
20260914,A 一直红,0.30,1,1,1346,1346,1,1360,1360,2701,0.3932
20260914,A 一直红,0.32,1,1,1346,1346,1,1360,1360,2710,0.3960
20260914,A 一直红,0.34,1,1,1346,1346,1,1360,1360,2718,0.3982
20260914,A 一直红,0.36,1,1,1346,1346,1,1360,1360,2723,0.3998
20260914,A 一直红,0.38,1,1,1346,1346,1,1360,1360,2727,0.3992
20260914,A 一直红,0.40,1,1,1346,1346,1,1360,1360,2730,0.3958
20260914,A 一直红,0.42,1,1,1346,1346,1,1360,1360,2732,0.3912
20260914,A 一直红,0.44,1,1,1346,1346,1,1360,1360,2734,0.3867
20260914,A 一直红,0.46,1,1,1346,1346,1,1360,1360,2735,0.3814
20260914,A 一直红,0.48,1,1,1346,1346,1,1360,1360,2737,0.3754
20260914,A 一直红,0.50,1,1,1346,1346,1,1360,1360,2739,0.3693
20260914,A 一直红,0.52,1,1,1346,1346,1,1360,1360,2742,0.3621
20260914,A 一直红,0.54,1,1,1346,1346,1,1360,1360,2743,0.3533
20260914,A 一直红,0.56,1,1,1346,1346,1,1360,1360,2744,0.3474
20260914,A 一直红,0.58,1,1,1346,1346,1,1360,1360,2745,0.3484
20260914,A 一直红,0.60,1,1,1346,1346,1,1360,1360,2746,0.3517
20260914,A 一直红,0.62,1,1,1346,1346,1,1360,1360,2745,0.3544
20260914,A 一直红,0.64,1,1,1346,1346,1,1360,1360,2748,0.3558
20260914,A 一直红,0.66,1,1,1346,1346,1,1360,1360,2747,0.3572
20260914,A 一直红,0.68,1,1,1346,1346,1,1360,1360,2749,0.3600
20260914,A 一直红,0.70,1,1,1346,1346,1,1360,1360,2750,0.3634
20260914,A 一直红,0.72,1,1,1346,1346,1,1360,1360,2751,0.3639
20260914,A 一直红,0.74,1,1,1346,1346,1,1360,1360,2752,0.3620
20260914,A 一直红,0.76,1,1,1346,1346,1,1360,1360,2754,0.3591
20260914,A 一直红,0.78,1,1,1346,1346,1,1360,1360,2755,0.3572
20260914,A 一直红,0.80,1,1,1346,1346,1,1360,1360,2756,0.3584
20260914,A 一直红,0.82,1,1,1346,1346,1,1360,1360,2757,0.3621
20260914,A 一直红,0.84,1,1,1346,1346,1,1360,1360,2758,0.3673
20260914,A 一直红,0.86,1,1,1346,1346,1,1360,1360,2759,0.3712
20260914,A 一直红,0.88,1,1,1346,1346,1,1360,1360,2760,0.3729
20260914,A 一直红,0.90,1,1,1346,1346,1,1360,1360,2759,0.3712
20260914,A 一直红,0.92,1,1,1346,1346,1,1360,1360,2759,0.3664
20260914,A 一直红,0.94,1,1,1346,1346,1,1360,1360,2760,0.3600
20260914,A 一直红,0.96,1,1,1346,1346,1,1360,1360,2761,0.3541
20260914,A 一直红,0.98,1,1,1346,1346,1,1360,1360,2763,0.3502
20260914,A 一直红,1.00,1,1,1346,1346,1,1360,1360,2765,0.3546
20260914,A 一直红,1.02,1,1,1346,1346,1,1360,1360,2766,0.3606
20260914,A 一直红,1.04,1,1,1346,1346,1,1360,1360,2767,0.3658
20260914,A 一直红,1.06,1,1,1346,1346,1,1360,1360,2768,0.3696
20260914,A 一直红,1.08,1,1,1346,1346,1,1360,1360,2769,0.3723
20260914,A 一直红,1.10,1,1,1346,1346,1,1360,1360,2770,0.3735
20260914,A 一直红,1.12,1,1,1346,1346,1,1360,1360,2771,0.3721
20260914,A 一直红,1.14,1,1,1346,1346,1,1360,1360,2773,0.3692
20260914,A 一直红,1.16,1,1,1346,1346,1,1360,1360,2774,0.3652
20260914,A 一直红,1.18,1,1,1346,1346,1,1360,1360,2775,0.3629
20260914,A 一直红,1.20,1,1,1346,1346,1,1360,1360,2776,0.3623
20260914,A 一直红,1.22,1,1,1346,1346,1,1360,1360,2774,0.3623
20260914,A 一直红,1.24,1,1,1346,1346,1,1360,1360,2775,0.3621
20260914,A 一直红,1.26,1,1,1346,1346,1,1360,1360,2776,0.3600
20260914,A 一直红,1.28,1,1,1346,1346,1,1360,1360,2778,0.3577
20260914,A 一直红,1.30,1,1,1346,1346,1,1360,1360,2780,0.3607
20260914,A 一直红,1.32,1,1,1346,1346,1,1360,1360,2781,0.3647
20260914,A 一直红,1.34,1,1,1346,1346,1,1360,1360,2782,0.3680
20260914,A 一直红,1.36,1,1,1346,1346,1,1360,1360,2783,0.3697
20260914,A 一直红,1.38,1,1,1346,1346,1,1360,1360,2784,0.3700
20260914,A 一直红,1.40,1,1,1346,1346,1,1360,1360,2786,0.3687
20260914,A 一直红,1.42,1,1,1346,1346,1,1360,1360,2787,0.3654
20260914,A 一直红,1.44,1,1,1346,1346,1,1360,1360,2788,0.3643
20260914,A 一直红,1.46,1,1,1346,1346,1,1360,1360,2788,0.3659
20260914,A 一直红,1.48,1,1,1346,1346,1,1360,1360,2790,0.3671
20260914,A 一直红,1.50,1,1,1346,1346,1,1360,1360,2788,0.3658
20260914,A 一直红,1.52,1,1,1346,1346,1,1360,1360,2789,0.3628
20260914,A 一直红,1.54,1,1,1346,1346,1,1360,1360,2790,0.3604
20260914,A 一直红,1.56,1,1,1346,1346,1,1360,1360,2791,0.3569
20260914,A 一直红,1.58,1,1,1346,1346,1,1360,1360,2793,0.3532
20260914,A 一直红,1.60,1,1,1346,1346,1,1360,1360,2795,0.3566
20260914,A 一直红,1.62,1,1,1346,1346,1,1360,1360,2796,0.3619
20260914,A 一直红,1.64,1,1,1346,1346,1,1360,1360,2797,0.3667
20260914,A 一直红,1.66,1,1,1346,1346,1,1360,1360,2798,0.3700
20260914,A 一直红,1.68,1,1,1346,1346,1,1360,1360,2799,0.3722
20260914,A 一直红,1.70,1,1,1346,1346,1,1360,1360,2800,0.3727
20260914,A 一直红,1.72,1,1,1346,1346,1,1360,1360,2802,0.3705
20260914,A 一直红,1.74,1,1,1346,1346,1,1360,1360,2803,0.3673
20260914,A 一直红,1.76,1,1,1346,1346,1,1360,1360,2804,0.3663
20260914,A 一直红,1.78,1,1,1346,1346,1,1360,1360,2804,0.3663
20260914,A 一直红,1.80,1,1,1346,1346,1,1360,1360,2803,0.3640
20260914,A 一直红,1.82,1,1,1346,1346,1,1360,1360,2804,0.3606
20260914,A 一直红,1.84,1,1,1346,1346,1,1360,1360,2805,0.3587
20260914,A 一直红,1.86,1,1,1346,1346,1,1360,1360,2806,0.3557
20260914,A 一直红,1.88,1,1,1346,1346,1,1360,1360,2808,0.3520
20260914,A 一直红,1.90,1,1,1346,1346,1,1360,1360,2810,0.3557
20260914,A 一直红,1.92,1,1,1346,1346,1,1360,1360,2811,0.3615
20260914,A 一直红,1.94,1,1,1346,1346,1,1360,1360,2812,0.3667
20260914,A 一直红,1.96,1,1,1346,1346,1,1360,1360,2813,0.3705
20260914,A 一直红,1.98,1,1,1346,1346,1,1360,1360,2814,0.3729
20260914,A 一直红,2.00,1,1,1346,1346,1,1360,1360,2815,0.3736
20260914,A 一直红,2.02,1,1,1346,1346,1,1360,1360,2816,0.3716
20260914,A 一直红,2.04,1,1,1346,1346,1,1360,1360,2818,0.3678
20260914,A 一直红,2.06,1,1,1346,1346,1,1360,1360,2820,0.3633
20260914,A 一直红,2.08,1,1,1346,1346,1,1360,1360,2820,0.3619
20260914,A 一直红,2.10,1,1,1346,1346,1,1360,1360,2819,0.3600
20260914,A 一直红,2.12,1,1,1346,1346,1,1360,1360,2820,0.3568
20260914,A 一直红,2.14,1,1,1346,1346,1,1360,1360,2821,0.3542
20260914,A 一直红,2.16,1,1,1346,1346,1,1360,1360,2822,0.3515
20260914,A 一直红,2.18,1,1,1346,1346,1,1360,1360,2824,0.3513
20260914,A 一直红,2.20,1,1,1346,1346,1,1360,1360,2826,0.3576
20260914,A 一直红,2.22,1,1,1346,1346,1,1360,1360,2827,0.3641
20260914,A 一直红,2.24,1,1,1346,1346,1,1360,1360,2828,0.3694
20260914,A 一直红,2.26,1,1,1346,1346,1,1360,1360,2829,0.3729
20260914,A 一直红,2.28,1,1,1346,1346,1,1360,1360,2830,0.3751
20260914,A 一直红,2.30,1,1,1346,1346,1,1360,1360,2831,0.3755
20260914,A 一直红,2.32,1,1,1346,1346,1,1360,1360,2832,0.3734
20260914,A 一直红,2.34,1,1,1346,1346,1,1360,1360,2834,0.3693
20260914,A 一直红,2.36,1,1,1346,1346,1,1360,1360,2835,0.3645
20260914,A 一直红,2.38,1,1,1346,1346,1,1360,1360,2835,0.3616
20260914,A 一直红,2.40,1,1,1346,1346,1,1360,1360,2836,0.3597
20260914,A 一直红,2.42,1,1,1346,1346,1,1360,1360,2835,0.3578
20260914,A 一直红,2.44,1,1,1346,1346,1,1360,1360,2836,0.3568
20260914,A 一直红,2.46,1,1,1346,1346,1,1360,1360,2837,0.3547
20260914,A 一直红,2.48,1,1,1346,1346,1,1360,1360,2839,0.3540
20260914,A 一直红,2.50,1,1,1346,1346,1,1360,1360,2841,0.3592
20260914,A 一直红,2.52,1,1,1346,1346,1,1360,1360,2842,0.3651
20260914,A 一直红,2.54,1,1,1346,1346,1,1360,1360,2843,0.3700
20260914,A 一直红,2.56,1,1,1346,1346,1,1360,1360,2844,0.3730
20260914,A 一直红,2.58,1,1,1346,1346,1,1360,1360,2845,0.3745
20260914,A 一直红,2.60,1,1,1346,1346,1,1360,1360,2846,0.3743
20260914,A 一直红,2.62,1,1,1346,1346,1,1360,1360,2848,0.3716
20260914,A 一直红,2.64,1,1,1346,1346,1,1360,1360,2849,0.3673
20260914,A 一直红,2.66,1,1,1346,1346,1,1360,1360,2850,0.3631
20260914,A 一直红,2.68,1,1,1346,1346,1,1360,1360,2850,0.3620
20260914,A 一直红,2.70,1,1,1346,1346,1,1360,1360,2849,0.3602
20260914,A 一直红,2.72,1,1,1346,1346,1,1360,1360,2850,0.3570
20260914,A 一直红,2.74,1,1,1346,1346,1,1360,1360,2851,0.3552
20260914,A 一直红,2.76,1,1,1346,1346,1,1360,1360,2852,0.3529
20260914,A 一直红,2.78,1,1,1346,1346,1,1360,1360,2854,0.3517
20260914,A 一直红,2.80,1,1,1346,1346,1,1360,1360,2856,0.3574
20260914,A 一直红,2.82,1,1,1346,1346,1,1360,1360,2857,0.3637
20260914,A 一直红,2.84,1,1,1346,1346,1,1360,1360,2858,0.3690
20260914,A 一直红,2.86,1,1,1346,1346,1,1360,1360,2859,0.3727
20260914,A 一直红,2.88,1,1,1346,1346,1,1360,1360,2860,0.3752
20260914,A 一直红,2.90,1,1,1346,1346,1,1360,1360,2861,0.3760
20260914,A 一直红,2.92,1,1,1346,1346,1,1360,1360,2864,0.3741
20260914,A 一直红,2.94,1,1,1346,1346,1,1360,1360,2865,0.3699
20260914,A 一直红,2.96,1,1,1346,1346,1,1360,1360,2866,0.3640
20260914,A 一直红,2.98,1,1,1346,1346,1,1360,1360,2866,0.3609
20260914,B 红0.5秒后全黑,0.00,0,1,1346,1346,1,1357,1360,1357,0.2607
20260914,B 红0.5秒后全黑,0.02,1,1,1346,1346,1,1358,1360,1582,0.2565
20260914,B 红0.5秒后全黑,0.04,1,1,1346,1346,1,1360,1360,1799,0.2525
20260914,B 红0.5秒后全黑,0.06,1,1,1346,1346,1,1360,1360,1977,0.2594
20260914,B 红0.5秒后全黑,0.08,1,1,1346,1346,1,1360,1360,2134,0.2739
20260914,B 红0.5秒后全黑,0.10,1,1,1346,1346,1,1360,1360,2266,0.2900
20260914,B 红0.5秒后全黑,0.12,1,1,1346,1346,1,1360,1360,2376,0.3054
20260914,B 红0.5秒后全黑,0.14,1,1,1346,1346,1,1360,1360,2458,0.3204
20260914,B 红0.5秒后全黑,0.16,1,1,1346,1346,1,1360,1360,2521,0.3345
20260914,B 红0.5秒后全黑,0.18,1,1,1346,1346,1,1360,1360,2571,0.3475
20260914,B 红0.5秒后全黑,0.20,1,1,1346,1346,1,1360,1360,2607,0.3597
20260914,B 红0.5秒后全黑,0.22,1,1,1346,1346,1,1360,1360,2633,0.3705
20260914,B 红0.5秒后全黑,0.24,1,1,1346,1346,1,1360,1360,2658,0.3789
20260914,B 红0.5秒后全黑,0.26,1,1,1346,1346,1,1360,1360,2676,0.3846
20260914,B 红0.5秒后全黑,0.28,1,1,1346,1346,1,1360,1360,2690,0.3893
20260914,B 红0.5秒后全黑,0.30,1,1,1346,1346,1,1360,1360,2701,0.3932
20260914,B 红0.5秒后全黑,0.32,1,1,1346,1346,1,1360,1360,2710,0.3960
20260914,B 红0.5秒后全黑,0.34,1,1,1346,1346,1,1360,1360,2718,0.3982
20260914,B 红0.5秒后全黑,0.36,1,1,1346,1346,1,1360,1360,2723,0.3998
20260914,B 红0.5秒后全黑,0.38,1,1,1346,1346,1,1360,1360,2727,0.3992
20260914,B 红0.5秒后全黑,0.40,1,1,1346,1346,1,1360,1360,2730,0.3958
20260914,B 红0.5秒后全黑,0.42,1,1,1346,1346,1,1360,1360,2732,0.3912
20260914,B 红0.5秒后全黑,0.44,1,1,1346,1346,1,1360,1360,2734,0.3867
20260914,B 红0.5秒后全黑,0.46,1,1,1346,1346,1,1360,1360,2735,0.3814
20260914,B 红0.5秒后全黑,0.48,1,1,1346,1346,1,1360,1360,2737,0.3754
20260914,B 红0.5秒后全黑,0.50,1,0,0,1346,1,1360,1360,2739,0.3693
20260914,B 红0.5秒后全黑,0.52,1,0,0,1346,1,1360,1360,2734,0.3621
20260914,B 红0.5秒后全黑,0.54,1,0,0,1346,1,1360,1360,2735,0.3533
20260914,B 红0.5秒后全黑,0.56,1,0,0,1346,1,1360,1360,2735,0.3474
20260914,B 红0.5秒后全黑,0.58,1,0,0,1346,1,1360,1360,2736,0.3481
20260914,B 红0.5秒后全黑,0.60,1,0,0,1346,1,1360,1360,2737,0.3515
20260914,B 红0.5秒后全黑,0.62,1,0,0,1346,1,1360,1360,2738,0.3541
20260914,B 红0.5秒后全黑,0.64,1,0,0,1346,1,1360,1360,2739,0.3554
20260914,B 红0.5秒后全黑,0.66,1,0,0,1346,1,1360,1360,2740,0.3558
20260914,B 红0.5秒后全黑,0.68,1,0,0,1346,1,1360,1360,2742,0.3583
20260914,B 红0.5秒后全黑,0.70,1,0,0,1346,1,1360,1360,2743,0.3621
20260914,B 红0.5秒后全黑,0.72,1,0,0,1346,1,1360,1360,2743,0.3629
20260914,B 红0.5秒后全黑,0.74,1,0,0,1346,1,1360,1360,2745,0.3602
20260914,B 红0.5秒后全黑,0.76,1,0,0,1346,1,1360,1360,2746,0.3557
20260914,B 红0.5秒后全黑,0.78,1,0,0,1346,1,1360,1360,2747,0.3542
20260914,B 红0.5秒后全黑,0.80,1,0,0,1346,1,1360,1360,2748,0.3559
20260914,B 红0.5秒后全黑,0.82,1,0,0,1346,1,1360,1360,2749,0.3595
20260914,B 红0.5秒后全黑,0.84,1,0,0,1346,1,1360,1360,2750,0.3646
20260914,B 红0.5秒后全黑,0.86,1,0,0,1346,1,1360,1360,2750,0.3686
20260914,B 红0.5秒后全黑,0.88,1,0,0,1346,1,1360,1360,2751,0.3704
20260914,B 红0.5秒后全黑,0.90,1,0,0,1346,1,1360,1360,2752,0.3689
20260914,B 红0.5秒后全黑,0.92,1,0,0,1346,1,1360,1360,2753,0.3648
20260914,B 红0.5秒后全黑,0.94,1,0,0,1346,1,1360,1360,2754,0.3613
20260914,B 红0.5秒后全黑,0.96,1,0,0,1346,1,1360,1360,2755,0.3581
20260914,B 红0.5秒后全黑,0.98,1,0,0,1346,1,1360,1360,2756,0.3541
20260914,B 红0.5秒后全黑,1.00,1,0,0,1346,1,1360,1360,2758,0.3565
20260914,B 红0.5秒后全黑,1.02,1,0,0,1346,1,1360,1360,2758,0.3614
20260914,B 红0.5秒后全黑,1.04,1,0,0,1346,1,1360,1360,2760,0.3660
20260914,B 红0.5秒后全黑,1.06,1,0,0,1346,1,1360,1360,2761,0.3696
20260914,B 红0.5秒后全黑,1.08,1,0,0,1346,1,1360,1360,2762,0.3723
20260914,B 红0.5秒后全黑,1.10,1,0,0,1346,1,1360,1360,2763,0.3734
20260914,B 红0.5秒后全黑,1.12,1,0,0,1346,1,1360,1360,2764,0.3719
20260914,B 红0.5秒后全黑,1.14,1,0,0,1346,1,1360,1360,2765,0.3689
20260914,B 红0.5秒后全黑,1.16,1,0,0,1346,1,1360,1360,2765,0.3641
20260914,B 红0.5秒后全黑,1.18,1,0,0,1346,1,1360,1360,2766,0.3612
20260914,B 红0.5秒后全黑,1.20,1,0,0,1346,1,1360,1360,2767,0.3592
20260914,B 红0.5秒后全黑,1.22,1,0,0,1346,1,1360,1360,2768,0.3572
20260914,B 红0.5秒后全黑,1.24,1,0,0,1346,1,1360,1360,2769,0.3560
20260914,B 红0.5秒后全黑,1.26,1,0,0,1346,1,1360,1360,2770,0.3537
20260914,B 红0.5秒后全黑,1.28,1,0,0,1346,1,1360,1360,2771,0.3531
20260914,B 红0.5秒后全黑,1.30,1,0,0,1346,1,1360,1360,2773,0.3585
20260914,B 红0.5秒后全黑,1.32,1,0,0,1346,1,1360,1360,2773,0.3647
20260914,B 红0.5秒后全黑,1.34,1,0,0,1346,1,1360,1360,2775,0.3694
20260914,B 红0.5秒后全黑,1.36,1,0,0,1346,1,1360,1360,2776,0.3723
20260914,B 红0.5秒后全黑,1.38,1,0,0,1346,1,1360,1360,2777,0.3740
20260914,B 红0.5秒后全黑,1.40,1,0,0,1346,1,1360,1360,2778,0.3742
20260914,B 红0.5秒后全黑,1.42,1,0,0,1346,1,1360,1360,2779,0.3717
20260914,B 红0.5秒后全黑,1.44,1,0,0,1346,1,1360,1360,2780,0.3680
20260914,B 红0.5秒后全黑,1.46,1,0,0,1346,1,1360,1360,2780,0.3632
20260914,B 红0.5秒后全黑,1.48,1,0,0,1346,1,1360,1360,2781,0.3611
20260914,B 红0.5秒后全黑,1.50,1,0,0,1346,1,1360,1360,2782,0.3594
20260914,B 红0.5秒后全黑,1.52,1,0,0,1346,1,1360,1360,2783,0.3572
20260914,B 红0.5秒后全黑,1.54,1,0,0,1346,1,1360,1360,2784,0.3558
20260914,B 红0.5秒后全黑,1.56,1,0,0,1346,1,1360,1360,2785,0.3532
20260914,B 红0.5秒后全黑,1.58,1,0,0,1346,1,1360,1360,2786,0.3523
20260914,B 红0.5秒后全黑,1.60,1,0,0,1346,1,1360,1360,2788,0.3582
20260914,B 红0.5秒后全黑,1.62,1,0,0,1346,1,1360,1360,2788,0.3643
20260914,B 红0.5秒后全黑,1.64,1,0,0,1346,1,1360,1360,2790,0.3694
20260914,B 红0.5秒后全黑,1.66,1,0,0,1346,1,1360,1360,2791,0.3726
20260914,B 红0.5秒后全黑,1.68,1,0,0,1346,1,1360,1360,2792,0.3744
20260914,B 红0.5秒后全黑,1.70,1,0,0,1346,1,1360,1360,2793,0.3744
20260914,B 红0.5秒后全黑,1.72,1,0,0,1346,1,1360,1360,2794,0.3716
20260914,B 红0.5秒后全黑,1.74,1,0,0,1346,1,1360,1360,2795,0.3674
20260914,B 红0.5秒后全黑,1.76,1,0,0,1346,1,1360,1360,2795,0.3627
20260914,B 红0.5秒后全黑,1.78,1,0,0,1346,1,1360,1360,2796,0.3609
20260914,B 红0.5秒后全黑,1.80,1,0,0,1346,1,1360,1360,2797,0.3589
20260914,B 红0.5秒后全黑,1.82,1,0,0,1346,1,1360,1360,2798,0.3564
20260914,B 红0.5秒后全黑,1.84,1,0,0,1346,1,1360,1360,2799,0.3550
20260914,B 红0.5秒后全黑,1.86,1,0,0,1346,1,1360,1360,2800,0.3526
20260914,B 红0.5秒后全黑,1.88,1,0,0,1346,1,1360,1360,2801,0.3509
20260914,B 红0.5秒后全黑,1.90,1,0,0,1346,1,1360,1360,2803,0.3568
20260914,B 红0.5秒后全黑,1.92,1,0,0,1346,1,1360,1360,2803,0.3633
20260914,B 红0.5秒后全黑,1.94,1,0,0,1346,1,1360,1360,2805,0.3689
20260914,B 红0.5秒后全黑,1.96,1,0,0,1346,1,1360,1360,2806,0.3727
20260914,B 红0.5秒后全黑,1.98,1,0,0,1346,1,1360,1360,2807,0.3748
20260914,B 红0.5秒后全黑,2.00,1,0,0,1346,1,1360,1360,2808,0.3751
20260914,B 红0.5秒后全黑,2.02,1,0,0,1346,1,1360,1360,2809,0.3725
20260914,B 红0.5秒后全黑,2.04,1,0,0,1346,1,1360,1360,2810,0.3685
20260914,B 红0.5秒后全黑,2.06,1,0,0,1346,1,1360,1360,2810,0.3627
20260914,B 红0.5秒后全黑,2.08,1,0,0,1346,1,1360,1360,2811,0.3593
20260914,B 红0.5秒后全黑,2.10,1,0,0,1346,1,1360,1360,2812,0.3574
20260914,B 红0.5秒后全黑,2.12,1,0,0,1346,1,1360,1360,2813,0.3555
20260914,B 红0.5秒后全黑,2.14,1,0,0,1346,1,1360,1360,2814,0.3541
20260914,B 红0.5秒后全黑,2.16,1,0,0,1346,1,1360,1360,2815,0.3519
20260914,B 红0.5秒后全黑,2.18,1,0,0,1346,1,1360,1360,2816,0.3522
20260914,B 红0.5秒后全黑,2.20,1,0,0,1346,1,1360,1360,2818,0.3587
20260914,B 红0.5秒后全黑,2.22,1,0,0,1346,1,1360,1360,2818,0.3649
20260914,B 红0.5秒后全黑,2.24,1,0,0,1346,1,1360,1360,2820,0.3699
20260914,B 红0.5秒后全黑,2.26,1,0,0,1346,1,1360,1360,2821,0.3730
20260914,B 红0.5秒后全黑,2.28,1,0,0,1346,1,1360,1360,2822,0.3744
20260914,B 红0.5秒后全黑,2.30,1,0,0,1346,1,1360,1360,2823,0.3741
20260914,B 红0.5秒后全黑,2.32,1,0,0,1346,1,1360,1360,2824,0.3711
20260914,B 红0.5秒后全黑,2.34,1,0,0,1346,1,1360,1360,2825,0.3670
20260914,B 红0.5秒后全黑,2.36,1,0,0,1346,1,1360,1360,2825,0.3622
20260914,B 红0.5秒后全黑,2.38,1,0,0,1346,1,1360,1360,2826,0.3603
20260914,B 红0.5秒后全黑,2.40,1,0,0,1346,1,1360,1360,2827,0.3586
20260914,B 红0.5秒后全黑,2.42,1,0,0,1346,1,1360,1360,2828,0.3563
20260914,B 红0.5秒后全黑,2.44,1,0,0,1346,1,1360,1360,2829,0.3549
20260914,B 红0.5秒后全黑,2.46,1,0,0,1346,1,1360,1360,2830,0.3525
20260914,B 红0.5秒后全黑,2.48,1,0,0,1346,1,1360,1360,2831,0.3517
20260914,B 红0.5秒后全黑,2.50,1,0,0,1346,1,1360,1360,2833,0.3578
20260914,B 红0.5秒后全黑,2.52,1,0,0,1346,1,1360,1360,2833,0.3641
20260914,B 红0.5秒后全黑,2.54,1,0,0,1346,1,1360,1360,2835,0.3695
20260914,B 红0.5秒后全黑,2.56,1,0,0,1346,1,1360,1360,2836,0.3730
20260914,B 红0.5秒后全黑,2.58,1,0,0,1346,1,1360,1360,2837,0.3750
20260914,B 红0.5秒后全黑,2.60,1,0,0,1346,1,1360,1360,2838,0.3753
20260914,B 红0.5秒后全黑,2.62,1,0,0,1346,1,1360,1360,2839,0.3727
20260914,B 红0.5秒后全黑,2.64,1,0,0,1346,1,1360,1360,2840,0.3685
20260914,B 红0.5秒后全黑,2.66,1,0,0,1346,1,1360,1360,2840,0.3626
20260914,B 红0.5秒后全黑,2.68,1,0,0,1346,1,1360,1360,2841,0.3597
20260914,B 红0.5秒后全黑,2.70,1,0,0,1346,1,1360,1360,2842,0.3575
20260914,B 红0.5秒后全黑,2.72,1,0,0,1346,1,1360,1360,2843,0.3552
20260914,B 红0.5秒后全黑,2.74,1,0,0,1346,1,1360,1360,2844,0.3541
20260914,B 红0.5秒后全黑,2.76,1,0,0,1346,1,1360,1360,2845,0.3520
20260914,B 红0.5秒后全黑,2.78,1,0,0,1346,1,1360,1360,2846,0.3515
20260914,B 红0.5秒后全黑,2.80,1,0,0,1346,1,1360,1360,2848,0.3577
20260914,B 红0.5秒后全黑,2.82,1,0,0,1346,1,1360,1360,2848,0.3641
20260914,B 红0.5秒后全黑,2.84,1,0,0,1346,1,1360,1360,2850,0.3695
20260914,B 红0.5秒后全黑,2.86,1,0,0,1346,1,1360,1360,2851,0.3731
20260914,B 红0.5秒后全黑,2.88,1,0,0,1346,1,1360,1360,2852,0.3751
20260914,B 红0.5秒后全黑,2.90,1,0,0,1346,1,1360,1360,2853,0.3754
20260914,B 红0.5秒后全黑,2.92,1,0,0,1346,1,1360,1360,2854,0.3728
20260914,B 红0.5秒后全黑,2.94,1,0,0,1346,1,1360,1360,2855,0.3686
20260914,B 红0.5秒后全黑,2.96,1,0,0,1346,1,1360,1360,2855,0.3627
20260914,B 红0.5秒后全黑,2.98,1,0,0,1346,1,1360,1360,2856,0.3595
20260914,C 同B+1.0秒打断运动记忆,0.00,0,1,1346,1346,1,1357,1360,1357,0.2607
20260914,C 同B+1.0秒打断运动记忆,0.02,1,1,1346,1346,1,1358,1360,1582,0.2565
20260914,C 同B+1.0秒打断运动记忆,0.04,1,1,1346,1346,1,1360,1360,1799,0.2525
20260914,C 同B+1.0秒打断运动记忆,0.06,1,1,1346,1346,1,1360,1360,1977,0.2594
20260914,C 同B+1.0秒打断运动记忆,0.08,1,1,1346,1346,1,1360,1360,2134,0.2739
20260914,C 同B+1.0秒打断运动记忆,0.10,1,1,1346,1346,1,1360,1360,2266,0.2900
20260914,C 同B+1.0秒打断运动记忆,0.12,1,1,1346,1346,1,1360,1360,2376,0.3054
20260914,C 同B+1.0秒打断运动记忆,0.14,1,1,1346,1346,1,1360,1360,2458,0.3204
20260914,C 同B+1.0秒打断运动记忆,0.16,1,1,1346,1346,1,1360,1360,2521,0.3345
20260914,C 同B+1.0秒打断运动记忆,0.18,1,1,1346,1346,1,1360,1360,2571,0.3475
20260914,C 同B+1.0秒打断运动记忆,0.20,1,1,1346,1346,1,1360,1360,2607,0.3597
20260914,C 同B+1.0秒打断运动记忆,0.22,1,1,1346,1346,1,1360,1360,2633,0.3705
20260914,C 同B+1.0秒打断运动记忆,0.24,1,1,1346,1346,1,1360,1360,2658,0.3789
20260914,C 同B+1.0秒打断运动记忆,0.26,1,1,1346,1346,1,1360,1360,2676,0.3846
20260914,C 同B+1.0秒打断运动记忆,0.28,1,1,1346,1346,1,1360,1360,2690,0.3893
20260914,C 同B+1.0秒打断运动记忆,0.30,1,1,1346,1346,1,1360,1360,2701,0.3932
20260914,C 同B+1.0秒打断运动记忆,0.32,1,1,1346,1346,1,1360,1360,2710,0.3960
20260914,C 同B+1.0秒打断运动记忆,0.34,1,1,1346,1346,1,1360,1360,2718,0.3982
20260914,C 同B+1.0秒打断运动记忆,0.36,1,1,1346,1346,1,1360,1360,2723,0.3998
20260914,C 同B+1.0秒打断运动记忆,0.38,1,1,1346,1346,1,1360,1360,2727,0.3992
20260914,C 同B+1.0秒打断运动记忆,0.40,1,1,1346,1346,1,1360,1360,2730,0.3958
20260914,C 同B+1.0秒打断运动记忆,0.42,1,1,1346,1346,1,1360,1360,2732,0.3912
20260914,C 同B+1.0秒打断运动记忆,0.44,1,1,1346,1346,1,1360,1360,2734,0.3867
20260914,C 同B+1.0秒打断运动记忆,0.46,1,1,1346,1346,1,1360,1360,2735,0.3814
20260914,C 同B+1.0秒打断运动记忆,0.48,1,1,1346,1346,1,1360,1360,2737,0.3754
20260914,C 同B+1.0秒打断运动记忆,0.50,1,0,0,1346,1,1360,1360,2739,0.3693
20260914,C 同B+1.0秒打断运动记忆,0.52,1,0,0,1346,1,1360,1360,2734,0.3621
20260914,C 同B+1.0秒打断运动记忆,0.54,1,0,0,1346,1,1360,1360,2735,0.3533
20260914,C 同B+1.0秒打断运动记忆,0.56,1,0,0,1346,1,1360,1360,2735,0.3474
20260914,C 同B+1.0秒打断运动记忆,0.58,1,0,0,1346,1,1360,1360,2736,0.3481
20260914,C 同B+1.0秒打断运动记忆,0.60,1,0,0,1346,1,1360,1360,2737,0.3515
20260914,C 同B+1.0秒打断运动记忆,0.62,1,0,0,1346,1,1360,1360,2738,0.3541
20260914,C 同B+1.0秒打断运动记忆,0.64,1,0,0,1346,1,1360,1360,2739,0.3554
20260914,C 同B+1.0秒打断运动记忆,0.66,1,0,0,1346,1,1360,1360,2740,0.3558
20260914,C 同B+1.0秒打断运动记忆,0.68,1,0,0,1346,1,1360,1360,2742,0.3583
20260914,C 同B+1.0秒打断运动记忆,0.70,1,0,0,1346,1,1360,1360,2743,0.3621
20260914,C 同B+1.0秒打断运动记忆,0.72,1,0,0,1346,1,1360,1360,2743,0.3629
20260914,C 同B+1.0秒打断运动记忆,0.74,1,0,0,1346,1,1360,1360,2745,0.3602
20260914,C 同B+1.0秒打断运动记忆,0.76,1,0,0,1346,1,1360,1360,2746,0.3557
20260914,C 同B+1.0秒打断运动记忆,0.78,1,0,0,1346,1,1360,1360,2747,0.3542
20260914,C 同B+1.0秒打断运动记忆,0.80,1,0,0,1346,1,1360,1360,2748,0.3559
20260914,C 同B+1.0秒打断运动记忆,0.82,1,0,0,1346,1,1360,1360,2749,0.3595
20260914,C 同B+1.0秒打断运动记忆,0.84,1,0,0,1346,1,1360,1360,2750,0.3646
20260914,C 同B+1.0秒打断运动记忆,0.86,1,0,0,1346,1,1360,1360,2750,0.3686
20260914,C 同B+1.0秒打断运动记忆,0.88,1,0,0,1346,1,1360,1360,2751,0.3704
20260914,C 同B+1.0秒打断运动记忆,0.90,1,0,0,1346,1,1360,1360,2752,0.3689
20260914,C 同B+1.0秒打断运动记忆,0.92,1,0,0,1346,1,1360,1360,2753,0.3648
20260914,C 同B+1.0秒打断运动记忆,0.94,1,0,0,1346,1,1360,1360,2754,0.3613
20260914,C 同B+1.0秒打断运动记忆,0.96,1,0,0,1346,1,1360,1360,2755,0.3581
20260914,C 同B+1.0秒打断运动记忆,0.98,1,0,0,1346,1,1360,1360,2756,0.3541
20260914,C 同B+1.0秒打断运动记忆,1.00,1,0,0,1346,1,1360,1360,2758,0.3565
20260914,C 同B+1.0秒打断运动记忆,1.02,0,0,0,1346,1,1360,1360,2758,0.3606
20260914,C 同B+1.0秒打断运动记忆,1.04,0,0,0,1346,1,1360,1360,2759,0.3605
20260914,C 同B+1.0秒打断运动记忆,1.06,0,0,0,1346,1,1360,1360,2760,0.3562
20260914,C 同B+1.0秒打断运动记忆,1.08,0,0,0,1346,1,1360,1360,2761,0.3473
20260914,C 同B+1.0秒打断运动记忆,1.10,0,0,0,1346,1,1360,1360,2762,0.3345
20260914,C 同B+1.0秒打断运动记忆,1.12,0,0,0,1346,1,1360,1360,2763,0.3181
20260914,C 同B+1.0秒打断运动记忆,1.14,0,0,0,1346,1,1360,1360,2764,0.2984
20260914,C 同B+1.0秒打断运动记忆,1.16,0,0,0,1346,1,1360,1360,2765,0.2747
20260914,C 同B+1.0秒打断运动记忆,1.18,0,0,0,1346,1,1360,1360,2766,0.2535
20260914,C 同B+1.0秒打断运动记忆,1.20,0,0,0,1346,1,1360,1360,2767,0.2409
20260914,C 同B+1.0秒打断运动记忆,1.22,0,0,0,1346,1,1360,1360,2768,0.2313
20260914,C 同B+1.0秒打断运动记忆,1.24,0,0,0,1346,1,1360,1360,2769,0.2209
20260914,C 同B+1.0秒打断运动记忆,1.26,0,0,0,1346,1,1360,1360,2770,0.2135
20260914,C 同B+1.0秒打断运动记忆,1.28,0,0,0,1346,1,1360,1360,2771,0.2140
20260914,C 同B+1.0秒打断运动记忆,1.30,0,0,0,1346,1,1360,1360,2772,0.2173
20260914,C 同B+1.0秒打断运动记忆,1.32,0,0,0,1346,1,1360,1360,2773,0.2167
20260914,C 同B+1.0秒打断运动记忆,1.34,0,0,0,1346,1,1360,1360,2774,0.2161
20260914,C 同B+1.0秒打断运动记忆,1.36,0,0,0,1346,1,1360,1360,2775,0.2123
20260914,C 同B+1.0秒打断运动记忆,1.38,0,0,0,1346,1,1360,1360,2776,0.2072
20260914,C 同B+1.0秒打断运动记忆,1.40,0,0,0,1346,1,1360,1360,2777,0.2049
20260914,C 同B+1.0秒打断运动记忆,1.42,0,0,0,1346,1,1360,1360,2778,0.2143
20260914,C 同B+1.0秒打断运动记忆,1.44,0,0,0,1346,1,1360,1360,2779,0.2259
20260914,C 同B+1.0秒打断运动记忆,1.46,0,0,0,1346,1,1360,1360,2780,0.2336
20260914,C 同B+1.0秒打断运动记忆,1.48,0,0,0,1346,1,1360,1360,2781,0.2371
20260914,C 同B+1.0秒打断运动记忆,1.50,0,0,0,1346,1,1360,1360,2782,0.2384
20260914,C 同B+1.0秒打断运动记忆,1.52,0,0,0,1346,1,1360,1360,2783,0.2377
20260914,C 同B+1.0秒打断运动记忆,1.54,0,0,0,1346,1,1360,1360,2784,0.2332
20260914,C 同B+1.0秒打断运动记忆,1.56,0,0,0,1346,1,1360,1360,2785,0.2290
20260914,C 同B+1.0秒打断运动记忆,1.58,0,0,0,1346,1,1360,1360,2786,0.2217
20260914,C 同B+1.0秒打断运动记忆,1.60,0,0,0,1346,1,1360,1360,2787,0.2157
20260914,C 同B+1.0秒打断运动记忆,1.62,0,0,0,1346,1,1360,1360,2788,0.2178
20260914,C 同B+1.0秒打断运动记忆,1.64,0,0,0,1346,1,1360,1360,2789,0.2255
20260914,C 同B+1.0秒打断运动记忆,1.66,0,0,0,1346,1,1360,1360,2790,0.2338
20260914,C 同B+1.0秒打断运动记忆,1.68,0,0,0,1346,1,1360,1360,2791,0.2372
20260914,C 同B+1.0秒打断运动记忆,1.70,0,0,0,1346,1,1360,1360,2792,0.2385
20260914,C 同B+1.0秒打断运动记忆,1.72,0,0,0,1346,1,1360,1360,2793,0.2353
20260914,C 同B+1.0秒打断运动记忆,1.74,0,0,0,1346,1,1360,1360,2794,0.2336
20260914,C 同B+1.0秒打断运动记忆,1.76,0,0,0,1346,1,1360,1360,2795,0.2319
20260914,C 同B+1.0秒打断运动记忆,1.78,0,0,0,1346,1,1360,1360,2796,0.2265
20260914,C 同B+1.0秒打断运动记忆,1.80,0,0,0,1346,1,1360,1360,2797,0.2218
20260914,C 同B+1.0秒打断运动记忆,1.82,0,0,0,1346,1,1360,1360,2798,0.2176
20260914,C 同B+1.0秒打断运动记忆,1.84,0,0,0,1346,1,1360,1360,2799,0.2187
20260914,C 同B+1.0秒打断运动记忆,1.86,0,0,0,1346,1,1360,1360,2800,0.2228
20260914,C 同B+1.0秒打断运动记忆,1.88,0,0,0,1346,1,1360,1360,2801,0.2225
20260914,C 同B+1.0秒打断运动记忆,1.90,0,0,0,1346,1,1360,1360,2802,0.2206
20260914,C 同B+1.0秒打断运动记忆,1.92,0,0,0,1346,1,1360,1360,2803,0.2173
20260914,C 同B+1.0秒打断运动记忆,1.94,0,0,0,1346,1,1360,1360,2804,0.2113
20260914,C 同B+1.0秒打断运动记忆,1.96,0,0,0,1346,1,1360,1360,2805,0.2117
20260914,C 同B+1.0秒打断运动记忆,1.98,0,0,0,1346,1,1360,1360,2806,0.2177
20260914,C 同B+1.0秒打断运动记忆,2.00,0,0,0,1346,1,1360,1360,2807,0.2223
20260914,C 同B+1.0秒打断运动记忆,2.02,0,0,0,1346,1,1360,1360,2808,0.2253
20260914,C 同B+1.0秒打断运动记忆,2.04,0,0,0,1346,1,1360,1360,2809,0.2233
20260914,C 同B+1.0秒打断运动记忆,2.06,0,0,0,1346,1,1360,1360,2810,0.2188
20260914,C 同B+1.0秒打断运动记忆,2.08,0,0,0,1346,1,1360,1360,2811,0.2145
20260914,C 同B+1.0秒打断运动记忆,2.10,0,0,0,1346,1,1360,1360,2812,0.2152
20260914,C 同B+1.0秒打断运动记忆,2.12,0,0,0,1346,1,1360,1360,2813,0.2220
20260914,C 同B+1.0秒打断运动记忆,2.14,0,0,0,1346,1,1360,1360,2814,0.2274
20260914,C 同B+1.0秒打断运动记忆,2.16,0,0,0,1346,1,1360,1360,2815,0.2306
20260914,C 同B+1.0秒打断运动记忆,2.18,0,0,0,1346,1,1360,1360,2816,0.2298
20260914,C 同B+1.0秒打断运动记忆,2.20,0,0,0,1346,1,1360,1360,2817,0.2306
20260914,C 同B+1.0秒打断运动记忆,2.22,0,0,0,1346,1,1360,1360,2818,0.2289
20260914,C 同B+1.0秒打断运动记忆,2.24,0,0,0,1346,1,1360,1360,2819,0.2283
20260914,C 同B+1.0秒打断运动记忆,2.26,0,0,0,1346,1,1360,1360,2820,0.2268
20260914,C 同B+1.0秒打断运动记忆,2.28,0,0,0,1346,1,1360,1360,2821,0.2259
20260914,C 同B+1.0秒打断运动记忆,2.30,0,0,0,1346,1,1360,1360,2822,0.2217
20260914,C 同B+1.0秒打断运动记忆,2.32,0,0,0,1346,1,1360,1360,2823,0.2135
20260914,C 同B+1.0秒打断运动记忆,2.34,0,0,0,1346,1,1360,1360,2824,0.2113
20260914,C 同B+1.0秒打断运动记忆,2.36,0,0,0,1346,1,1360,1360,2825,0.2174
20260914,C 同B+1.0秒打断运动记忆,2.38,0,0,0,1346,1,1360,1360,2826,0.2246
20260914,C 同B+1.0秒打断运动记忆,2.40,0,0,0,1346,1,1360,1360,2827,0.2286
20260914,C 同B+1.0秒打断运动记忆,2.42,0,0,0,1346,1,1360,1360,2828,0.2296
20260914,C 同B+1.0秒打断运动记忆,2.44,0,0,0,1346,1,1360,1360,2829,0.2288
20260914,C 同B+1.0秒打断运动记忆,2.46,0,0,0,1346,1,1360,1360,2830,0.2279
20260914,C 同B+1.0秒打断运动记忆,2.48,0,0,0,1346,1,1360,1360,2831,0.2284
20260914,C 同B+1.0秒打断运动记忆,2.50,0,0,0,1346,1,1360,1360,2832,0.2253
20260914,C 同B+1.0秒打断运动记忆,2.52,0,0,0,1346,1,1360,1360,2833,0.2185
20260914,C 同B+1.0秒打断运动记忆,2.54,0,0,0,1346,1,1360,1360,2834,0.2153
20260914,C 同B+1.0秒打断运动记忆,2.56,0,0,0,1346,1,1360,1360,2835,0.2110
20260914,C 同B+1.0秒打断运动记忆,2.58,0,0,0,1346,1,1360,1360,2836,0.2131
20260914,C 同B+1.0秒打断运动记忆,2.60,0,0,0,1346,1,1360,1360,2837,0.2140
20260914,C 同B+1.0秒打断运动记忆,2.62,0,0,0,1346,1,1360,1360,2838,0.2151
20260914,C 同B+1.0秒打断运动记忆,2.64,0,0,0,1346,1,1360,1360,2839,0.2137
20260914,C 同B+1.0秒打断运动记忆,2.66,0,0,0,1346,1,1360,1360,2840,0.2092
20260914,C 同B+1.0秒打断运动记忆,2.68,0,0,0,1346,1,1360,1360,2841,0.2054
20260914,C 同B+1.0秒打断运动记忆,2.70,0,0,0,1346,1,1360,1360,2842,0.2029
20260914,C 同B+1.0秒打断运动记忆,2.72,0,0,0,1346,1,1360,1360,2843,0.2043
20260914,C 同B+1.0秒打断运动记忆,2.74,0,0,0,1346,1,1360,1360,2844,0.2036
20260914,C 同B+1.0秒打断运动记忆,2.76,0,0,0,1346,1,1360,1360,2845,0.2059
20260914,C 同B+1.0秒打断运动记忆,2.78,0,0,0,1346,1,1360,1360,2846,0.2059
20260914,C 同B+1.0秒打断运动记忆,2.80,0,0,0,1346,1,1360,1360,2847,0.2072
20260914,C 同B+1.0秒打断运动记忆,2.82,0,0,0,1346,1,1360,1360,2848,0.2067
20260914,C 同B+1.0秒打断运动记忆,2.84,0,0,0,1346,1,1360,1360,2849,0.2087
20260914,C 同B+1.0秒打断运动记忆,2.86,0,0,0,1346,1,1360,1360,2850,0.2106
20260914,C 同B+1.0秒打断运动记忆,2.88,0,0,0,1346,1,1360,1360,2851,0.2142
20260914,C 同B+1.0秒打断运动记忆,2.90,0,0,0,1346,1,1360,1360,2852,0.2202
20260914,C 同B+1.0秒打断运动记忆,2.92,0,0,0,1346,1,1360,1360,2853,0.2228
20260914,C 同B+1.0秒打断运动记忆,2.94,0,0,0,1346,1,1360,1360,2854,0.2213
20260914,C 同B+1.0秒打断运动记忆,2.96,0,0,0,1346,1,1360,1360,2855,0.2157
20260914,C 同B+1.0秒打断运动记忆,2.98,0,0,0,1346,1,1360,1360,2856,0.2105
20260914,D 一直黑+1.0秒同样打断,0.00,0,0,0,1346,0,0,1360,0,0.2607
20260914,D 一直黑+1.0秒同样打断,0.02,0,0,0,1346,0,0,1360,0,0.2561
20260914,D 一直黑+1.0秒同样打断,0.04,0,0,0,1346,0,0,1360,0,0.2478
20260914,D 一直黑+1.0秒同样打断,0.06,0,0,0,1346,1,2,1360,2,0.2346
20260914,D 一直黑+1.0秒同样打断,0.08,0,0,0,1346,1,3,1360,5,0.2185
20260914,D 一直黑+1.0秒同样打断,0.10,0,0,0,1346,1,7,1360,11,0.2024
20260914,D 一直黑+1.0秒同样打断,0.12,0,0,0,1346,1,9,1360,15,0.1956
20260914,D 一直黑+1.0秒同样打断,0.14,0,0,0,1346,1,11,1360,19,0.1992
20260914,D 一直黑+1.0秒同样打断,0.16,0,0,0,1346,1,12,1360,21,0.2125
20260914,D 一直黑+1.0秒同样打断,0.18,0,0,0,1346,1,13,1360,25,0.2252
20260914,D 一直黑+1.0秒同样打断,0.20,0,0,0,1346,1,14,1360,27,0.2363
20260914,D 一直黑+1.0秒同样打断,0.22,0,0,0,1346,1,15,1360,29,0.2423
20260914,D 一直黑+1.0秒同样打断,0.24,0,0,0,1346,1,16,1360,31,0.2435
20260914,D 一直黑+1.0秒同样打断,0.26,0,0,0,1346,1,17,1360,33,0.2407
20260914,D 一直黑+1.0秒同样打断,0.28,0,0,0,1346,1,18,1360,35,0.2342
20260914,D 一直黑+1.0秒同样打断,0.30,0,0,0,1346,1,19,1360,37,0.2240
20260914,D 一直黑+1.0秒同样打断,0.32,0,0,0,1346,1,20,1360,39,0.2141
20260914,D 一直黑+1.0秒同样打断,0.34,0,0,0,1346,1,21,1360,41,0.2118
20260914,D 一直黑+1.0秒同样打断,0.36,0,0,0,1346,1,22,1360,43,0.2119
20260914,D 一直黑+1.0秒同样打断,0.38,0,0,0,1346,1,23,1360,45,0.2102
20260914,D 一直黑+1.0秒同样打断,0.40,0,0,0,1346,1,24,1360,47,0.2065
20260914,D 一直黑+1.0秒同样打断,0.42,0,0,0,1346,1,25,1360,49,0.2004
20260914,D 一直黑+1.0秒同样打断,0.44,0,0,0,1346,1,26,1360,51,0.1942
20260914,D 一直黑+1.0秒同样打断,0.46,0,0,0,1346,1,27,1360,53,0.1890
20260914,D 一直黑+1.0秒同样打断,0.48,0,0,0,1346,1,28,1360,55,0.1858
20260914,D 一直黑+1.0秒同样打断,0.50,0,0,0,1346,1,29,1360,57,0.1822
20260914,D 一直黑+1.0秒同样打断,0.52,0,0,0,1346,1,30,1360,59,0.1769
20260914,D 一直黑+1.0秒同样打断,0.54,0,0,0,1346,1,31,1360,62,0.1694
20260914,D 一直黑+1.0秒同样打断,0.56,0,0,0,1346,1,33,1360,65,0.1595
20260914,D 一直黑+1.0秒同样打断,0.58,0,0,0,1346,1,35,1360,68,0.1468
20260914,D 一直黑+1.0秒同样打断,0.60,0,0,0,1346,1,37,1360,71,0.1360
20260914,D 一直黑+1.0秒同样打断,0.62,0,0,0,1346,1,38,1360,73,0.1389
20260914,D 一直黑+1.0秒同样打断,0.64,0,0,0,1346,1,39,1360,76,0.1496
20260914,D 一直黑+1.0秒同样打断,0.66,0,0,0,1346,1,40,1360,78,0.1586
20260914,D 一直黑+1.0秒同样打断,0.68,0,0,0,1346,1,41,1360,79,0.1637
20260914,D 一直黑+1.0秒同样打断,0.70,0,0,0,1346,1,42,1360,81,0.1647
20260914,D 一直黑+1.0秒同样打断,0.72,0,0,0,1346,1,43,1360,83,0.1618
20260914,D 一直黑+1.0秒同样打断,0.74,0,0,0,1346,1,44,1360,85,0.1552
20260914,D 一直黑+1.0秒同样打断,0.76,0,0,0,1346,1,45,1360,87,0.1535
20260914,D 一直黑+1.0秒同样打断,0.78,0,0,0,1346,1,47,1360,90,0.1547
20260914,D 一直黑+1.0秒同样打断,0.80,0,0,0,1346,1,49,1360,94,0.1550
20260914,D 一直黑+1.0秒同样打断,0.82,0,0,0,1346,1,51,1360,99,0.1548
20260914,D 一直黑+1.0秒同样打断,0.84,0,0,0,1346,1,53,1360,103,0.1547
20260914,D 一直黑+1.0秒同样打断,0.86,0,0,0,1346,1,55,1360,107,0.1545
20260914,D 一直黑+1.0秒同样打断,0.88,0,0,0,1346,1,56,1360,111,0.1540
20260914,D 一直黑+1.0秒同样打断,0.90,0,0,0,1346,1,58,1360,116,0.1533
20260914,D 一直黑+1.0秒同样打断,0.92,0,0,0,1346,1,59,1360,120,0.1523
20260914,D 一直黑+1.0秒同样打断,0.94,0,0,0,1346,1,60,1360,123,0.1510
20260914,D 一直黑+1.0秒同样打断,0.96,0,0,0,1346,1,61,1360,126,0.1493
20260914,D 一直黑+1.0秒同样打断,0.98,0,0,0,1346,1,62,1360,129,0.1472
20260914,D 一直黑+1.0秒同样打断,1.00,0,0,0,1346,1,63,1360,132,0.1446
20260914,D 一直黑+1.0秒同样打断,1.02,0,0,0,1346,1,64,1360,135,0.1402
20260914,D 一直黑+1.0秒同样打断,1.04,0,0,0,1346,1,66,1360,138,0.1372
20260914,D 一直黑+1.0秒同样打断,1.06,0,0,0,1346,1,68,1360,142,0.1328
20260914,D 一直黑+1.0秒同样打断,1.08,0,0,0,1346,1,70,1360,144,0.1256
20260914,D 一直黑+1.0秒同样打断,1.10,0,0,0,1346,1,72,1360,147,0.1159
20260914,D 一直黑+1.0秒同样打断,1.12,0,0,0,1346,1,74,1360,150,0.1031
20260914,D 一直黑+1.0秒同样打断,1.14,0,0,0,1346,1,75,1360,152,0.0871
20260914,D 一直黑+1.0秒同样打断,1.16,0,0,0,1346,1,76,1360,154,0.0676
20260914,D 一直黑+1.0秒同样打断,1.18,0,0,0,1346,1,77,1360,156,0.0532
20260914,D 一直黑+1.0秒同样打断,1.20,0,0,0,1346,1,78,1360,159,0.0556
20260914,D 一直黑+1.0秒同样打断,1.22,0,0,0,1346,1,80,1360,162,0.0601
20260914,D 一直黑+1.0秒同样打断,1.24,0,0,0,1346,1,82,1360,165,0.0623
20260914,D 一直黑+1.0秒同样打断,1.26,0,0,0,1346,1,84,1360,169,0.0621
20260914,D 一直黑+1.0秒同样打断,1.28,0,0,0,1346,1,86,1360,172,0.0613
20260914,D 一直黑+1.0秒同样打断,1.30,0,0,0,1346,1,87,1360,174,0.0601
20260914,D 一直黑+1.0秒同样打断,1.32,0,0,0,1346,1,88,1360,176,0.0582
20260914,D 一直黑+1.0秒同样打断,1.34,0,0,0,1346,1,90,1360,179,0.0579
20260914,D 一直黑+1.0秒同样打断,1.36,0,0,0,1346,1,92,1360,182,0.0591
20260914,D 一直黑+1.0秒同样打断,1.38,0,0,0,1346,1,94,1360,185,0.0600
20260914,D 一直黑+1.0秒同样打断,1.40,0,0,0,1346,1,96,1360,188,0.0603
20260914,D 一直黑+1.0秒同样打断,1.42,0,0,0,1346,1,98,1360,191,0.0600
20260914,D 一直黑+1.0秒同样打断,1.44,0,0,0,1346,1,100,1360,194,0.0590
20260914,D 一直黑+1.0秒同样打断,1.46,0,0,0,1346,1,102,1360,197,0.0576
20260914,D 一直黑+1.0秒同样打断,1.48,0,0,0,1346,1,104,1360,200,0.0580
20260914,D 一直黑+1.0秒同样打断,1.50,0,0,0,1346,1,106,1360,204,0.0586
20260914,D 一直黑+1.0秒同样打断,1.52,0,0,0,1346,1,108,1360,208,0.0586
20260914,D 一直黑+1.0秒同样打断,1.54,0,0,0,1346,1,110,1360,213,0.0579
20260914,D 一直黑+1.0秒同样打断,1.56,0,0,0,1346,1,112,1360,218,0.0576
20260914,D 一直黑+1.0秒同样打断,1.58,0,0,0,1346,1,115,1360,225,0.0578
20260914,D 一直黑+1.0秒同样打断,1.60,0,0,0,1346,1,118,1360,233,0.0577
20260914,D 一直黑+1.0秒同样打断,1.62,0,0,0,1346,1,121,1360,240,0.0577
20260914,D 一直黑+1.0秒同样打断,1.64,0,0,0,1346,1,122,1360,245,0.0578
20260914,D 一直黑+1.0秒同样打断,1.66,0,0,0,1346,1,123,1360,251,0.0578
20260914,D 一直黑+1.0秒同样打断,1.68,0,0,0,1346,1,124,1360,257,0.0579
20260914,D 一直黑+1.0秒同样打断,1.70,0,0,0,1346,1,125,1360,262,0.0579
20260914,D 一直黑+1.0秒同样打断,1.72,0,0,0,1346,1,126,1360,267,0.0579
20260914,D 一直黑+1.0秒同样打断,1.74,0,0,0,1346,1,127,1360,272,0.0579
20260914,D 一直黑+1.0秒同样打断,1.76,0,0,0,1346,1,129,1360,276,0.0579
20260914,D 一直黑+1.0秒同样打断,1.78,0,0,0,1346,1,131,1360,281,0.0579
20260914,D 一直黑+1.0秒同样打断,1.80,0,0,0,1346,1,133,1360,286,0.0579
20260914,D 一直黑+1.0秒同样打断,1.82,0,0,0,1346,1,134,1360,291,0.0579
20260914,D 一直黑+1.0秒同样打断,1.84,0,0,0,1346,1,135,1360,296,0.0579
20260914,D 一直黑+1.0秒同样打断,1.86,0,0,0,1346,1,136,1360,300,0.0579
20260914,D 一直黑+1.0秒同样打断,1.88,0,0,0,1346,1,137,1360,305,0.0579
20260914,D 一直黑+1.0秒同样打断,1.90,0,0,0,1346,1,139,1360,310,0.0579
20260914,D 一直黑+1.0秒同样打断,1.92,0,0,0,1346,1,141,1360,315,0.0579
20260914,D 一直黑+1.0秒同样打断,1.94,0,0,0,1346,1,143,1360,321,0.0579
20260914,D 一直黑+1.0秒同样打断,1.96,0,0,0,1346,1,145,1360,327,0.0579
20260914,D 一直黑+1.0秒同样打断,1.98,0,0,0,1346,1,147,1360,333,0.0579
20260914,D 一直黑+1.0秒同样打断,2.00,0,0,0,1346,1,149,1360,339,0.0579
20260914,D 一直黑+1.0秒同样打断,2.02,0,0,0,1346,1,151,1360,345,0.0579
20260914,D 一直黑+1.0秒同样打断,2.04,0,0,0,1346,1,152,1360,350,0.0579
20260914,D 一直黑+1.0秒同样打断,2.06,0,0,0,1346,1,153,1360,354,0.0579
20260914,D 一直黑+1.0秒同样打断,2.08,0,0,0,1346,1,154,1360,358,0.0579
20260914,D 一直黑+1.0秒同样打断,2.10,0,0,0,1346,1,156,1360,363,0.0579
20260914,D 一直黑+1.0秒同样打断,2.12,0,0,0,1346,1,159,1360,369,0.0579
20260914,D 一直黑+1.0秒同样打断,2.14,0,0,0,1346,1,160,1360,374,0.0579
20260914,D 一直黑+1.0秒同样打断,2.16,0,0,0,1346,1,161,1360,380,0.0579
20260914,D 一直黑+1.0秒同样打断,2.18,0,0,0,1346,1,162,1360,384,0.0579
20260914,D 一直黑+1.0秒同样打断,2.20,0,0,0,1346,1,164,1360,389,0.0579
20260914,D 一直黑+1.0秒同样打断,2.22,0,0,0,1346,1,166,1360,394,0.0579
20260914,D 一直黑+1.0秒同样打断,2.24,0,0,0,1346,1,168,1360,400,0.0579
20260914,D 一直黑+1.0秒同样打断,2.26,0,0,0,1346,1,170,1360,405,0.0594
20260914,D 一直黑+1.0秒同样打断,2.28,0,0,0,1346,1,173,1360,412,0.0599
20260914,D 一直黑+1.0秒同样打断,2.30,0,0,0,1346,1,176,1360,419,0.0579
20260914,D 一直黑+1.0秒同样打断,2.32,0,0,0,1346,1,179,1360,426,0.0567
20260914,D 一直黑+1.0秒同样打断,2.34,0,0,0,1346,1,181,1360,431,0.0571
20260914,D 一直黑+1.0秒同样打断,2.36,0,0,0,1346,1,183,1360,436,0.0575
20260914,D 一直黑+1.0秒同样打断,2.38,0,0,0,1346,1,185,1360,439,0.0577
20260914,D 一直黑+1.0秒同样打断,2.40,0,0,0,1346,1,187,1360,442,0.0578
20260914,D 一直黑+1.0秒同样打断,2.42,0,0,0,1346,1,189,1360,445,0.0579
20260914,D 一直黑+1.0秒同样打断,2.44,0,0,0,1346,1,191,1360,449,0.0579
20260914,D 一直黑+1.0秒同样打断,2.46,0,0,0,1346,1,192,1360,453,0.0579
20260914,D 一直黑+1.0秒同样打断,2.48,0,0,0,1346,1,193,1360,458,0.0579
20260914,D 一直黑+1.0秒同样打断,2.50,0,0,0,1346,1,194,1360,464,0.0579
20260914,D 一直黑+1.0秒同样打断,2.52,0,0,0,1346,1,195,1360,471,0.0579
20260914,D 一直黑+1.0秒同样打断,2.54,0,0,0,1346,1,196,1360,479,0.0579
20260914,D 一直黑+1.0秒同样打断,2.56,0,0,0,1346,1,197,1360,485,0.0579
20260914,D 一直黑+1.0秒同样打断,2.58,0,0,0,1346,1,198,1360,491,0.0579
20260914,D 一直黑+1.0秒同样打断,2.60,0,0,0,1346,1,199,1360,498,0.0579
20260914,D 一直黑+1.0秒同样打断,2.62,0,0,0,1346,1,200,1360,504,0.0579
20260914,D 一直黑+1.0秒同样打断,2.64,0,0,0,1346,1,201,1360,509,0.0579
20260914,D 一直黑+1.0秒同样打断,2.66,0,0,0,1346,1,202,1360,514,0.0579
20260914,D 一直黑+1.0秒同样打断,2.68,0,0,0,1346,1,203,1360,518,0.0579
20260914,D 一直黑+1.0秒同样打断,2.70,0,0,0,1346,1,204,1360,522,0.0579
20260914,D 一直黑+1.0秒同样打断,2.72,0,0,0,1346,1,205,1360,526,0.0579
20260914,D 一直黑+1.0秒同样打断,2.74,0,0,0,1346,1,206,1360,530,0.0579
20260914,D 一直黑+1.0秒同样打断,2.76,0,0,0,1346,1,207,1360,534,0.0579
20260914,D 一直黑+1.0秒同样打断,2.78,0,0,0,1346,1,208,1360,537,0.0579
20260914,D 一直黑+1.0秒同样打断,2.80,0,0,0,1346,1,209,1360,541,0.0579
20260914,D 一直黑+1.0秒同样打断,2.82,0,0,0,1346,1,210,1360,546,0.0579
20260914,D 一直黑+1.0秒同样打断,2.84,0,0,0,1346,1,212,1360,550,0.0579
20260914,D 一直黑+1.0秒同样打断,2.86,0,0,0,1346,1,214,1360,554,0.0579
20260914,D 一直黑+1.0秒同样打断,2.88,0,0,0,1346,1,216,1360,558,0.0579
20260914,D 一直黑+1.0秒同样打断,2.90,0,0,0,1346,1,218,1360,563,0.0579
20260914,D 一直黑+1.0秒同样打断,2.92,0,0,0,1346,1,221,1360,569,0.0579
20260914,D 一直黑+1.0秒同样打断,2.94,0,0,0,1346,1,224,1360,576,0.0579
20260914,D 一直黑+1.0秒同样打断,2.96,0,0,0,1346,1,227,1360,583,0.0579
20260914,D 一直黑+1.0秒同样打断,2.98,0,0,0,1346,1,229,1360,589,0.0579
20260914,E 一直黑(不给红也不打断),0.00,0,0,0,1346,0,0,1360,0,0.2607
20260914,E 一直黑(不给红也不打断),0.02,0,0,0,1346,0,0,1360,0,0.2561
20260914,E 一直黑(不给红也不打断),0.04,0,0,0,1346,0,0,1360,0,0.2478
20260914,E 一直黑(不给红也不打断),0.06,0,0,0,1346,1,2,1360,2,0.2346
20260914,E 一直黑(不给红也不打断),0.08,0,0,0,1346,1,3,1360,5,0.2185
20260914,E 一直黑(不给红也不打断),0.10,0,0,0,1346,1,7,1360,11,0.2024
20260914,E 一直黑(不给红也不打断),0.12,0,0,0,1346,1,9,1360,15,0.1956
20260914,E 一直黑(不给红也不打断),0.14,0,0,0,1346,1,11,1360,19,0.1992
20260914,E 一直黑(不给红也不打断),0.16,0,0,0,1346,1,12,1360,21,0.2125
20260914,E 一直黑(不给红也不打断),0.18,0,0,0,1346,1,13,1360,25,0.2252
20260914,E 一直黑(不给红也不打断),0.20,0,0,0,1346,1,14,1360,27,0.2363
20260914,E 一直黑(不给红也不打断),0.22,0,0,0,1346,1,15,1360,29,0.2423
20260914,E 一直黑(不给红也不打断),0.24,0,0,0,1346,1,16,1360,31,0.2435
20260914,E 一直黑(不给红也不打断),0.26,0,0,0,1346,1,17,1360,33,0.2407
20260914,E 一直黑(不给红也不打断),0.28,0,0,0,1346,1,18,1360,35,0.2342
20260914,E 一直黑(不给红也不打断),0.30,0,0,0,1346,1,19,1360,37,0.2240
20260914,E 一直黑(不给红也不打断),0.32,0,0,0,1346,1,20,1360,39,0.2141
20260914,E 一直黑(不给红也不打断),0.34,0,0,0,1346,1,21,1360,41,0.2118
20260914,E 一直黑(不给红也不打断),0.36,0,0,0,1346,1,22,1360,43,0.2119
20260914,E 一直黑(不给红也不打断),0.38,0,0,0,1346,1,23,1360,45,0.2102
20260914,E 一直黑(不给红也不打断),0.40,0,0,0,1346,1,24,1360,47,0.2065
20260914,E 一直黑(不给红也不打断),0.42,0,0,0,1346,1,25,1360,49,0.2004
20260914,E 一直黑(不给红也不打断),0.44,0,0,0,1346,1,26,1360,51,0.1942
20260914,E 一直黑(不给红也不打断),0.46,0,0,0,1346,1,27,1360,53,0.1890
20260914,E 一直黑(不给红也不打断),0.48,0,0,0,1346,1,28,1360,55,0.1858
20260914,E 一直黑(不给红也不打断),0.50,0,0,0,1346,1,29,1360,57,0.1822
20260914,E 一直黑(不给红也不打断),0.52,0,0,0,1346,1,30,1360,59,0.1769
20260914,E 一直黑(不给红也不打断),0.54,0,0,0,1346,1,31,1360,62,0.1694
20260914,E 一直黑(不给红也不打断),0.56,0,0,0,1346,1,33,1360,65,0.1595
20260914,E 一直黑(不给红也不打断),0.58,0,0,0,1346,1,35,1360,68,0.1468
20260914,E 一直黑(不给红也不打断),0.60,0,0,0,1346,1,37,1360,71,0.1360
20260914,E 一直黑(不给红也不打断),0.62,0,0,0,1346,1,38,1360,73,0.1389
20260914,E 一直黑(不给红也不打断),0.64,0,0,0,1346,1,39,1360,76,0.1496
20260914,E 一直黑(不给红也不打断),0.66,0,0,0,1346,1,40,1360,78,0.1586
20260914,E 一直黑(不给红也不打断),0.68,0,0,0,1346,1,41,1360,79,0.1637
20260914,E 一直黑(不给红也不打断),0.70,0,0,0,1346,1,42,1360,81,0.1647
20260914,E 一直黑(不给红也不打断),0.72,0,0,0,1346,1,43,1360,83,0.1618
20260914,E 一直黑(不给红也不打断),0.74,0,0,0,1346,1,44,1360,85,0.1552
20260914,E 一直黑(不给红也不打断),0.76,0,0,0,1346,1,45,1360,87,0.1535
20260914,E 一直黑(不给红也不打断),0.78,0,0,0,1346,1,47,1360,90,0.1547
20260914,E 一直黑(不给红也不打断),0.80,0,0,0,1346,1,49,1360,94,0.1550
20260914,E 一直黑(不给红也不打断),0.82,0,0,0,1346,1,51,1360,99,0.1548
20260914,E 一直黑(不给红也不打断),0.84,0,0,0,1346,1,53,1360,103,0.1547
20260914,E 一直黑(不给红也不打断),0.86,0,0,0,1346,1,55,1360,107,0.1545
20260914,E 一直黑(不给红也不打断),0.88,0,0,0,1346,1,56,1360,111,0.1540
20260914,E 一直黑(不给红也不打断),0.90,0,0,0,1346,1,58,1360,116,0.1533
20260914,E 一直黑(不给红也不打断),0.92,0,0,0,1346,1,59,1360,120,0.1523
20260914,E 一直黑(不给红也不打断),0.94,0,0,0,1346,1,60,1360,123,0.1510
20260914,E 一直黑(不给红也不打断),0.96,0,0,0,1346,1,61,1360,126,0.1493
20260914,E 一直黑(不给红也不打断),0.98,0,0,0,1346,1,62,1360,129,0.1472
20260914,E 一直黑(不给红也不打断),1.00,0,0,0,1346,1,63,1360,132,0.1446
20260914,E 一直黑(不给红也不打断),1.02,0,0,0,1346,1,64,1360,135,0.1407
20260914,E 一直黑(不给红也不打断),1.04,0,0,0,1346,1,66,1360,138,0.1365
20260914,E 一直黑(不给红也不打断),1.06,0,0,0,1346,1,68,1360,141,0.1308
20260914,E 一直黑(不给红也不打断),1.08,0,0,0,1346,1,70,1360,144,0.1236
20260914,E 一直黑(不给红也不打断),1.10,0,0,0,1346,1,72,1360,147,0.1146
20260914,E 一直黑(不给红也不打断),1.12,0,0,0,1346,1,74,1360,150,0.1034
20260914,E 一直黑(不给红也不打断),1.14,0,0,0,1346,1,75,1360,152,0.0896
20260914,E 一直黑(不给红也不打断),1.16,0,0,0,1346,1,76,1360,154,0.0726
20260914,E 一直黑(不给红也不打断),1.18,0,0,0,1346,1,77,1360,156,0.0551
20260914,E 一直黑(不给红也不打断),1.20,0,0,0,1346,1,78,1360,158,0.0548
20260914,E 一直黑(不给红也不打断),1.22,0,0,0,1346,1,80,1360,161,0.0601
20260914,E 一直黑(不给红也不打断),1.24,0,0,0,1346,1,82,1360,165,0.0641
20260914,E 一直黑(不给红也不打断),1.26,0,0,0,1346,1,84,1360,169,0.0657
20260914,E 一直黑(不给红也不打断),1.28,0,0,0,1346,1,86,1360,172,0.0649
20260914,E 一直黑(不给红也不打断),1.30,0,0,0,1346,1,87,1360,174,0.0620
20260914,E 一直黑(不给红也不打断),1.32,0,0,0,1346,1,88,1360,176,0.0601
20260914,E 一直黑(不给红也不打断),1.34,0,0,0,1346,1,90,1360,179,0.0582
20260914,E 一直黑(不给红也不打断),1.36,0,0,0,1346,1,92,1360,182,0.0578
20260914,E 一直黑(不给红也不打断),1.38,0,0,0,1346,1,94,1360,185,0.0594
20260914,E 一直黑(不给红也不打断),1.40,0,0,0,1346,1,96,1360,188,0.0608
20260914,E 一直黑(不给红也不打断),1.42,0,0,0,1346,1,98,1360,191,0.0615
20260914,E 一直黑(不给红也不打断),1.44,0,0,0,1346,1,100,1360,194,0.0617
20260914,E 一直黑(不给红也不打断),1.46,0,0,0,1346,1,102,1360,197,0.0614
20260914,E 一直黑(不给红也不打断),1.48,0,0,0,1346,1,104,1360,200,0.0606
20260914,E 一直黑(不给红也不打断),1.50,0,0,0,1346,1,106,1360,204,0.0595
20260914,E 一直黑(不给红也不打断),1.52,0,0,0,1346,1,108,1360,208,0.0579
20260914,E 一直黑(不给红也不打断),1.54,0,0,0,1346,1,110,1360,213,0.0578
20260914,E 一直黑(不给红也不打断),1.56,0,0,0,1346,1,112,1360,218,0.0588
20260914,E 一直黑(不给红也不打断),1.58,0,0,0,1346,1,115,1360,225,0.0594
20260914,E 一直黑(不给红也不打断),1.60,0,0,0,1346,1,118,1360,233,0.0595
20260914,E 一直黑(不给红也不打断),1.62,0,0,0,1346,1,121,1360,240,0.0591
20260914,E 一直黑(不给红也不打断),1.64,0,0,0,1346,1,122,1360,245,0.0582
20260914,E 一直黑(不给红也不打断),1.66,0,0,0,1346,1,123,1360,251,0.0577
20260914,E 一直黑(不给红也不打断),1.68,0,0,0,1346,1,124,1360,257,0.0582
20260914,E 一直黑(不给红也不打断),1.70,0,0,0,1346,1,125,1360,262,0.0584
20260914,E 一直黑(不给红也不打断),1.72,0,0,0,1346,1,126,1360,267,0.0580
20260914,E 一直黑(不给红也不打断),1.74,0,0,0,1346,1,127,1360,272,0.0577
20260914,E 一直黑(不给红也不打断),1.76,0,0,0,1346,1,129,1360,276,0.0578
20260914,E 一直黑(不给红也不打断),1.78,0,0,0,1346,1,131,1360,281,0.0578
20260914,E 一直黑(不给红也不打断),1.80,0,0,0,1346,1,133,1360,286,0.0579
20260914,E 一直黑(不给红也不打断),1.82,0,0,0,1346,1,134,1360,291,0.0594
20260914,E 一直黑(不给红也不打断),1.84,0,0,0,1346,1,135,1360,297,0.0600
20260914,E 一直黑(不给红也不打断),1.86,0,0,0,1346,1,136,1360,301,0.0580
20260914,E 一直黑(不给红也不打断),1.88,0,0,0,1346,1,137,1360,306,0.0568
20260914,E 一直黑(不给红也不打断),1.90,0,0,0,1346,1,139,1360,311,0.0571
20260914,E 一直黑(不给红也不打断),1.92,0,0,0,1346,1,141,1360,316,0.0575
20260914,E 一直黑(不给红也不打断),1.94,0,0,0,1346,1,143,1360,322,0.0577
20260914,E 一直黑(不给红也不打断),1.96,0,0,0,1346,1,145,1360,328,0.0578
20260914,E 一直黑(不给红也不打断),1.98,0,0,0,1346,1,147,1360,334,0.0579
20260914,E 一直黑(不给红也不打断),2.00,0,0,0,1346,1,149,1360,340,0.0579
20260914,E 一直黑(不给红也不打断),2.02,0,0,0,1346,1,151,1360,345,0.0579
20260914,E 一直黑(不给红也不打断),2.04,0,0,0,1346,1,152,1360,350,0.0579
20260914,E 一直黑(不给红也不打断),2.06,0,0,0,1346,1,153,1360,354,0.0579
20260914,E 一直黑(不给红也不打断),2.08,0,0,0,1346,1,154,1360,358,0.0579
20260914,E 一直黑(不给红也不打断),2.10,0,0,0,1346,1,156,1360,363,0.0579
20260914,E 一直黑(不给红也不打断),2.12,0,0,0,1346,1,159,1360,369,0.0579
20260914,E 一直黑(不给红也不打断),2.14,0,0,0,1346,1,160,1360,374,0.0579
20260914,E 一直黑(不给红也不打断),2.16,0,0,0,1346,1,161,1360,380,0.0579
20260914,E 一直黑(不给红也不打断),2.18,0,0,0,1346,1,162,1360,384,0.0579
20260914,E 一直黑(不给红也不打断),2.20,0,0,0,1346,1,164,1360,389,0.0579
20260914,E 一直黑(不给红也不打断),2.22,0,0,0,1346,1,166,1360,394,0.0579
20260914,E 一直黑(不给红也不打断),2.24,0,0,0,1346,1,168,1360,400,0.0579
20260914,E 一直黑(不给红也不打断),2.26,0,0,0,1346,1,170,1360,405,0.0579
20260914,E 一直黑(不给红也不打断),2.28,0,0,0,1346,1,173,1360,411,0.0579
20260914,E 一直黑(不给红也不打断),2.30,0,0,0,1346,1,176,1360,418,0.0579
20260914,E 一直黑(不给红也不打断),2.32,0,0,0,1346,1,179,1360,425,0.0579
20260914,E 一直黑(不给红也不打断),2.34,0,0,0,1346,1,181,1360,430,0.0579
20260914,E 一直黑(不给红也不打断),2.36,0,0,0,1346,1,183,1360,435,0.0579
20260914,E 一直黑(不给红也不打断),2.38,0,0,0,1346,1,185,1360,438,0.0579
20260914,E 一直黑(不给红也不打断),2.40,0,0,0,1346,1,187,1360,441,0.0579
20260914,E 一直黑(不给红也不打断),2.42,0,0,0,1346,1,189,1360,444,0.0579
20260914,E 一直黑(不给红也不打断),2.44,0,0,0,1346,1,191,1360,448,0.0579
20260914,E 一直黑(不给红也不打断),2.46,0,0,0,1346,1,192,1360,453,0.0579
20260914,E 一直黑(不给红也不打断),2.48,0,0,0,1346,1,193,1360,458,0.0579
20260914,E 一直黑(不给红也不打断),2.50,0,0,0,1346,1,194,1360,464,0.0579
20260914,E 一直黑(不给红也不打断),2.52,0,0,0,1346,1,195,1360,471,0.0579
20260914,E 一直黑(不给红也不打断),2.54,0,0,0,1346,1,196,1360,479,0.0579
20260914,E 一直黑(不给红也不打断),2.56,0,0,0,1346,1,197,1360,485,0.0579
20260914,E 一直黑(不给红也不打断),2.58,0,0,0,1346,1,198,1360,491,0.0579
20260914,E 一直黑(不给红也不打断),2.60,0,0,0,1346,1,199,1360,498,0.0579
20260914,E 一直黑(不给红也不打断),2.62,0,0,0,1346,1,200,1360,504,0.0579
20260914,E 一直黑(不给红也不打断),2.64,0,0,0,1346,1,201,1360,509,0.0579
20260914,E 一直黑(不给红也不打断),2.66,0,0,0,1346,1,202,1360,514,0.0579
20260914,E 一直黑(不给红也不打断),2.68,0,0,0,1346,1,203,1360,518,0.0579
20260914,E 一直黑(不给红也不打断),2.70,0,0,0,1346,1,204,1360,522,0.0579
20260914,E 一直黑(不给红也不打断),2.72,0,0,0,1346,1,205,1360,526,0.0579
20260914,E 一直黑(不给红也不打断),2.74,0,0,0,1346,1,206,1360,530,0.0579
20260914,E 一直黑(不给红也不打断),2.76,0,0,0,1346,1,207,1360,534,0.0579
20260914,E 一直黑(不给红也不打断),2.78,0,0,0,1346,1,208,1360,537,0.0579
20260914,E 一直黑(不给红也不打断),2.80,0,0,0,1346,1,209,1360,541,0.0579
20260914,E 一直黑(不给红也不打断),2.82,0,0,0,1346,1,210,1360,546,0.0579
20260914,E 一直黑(不给红也不打断),2.84,0,0,0,1346,1,212,1360,550,0.0579
20260914,E 一直黑(不给红也不打断),2.86,0,0,0,1346,1,214,1360,554,0.0579
20260914,E 一直黑(不给红也不打断),2.88,0,0,0,1346,1,216,1360,558,0.0579
20260914,E 一直黑(不给红也不打断),2.90,0,0,0,1346,1,218,1360,563,0.0579
20260914,E 一直黑(不给红也不打断),2.92,0,0,0,1346,1,221,1360,569,0.0579
20260914,E 一直黑(不给红也不打断),2.94,0,0,0,1346,1,224,1360,576,0.0579
20260914,E 一直黑(不给红也不打断),2.96,0,0,0,1346,1,227,1360,583,0.0579
20260914,E 一直黑(不给红也不打断),2.98,0,0,0,1346,1,229,1360,589,0.0579
20260915,A 一直红,0.00,0,1,1346,1346,1,1357,1360,1357,0.2607
20260915,A 一直红,0.02,1,1,1346,1346,1,1358,1360,1582,0.2565
20260915,A 一直红,0.04,1,1,1346,1346,1,1360,1360,1799,0.2525
20260915,A 一直红,0.06,1,1,1346,1346,1,1360,1360,1977,0.2594
20260915,A 一直红,0.08,1,1,1346,1346,1,1360,1360,2135,0.2739
20260915,A 一直红,0.10,1,1,1346,1346,1,1360,1360,2267,0.2900
20260915,A 一直红,0.12,1,1,1346,1346,1,1360,1360,2377,0.3055
20260915,A 一直红,0.14,1,1,1346,1346,1,1360,1360,2460,0.3215
20260915,A 一直红,0.16,1,1,1346,1346,1,1360,1360,2523,0.3376
20260915,A 一直红,0.18,1,1,1346,1346,1,1360,1360,2577,0.3531
20260915,A 一直红,0.20,1,1,1346,1346,1,1360,1360,2611,0.3677
20260915,A 一直红,0.22,1,1,1346,1346,1,1360,1360,2635,0.3801
20260915,A 一直红,0.24,1,1,1346,1346,1,1360,1360,2661,0.3891
20260915,A 一直红,0.26,1,1,1346,1346,1,1360,1360,2680,0.3952
20260915,A 一直红,0.28,1,1,1346,1346,1,1360,1360,2694,0.4005
20260915,A 一直红,0.30,1,1,1346,1346,1,1360,1360,2705,0.4051
20260915,A 一直红,0.32,1,1,1346,1346,1,1360,1360,2714,0.4087
20260915,A 一直红,0.34,1,1,1346,1346,1,1360,1360,2723,0.4103
20260915,A 一直红,0.36,1,1,1346,1346,1,1360,1360,2728,0.4111
20260915,A 一直红,0.38,1,1,1346,1346,1,1360,1360,2730,0.4122
20260915,A 一直红,0.40,1,1,1346,1346,1,1360,1360,2733,0.4137
20260915,A 一直红,0.42,1,1,1346,1346,1,1360,1360,2735,0.4145
20260915,A 一直红,0.44,1,1,1346,1346,1,1360,1360,2737,0.4145
20260915,A 一直红,0.46,1,1,1346,1346,1,1360,1360,2739,0.4138
20260915,A 一直红,0.48,1,1,1346,1346,1,1360,1360,2741,0.4124
20260915,A 一直红,0.50,1,1,1346,1346,1,1360,1360,2743,0.4106
20260915,A 一直红,0.52,1,1,1346,1346,1,1360,1360,2745,0.4065
20260915,A 一直红,0.54,1,1,1346,1346,1,1360,1360,2745,0.3991
20260915,A 一直红,0.56,1,1,1346,1346,1,1360,1360,2747,0.3874
20260915,A 一直红,0.58,1,1,1346,1346,1,1360,1360,2749,0.3725
20260915,A 一直红,0.60,1,1,1346,1346,1,1360,1360,2748,0.3565
20260915,A 一直红,0.62,1,1,1346,1346,1,1360,1360,2750,0.3454
20260915,A 一直红,0.64,1,1,1346,1346,1,1360,1360,2750,0.3430
20260915,A 一直红,0.66,1,1,1346,1346,1,1360,1360,2751,0.3462
20260915,A 一直红,0.68,1,1,1346,1346,1,1360,1360,2752,0.3500
20260915,A 一直红,0.70,1,1,1346,1346,1,1360,1360,2754,0.3522
20260915,A 一直红,0.72,1,1,1346,1346,1,1360,1360,2755,0.3513
20260915,A 一直红,0.74,1,1,1346,1346,1,1360,1360,2756,0.3480
20260915,A 一直红,0.76,1,1,1346,1346,1,1360,1360,2756,0.3437
20260915,A 一直红,0.78,1,1,1346,1346,1,1360,1360,2757,0.3388
20260915,A 一直红,0.80,1,1,1346,1346,1,1360,1360,2759,0.3329
20260915,A 一直红,0.82,1,1,1346,1346,1,1360,1360,2760,0.3260
20260915,A 一直红,0.84,1,1,1346,1346,1,1360,1360,2761,0.3190
20260915,A 一直红,0.86,1,1,1346,1346,1,1360,1360,2762,0.3118
20260915,A 一直红,0.88,1,1,1346,1346,1,1360,1360,2763,0.3043
20260915,A 一直红,0.90,1,1,1346,1346,1,1360,1360,2765,0.2955
20260915,A 一直红,0.92,1,1,1346,1346,1,1360,1360,2765,0.2858
20260915,A 一直红,0.94,1,1,1346,1346,1,1360,1360,2766,0.2748
20260915,A 一直红,0.96,1,1,1346,1346,1,1360,1360,2767,0.2626
20260915,A 一直红,0.98,1,1,1346,1346,1,1360,1360,2769,0.2485
20260915,A 一直红,1.00,1,1,1346,1346,1,1360,1360,2770,0.2322
20260915,A 一直红,1.02,1,1,1346,1346,1,1360,1360,2771,0.2304
20260915,A 一直红,1.04,1,1,1346,1346,1,1360,1360,2772,0.2358
20260915,A 一直红,1.06,1,1,1346,1346,1,1360,1360,2771,0.2397
20260915,A 一直红,1.08,1,1,1346,1346,1,1360,1360,2773,0.2419
20260915,A 一直红,1.10,1,1,1346,1346,1,1360,1360,2774,0.2423
20260915,A 一直红,1.12,1,1,1346,1346,1,1360,1360,2774,0.2413
20260915,A 一直红,1.14,1,1,1346,1346,1,1360,1360,2775,0.2394
20260915,A 一直红,1.16,1,1,1346,1346,1,1360,1360,2776,0.2366
20260915,A 一直红,1.18,1,1,1346,1346,1,1360,1360,2777,0.2329
20260915,A 一直红,1.20,1,1,1346,1346,1,1360,1360,2778,0.2276
20260915,A 一直红,1.22,1,1,1346,1346,1,1360,1360,2779,0.2212
20260915,A 一直红,1.24,1,1,1346,1346,1,1360,1360,2780,0.2136
20260915,A 一直红,1.26,1,1,1346,1346,1,1360,1360,2779,0.2042
20260915,A 一直红,1.28,1,1,1346,1346,1,1360,1360,2781,0.1914
20260915,A 一直红,1.30,1,1,1346,1346,1,1360,1360,2784,0.1791
20260915,A 一直红,1.32,1,1,1346,1346,1,1360,1360,2785,0.1657
20260915,A 一直红,1.34,1,1,1346,1346,1,1360,1360,2786,0.1512
20260915,A 一直红,1.36,1,1,1346,1346,1,1360,1360,2787,0.1513
20260915,A 一直红,1.38,1,1,1346,1346,1,1360,1360,2787,0.1538
20260915,A 一直红,1.40,1,1,1346,1346,1,1360,1360,2788,0.1544
20260915,A 一直红,1.42,1,1,1346,1346,1,1360,1360,2789,0.1542
20260915,A 一直红,1.44,1,1,1346,1346,1,1360,1360,2790,0.1548
20260915,A 一直红,1.46,1,1,1346,1346,1,1360,1360,2791,0.1552
20260915,A 一直红,1.48,1,1,1346,1346,1,1360,1360,2792,0.1553
20260915,A 一直红,1.50,1,1,1346,1346,1,1360,1360,2793,0.1553
20260915,A 一直红,1.52,1,1,1346,1346,1,1360,1360,2794,0.1554
20260915,A 一直红,1.54,1,1,1346,1346,1,1360,1360,2795,0.1555
20260915,A 一直红,1.56,1,1,1346,1346,1,1360,1360,2796,0.1555
20260915,A 一直红,1.58,1,1,1346,1346,1,1360,1360,2797,0.1555
20260915,A 一直红,1.60,1,1,1346,1346,1,1360,1360,2799,0.1557
20260915,A 一直红,1.62,1,1,1346,1346,1,1360,1360,2799,0.1556
20260915,A 一直红,1.64,1,1,1346,1346,1,1360,1360,2800,0.1557
20260915,A 一直红,1.66,1,1,1346,1346,1,1360,1360,2801,0.1556
20260915,A 一直红,1.68,1,1,1346,1346,1,1360,1360,2803,0.1555
20260915,A 一直红,1.70,1,1,1346,1346,1,1360,1360,2803,0.1559
20260915,A 一直红,1.72,1,1,1346,1346,1,1360,1360,2804,0.1557
20260915,A 一直红,1.74,1,1,1346,1346,1,1360,1360,2807,0.1553
20260915,A 一直红,1.76,1,1,1346,1346,1,1360,1360,2807,0.1555
20260915,A 一直红,1.78,1,1,1346,1346,1,1360,1360,2808,0.1552
20260915,A 一直红,1.80,1,1,1346,1346,1,1360,1360,2808,0.1547
20260915,A 一直红,1.82,1,1,1346,1346,1,1360,1360,2809,0.1547
20260915,A 一直红,1.84,1,1,1346,1346,1,1360,1360,2813,0.1547
20260915,A 一直红,1.86,1,1,1346,1346,1,1360,1360,2813,0.1549
20260915,A 一直红,1.88,1,1,1346,1346,1,1360,1360,2813,0.1549
20260915,A 一直红,1.90,1,1,1346,1346,1,1360,1360,2814,0.1548
20260915,A 一直红,1.92,1,1,1346,1346,1,1360,1360,2816,0.1546
20260915,A 一直红,1.94,1,1,1346,1346,1,1360,1360,2816,0.1546
20260915,A 一直红,1.96,1,1,1346,1346,1,1360,1360,2817,0.1545
20260915,A 一直红,1.98,1,1,1346,1346,1,1360,1360,2819,0.1541
20260915,A 一直红,2.00,1,1,1346,1346,1,1360,1360,2820,0.1539
20260915,A 一直红,2.02,1,1,1346,1346,1,1360,1360,2820,0.1541
20260915,A 一直红,2.04,1,1,1346,1346,1,1360,1360,2822,0.1544
20260915,A 一直红,2.06,1,1,1346,1346,1,1360,1360,2822,0.1545
20260915,A 一直红,2.08,1,1,1346,1346,1,1360,1360,2823,0.1546
20260915,A 一直红,2.10,1,1,1346,1346,1,1360,1360,2824,0.1548
20260915,A 一直红,2.12,1,1,1346,1346,1,1360,1360,2825,0.1551
20260915,A 一直红,2.14,1,1,1346,1346,1,1360,1360,2826,0.1551
20260915,A 一直红,2.16,1,1,1346,1346,1,1360,1360,2827,0.1550
20260915,A 一直红,2.18,1,1,1346,1346,1,1360,1360,2828,0.1549
20260915,A 一直红,2.20,1,1,1346,1346,1,1360,1360,2829,0.1552
20260915,A 一直红,2.22,1,1,1346,1346,1,1360,1360,2831,0.1548
20260915,A 一直红,2.24,1,1,1346,1346,1,1360,1360,2831,0.1547
20260915,A 一直红,2.26,1,1,1346,1346,1,1360,1360,2832,0.1550
20260915,A 一直红,2.28,1,1,1346,1346,1,1360,1360,2833,0.1550
20260915,A 一直红,2.30,1,1,1346,1346,1,1360,1360,2835,0.1548
20260915,A 一直红,2.32,1,1,1346,1346,1,1360,1360,2836,0.1551
20260915,A 一直红,2.34,1,1,1346,1346,1,1360,1360,2838,0.1553
20260915,A 一直红,2.36,1,1,1346,1346,1,1360,1360,2838,0.1555
20260915,A 一直红,2.38,1,1,1346,1346,1,1360,1360,2839,0.1554
20260915,A 一直红,2.40,1,1,1346,1346,1,1360,1360,2840,0.1553
20260915,A 一直红,2.42,1,1,1346,1346,1,1360,1360,2841,0.1553
20260915,A 一直红,2.44,1,1,1346,1346,1,1360,1360,2842,0.1554
20260915,A 一直红,2.46,1,1,1346,1346,1,1360,1360,2843,0.1555
20260915,A 一直红,2.48,1,1,1346,1346,1,1360,1360,2843,0.1555
20260915,A 一直红,2.50,1,1,1346,1346,1,1360,1360,2845,0.1555
20260915,A 一直红,2.52,1,1,1346,1346,1,1360,1360,2846,0.1554
20260915,A 一直红,2.54,1,1,1346,1346,1,1360,1360,2846,0.1554
20260915,A 一直红,2.56,1,1,1346,1346,1,1360,1360,2847,0.1555
20260915,A 一直红,2.58,1,1,1346,1346,1,1360,1360,2849,0.1551
20260915,A 一直红,2.60,1,1,1346,1346,1,1360,1360,2850,0.1551
20260915,A 一直红,2.62,1,1,1346,1346,1,1360,1360,2850,0.1553
20260915,A 一直红,2.64,1,1,1346,1346,1,1360,1360,2852,0.1544
20260915,A 一直红,2.66,1,1,1346,1346,1,1360,1360,2852,0.1545
20260915,A 一直红,2.68,1,1,1346,1346,1,1360,1360,2853,0.1546
20260915,A 一直红,2.70,1,1,1346,1346,1,1360,1360,2854,0.1548
20260915,A 一直红,2.72,1,1,1346,1346,1,1360,1360,2855,0.1545
20260915,A 一直红,2.74,1,1,1346,1346,1,1360,1360,2856,0.1546
20260915,A 一直红,2.76,1,1,1346,1346,1,1360,1360,2855,0.1546
20260915,A 一直红,2.78,1,1,1346,1346,1,1360,1360,2857,0.1547
20260915,A 一直红,2.80,1,1,1346,1346,1,1360,1360,2860,0.1550
20260915,A 一直红,2.82,1,1,1346,1346,1,1360,1360,2861,0.1551
20260915,A 一直红,2.84,1,1,1346,1346,1,1360,1360,2862,0.1552
20260915,A 一直红,2.86,1,1,1346,1346,1,1360,1360,2863,0.1552
20260915,A 一直红,2.88,1,1,1346,1346,1,1360,1360,2863,0.1550
20260915,A 一直红,2.90,1,1,1346,1346,1,1360,1360,2865,0.1548
20260915,A 一直红,2.92,1,1,1346,1346,1,1360,1360,2866,0.1546
20260915,A 一直红,2.94,1,1,1346,1346,1,1360,1360,2867,0.1545
20260915,A 一直红,2.96,1,1,1346,1346,1,1360,1360,2867,0.1544
20260915,A 一直红,2.98,1,1,1346,1346,1,1360,1360,2868,0.1541
20260915,B 红0.5秒后全黑,0.00,0,1,1346,1346,1,1357,1360,1357,0.2607
20260915,B 红0.5秒后全黑,0.02,1,1,1346,1346,1,1358,1360,1582,0.2565
20260915,B 红0.5秒后全黑,0.04,1,1,1346,1346,1,1360,1360,1799,0.2525
20260915,B 红0.5秒后全黑,0.06,1,1,1346,1346,1,1360,1360,1977,0.2594
20260915,B 红0.5秒后全黑,0.08,1,1,1346,1346,1,1360,1360,2135,0.2739
20260915,B 红0.5秒后全黑,0.10,1,1,1346,1346,1,1360,1360,2267,0.2900
20260915,B 红0.5秒后全黑,0.12,1,1,1346,1346,1,1360,1360,2377,0.3055
20260915,B 红0.5秒后全黑,0.14,1,1,1346,1346,1,1360,1360,2460,0.3215
20260915,B 红0.5秒后全黑,0.16,1,1,1346,1346,1,1360,1360,2523,0.3376
20260915,B 红0.5秒后全黑,0.18,1,1,1346,1346,1,1360,1360,2577,0.3531
20260915,B 红0.5秒后全黑,0.20,1,1,1346,1346,1,1360,1360,2611,0.3677
20260915,B 红0.5秒后全黑,0.22,1,1,1346,1346,1,1360,1360,2635,0.3801
20260915,B 红0.5秒后全黑,0.24,1,1,1346,1346,1,1360,1360,2661,0.3891
20260915,B 红0.5秒后全黑,0.26,1,1,1346,1346,1,1360,1360,2680,0.3952
20260915,B 红0.5秒后全黑,0.28,1,1,1346,1346,1,1360,1360,2694,0.4005
20260915,B 红0.5秒后全黑,0.30,1,1,1346,1346,1,1360,1360,2705,0.4051
20260915,B 红0.5秒后全黑,0.32,1,1,1346,1346,1,1360,1360,2714,0.4087
20260915,B 红0.5秒后全黑,0.34,1,1,1346,1346,1,1360,1360,2723,0.4103
20260915,B 红0.5秒后全黑,0.36,1,1,1346,1346,1,1360,1360,2728,0.4111
20260915,B 红0.5秒后全黑,0.38,1,1,1346,1346,1,1360,1360,2730,0.4122
20260915,B 红0.5秒后全黑,0.40,1,1,1346,1346,1,1360,1360,2733,0.4137
20260915,B 红0.5秒后全黑,0.42,1,1,1346,1346,1,1360,1360,2735,0.4145
20260915,B 红0.5秒后全黑,0.44,1,1,1346,1346,1,1360,1360,2737,0.4145
20260915,B 红0.5秒后全黑,0.46,1,1,1346,1346,1,1360,1360,2739,0.4138
20260915,B 红0.5秒后全黑,0.48,1,1,1346,1346,1,1360,1360,2741,0.4124
20260915,B 红0.5秒后全黑,0.50,1,0,0,1346,1,1360,1360,2743,0.4101
20260915,B 红0.5秒后全黑,0.52,1,0,0,1346,1,1360,1360,2738,0.4060
20260915,B 红0.5秒后全黑,0.54,1,0,0,1346,1,1360,1360,2738,0.3993
20260915,B 红0.5秒后全黑,0.56,1,0,0,1346,1,1360,1360,2738,0.3896
20260915,B 红0.5秒后全黑,0.58,1,0,0,1346,1,1360,1360,2740,0.3772
20260915,B 红0.5秒后全黑,0.60,1,0,0,1346,1,1360,1360,2740,0.3624
20260915,B 红0.5秒后全黑,0.62,1,0,0,1346,1,1360,1360,2742,0.3490
20260915,B 红0.5秒后全黑,0.64,1,0,0,1346,1,1360,1360,2743,0.3367
20260915,B 红0.5秒后全黑,0.66,1,0,0,1346,1,1360,1360,2744,0.3314
20260915,B 红0.5秒后全黑,0.68,1,0,0,1346,1,1360,1360,2745,0.3330
20260915,B 红0.5秒后全黑,0.70,1,0,0,1346,1,1360,1360,2746,0.3345
20260915,B 红0.5秒后全黑,0.72,1,0,0,1346,1,1360,1360,2747,0.3331
20260915,B 红0.5秒后全黑,0.74,1,0,0,1346,1,1360,1360,2748,0.3289
20260915,B 红0.5秒后全黑,0.76,1,0,0,1346,1,1360,1360,2749,0.3235
20260915,B 红0.5秒后全黑,0.78,1,0,0,1346,1,1360,1360,2750,0.3168
20260915,B 红0.5秒后全黑,0.80,1,0,0,1346,1,1360,1360,2751,0.3090
20260915,B 红0.5秒后全黑,0.82,1,0,0,1346,1,1360,1360,2752,0.3009
20260915,B 红0.5秒后全黑,0.84,1,0,0,1346,1,1360,1360,2753,0.2921
20260915,B 红0.5秒后全黑,0.86,1,0,0,1346,1,1360,1360,2754,0.2813
20260915,B 红0.5秒后全黑,0.88,1,0,0,1346,1,1360,1360,2755,0.2675
20260915,B 红0.5秒后全黑,0.90,1,0,0,1346,1,1360,1360,2756,0.2508
20260915,B 红0.5秒后全黑,0.92,1,0,0,1346,1,1360,1360,2757,0.2384
20260915,B 红0.5秒后全黑,0.94,1,0,0,1346,1,1360,1360,2758,0.2386
20260915,B 红0.5秒后全黑,0.96,1,0,0,1346,1,1360,1360,2759,0.2405
20260915,B 红0.5秒后全黑,0.98,1,0,0,1346,1,1360,1360,2760,0.2421
20260915,B 红0.5秒后全黑,1.00,1,0,0,1346,1,1360,1360,2761,0.2425
20260915,B 红0.5秒后全黑,1.02,1,0,0,1346,1,1360,1360,2762,0.2414
20260915,B 红0.5秒后全黑,1.04,1,0,0,1346,1,1360,1360,2763,0.2395
20260915,B 红0.5秒后全黑,1.06,1,0,0,1346,1,1360,1360,2764,0.2357
20260915,B 红0.5秒后全黑,1.08,1,0,0,1346,1,1360,1360,2765,0.2309
20260915,B 红0.5秒后全黑,1.10,1,0,0,1346,1,1360,1360,2766,0.2243
20260915,B 红0.5秒后全黑,1.12,1,0,0,1346,1,1360,1360,2767,0.2159
20260915,B 红0.5秒后全黑,1.14,1,0,0,1346,1,1360,1360,2768,0.2057
20260915,B 红0.5秒后全黑,1.16,1,0,0,1346,1,1360,1360,2769,0.1938
20260915,B 红0.5秒后全黑,1.18,1,0,0,1346,1,1360,1360,2770,0.1809
20260915,B 红0.5秒后全黑,1.20,1,0,0,1346,1,1360,1360,2771,0.1663
20260915,B 红0.5秒后全黑,1.22,1,0,0,1346,1,1360,1360,2772,0.1516
20260915,B 红0.5秒后全黑,1.24,1,0,0,1346,1,1360,1360,2772,0.1525
20260915,B 红0.5秒后全黑,1.26,1,0,0,1346,1,1360,1360,2773,0.1574
20260915,B 红0.5秒后全黑,1.28,1,0,0,1346,1,1360,1360,2774,0.1598
20260915,B 红0.5秒后全黑,1.30,1,0,0,1346,1,1360,1360,2776,0.1582
20260915,B 红0.5秒后全黑,1.32,1,0,0,1346,1,1360,1360,2776,0.1547
20260915,B 红0.5秒后全黑,1.34,1,0,0,1346,1,1360,1360,2778,0.1543
20260915,B 红0.5秒后全黑,1.36,1,0,0,1346,1,1360,1360,2779,0.1551
20260915,B 红0.5秒后全黑,1.38,1,0,0,1346,1,1360,1360,2780,0.1555
20260915,B 红0.5秒后全黑,1.40,1,0,0,1346,1,1360,1360,2781,0.1557
20260915,B 红0.5秒后全黑,1.42,1,0,0,1346,1,1360,1360,2782,0.1557
20260915,B 红0.5秒后全黑,1.44,1,0,0,1346,1,1360,1360,2783,0.1556
20260915,B 红0.5秒后全黑,1.46,1,0,0,1346,1,1360,1360,2784,0.1557
20260915,B 红0.5秒后全黑,1.48,1,0,0,1346,1,1360,1360,2785,0.1557
20260915,B 红0.5秒后全黑,1.50,1,0,0,1346,1,1360,1360,2786,0.1558
20260915,B 红0.5秒后全黑,1.52,1,0,0,1346,1,1360,1360,2787,0.1557
20260915,B 红0.5秒后全黑,1.54,1,0,0,1346,1,1360,1360,2788,0.1554
20260915,B 红0.5秒后全黑,1.56,1,0,0,1346,1,1360,1360,2788,0.1551
20260915,B 红0.5秒后全黑,1.58,1,0,0,1346,1,1360,1360,2790,0.1554
20260915,B 红0.5秒后全黑,1.60,1,0,0,1346,1,1360,1360,2791,0.1543
20260915,B 红0.5秒后全黑,1.62,1,0,0,1346,1,1360,1360,2792,0.1544
20260915,B 红0.5秒后全黑,1.64,1,0,0,1346,1,1360,1360,2793,0.1543
20260915,B 红0.5秒后全黑,1.66,1,0,0,1346,1,1360,1360,2794,0.1544
20260915,B 红0.5秒后全黑,1.68,1,0,0,1346,1,1360,1360,2795,0.1540
20260915,B 红0.5秒后全黑,1.70,1,0,0,1346,1,1360,1360,2796,0.1544
20260915,B 红0.5秒后全黑,1.72,1,0,0,1346,1,1360,1360,2797,0.1543
20260915,B 红0.5秒后全黑,1.74,1,0,0,1346,1,1360,1360,2799,0.1544
20260915,B 红0.5秒后全黑,1.76,1,0,0,1346,1,1360,1360,2798,0.1547
20260915,B 红0.5秒后全黑,1.78,1,0,0,1346,1,1360,1360,2799,0.1551
20260915,B 红0.5秒后全黑,1.80,1,0,0,1346,1,1360,1360,2800,0.1551
20260915,B 红0.5秒后全黑,1.82,1,0,0,1346,1,1360,1360,2801,0.1551
20260915,B 红0.5秒后全黑,1.84,1,0,0,1346,1,1360,1360,2802,0.1552
20260915,B 红0.5秒后全黑,1.86,1,0,0,1346,1,1360,1360,2803,0.1554
20260915,B 红0.5秒后全黑,1.88,1,0,0,1346,1,1360,1360,2805,0.1552
20260915,B 红0.5秒后全黑,1.90,1,0,0,1346,1,1360,1360,2806,0.1553
20260915,B 红0.5秒后全黑,1.92,1,0,0,1346,1,1360,1360,2807,0.1552
20260915,B 红0.5秒后全黑,1.94,1,0,0,1346,1,1360,1360,2808,0.1552
20260915,B 红0.5秒后全黑,1.96,1,0,0,1346,1,1360,1360,2809,0.1553
20260915,B 红0.5秒后全黑,1.98,1,0,0,1346,1,1360,1360,2810,0.1551
20260915,B 红0.5秒后全黑,2.00,1,0,0,1346,1,1360,1360,2811,0.1547
20260915,B 红0.5秒后全黑,2.02,1,0,0,1346,1,1360,1360,2812,0.1545
20260915,B 红0.5秒后全黑,2.04,1,0,0,1346,1,1360,1360,2814,0.1548
20260915,B 红0.5秒后全黑,2.06,1,0,0,1346,1,1360,1360,2813,0.1547
20260915,B 红0.5秒后全黑,2.08,1,0,0,1346,1,1360,1360,2814,0.1542
20260915,B 红0.5秒后全黑,2.10,1,0,0,1346,1,1360,1360,2815,0.1547
20260915,B 红0.5秒后全黑,2.12,1,0,0,1346,1,1360,1360,2817,0.1550
20260915,B 红0.5秒后全黑,2.14,1,0,0,1346,1,1360,1360,2818,0.1550
20260915,B 红0.5秒后全黑,2.16,1,0,0,1346,1,1360,1360,2819,0.1552
20260915,B 红0.5秒后全黑,2.18,1,0,0,1346,1,1360,1360,2820,0.1551
20260915,B 红0.5秒后全黑,2.20,1,0,0,1346,1,1360,1360,2821,0.1553
20260915,B 红0.5秒后全黑,2.22,1,0,0,1346,1,1360,1360,2822,0.1551
20260915,B 红0.5秒后全黑,2.24,1,0,0,1346,1,1360,1360,2823,0.1548
20260915,B 红0.5秒后全黑,2.26,1,0,0,1346,1,1360,1360,2824,0.1553
20260915,B 红0.5秒后全黑,2.28,1,0,0,1346,1,1360,1360,2825,0.1552
20260915,B 红0.5秒后全黑,2.30,1,0,0,1346,1,1360,1360,2826,0.1547
20260915,B 红0.5秒后全黑,2.32,1,0,0,1346,1,1360,1360,2827,0.1549
20260915,B 红0.5秒后全黑,2.34,1,0,0,1346,1,1360,1360,2829,0.1555
20260915,B 红0.5秒后全黑,2.36,1,0,0,1346,1,1360,1360,2829,0.1555
20260915,B 红0.5秒后全黑,2.38,1,0,0,1346,1,1360,1360,2830,0.1555
20260915,B 红0.5秒后全黑,2.40,1,0,0,1346,1,1360,1360,2831,0.1554
20260915,B 红0.5秒后全黑,2.42,1,0,0,1346,1,1360,1360,2832,0.1554
20260915,B 红0.5秒后全黑,2.44,1,0,0,1346,1,1360,1360,2833,0.1554
20260915,B 红0.5秒后全黑,2.46,1,0,0,1346,1,1360,1360,2834,0.1555
20260915,B 红0.5秒后全黑,2.48,1,0,0,1346,1,1360,1360,2835,0.1554
20260915,B 红0.5秒后全黑,2.50,1,0,0,1346,1,1360,1360,2836,0.1552
20260915,B 红0.5秒后全黑,2.52,1,0,0,1346,1,1360,1360,2837,0.1550
20260915,B 红0.5秒后全黑,2.54,1,0,0,1346,1,1360,1360,2838,0.1548
20260915,B 红0.5秒后全黑,2.56,1,0,0,1346,1,1360,1360,2839,0.1547
20260915,B 红0.5秒后全黑,2.58,1,0,0,1346,1,1360,1360,2840,0.1547
20260915,B 红0.5秒后全黑,2.60,1,0,0,1346,1,1360,1360,2841,0.1548
20260915,B 红0.5秒后全黑,2.62,1,0,0,1346,1,1360,1360,2842,0.1549
20260915,B 红0.5秒后全黑,2.64,1,0,0,1346,1,1360,1360,2844,0.1548
20260915,B 红0.5秒后全黑,2.66,1,0,0,1346,1,1360,1360,2844,0.1553
20260915,B 红0.5秒后全黑,2.68,1,0,0,1346,1,1360,1360,2845,0.1551
20260915,B 红0.5秒后全黑,2.70,1,0,0,1346,1,1360,1360,2846,0.1551
20260915,B 红0.5秒后全黑,2.72,1,0,0,1346,1,1360,1360,2847,0.1549
20260915,B 红0.5秒后全黑,2.74,1,0,0,1346,1,1360,1360,2847,0.1549
20260915,B 红0.5秒后全黑,2.76,1,0,0,1346,1,1360,1360,2848,0.1550
20260915,B 红0.5秒后全黑,2.78,1,0,0,1346,1,1360,1360,2849,0.1549
20260915,B 红0.5秒后全黑,2.80,1,0,0,1346,1,1360,1360,2851,0.1550
20260915,B 红0.5秒后全黑,2.82,1,0,0,1346,1,1360,1360,2851,0.1551
20260915,B 红0.5秒后全黑,2.84,1,0,0,1346,1,1360,1360,2853,0.1550
20260915,B 红0.5秒后全黑,2.86,1,0,0,1346,1,1360,1360,2854,0.1550
20260915,B 红0.5秒后全黑,2.88,1,0,0,1346,1,1360,1360,2855,0.1549
20260915,B 红0.5秒后全黑,2.90,1,0,0,1346,1,1360,1360,2856,0.1549
20260915,B 红0.5秒后全黑,2.92,1,0,0,1346,1,1360,1360,2857,0.1543
20260915,B 红0.5秒后全黑,2.94,1,0,0,1346,1,1360,1360,2859,0.1542
20260915,B 红0.5秒后全黑,2.96,1,0,0,1346,1,1360,1360,2859,0.1541
20260915,B 红0.5秒后全黑,2.98,1,0,0,1346,1,1360,1360,2860,0.1540
20260915,C 同B+1.0秒打断运动记忆,0.00,0,1,1346,1346,1,1357,1360,1357,0.2607
20260915,C 同B+1.0秒打断运动记忆,0.02,1,1,1346,1346,1,1358,1360,1582,0.2565
20260915,C 同B+1.0秒打断运动记忆,0.04,1,1,1346,1346,1,1360,1360,1799,0.2525
20260915,C 同B+1.0秒打断运动记忆,0.06,1,1,1346,1346,1,1360,1360,1977,0.2594
20260915,C 同B+1.0秒打断运动记忆,0.08,1,1,1346,1346,1,1360,1360,2135,0.2739
20260915,C 同B+1.0秒打断运动记忆,0.10,1,1,1346,1346,1,1360,1360,2267,0.2900
20260915,C 同B+1.0秒打断运动记忆,0.12,1,1,1346,1346,1,1360,1360,2377,0.3055
20260915,C 同B+1.0秒打断运动记忆,0.14,1,1,1346,1346,1,1360,1360,2460,0.3215
20260915,C 同B+1.0秒打断运动记忆,0.16,1,1,1346,1346,1,1360,1360,2523,0.3376
20260915,C 同B+1.0秒打断运动记忆,0.18,1,1,1346,1346,1,1360,1360,2577,0.3531
20260915,C 同B+1.0秒打断运动记忆,0.20,1,1,1346,1346,1,1360,1360,2611,0.3677
20260915,C 同B+1.0秒打断运动记忆,0.22,1,1,1346,1346,1,1360,1360,2635,0.3801
20260915,C 同B+1.0秒打断运动记忆,0.24,1,1,1346,1346,1,1360,1360,2661,0.3891
20260915,C 同B+1.0秒打断运动记忆,0.26,1,1,1346,1346,1,1360,1360,2680,0.3952
20260915,C 同B+1.0秒打断运动记忆,0.28,1,1,1346,1346,1,1360,1360,2694,0.4005
20260915,C 同B+1.0秒打断运动记忆,0.30,1,1,1346,1346,1,1360,1360,2705,0.4051
20260915,C 同B+1.0秒打断运动记忆,0.32,1,1,1346,1346,1,1360,1360,2714,0.4087
20260915,C 同B+1.0秒打断运动记忆,0.34,1,1,1346,1346,1,1360,1360,2723,0.4103
20260915,C 同B+1.0秒打断运动记忆,0.36,1,1,1346,1346,1,1360,1360,2728,0.4111
20260915,C 同B+1.0秒打断运动记忆,0.38,1,1,1346,1346,1,1360,1360,2730,0.4122
20260915,C 同B+1.0秒打断运动记忆,0.40,1,1,1346,1346,1,1360,1360,2733,0.4137
20260915,C 同B+1.0秒打断运动记忆,0.42,1,1,1346,1346,1,1360,1360,2735,0.4145
20260915,C 同B+1.0秒打断运动记忆,0.44,1,1,1346,1346,1,1360,1360,2737,0.4145
20260915,C 同B+1.0秒打断运动记忆,0.46,1,1,1346,1346,1,1360,1360,2739,0.4138
20260915,C 同B+1.0秒打断运动记忆,0.48,1,1,1346,1346,1,1360,1360,2741,0.4124
20260915,C 同B+1.0秒打断运动记忆,0.50,1,0,0,1346,1,1360,1360,2743,0.4101
20260915,C 同B+1.0秒打断运动记忆,0.52,1,0,0,1346,1,1360,1360,2738,0.4060
20260915,C 同B+1.0秒打断运动记忆,0.54,1,0,0,1346,1,1360,1360,2738,0.3993
20260915,C 同B+1.0秒打断运动记忆,0.56,1,0,0,1346,1,1360,1360,2738,0.3896
20260915,C 同B+1.0秒打断运动记忆,0.58,1,0,0,1346,1,1360,1360,2740,0.3772
20260915,C 同B+1.0秒打断运动记忆,0.60,1,0,0,1346,1,1360,1360,2740,0.3624
20260915,C 同B+1.0秒打断运动记忆,0.62,1,0,0,1346,1,1360,1360,2742,0.3490
20260915,C 同B+1.0秒打断运动记忆,0.64,1,0,0,1346,1,1360,1360,2743,0.3367
20260915,C 同B+1.0秒打断运动记忆,0.66,1,0,0,1346,1,1360,1360,2744,0.3314
20260915,C 同B+1.0秒打断运动记忆,0.68,1,0,0,1346,1,1360,1360,2745,0.3330
20260915,C 同B+1.0秒打断运动记忆,0.70,1,0,0,1346,1,1360,1360,2746,0.3345
20260915,C 同B+1.0秒打断运动记忆,0.72,1,0,0,1346,1,1360,1360,2747,0.3331
20260915,C 同B+1.0秒打断运动记忆,0.74,1,0,0,1346,1,1360,1360,2748,0.3289
20260915,C 同B+1.0秒打断运动记忆,0.76,1,0,0,1346,1,1360,1360,2749,0.3235
20260915,C 同B+1.0秒打断运动记忆,0.78,1,0,0,1346,1,1360,1360,2750,0.3168
20260915,C 同B+1.0秒打断运动记忆,0.80,1,0,0,1346,1,1360,1360,2751,0.3090
20260915,C 同B+1.0秒打断运动记忆,0.82,1,0,0,1346,1,1360,1360,2752,0.3009
20260915,C 同B+1.0秒打断运动记忆,0.84,1,0,0,1346,1,1360,1360,2753,0.2921
20260915,C 同B+1.0秒打断运动记忆,0.86,1,0,0,1346,1,1360,1360,2754,0.2813
20260915,C 同B+1.0秒打断运动记忆,0.88,1,0,0,1346,1,1360,1360,2755,0.2675
20260915,C 同B+1.0秒打断运动记忆,0.90,1,0,0,1346,1,1360,1360,2756,0.2508
20260915,C 同B+1.0秒打断运动记忆,0.92,1,0,0,1346,1,1360,1360,2757,0.2384
20260915,C 同B+1.0秒打断运动记忆,0.94,1,0,0,1346,1,1360,1360,2758,0.2386
20260915,C 同B+1.0秒打断运动记忆,0.96,1,0,0,1346,1,1360,1360,2759,0.2405
20260915,C 同B+1.0秒打断运动记忆,0.98,1,0,0,1346,1,1360,1360,2760,0.2421
20260915,C 同B+1.0秒打断运动记忆,1.00,1,0,0,1346,1,1360,1360,2761,0.2425
20260915,C 同B+1.0秒打断运动记忆,1.02,0,0,0,1346,1,1360,1360,2762,0.2418
20260915,C 同B+1.0秒打断运动记忆,1.04,0,0,0,1346,1,1360,1360,2762,0.2405
20260915,C 同B+1.0秒打断运动记忆,1.06,0,0,0,1346,1,1360,1360,2763,0.2385
20260915,C 同B+1.0秒打断运动记忆,1.08,0,0,0,1346,1,1360,1360,2764,0.2370
20260915,C 同B+1.0秒打断运动记忆,1.10,0,0,0,1346,1,1360,1360,2765,0.2344
20260915,C 同B+1.0秒打断运动记忆,1.12,0,0,0,1346,1,1360,1360,2765,0.2282
20260915,C 同B+1.0秒打断运动记忆,1.14,0,0,0,1346,1,1360,1360,2766,0.2180
20260915,C 同B+1.0秒打断运动记忆,1.16,0,0,0,1346,1,1360,1360,2767,0.2036
20260915,C 同B+1.0秒打断运动记忆,1.18,0,0,0,1346,1,1360,1360,2768,0.1858
20260915,C 同B+1.0秒打断运动记忆,1.20,0,0,0,1346,1,1360,1360,2769,0.1655
20260915,C 同B+1.0秒打断运动记忆,1.22,0,0,0,1346,1,1360,1360,2770,0.1429
20260915,C 同B+1.0秒打断运动记忆,1.24,0,0,0,1346,1,1360,1360,2771,0.1231
20260915,C 同B+1.0秒打断运动记忆,1.26,0,0,0,1346,1,1360,1360,2772,0.1233
20260915,C 同B+1.0秒打断运动记忆,1.28,0,0,0,1346,1,1360,1360,2773,0.1274
20260915,C 同B+1.0秒打断运动记忆,1.30,0,0,0,1346,1,1360,1360,2775,0.1292
20260915,C 同B+1.0秒打断运动记忆,1.32,0,0,0,1346,1,1360,1360,2775,0.1280
20260915,C 同B+1.0秒打断运动记忆,1.34,0,0,0,1346,1,1360,1360,2776,0.1233
20260915,C 同B+1.0秒打断运动记忆,1.36,0,0,0,1346,1,1360,1360,2777,0.1148
20260915,C 同B+1.0秒打断运动记忆,1.38,0,0,0,1346,1,1360,1360,2778,0.1014
20260915,C 同B+1.0秒打断运动记忆,1.40,0,0,0,1346,1,1360,1360,2780,0.0845
20260915,C 同B+1.0秒打断运动记忆,1.42,0,0,0,1346,1,1360,1360,2783,0.0663
20260915,C 同B+1.0秒打断运动记忆,1.44,0,0,0,1346,1,1360,1360,2783,0.0537
20260915,C 同B+1.0秒打断运动记忆,1.46,0,0,0,1346,1,1360,1360,2784,0.0573
20260915,C 同B+1.0秒打断运动记忆,1.48,0,0,0,1346,1,1360,1360,2785,0.0627
20260915,C 同B+1.0秒打断运动记忆,1.50,0,0,0,1346,1,1360,1360,2784,0.0660
20260915,C 同B+1.0秒打断运动记忆,1.52,0,0,0,1346,1,1360,1360,2785,0.0666
20260915,C 同B+1.0秒打断运动记忆,1.54,0,0,0,1346,1,1360,1360,2786,0.0648
20260915,C 同B+1.0秒打断运动记忆,1.56,0,0,0,1346,1,1360,1360,2788,0.0616
20260915,C 同B+1.0秒打断运动记忆,1.58,0,0,0,1346,1,1360,1360,2789,0.0598
20260915,C 同B+1.0秒打断运动记忆,1.60,0,0,0,1346,1,1360,1360,2790,0.0578
20260915,C 同B+1.0秒打断运动记忆,1.62,0,0,0,1346,1,1360,1360,2791,0.0582
20260915,C 同B+1.0秒打断运动记忆,1.64,0,0,0,1346,1,1360,1360,2791,0.0599
20260915,C 同B+1.0秒打断运动记忆,1.66,0,0,0,1346,1,1360,1360,2792,0.0610
20260915,C 同B+1.0秒打断运动记忆,1.68,0,0,0,1346,1,1360,1360,2793,0.0615
20260915,C 同B+1.0秒打断运动记忆,1.70,0,0,0,1346,1,1360,1360,2795,0.0613
20260915,C 同B+1.0秒打断运动记忆,1.72,0,0,0,1346,1,1360,1360,2796,0.0607
20260915,C 同B+1.0秒打断运动记忆,1.74,0,0,0,1346,1,1360,1360,2797,0.0595
20260915,C 同B+1.0秒打断运动记忆,1.76,0,0,0,1346,1,1360,1360,2798,0.0579
20260915,C 同B+1.0秒打断运动记忆,1.78,0,0,0,1346,1,1360,1360,2800,0.0579
20260915,C 同B+1.0秒打断运动记忆,1.80,0,0,0,1346,1,1360,1360,2801,0.0589
20260915,C 同B+1.0秒打断运动记忆,1.82,0,0,0,1346,1,1360,1360,2802,0.0594
20260915,C 同B+1.0秒打断运动记忆,1.84,0,0,0,1346,1,1360,1360,2803,0.0593
20260915,C 同B+1.0秒打断运动记忆,1.86,0,0,0,1346,1,1360,1360,2804,0.0586
20260915,C 同B+1.0秒打断运动记忆,1.88,0,0,0,1346,1,1360,1360,2805,0.0576
20260915,C 同B+1.0秒打断运动记忆,1.90,0,0,0,1346,1,1360,1360,2806,0.0579
20260915,C 同B+1.0秒打断运动记忆,1.92,0,0,0,1346,1,1360,1360,2807,0.0582
20260915,C 同B+1.0秒打断运动记忆,1.94,0,0,0,1346,1,1360,1360,2808,0.0580
20260915,C 同B+1.0秒打断运动记忆,1.96,0,0,0,1346,1,1360,1360,2809,0.0576
20260915,C 同B+1.0秒打断运动记忆,1.98,0,0,0,1346,1,1360,1360,2810,0.0577
20260915,C 同B+1.0秒打断运动记忆,2.00,0,0,0,1346,1,1360,1360,2811,0.0578
20260915,C 同B+1.0秒打断运动记忆,2.02,0,0,0,1346,1,1360,1360,2812,0.0579
20260915,C 同B+1.0秒打断运动记忆,2.04,0,0,0,1346,1,1360,1360,2813,0.0579
20260915,C 同B+1.0秒打断运动记忆,2.06,0,0,0,1346,1,1360,1360,2814,0.0579
20260915,C 同B+1.0秒打断运动记忆,2.08,0,0,0,1346,1,1360,1360,2815,0.0579
20260915,C 同B+1.0秒打断运动记忆,2.10,0,0,0,1346,1,1360,1360,2816,0.0579
20260915,C 同B+1.0秒打断运动记忆,2.12,0,0,0,1346,1,1360,1360,2817,0.0579
20260915,C 同B+1.0秒打断运动记忆,2.14,0,0,0,1346,1,1360,1360,2817,0.0579
20260915,C 同B+1.0秒打断运动记忆,2.16,0,0,0,1346,1,1360,1360,2818,0.0579
20260915,C 同B+1.0秒打断运动记忆,2.18,0,0,0,1346,1,1360,1360,2819,0.0579
20260915,C 同B+1.0秒打断运动记忆,2.20,0,0,0,1346,1,1360,1360,2820,0.0579
20260915,C 同B+1.0秒打断运动记忆,2.22,0,0,0,1346,1,1360,1360,2821,0.0579
20260915,C 同B+1.0秒打断运动记忆,2.24,0,0,0,1346,1,1360,1360,2822,0.0579
20260915,C 同B+1.0秒打断运动记忆,2.26,0,0,0,1346,1,1360,1360,2823,0.0579
20260915,C 同B+1.0秒打断运动记忆,2.28,0,0,0,1346,1,1360,1360,2824,0.0579
20260915,C 同B+1.0秒打断运动记忆,2.30,0,0,0,1346,1,1360,1360,2825,0.0579
20260915,C 同B+1.0秒打断运动记忆,2.32,0,0,0,1346,1,1360,1360,2826,0.0579
20260915,C 同B+1.0秒打断运动记忆,2.34,0,0,0,1346,1,1360,1360,2827,0.0579
20260915,C 同B+1.0秒打断运动记忆,2.36,0,0,0,1346,1,1360,1360,2828,0.0579
20260915,C 同B+1.0秒打断运动记忆,2.38,0,0,0,1346,1,1360,1360,2829,0.0579
20260915,C 同B+1.0秒打断运动记忆,2.40,0,0,0,1346,1,1360,1360,2830,0.0579
20260915,C 同B+1.0秒打断运动记忆,2.42,0,0,0,1346,1,1360,1360,2831,0.0579
20260915,C 同B+1.0秒打断运动记忆,2.44,0,0,0,1346,1,1360,1360,2832,0.0579
20260915,C 同B+1.0秒打断运动记忆,2.46,0,0,0,1346,1,1360,1360,2833,0.0594
20260915,C 同B+1.0秒打断运动记忆,2.48,0,0,0,1346,1,1360,1360,2835,0.0599
20260915,C 同B+1.0秒打断运动记忆,2.50,0,0,0,1346,1,1360,1360,2836,0.0579
20260915,C 同B+1.0秒打断运动记忆,2.52,0,0,0,1346,1,1360,1360,2838,0.0567
20260915,C 同B+1.0秒打断运动记忆,2.54,0,0,0,1346,1,1360,1360,2839,0.0571
20260915,C 同B+1.0秒打断运动记忆,2.56,0,0,0,1346,1,1360,1360,2840,0.0575
20260915,C 同B+1.0秒打断运动记忆,2.58,0,0,0,1346,1,1360,1360,2841,0.0577
20260915,C 同B+1.0秒打断运动记忆,2.60,0,0,0,1346,1,1360,1360,2842,0.0578
20260915,C 同B+1.0秒打断运动记忆,2.62,0,0,0,1346,1,1360,1360,2843,0.0579
20260915,C 同B+1.0秒打断运动记忆,2.64,0,0,0,1346,1,1360,1360,2843,0.0579
20260915,C 同B+1.0秒打断运动记忆,2.66,0,0,0,1346,1,1360,1360,2843,0.0579
20260915,C 同B+1.0秒打断运动记忆,2.68,0,0,0,1346,1,1360,1360,2844,0.0579
20260915,C 同B+1.0秒打断运动记忆,2.70,0,0,0,1346,1,1360,1360,2845,0.0579
20260915,C 同B+1.0秒打断运动记忆,2.72,0,0,0,1346,1,1360,1360,2846,0.0579
20260915,C 同B+1.0秒打断运动记忆,2.74,0,0,0,1346,1,1360,1360,2847,0.0579
20260915,C 同B+1.0秒打断运动记忆,2.76,0,0,0,1346,1,1360,1360,2848,0.0579
20260915,C 同B+1.0秒打断运动记忆,2.78,0,0,0,1346,1,1360,1360,2849,0.0579
20260915,C 同B+1.0秒打断运动记忆,2.80,0,0,0,1346,1,1360,1360,2850,0.0579
20260915,C 同B+1.0秒打断运动记忆,2.82,0,0,0,1346,1,1360,1360,2851,0.0579
20260915,C 同B+1.0秒打断运动记忆,2.84,0,0,0,1346,1,1360,1360,2852,0.0579
20260915,C 同B+1.0秒打断运动记忆,2.86,0,0,0,1346,1,1360,1360,2853,0.0579
20260915,C 同B+1.0秒打断运动记忆,2.88,0,0,0,1346,1,1360,1360,2854,0.0579
20260915,C 同B+1.0秒打断运动记忆,2.90,0,0,0,1346,1,1360,1360,2855,0.0579
20260915,C 同B+1.0秒打断运动记忆,2.92,0,0,0,1346,1,1360,1360,2856,0.0579
20260915,C 同B+1.0秒打断运动记忆,2.94,0,0,0,1346,1,1360,1360,2857,0.0579
20260915,C 同B+1.0秒打断运动记忆,2.96,0,0,0,1346,1,1360,1360,2858,0.0579
20260915,C 同B+1.0秒打断运动记忆,2.98,0,0,0,1346,1,1360,1360,2859,0.0579
20260915,D 一直黑+1.0秒同样打断,0.00,0,0,0,1346,0,0,1360,0,0.2607
20260915,D 一直黑+1.0秒同样打断,0.02,0,0,0,1346,0,0,1360,0,0.2561
20260915,D 一直黑+1.0秒同样打断,0.04,0,0,0,1346,0,0,1360,0,0.2478
20260915,D 一直黑+1.0秒同样打断,0.06,0,0,0,1346,1,2,1360,2,0.2346
20260915,D 一直黑+1.0秒同样打断,0.08,0,0,0,1346,1,3,1360,5,0.2185
20260915,D 一直黑+1.0秒同样打断,0.10,0,0,0,1346,1,7,1360,11,0.2024
20260915,D 一直黑+1.0秒同样打断,0.12,0,0,0,1346,1,9,1360,15,0.1956
20260915,D 一直黑+1.0秒同样打断,0.14,0,0,0,1346,1,11,1360,19,0.1992
20260915,D 一直黑+1.0秒同样打断,0.16,0,0,0,1346,1,12,1360,21,0.2125
20260915,D 一直黑+1.0秒同样打断,0.18,0,0,0,1346,1,13,1360,25,0.2252
20260915,D 一直黑+1.0秒同样打断,0.20,0,0,0,1346,1,14,1360,27,0.2363
20260915,D 一直黑+1.0秒同样打断,0.22,0,0,0,1346,1,15,1360,29,0.2423
20260915,D 一直黑+1.0秒同样打断,0.24,0,0,0,1346,1,16,1360,31,0.2435
20260915,D 一直黑+1.0秒同样打断,0.26,0,0,0,1346,1,17,1360,33,0.2407
20260915,D 一直黑+1.0秒同样打断,0.28,0,0,0,1346,1,18,1360,35,0.2342
20260915,D 一直黑+1.0秒同样打断,0.30,0,0,0,1346,1,19,1360,37,0.2240
20260915,D 一直黑+1.0秒同样打断,0.32,0,0,0,1346,1,20,1360,39,0.2141
20260915,D 一直黑+1.0秒同样打断,0.34,0,0,0,1346,1,21,1360,41,0.2118
20260915,D 一直黑+1.0秒同样打断,0.36,0,0,0,1346,1,22,1360,43,0.2119
20260915,D 一直黑+1.0秒同样打断,0.38,0,0,0,1346,1,23,1360,45,0.2102
20260915,D 一直黑+1.0秒同样打断,0.40,0,0,0,1346,1,24,1360,47,0.2065
20260915,D 一直黑+1.0秒同样打断,0.42,0,0,0,1346,1,25,1360,49,0.2004
20260915,D 一直黑+1.0秒同样打断,0.44,0,0,0,1346,1,26,1360,51,0.1942
20260915,D 一直黑+1.0秒同样打断,0.46,0,0,0,1346,1,27,1360,53,0.1890
20260915,D 一直黑+1.0秒同样打断,0.48,0,0,0,1346,1,28,1360,55,0.1858
20260915,D 一直黑+1.0秒同样打断,0.50,0,0,0,1346,1,29,1360,57,0.1822
20260915,D 一直黑+1.0秒同样打断,0.52,0,0,0,1346,1,30,1360,59,0.1769
20260915,D 一直黑+1.0秒同样打断,0.54,0,0,0,1346,1,31,1360,62,0.1694
20260915,D 一直黑+1.0秒同样打断,0.56,0,0,0,1346,1,33,1360,65,0.1595
20260915,D 一直黑+1.0秒同样打断,0.58,0,0,0,1346,1,35,1360,68,0.1468
20260915,D 一直黑+1.0秒同样打断,0.60,0,0,0,1346,1,37,1360,71,0.1360
20260915,D 一直黑+1.0秒同样打断,0.62,0,0,0,1346,1,38,1360,73,0.1389
20260915,D 一直黑+1.0秒同样打断,0.64,0,0,0,1346,1,39,1360,76,0.1496
20260915,D 一直黑+1.0秒同样打断,0.66,0,0,0,1346,1,40,1360,78,0.1586
20260915,D 一直黑+1.0秒同样打断,0.68,0,0,0,1346,1,41,1360,79,0.1637
20260915,D 一直黑+1.0秒同样打断,0.70,0,0,0,1346,1,42,1360,81,0.1647
20260915,D 一直黑+1.0秒同样打断,0.72,0,0,0,1346,1,43,1360,83,0.1618
20260915,D 一直黑+1.0秒同样打断,0.74,0,0,0,1346,1,44,1360,85,0.1552
20260915,D 一直黑+1.0秒同样打断,0.76,0,0,0,1346,1,45,1360,87,0.1535
20260915,D 一直黑+1.0秒同样打断,0.78,0,0,0,1346,1,47,1360,90,0.1547
20260915,D 一直黑+1.0秒同样打断,0.80,0,0,0,1346,1,49,1360,94,0.1550
20260915,D 一直黑+1.0秒同样打断,0.82,0,0,0,1346,1,51,1360,99,0.1548
20260915,D 一直黑+1.0秒同样打断,0.84,0,0,0,1346,1,53,1360,103,0.1547
20260915,D 一直黑+1.0秒同样打断,0.86,0,0,0,1346,1,55,1360,107,0.1545
20260915,D 一直黑+1.0秒同样打断,0.88,0,0,0,1346,1,56,1360,111,0.1540
20260915,D 一直黑+1.0秒同样打断,0.90,0,0,0,1346,1,58,1360,116,0.1533
20260915,D 一直黑+1.0秒同样打断,0.92,0,0,0,1346,1,59,1360,120,0.1523
20260915,D 一直黑+1.0秒同样打断,0.94,0,0,0,1346,1,60,1360,123,0.1510
20260915,D 一直黑+1.0秒同样打断,0.96,0,0,0,1346,1,61,1360,126,0.1493
20260915,D 一直黑+1.0秒同样打断,0.98,0,0,0,1346,1,62,1360,129,0.1472
20260915,D 一直黑+1.0秒同样打断,1.00,0,0,0,1346,1,63,1360,132,0.1446
20260915,D 一直黑+1.0秒同样打断,1.02,0,0,0,1346,1,64,1360,135,0.1402
20260915,D 一直黑+1.0秒同样打断,1.04,0,0,0,1346,1,66,1360,138,0.1372
20260915,D 一直黑+1.0秒同样打断,1.06,0,0,0,1346,1,68,1360,142,0.1328
20260915,D 一直黑+1.0秒同样打断,1.08,0,0,0,1346,1,70,1360,144,0.1256
20260915,D 一直黑+1.0秒同样打断,1.10,0,0,0,1346,1,72,1360,147,0.1159
20260915,D 一直黑+1.0秒同样打断,1.12,0,0,0,1346,1,74,1360,150,0.1031
20260915,D 一直黑+1.0秒同样打断,1.14,0,0,0,1346,1,75,1360,152,0.0871
20260915,D 一直黑+1.0秒同样打断,1.16,0,0,0,1346,1,76,1360,154,0.0676
20260915,D 一直黑+1.0秒同样打断,1.18,0,0,0,1346,1,77,1360,156,0.0532
20260915,D 一直黑+1.0秒同样打断,1.20,0,0,0,1346,1,78,1360,159,0.0556
20260915,D 一直黑+1.0秒同样打断,1.22,0,0,0,1346,1,80,1360,162,0.0601
20260915,D 一直黑+1.0秒同样打断,1.24,0,0,0,1346,1,82,1360,165,0.0623
20260915,D 一直黑+1.0秒同样打断,1.26,0,0,0,1346,1,84,1360,169,0.0621
20260915,D 一直黑+1.0秒同样打断,1.28,0,0,0,1346,1,86,1360,172,0.0613
20260915,D 一直黑+1.0秒同样打断,1.30,0,0,0,1346,1,87,1360,174,0.0601
20260915,D 一直黑+1.0秒同样打断,1.32,0,0,0,1346,1,88,1360,176,0.0582
20260915,D 一直黑+1.0秒同样打断,1.34,0,0,0,1346,1,90,1360,179,0.0579
20260915,D 一直黑+1.0秒同样打断,1.36,0,0,0,1346,1,92,1360,182,0.0591
20260915,D 一直黑+1.0秒同样打断,1.38,0,0,0,1346,1,94,1360,185,0.0600
20260915,D 一直黑+1.0秒同样打断,1.40,0,0,0,1346,1,96,1360,188,0.0603
20260915,D 一直黑+1.0秒同样打断,1.42,0,0,0,1346,1,98,1360,191,0.0600
20260915,D 一直黑+1.0秒同样打断,1.44,0,0,0,1346,1,100,1360,194,0.0590
20260915,D 一直黑+1.0秒同样打断,1.46,0,0,0,1346,1,102,1360,197,0.0576
20260915,D 一直黑+1.0秒同样打断,1.48,0,0,0,1346,1,104,1360,200,0.0580
20260915,D 一直黑+1.0秒同样打断,1.50,0,0,0,1346,1,106,1360,204,0.0586
20260915,D 一直黑+1.0秒同样打断,1.52,0,0,0,1346,1,108,1360,208,0.0586
20260915,D 一直黑+1.0秒同样打断,1.54,0,0,0,1346,1,110,1360,213,0.0579
20260915,D 一直黑+1.0秒同样打断,1.56,0,0,0,1346,1,112,1360,218,0.0576
20260915,D 一直黑+1.0秒同样打断,1.58,0,0,0,1346,1,115,1360,225,0.0578
20260915,D 一直黑+1.0秒同样打断,1.60,0,0,0,1346,1,118,1360,233,0.0577
20260915,D 一直黑+1.0秒同样打断,1.62,0,0,0,1346,1,121,1360,240,0.0577
20260915,D 一直黑+1.0秒同样打断,1.64,0,0,0,1346,1,122,1360,245,0.0578
20260915,D 一直黑+1.0秒同样打断,1.66,0,0,0,1346,1,123,1360,251,0.0578
20260915,D 一直黑+1.0秒同样打断,1.68,0,0,0,1346,1,124,1360,257,0.0579
20260915,D 一直黑+1.0秒同样打断,1.70,0,0,0,1346,1,125,1360,262,0.0579
20260915,D 一直黑+1.0秒同样打断,1.72,0,0,0,1346,1,126,1360,267,0.0579
20260915,D 一直黑+1.0秒同样打断,1.74,0,0,0,1346,1,127,1360,272,0.0579
20260915,D 一直黑+1.0秒同样打断,1.76,0,0,0,1346,1,129,1360,276,0.0579
20260915,D 一直黑+1.0秒同样打断,1.78,0,0,0,1346,1,131,1360,281,0.0579
20260915,D 一直黑+1.0秒同样打断,1.80,0,0,0,1346,1,133,1360,286,0.0579
20260915,D 一直黑+1.0秒同样打断,1.82,0,0,0,1346,1,134,1360,291,0.0579
20260915,D 一直黑+1.0秒同样打断,1.84,0,0,0,1346,1,135,1360,296,0.0579
20260915,D 一直黑+1.0秒同样打断,1.86,0,0,0,1346,1,136,1360,300,0.0579
20260915,D 一直黑+1.0秒同样打断,1.88,0,0,0,1346,1,137,1360,305,0.0579
20260915,D 一直黑+1.0秒同样打断,1.90,0,0,0,1346,1,139,1360,310,0.0579
20260915,D 一直黑+1.0秒同样打断,1.92,0,0,0,1346,1,141,1360,315,0.0579
20260915,D 一直黑+1.0秒同样打断,1.94,0,0,0,1346,1,143,1360,321,0.0579
20260915,D 一直黑+1.0秒同样打断,1.96,0,0,0,1346,1,145,1360,327,0.0579
20260915,D 一直黑+1.0秒同样打断,1.98,0,0,0,1346,1,147,1360,333,0.0579
20260915,D 一直黑+1.0秒同样打断,2.00,0,0,0,1346,1,149,1360,339,0.0579
20260915,D 一直黑+1.0秒同样打断,2.02,0,0,0,1346,1,151,1360,345,0.0579
20260915,D 一直黑+1.0秒同样打断,2.04,0,0,0,1346,1,152,1360,350,0.0579
20260915,D 一直黑+1.0秒同样打断,2.06,0,0,0,1346,1,153,1360,354,0.0579
20260915,D 一直黑+1.0秒同样打断,2.08,0,0,0,1346,1,154,1360,358,0.0579
20260915,D 一直黑+1.0秒同样打断,2.10,0,0,0,1346,1,156,1360,363,0.0579
20260915,D 一直黑+1.0秒同样打断,2.12,0,0,0,1346,1,159,1360,369,0.0579
20260915,D 一直黑+1.0秒同样打断,2.14,0,0,0,1346,1,160,1360,374,0.0579
20260915,D 一直黑+1.0秒同样打断,2.16,0,0,0,1346,1,161,1360,380,0.0579
20260915,D 一直黑+1.0秒同样打断,2.18,0,0,0,1346,1,162,1360,384,0.0579
20260915,D 一直黑+1.0秒同样打断,2.20,0,0,0,1346,1,164,1360,389,0.0579
20260915,D 一直黑+1.0秒同样打断,2.22,0,0,0,1346,1,166,1360,394,0.0579
20260915,D 一直黑+1.0秒同样打断,2.24,0,0,0,1346,1,168,1360,400,0.0579
20260915,D 一直黑+1.0秒同样打断,2.26,0,0,0,1346,1,170,1360,405,0.0594
20260915,D 一直黑+1.0秒同样打断,2.28,0,0,0,1346,1,173,1360,412,0.0599
20260915,D 一直黑+1.0秒同样打断,2.30,0,0,0,1346,1,176,1360,419,0.0579
20260915,D 一直黑+1.0秒同样打断,2.32,0,0,0,1346,1,179,1360,426,0.0567
20260915,D 一直黑+1.0秒同样打断,2.34,0,0,0,1346,1,181,1360,431,0.0571
20260915,D 一直黑+1.0秒同样打断,2.36,0,0,0,1346,1,183,1360,436,0.0575
20260915,D 一直黑+1.0秒同样打断,2.38,0,0,0,1346,1,185,1360,439,0.0577
20260915,D 一直黑+1.0秒同样打断,2.40,0,0,0,1346,1,187,1360,442,0.0578
20260915,D 一直黑+1.0秒同样打断,2.42,0,0,0,1346,1,189,1360,445,0.0579
20260915,D 一直黑+1.0秒同样打断,2.44,0,0,0,1346,1,191,1360,449,0.0579
20260915,D 一直黑+1.0秒同样打断,2.46,0,0,0,1346,1,192,1360,453,0.0579
20260915,D 一直黑+1.0秒同样打断,2.48,0,0,0,1346,1,193,1360,458,0.0579
20260915,D 一直黑+1.0秒同样打断,2.50,0,0,0,1346,1,194,1360,464,0.0579
20260915,D 一直黑+1.0秒同样打断,2.52,0,0,0,1346,1,195,1360,471,0.0579
20260915,D 一直黑+1.0秒同样打断,2.54,0,0,0,1346,1,196,1360,479,0.0579
20260915,D 一直黑+1.0秒同样打断,2.56,0,0,0,1346,1,197,1360,485,0.0579
20260915,D 一直黑+1.0秒同样打断,2.58,0,0,0,1346,1,198,1360,491,0.0579
20260915,D 一直黑+1.0秒同样打断,2.60,0,0,0,1346,1,199,1360,498,0.0579
20260915,D 一直黑+1.0秒同样打断,2.62,0,0,0,1346,1,200,1360,504,0.0579
20260915,D 一直黑+1.0秒同样打断,2.64,0,0,0,1346,1,201,1360,509,0.0579
20260915,D 一直黑+1.0秒同样打断,2.66,0,0,0,1346,1,202,1360,514,0.0579
20260915,D 一直黑+1.0秒同样打断,2.68,0,0,0,1346,1,203,1360,518,0.0579
20260915,D 一直黑+1.0秒同样打断,2.70,0,0,0,1346,1,204,1360,522,0.0579
20260915,D 一直黑+1.0秒同样打断,2.72,0,0,0,1346,1,205,1360,526,0.0579
20260915,D 一直黑+1.0秒同样打断,2.74,0,0,0,1346,1,206,1360,530,0.0579
20260915,D 一直黑+1.0秒同样打断,2.76,0,0,0,1346,1,207,1360,534,0.0579
20260915,D 一直黑+1.0秒同样打断,2.78,0,0,0,1346,1,208,1360,537,0.0579
20260915,D 一直黑+1.0秒同样打断,2.80,0,0,0,1346,1,209,1360,541,0.0579
20260915,D 一直黑+1.0秒同样打断,2.82,0,0,0,1346,1,210,1360,546,0.0579
20260915,D 一直黑+1.0秒同样打断,2.84,0,0,0,1346,1,212,1360,550,0.0579
20260915,D 一直黑+1.0秒同样打断,2.86,0,0,0,1346,1,214,1360,554,0.0579
20260915,D 一直黑+1.0秒同样打断,2.88,0,0,0,1346,1,216,1360,558,0.0579
20260915,D 一直黑+1.0秒同样打断,2.90,0,0,0,1346,1,218,1360,563,0.0579
20260915,D 一直黑+1.0秒同样打断,2.92,0,0,0,1346,1,221,1360,569,0.0579
20260915,D 一直黑+1.0秒同样打断,2.94,0,0,0,1346,1,224,1360,576,0.0579
20260915,D 一直黑+1.0秒同样打断,2.96,0,0,0,1346,1,227,1360,583,0.0579
20260915,D 一直黑+1.0秒同样打断,2.98,0,0,0,1346,1,229,1360,589,0.0579
20260915,E 一直黑(不给红也不打断),0.00,0,0,0,1346,0,0,1360,0,0.2607
20260915,E 一直黑(不给红也不打断),0.02,0,0,0,1346,0,0,1360,0,0.2561
20260915,E 一直黑(不给红也不打断),0.04,0,0,0,1346,0,0,1360,0,0.2478
20260915,E 一直黑(不给红也不打断),0.06,0,0,0,1346,1,2,1360,2,0.2346
20260915,E 一直黑(不给红也不打断),0.08,0,0,0,1346,1,3,1360,5,0.2185
20260915,E 一直黑(不给红也不打断),0.10,0,0,0,1346,1,7,1360,11,0.2024
20260915,E 一直黑(不给红也不打断),0.12,0,0,0,1346,1,9,1360,15,0.1956
20260915,E 一直黑(不给红也不打断),0.14,0,0,0,1346,1,11,1360,19,0.1992
20260915,E 一直黑(不给红也不打断),0.16,0,0,0,1346,1,12,1360,21,0.2125
20260915,E 一直黑(不给红也不打断),0.18,0,0,0,1346,1,13,1360,25,0.2252
20260915,E 一直黑(不给红也不打断),0.20,0,0,0,1346,1,14,1360,27,0.2363
20260915,E 一直黑(不给红也不打断),0.22,0,0,0,1346,1,15,1360,29,0.2423
20260915,E 一直黑(不给红也不打断),0.24,0,0,0,1346,1,16,1360,31,0.2435
20260915,E 一直黑(不给红也不打断),0.26,0,0,0,1346,1,17,1360,33,0.2407
20260915,E 一直黑(不给红也不打断),0.28,0,0,0,1346,1,18,1360,35,0.2342
20260915,E 一直黑(不给红也不打断),0.30,0,0,0,1346,1,19,1360,37,0.2240
20260915,E 一直黑(不给红也不打断),0.32,0,0,0,1346,1,20,1360,39,0.2141
20260915,E 一直黑(不给红也不打断),0.34,0,0,0,1346,1,21,1360,41,0.2118
20260915,E 一直黑(不给红也不打断),0.36,0,0,0,1346,1,22,1360,43,0.2119
20260915,E 一直黑(不给红也不打断),0.38,0,0,0,1346,1,23,1360,45,0.2102
20260915,E 一直黑(不给红也不打断),0.40,0,0,0,1346,1,24,1360,47,0.2065
20260915,E 一直黑(不给红也不打断),0.42,0,0,0,1346,1,25,1360,49,0.2004
20260915,E 一直黑(不给红也不打断),0.44,0,0,0,1346,1,26,1360,51,0.1942
20260915,E 一直黑(不给红也不打断),0.46,0,0,0,1346,1,27,1360,53,0.1890
20260915,E 一直黑(不给红也不打断),0.48,0,0,0,1346,1,28,1360,55,0.1858
20260915,E 一直黑(不给红也不打断),0.50,0,0,0,1346,1,29,1360,57,0.1822
20260915,E 一直黑(不给红也不打断),0.52,0,0,0,1346,1,30,1360,59,0.1769
20260915,E 一直黑(不给红也不打断),0.54,0,0,0,1346,1,31,1360,62,0.1694
20260915,E 一直黑(不给红也不打断),0.56,0,0,0,1346,1,33,1360,65,0.1595
20260915,E 一直黑(不给红也不打断),0.58,0,0,0,1346,1,35,1360,68,0.1468
20260915,E 一直黑(不给红也不打断),0.60,0,0,0,1346,1,37,1360,71,0.1360
20260915,E 一直黑(不给红也不打断),0.62,0,0,0,1346,1,38,1360,73,0.1389
20260915,E 一直黑(不给红也不打断),0.64,0,0,0,1346,1,39,1360,76,0.1496
20260915,E 一直黑(不给红也不打断),0.66,0,0,0,1346,1,40,1360,78,0.1586
20260915,E 一直黑(不给红也不打断),0.68,0,0,0,1346,1,41,1360,79,0.1637
20260915,E 一直黑(不给红也不打断),0.70,0,0,0,1346,1,42,1360,81,0.1647
20260915,E 一直黑(不给红也不打断),0.72,0,0,0,1346,1,43,1360,83,0.1618
20260915,E 一直黑(不给红也不打断),0.74,0,0,0,1346,1,44,1360,85,0.1552
20260915,E 一直黑(不给红也不打断),0.76,0,0,0,1346,1,45,1360,87,0.1535
20260915,E 一直黑(不给红也不打断),0.78,0,0,0,1346,1,47,1360,90,0.1547
20260915,E 一直黑(不给红也不打断),0.80,0,0,0,1346,1,49,1360,94,0.1550
20260915,E 一直黑(不给红也不打断),0.82,0,0,0,1346,1,51,1360,99,0.1548
20260915,E 一直黑(不给红也不打断),0.84,0,0,0,1346,1,53,1360,103,0.1547
20260915,E 一直黑(不给红也不打断),0.86,0,0,0,1346,1,55,1360,107,0.1545
20260915,E 一直黑(不给红也不打断),0.88,0,0,0,1346,1,56,1360,111,0.1540
20260915,E 一直黑(不给红也不打断),0.90,0,0,0,1346,1,58,1360,116,0.1533
20260915,E 一直黑(不给红也不打断),0.92,0,0,0,1346,1,59,1360,120,0.1523
20260915,E 一直黑(不给红也不打断),0.94,0,0,0,1346,1,60,1360,123,0.1510
20260915,E 一直黑(不给红也不打断),0.96,0,0,0,1346,1,61,1360,126,0.1493
20260915,E 一直黑(不给红也不打断),0.98,0,0,0,1346,1,62,1360,129,0.1472
20260915,E 一直黑(不给红也不打断),1.00,0,0,0,1346,1,63,1360,132,0.1446
20260915,E 一直黑(不给红也不打断),1.02,0,0,0,1346,1,64,1360,135,0.1407
20260915,E 一直黑(不给红也不打断),1.04,0,0,0,1346,1,66,1360,138,0.1365
20260915,E 一直黑(不给红也不打断),1.06,0,0,0,1346,1,68,1360,141,0.1308
20260915,E 一直黑(不给红也不打断),1.08,0,0,0,1346,1,70,1360,144,0.1236
20260915,E 一直黑(不给红也不打断),1.10,0,0,0,1346,1,72,1360,147,0.1146
20260915,E 一直黑(不给红也不打断),1.12,0,0,0,1346,1,74,1360,150,0.1034
20260915,E 一直黑(不给红也不打断),1.14,0,0,0,1346,1,75,1360,152,0.0896
20260915,E 一直黑(不给红也不打断),1.16,0,0,0,1346,1,76,1360,154,0.0726
20260915,E 一直黑(不给红也不打断),1.18,0,0,0,1346,1,77,1360,156,0.0551
20260915,E 一直黑(不给红也不打断),1.20,0,0,0,1346,1,78,1360,158,0.0548
20260915,E 一直黑(不给红也不打断),1.22,0,0,0,1346,1,80,1360,161,0.0601
20260915,E 一直黑(不给红也不打断),1.24,0,0,0,1346,1,82,1360,165,0.0641
20260915,E 一直黑(不给红也不打断),1.26,0,0,0,1346,1,84,1360,169,0.0657
20260915,E 一直黑(不给红也不打断),1.28,0,0,0,1346,1,86,1360,172,0.0649
20260915,E 一直黑(不给红也不打断),1.30,0,0,0,1346,1,87,1360,174,0.0620
20260915,E 一直黑(不给红也不打断),1.32,0,0,0,1346,1,88,1360,176,0.0601
20260915,E 一直黑(不给红也不打断),1.34,0,0,0,1346,1,90,1360,179,0.0582
20260915,E 一直黑(不给红也不打断),1.36,0,0,0,1346,1,92,1360,182,0.0578
20260915,E 一直黑(不给红也不打断),1.38,0,0,0,1346,1,94,1360,185,0.0594
20260915,E 一直黑(不给红也不打断),1.40,0,0,0,1346,1,96,1360,188,0.0608
20260915,E 一直黑(不给红也不打断),1.42,0,0,0,1346,1,98,1360,191,0.0615
20260915,E 一直黑(不给红也不打断),1.44,0,0,0,1346,1,100,1360,194,0.0617
20260915,E 一直黑(不给红也不打断),1.46,0,0,0,1346,1,102,1360,197,0.0614
20260915,E 一直黑(不给红也不打断),1.48,0,0,0,1346,1,104,1360,200,0.0606
20260915,E 一直黑(不给红也不打断),1.50,0,0,0,1346,1,106,1360,204,0.0595
20260915,E 一直黑(不给红也不打断),1.52,0,0,0,1346,1,108,1360,208,0.0579
20260915,E 一直黑(不给红也不打断),1.54,0,0,0,1346,1,110,1360,213,0.0578
20260915,E 一直黑(不给红也不打断),1.56,0,0,0,1346,1,112,1360,218,0.0588
20260915,E 一直黑(不给红也不打断),1.58,0,0,0,1346,1,115,1360,225,0.0594
20260915,E 一直黑(不给红也不打断),1.60,0,0,0,1346,1,118,1360,233,0.0595
20260915,E 一直黑(不给红也不打断),1.62,0,0,0,1346,1,121,1360,240,0.0591
20260915,E 一直黑(不给红也不打断),1.64,0,0,0,1346,1,122,1360,245,0.0582
20260915,E 一直黑(不给红也不打断),1.66,0,0,0,1346,1,123,1360,251,0.0577
20260915,E 一直黑(不给红也不打断),1.68,0,0,0,1346,1,124,1360,257,0.0582
20260915,E 一直黑(不给红也不打断),1.70,0,0,0,1346,1,125,1360,262,0.0584
20260915,E 一直黑(不给红也不打断),1.72,0,0,0,1346,1,126,1360,267,0.0580
20260915,E 一直黑(不给红也不打断),1.74,0,0,0,1346,1,127,1360,272,0.0577
20260915,E 一直黑(不给红也不打断),1.76,0,0,0,1346,1,129,1360,276,0.0578
20260915,E 一直黑(不给红也不打断),1.78,0,0,0,1346,1,131,1360,281,0.0578
20260915,E 一直黑(不给红也不打断),1.80,0,0,0,1346,1,133,1360,286,0.0579
20260915,E 一直黑(不给红也不打断),1.82,0,0,0,1346,1,134,1360,291,0.0594
20260915,E 一直黑(不给红也不打断),1.84,0,0,0,1346,1,135,1360,297,0.0600
20260915,E 一直黑(不给红也不打断),1.86,0,0,0,1346,1,136,1360,301,0.0580
20260915,E 一直黑(不给红也不打断),1.88,0,0,0,1346,1,137,1360,306,0.0568
20260915,E 一直黑(不给红也不打断),1.90,0,0,0,1346,1,139,1360,311,0.0571
20260915,E 一直黑(不给红也不打断),1.92,0,0,0,1346,1,141,1360,316,0.0575
20260915,E 一直黑(不给红也不打断),1.94,0,0,0,1346,1,143,1360,322,0.0577
20260915,E 一直黑(不给红也不打断),1.96,0,0,0,1346,1,145,1360,328,0.0578
20260915,E 一直黑(不给红也不打断),1.98,0,0,0,1346,1,147,1360,334,0.0579
20260915,E 一直黑(不给红也不打断),2.00,0,0,0,1346,1,149,1360,340,0.0579
20260915,E 一直黑(不给红也不打断),2.02,0,0,0,1346,1,151,1360,345,0.0579
20260915,E 一直黑(不给红也不打断),2.04,0,0,0,1346,1,152,1360,350,0.0579
20260915,E 一直黑(不给红也不打断),2.06,0,0,0,1346,1,153,1360,354,0.0579
20260915,E 一直黑(不给红也不打断),2.08,0,0,0,1346,1,154,1360,358,0.0579
20260915,E 一直黑(不给红也不打断),2.10,0,0,0,1346,1,156,1360,363,0.0579
20260915,E 一直黑(不给红也不打断),2.12,0,0,0,1346,1,159,1360,369,0.0579
20260915,E 一直黑(不给红也不打断),2.14,0,0,0,1346,1,160,1360,374,0.0579
20260915,E 一直黑(不给红也不打断),2.16,0,0,0,1346,1,161,1360,380,0.0579
20260915,E 一直黑(不给红也不打断),2.18,0,0,0,1346,1,162,1360,384,0.0579
20260915,E 一直黑(不给红也不打断),2.20,0,0,0,1346,1,164,1360,389,0.0579
20260915,E 一直黑(不给红也不打断),2.22,0,0,0,1346,1,166,1360,394,0.0579
20260915,E 一直黑(不给红也不打断),2.24,0,0,0,1346,1,168,1360,400,0.0579
20260915,E 一直黑(不给红也不打断),2.26,0,0,0,1346,1,170,1360,405,0.0579
20260915,E 一直黑(不给红也不打断),2.28,0,0,0,1346,1,173,1360,411,0.0579
20260915,E 一直黑(不给红也不打断),2.30,0,0,0,1346,1,176,1360,418,0.0579
20260915,E 一直黑(不给红也不打断),2.32,0,0,0,1346,1,179,1360,425,0.0579
20260915,E 一直黑(不给红也不打断),2.34,0,0,0,1346,1,181,1360,430,0.0579
20260915,E 一直黑(不给红也不打断),2.36,0,0,0,1346,1,183,1360,435,0.0579
20260915,E 一直黑(不给红也不打断),2.38,0,0,0,1346,1,185,1360,438,0.0579
20260915,E 一直黑(不给红也不打断),2.40,0,0,0,1346,1,187,1360,441,0.0579
20260915,E 一直黑(不给红也不打断),2.42,0,0,0,1346,1,189,1360,444,0.0579
20260915,E 一直黑(不给红也不打断),2.44,0,0,0,1346,1,191,1360,448,0.0579
20260915,E 一直黑(不给红也不打断),2.46,0,0,0,1346,1,192,1360,453,0.0579
20260915,E 一直黑(不给红也不打断),2.48,0,0,0,1346,1,193,1360,458,0.0579
20260915,E 一直黑(不给红也不打断),2.50,0,0,0,1346,1,194,1360,464,0.0579
20260915,E 一直黑(不给红也不打断),2.52,0,0,0,1346,1,195,1360,471,0.0579
20260915,E 一直黑(不给红也不打断),2.54,0,0,0,1346,1,196,1360,479,0.0579
20260915,E 一直黑(不给红也不打断),2.56,0,0,0,1346,1,197,1360,485,0.0579
20260915,E 一直黑(不给红也不打断),2.58,0,0,0,1346,1,198,1360,491,0.0579
20260915,E 一直黑(不给红也不打断),2.60,0,0,0,1346,1,199,1360,498,0.0579
20260915,E 一直黑(不给红也不打断),2.62,0,0,0,1346,1,200,1360,504,0.0579
20260915,E 一直黑(不给红也不打断),2.64,0,0,0,1346,1,201,1360,509,0.0579
20260915,E 一直黑(不给红也不打断),2.66,0,0,0,1346,1,202,1360,514,0.0579
20260915,E 一直黑(不给红也不打断),2.68,0,0,0,1346,1,203,1360,518,0.0579
20260915,E 一直黑(不给红也不打断),2.70,0,0,0,1346,1,204,1360,522,0.0579
20260915,E 一直黑(不给红也不打断),2.72,0,0,0,1346,1,205,1360,526,0.0579
20260915,E 一直黑(不给红也不打断),2.74,0,0,0,1346,1,206,1360,530,0.0579
20260915,E 一直黑(不给红也不打断),2.76,0,0,0,1346,1,207,1360,534,0.0579
20260915,E 一直黑(不给红也不打断),2.78,0,0,0,1346,1,208,1360,537,0.0579
20260915,E 一直黑(不给红也不打断),2.80,0,0,0,1346,1,209,1360,541,0.0579
20260915,E 一直黑(不给红也不打断),2.82,0,0,0,1346,1,210,1360,546,0.0579
20260915,E 一直黑(不给红也不打断),2.84,0,0,0,1346,1,212,1360,550,0.0579
20260915,E 一直黑(不给红也不打断),2.86,0,0,0,1346,1,214,1360,554,0.0579
20260915,E 一直黑(不给红也不打断),2.88,0,0,0,1346,1,216,1360,558,0.0579
20260915,E 一直黑(不给红也不打断),2.90,0,0,0,1346,1,218,1360,563,0.0579
20260915,E 一直黑(不给红也不打断),2.92,0,0,0,1346,1,221,1360,569,0.0579
20260915,E 一直黑(不给红也不打断),2.94,0,0,0,1346,1,224,1360,576,0.0579
20260915,E 一直黑(不给红也不打断),2.96,0,0,0,1346,1,227,1360,583,0.0579
20260915,E 一直黑(不给红也不打断),2.98,0,0,0,1346,1,229,1360,589,0.0579
20260916,A 一直红,0.00,0,1,1346,1346,1,1357,1360,1357,0.2607
20260916,A 一直红,0.02,1,1,1346,1346,1,1358,1360,1582,0.2565
20260916,A 一直红,0.04,1,1,1346,1346,1,1360,1360,1799,0.2525
20260916,A 一直红,0.06,1,1,1346,1346,1,1360,1360,1977,0.2594
20260916,A 一直红,0.08,1,1,1346,1346,1,1360,1360,2134,0.2739
20260916,A 一直红,0.10,1,1,1346,1346,1,1360,1360,2267,0.2900
20260916,A 一直红,0.12,1,1,1346,1346,1,1360,1360,2377,0.3055
20260916,A 一直红,0.14,1,1,1346,1346,1,1360,1360,2460,0.3215
20260916,A 一直红,0.16,1,1,1346,1346,1,1360,1360,2522,0.3376
20260916,A 一直红,0.18,1,1,1346,1346,1,1360,1360,2573,0.3531
20260916,A 一直红,0.20,1,1,1346,1346,1,1360,1360,2609,0.3677
20260916,A 一直红,0.22,1,1,1346,1346,1,1360,1360,2635,0.3801
20260916,A 一直红,0.24,1,1,1346,1346,1,1360,1360,2659,0.3891
20260916,A 一直红,0.26,1,1,1346,1346,1,1360,1360,2677,0.3952
20260916,A 一直红,0.28,1,1,1346,1346,1,1360,1360,2691,0.4005
20260916,A 一直红,0.30,1,1,1346,1346,1,1360,1360,2702,0.4051
20260916,A 一直红,0.32,1,1,1346,1346,1,1360,1360,2710,0.4087
20260916,A 一直红,0.34,1,1,1346,1346,1,1360,1360,2719,0.4103
20260916,A 一直红,0.36,1,1,1346,1346,1,1360,1360,2724,0.4111
20260916,A 一直红,0.38,1,1,1346,1346,1,1360,1360,2726,0.4122
20260916,A 一直红,0.40,1,1,1346,1346,1,1360,1360,2728,0.4137
20260916,A 一直红,0.42,1,1,1346,1346,1,1360,1360,2730,0.4145
20260916,A 一直红,0.44,1,1,1346,1346,1,1360,1360,2732,0.4145
20260916,A 一直红,0.46,1,1,1346,1346,1,1360,1360,2734,0.4138
20260916,A 一直红,0.48,1,1,1346,1346,1,1360,1360,2736,0.4124
20260916,A 一直红,0.50,1,1,1346,1346,1,1360,1360,2738,0.4106
20260916,A 一直红,0.52,1,1,1346,1346,1,1360,1360,2740,0.4065
20260916,A 一直红,0.54,1,1,1346,1346,1,1360,1360,2741,0.3991
20260916,A 一直红,0.56,1,1,1346,1346,1,1360,1360,2742,0.3874
20260916,A 一直红,0.58,1,1,1346,1346,1,1360,1360,2743,0.3725
20260916,A 一直红,0.60,1,1,1346,1346,1,1360,1360,2745,0.3565
20260916,A 一直红,0.62,1,1,1346,1346,1,1360,1360,2746,0.3454
20260916,A 一直红,0.64,1,1,1346,1346,1,1360,1360,2747,0.3430
20260916,A 一直红,0.66,1,1,1346,1346,1,1360,1360,2749,0.3462
20260916,A 一直红,0.68,1,1,1346,1346,1,1360,1360,2750,0.3500
20260916,A 一直红,0.70,1,1,1346,1346,1,1360,1360,2751,0.3524
20260916,A 一直红,0.72,1,1,1346,1346,1,1360,1360,2752,0.3514
20260916,A 一直红,0.74,1,1,1346,1346,1,1360,1360,2753,0.3484
20260916,A 一直红,0.76,1,1,1346,1346,1,1360,1360,2754,0.3443
20260916,A 一直红,0.78,1,1,1346,1346,1,1360,1360,2755,0.3393
20260916,A 一直红,0.80,1,1,1346,1346,1,1360,1360,2755,0.3331
20260916,A 一直红,0.82,1,1,1346,1346,1,1360,1360,2756,0.3259
20260916,A 一直红,0.84,1,1,1346,1346,1,1360,1360,2758,0.3187
20260916,A 一直红,0.86,1,1,1346,1346,1,1360,1360,2758,0.3115
20260916,A 一直红,0.88,1,1,1346,1346,1,1360,1360,2760,0.3039
20260916,A 一直红,0.90,1,1,1346,1346,1,1360,1360,2761,0.2950
20260916,A 一直红,0.92,1,1,1346,1346,1,1360,1360,2762,0.2853
20260916,A 一直红,0.94,1,1,1346,1346,1,1360,1360,2763,0.2743
20260916,A 一直红,0.96,1,1,1346,1346,1,1360,1360,2764,0.2620
20260916,A 一直红,0.98,1,1,1346,1346,1,1360,1360,2765,0.2479
20260916,A 一直红,1.00,1,1,1346,1346,1,1360,1360,2766,0.2315
20260916,A 一直红,1.02,1,1,1346,1346,1,1360,1360,2767,0.2306
20260916,A 一直红,1.04,1,1,1346,1346,1,1360,1360,2768,0.2365
20260916,A 一直红,1.06,1,1,1346,1346,1,1360,1360,2769,0.2409
20260916,A 一直红,1.08,1,1,1346,1346,1,1360,1360,2770,0.2435
20260916,A 一直红,1.10,1,1,1346,1346,1,1360,1360,2771,0.2443
20260916,A 一直红,1.12,1,1,1346,1346,1,1360,1360,2771,0.2437
20260916,A 一直红,1.14,1,1,1346,1346,1,1360,1360,2772,0.2424
20260916,A 一直红,1.16,1,1,1346,1346,1,1360,1360,2773,0.2401
20260916,A 一直红,1.18,1,1,1346,1346,1,1360,1360,2774,0.2371
20260916,A 一直红,1.20,1,1,1346,1346,1,1360,1360,2776,0.2327
20260916,A 一直红,1.22,1,1,1346,1346,1,1360,1360,2777,0.2273
20260916,A 一直红,1.24,1,1,1346,1346,1,1360,1360,2778,0.2206
20260916,A 一直红,1.26,1,1,1346,1346,1,1360,1360,2779,0.2130
20260916,A 一直红,1.28,1,1,1346,1346,1,1360,1360,2779,0.2024
20260916,A 一直红,1.30,1,1,1346,1346,1,1360,1360,2781,0.1910
20260916,A 一直红,1.32,1,1,1346,1346,1,1360,1360,2782,0.1794
20260916,A 一直红,1.34,1,1,1346,1346,1,1360,1360,2783,0.1658
20260916,A 一直红,1.36,1,1,1346,1346,1,1360,1360,2784,0.1516
20260916,A 一直红,1.38,1,1,1346,1346,1,1360,1360,2785,0.1520
20260916,A 一直红,1.40,1,1,1346,1346,1,1360,1360,2785,0.1551
20260916,A 一直红,1.42,1,1,1346,1346,1,1360,1360,2786,0.1562
20260916,A 一直红,1.44,1,1,1346,1346,1,1360,1360,2787,0.1548
20260916,A 一直红,1.46,1,1,1346,1346,1,1360,1360,2788,0.1543
20260916,A 一直红,1.48,1,1,1346,1346,1,1360,1360,2789,0.1548
20260916,A 一直红,1.50,1,1,1346,1346,1,1360,1360,2791,0.1552
20260916,A 一直红,1.52,1,1,1346,1346,1,1360,1360,2792,0.1555
20260916,A 一直红,1.54,1,1,1346,1346,1,1360,1360,2793,0.1556
20260916,A 一直红,1.56,1,1,1346,1346,1,1360,1360,2794,0.1556
20260916,A 一直红,1.58,1,1,1346,1346,1,1360,1360,2795,0.1559
20260916,A 一直红,1.60,1,1,1346,1346,1,1360,1360,2796,0.1558
20260916,A 一直红,1.62,1,1,1346,1346,1,1360,1360,2797,0.1558
20260916,A 一直红,1.64,1,1,1346,1346,1,1360,1360,2798,0.1557
20260916,A 一直红,1.66,1,1,1346,1346,1,1360,1360,2799,0.1556
20260916,A 一直红,1.68,1,1,1346,1346,1,1360,1360,2799,0.1553
20260916,A 一直红,1.70,1,1,1346,1346,1,1360,1360,2800,0.1551
20260916,A 一直红,1.72,1,1,1346,1346,1,1360,1360,2801,0.1551
20260916,A 一直红,1.74,1,1,1346,1346,1,1360,1360,2802,0.1550
20260916,A 一直红,1.76,1,1,1346,1346,1,1360,1360,2804,0.1548
20260916,A 一直红,1.78,1,1,1346,1346,1,1360,1360,2805,0.1547
20260916,A 一直红,1.80,1,1,1346,1346,1,1360,1360,2804,0.1547
20260916,A 一直红,1.82,1,1,1346,1346,1,1360,1360,2805,0.1548
20260916,A 一直红,1.84,1,1,1346,1346,1,1360,1360,2808,0.1550
20260916,A 一直红,1.86,1,1,1346,1346,1,1360,1360,2809,0.1551
20260916,A 一直红,1.88,1,1,1346,1346,1,1360,1360,2810,0.1551
20260916,A 一直红,1.90,1,1,1346,1346,1,1360,1360,2811,0.1550
20260916,A 一直红,1.92,1,1,1346,1346,1,1360,1360,2812,0.1549
20260916,A 一直红,1.94,1,1,1346,1346,1,1360,1360,2813,0.1549
20260916,A 一直红,1.96,1,1,1346,1346,1,1360,1360,2813,0.1550
20260916,A 一直红,1.98,1,1,1346,1346,1,1360,1360,2814,0.1546
20260916,A 一直红,2.00,1,1,1346,1346,1,1360,1360,2815,0.1542
20260916,A 一直红,2.02,1,1,1346,1346,1,1360,1360,2816,0.1543
20260916,A 一直红,2.04,1,1,1346,1346,1,1360,1360,2817,0.1544
20260916,A 一直红,2.06,1,1,1346,1346,1,1360,1360,2818,0.1543
20260916,A 一直红,2.08,1,1,1346,1346,1,1360,1360,2819,0.1545
20260916,A 一直红,2.10,1,1,1346,1346,1,1360,1360,2822,0.1549
20260916,A 一直红,2.12,1,1,1346,1346,1,1360,1360,2823,0.1548
20260916,A 一直红,2.14,1,1,1346,1346,1,1360,1360,2824,0.1550
20260916,A 一直红,2.16,1,1,1346,1346,1,1360,1360,2825,0.1551
20260916,A 一直红,2.18,1,1,1346,1346,1,1360,1360,2826,0.1550
20260916,A 一直红,2.20,1,1,1346,1346,1,1360,1360,2827,0.1551
20260916,A 一直红,2.22,1,1,1346,1346,1,1360,1360,2828,0.1549
20260916,A 一直红,2.24,1,1,1346,1346,1,1360,1360,2829,0.1547
20260916,A 一直红,2.26,1,1,1346,1346,1,1360,1360,2831,0.1551
20260916,A 一直红,2.28,1,1,1346,1346,1,1360,1360,2832,0.1552
20260916,A 一直红,2.30,1,1,1346,1346,1,1360,1360,2832,0.1547
20260916,A 一直红,2.32,1,1,1346,1346,1,1360,1360,2832,0.1548
20260916,A 一直红,2.34,1,1,1346,1346,1,1360,1360,2834,0.1552
20260916,A 一直红,2.36,1,1,1346,1346,1,1360,1360,2834,0.1555
20260916,A 一直红,2.38,1,1,1346,1346,1,1360,1360,2836,0.1554
20260916,A 一直红,2.40,1,1,1346,1346,1,1360,1360,2837,0.1552
20260916,A 一直红,2.42,1,1,1346,1346,1,1360,1360,2838,0.1553
20260916,A 一直红,2.44,1,1,1346,1346,1,1360,1360,2839,0.1554
20260916,A 一直红,2.46,1,1,1346,1346,1,1360,1360,2840,0.1555
20260916,A 一直红,2.48,1,1,1346,1346,1,1360,1360,2841,0.1555
20260916,A 一直红,2.50,1,1,1346,1346,1,1360,1360,2842,0.1554
20260916,A 一直红,2.52,1,1,1346,1346,1,1360,1360,2843,0.1554
20260916,A 一直红,2.54,1,1,1346,1346,1,1360,1360,2844,0.1553
20260916,A 一直红,2.56,1,1,1346,1346,1,1360,1360,2845,0.1553
20260916,A 一直红,2.58,1,1,1346,1346,1,1360,1360,2846,0.1551
20260916,A 一直红,2.60,1,1,1346,1346,1,1360,1360,2847,0.1552
20260916,A 一直红,2.62,1,1,1346,1346,1,1360,1360,2848,0.1547
20260916,A 一直红,2.64,1,1,1346,1346,1,1360,1360,2848,0.1545
20260916,A 一直红,2.66,1,1,1346,1346,1,1360,1360,2849,0.1547
20260916,A 一直红,2.68,1,1,1346,1346,1,1360,1360,2850,0.1548
20260916,A 一直红,2.70,1,1,1346,1346,1,1360,1360,2852,0.1550
20260916,A 一直红,2.72,1,1,1346,1346,1,1360,1360,2853,0.1547
20260916,A 一直红,2.74,1,1,1346,1346,1,1360,1360,2854,0.1548
20260916,A 一直红,2.76,1,1,1346,1346,1,1360,1360,2854,0.1548
20260916,A 一直红,2.78,1,1,1346,1346,1,1360,1360,2856,0.1546
20260916,A 一直红,2.80,1,1,1346,1346,1,1360,1360,2857,0.1550
20260916,A 一直红,2.82,1,1,1346,1346,1,1360,1360,2858,0.1550
20260916,A 一直红,2.84,1,1,1346,1346,1,1360,1360,2859,0.1550
20260916,A 一直红,2.86,1,1,1346,1346,1,1360,1360,2860,0.1550
20260916,A 一直红,2.88,1,1,1346,1346,1,1360,1360,2861,0.1548
20260916,A 一直红,2.90,1,1,1346,1346,1,1360,1360,2861,0.1546
20260916,A 一直红,2.92,1,1,1346,1346,1,1360,1360,2862,0.1544
20260916,A 一直红,2.94,1,1,1346,1346,1,1360,1360,2863,0.1543
20260916,A 一直红,2.96,1,1,1346,1346,1,1360,1360,2864,0.1541
20260916,A 一直红,2.98,1,1,1346,1346,1,1360,1360,2865,0.1540
20260916,B 红0.5秒后全黑,0.00,0,1,1346,1346,1,1357,1360,1357,0.2607
20260916,B 红0.5秒后全黑,0.02,1,1,1346,1346,1,1358,1360,1582,0.2565
20260916,B 红0.5秒后全黑,0.04,1,1,1346,1346,1,1360,1360,1799,0.2525
20260916,B 红0.5秒后全黑,0.06,1,1,1346,1346,1,1360,1360,1977,0.2594
20260916,B 红0.5秒后全黑,0.08,1,1,1346,1346,1,1360,1360,2134,0.2739
20260916,B 红0.5秒后全黑,0.10,1,1,1346,1346,1,1360,1360,2267,0.2900
20260916,B 红0.5秒后全黑,0.12,1,1,1346,1346,1,1360,1360,2377,0.3055
20260916,B 红0.5秒后全黑,0.14,1,1,1346,1346,1,1360,1360,2460,0.3215
20260916,B 红0.5秒后全黑,0.16,1,1,1346,1346,1,1360,1360,2522,0.3376
20260916,B 红0.5秒后全黑,0.18,1,1,1346,1346,1,1360,1360,2573,0.3531
20260916,B 红0.5秒后全黑,0.20,1,1,1346,1346,1,1360,1360,2609,0.3677
20260916,B 红0.5秒后全黑,0.22,1,1,1346,1346,1,1360,1360,2635,0.3801
20260916,B 红0.5秒后全黑,0.24,1,1,1346,1346,1,1360,1360,2659,0.3891
20260916,B 红0.5秒后全黑,0.26,1,1,1346,1346,1,1360,1360,2677,0.3952
20260916,B 红0.5秒后全黑,0.28,1,1,1346,1346,1,1360,1360,2691,0.4005
20260916,B 红0.5秒后全黑,0.30,1,1,1346,1346,1,1360,1360,2702,0.4051
20260916,B 红0.5秒后全黑,0.32,1,1,1346,1346,1,1360,1360,2710,0.4087
20260916,B 红0.5秒后全黑,0.34,1,1,1346,1346,1,1360,1360,2719,0.4103
20260916,B 红0.5秒后全黑,0.36,1,1,1346,1346,1,1360,1360,2724,0.4111
20260916,B 红0.5秒后全黑,0.38,1,1,1346,1346,1,1360,1360,2726,0.4122
20260916,B 红0.5秒后全黑,0.40,1,1,1346,1346,1,1360,1360,2728,0.4137
20260916,B 红0.5秒后全黑,0.42,1,1,1346,1346,1,1360,1360,2730,0.4145
20260916,B 红0.5秒后全黑,0.44,1,1,1346,1346,1,1360,1360,2732,0.4145
20260916,B 红0.5秒后全黑,0.46,1,1,1346,1346,1,1360,1360,2734,0.4138
20260916,B 红0.5秒后全黑,0.48,1,1,1346,1346,1,1360,1360,2736,0.4124
20260916,B 红0.5秒后全黑,0.50,1,0,0,1346,1,1360,1360,2738,0.4101
20260916,B 红0.5秒后全黑,0.52,1,0,0,1346,1,1360,1360,2736,0.4060
20260916,B 红0.5秒后全黑,0.54,1,0,0,1346,1,1360,1360,2737,0.3993
20260916,B 红0.5秒后全黑,0.56,1,0,0,1346,1,1360,1360,2737,0.3896
20260916,B 红0.5秒后全黑,0.58,1,0,0,1346,1,1360,1360,2738,0.3772
20260916,B 红0.5秒后全黑,0.60,1,0,0,1346,1,1360,1360,2739,0.3624
20260916,B 红0.5秒后全黑,0.62,1,0,0,1346,1,1360,1360,2742,0.3490
20260916,B 红0.5秒后全黑,0.64,1,0,0,1346,1,1360,1360,2743,0.3367
20260916,B 红0.5秒后全黑,0.66,1,0,0,1346,1,1360,1360,2744,0.3314
20260916,B 红0.5秒后全黑,0.68,1,0,0,1346,1,1360,1360,2745,0.3330
20260916,B 红0.5秒后全黑,0.70,1,0,0,1346,1,1360,1360,2746,0.3345
20260916,B 红0.5秒后全黑,0.72,1,0,0,1346,1,1360,1360,2747,0.3331
20260916,B 红0.5秒后全黑,0.74,1,0,0,1346,1,1360,1360,2748,0.3289
20260916,B 红0.5秒后全黑,0.76,1,0,0,1346,1,1360,1360,2749,0.3235
20260916,B 红0.5秒后全黑,0.78,1,0,0,1346,1,1360,1360,2750,0.3168
20260916,B 红0.5秒后全黑,0.80,1,0,0,1346,1,1360,1360,2751,0.3090
20260916,B 红0.5秒后全黑,0.82,1,0,0,1346,1,1360,1360,2751,0.3009
20260916,B 红0.5秒后全黑,0.84,1,0,0,1346,1,1360,1360,2753,0.2921
20260916,B 红0.5秒后全黑,0.86,1,0,0,1346,1,1360,1360,2753,0.2813
20260916,B 红0.5秒后全黑,0.88,1,0,0,1346,1,1360,1360,2755,0.2675
20260916,B 红0.5秒后全黑,0.90,1,0,0,1346,1,1360,1360,2756,0.2508
20260916,B 红0.5秒后全黑,0.92,1,0,0,1346,1,1360,1360,2757,0.2384
20260916,B 红0.5秒后全黑,0.94,1,0,0,1346,1,1360,1360,2758,0.2386
20260916,B 红0.5秒后全黑,0.96,1,0,0,1346,1,1360,1360,2759,0.2405
20260916,B 红0.5秒后全黑,0.98,1,0,0,1346,1,1360,1360,2760,0.2421
20260916,B 红0.5秒后全黑,1.00,1,0,0,1346,1,1360,1360,2761,0.2425
20260916,B 红0.5秒后全黑,1.02,1,0,0,1346,1,1360,1360,2762,0.2414
20260916,B 红0.5秒后全黑,1.04,1,0,0,1346,1,1360,1360,2763,0.2395
20260916,B 红0.5秒后全黑,1.06,1,0,0,1346,1,1360,1360,2764,0.2357
20260916,B 红0.5秒后全黑,1.08,1,0,0,1346,1,1360,1360,2765,0.2309
20260916,B 红0.5秒后全黑,1.10,1,0,0,1346,1,1360,1360,2766,0.2243
20260916,B 红0.5秒后全黑,1.12,1,0,0,1346,1,1360,1360,2767,0.2159
20260916,B 红0.5秒后全黑,1.14,1,0,0,1346,1,1360,1360,2767,0.2057
20260916,B 红0.5秒后全黑,1.16,1,0,0,1346,1,1360,1360,2768,0.1938
20260916,B 红0.5秒后全黑,1.18,1,0,0,1346,1,1360,1360,2769,0.1809
20260916,B 红0.5秒后全黑,1.20,1,0,0,1346,1,1360,1360,2771,0.1663
20260916,B 红0.5秒后全黑,1.22,1,0,0,1346,1,1360,1360,2772,0.1516
20260916,B 红0.5秒后全黑,1.24,1,0,0,1346,1,1360,1360,2772,0.1525
20260916,B 红0.5秒后全黑,1.26,1,0,0,1346,1,1360,1360,2773,0.1574
20260916,B 红0.5秒后全黑,1.28,1,0,0,1346,1,1360,1360,2774,0.1598
20260916,B 红0.5秒后全黑,1.30,1,0,0,1346,1,1360,1360,2776,0.1582
20260916,B 红0.5秒后全黑,1.32,1,0,0,1346,1,1360,1360,2776,0.1547
20260916,B 红0.5秒后全黑,1.34,1,0,0,1346,1,1360,1360,2778,0.1543
20260916,B 红0.5秒后全黑,1.36,1,0,0,1346,1,1360,1360,2779,0.1551
20260916,B 红0.5秒后全黑,1.38,1,0,0,1346,1,1360,1360,2780,0.1555
20260916,B 红0.5秒后全黑,1.40,1,0,0,1346,1,1360,1360,2780,0.1557
20260916,B 红0.5秒后全黑,1.42,1,0,0,1346,1,1360,1360,2781,0.1557
20260916,B 红0.5秒后全黑,1.44,1,0,0,1346,1,1360,1360,2782,0.1556
20260916,B 红0.5秒后全黑,1.46,1,0,0,1346,1,1360,1360,2783,0.1557
20260916,B 红0.5秒后全黑,1.48,1,0,0,1346,1,1360,1360,2784,0.1557
20260916,B 红0.5秒后全黑,1.50,1,0,0,1346,1,1360,1360,2786,0.1558
20260916,B 红0.5秒后全黑,1.52,1,0,0,1346,1,1360,1360,2787,0.1557
20260916,B 红0.5秒后全黑,1.54,1,0,0,1346,1,1360,1360,2788,0.1554
20260916,B 红0.5秒后全黑,1.56,1,0,0,1346,1,1360,1360,2788,0.1551
20260916,B 红0.5秒后全黑,1.58,1,0,0,1346,1,1360,1360,2790,0.1554
20260916,B 红0.5秒后全黑,1.60,1,0,0,1346,1,1360,1360,2791,0.1543
20260916,B 红0.5秒后全黑,1.62,1,0,0,1346,1,1360,1360,2792,0.1544
20260916,B 红0.5秒后全黑,1.64,1,0,0,1346,1,1360,1360,2793,0.1543
20260916,B 红0.5秒后全黑,1.66,1,0,0,1346,1,1360,1360,2794,0.1544
20260916,B 红0.5秒后全黑,1.68,1,0,0,1346,1,1360,1360,2794,0.1540
20260916,B 红0.5秒后全黑,1.70,1,0,0,1346,1,1360,1360,2795,0.1544
20260916,B 红0.5秒后全黑,1.72,1,0,0,1346,1,1360,1360,2796,0.1543
20260916,B 红0.5秒后全黑,1.74,1,0,0,1346,1,1360,1360,2797,0.1544
20260916,B 红0.5秒后全黑,1.76,1,0,0,1346,1,1360,1360,2797,0.1547
20260916,B 红0.5秒后全黑,1.78,1,0,0,1346,1,1360,1360,2798,0.1551
20260916,B 红0.5秒后全黑,1.80,1,0,0,1346,1,1360,1360,2800,0.1551
20260916,B 红0.5秒后全黑,1.82,1,0,0,1346,1,1360,1360,2801,0.1551
20260916,B 红0.5秒后全黑,1.84,1,0,0,1346,1,1360,1360,2802,0.1552
20260916,B 红0.5秒后全黑,1.86,1,0,0,1346,1,1360,1360,2803,0.1554
20260916,B 红0.5秒后全黑,1.88,1,0,0,1346,1,1360,1360,2805,0.1552
20260916,B 红0.5秒后全黑,1.90,1,0,0,1346,1,1360,1360,2806,0.1553
20260916,B 红0.5秒后全黑,1.92,1,0,0,1346,1,1360,1360,2807,0.1552
20260916,B 红0.5秒后全黑,1.94,1,0,0,1346,1,1360,1360,2808,0.1552
20260916,B 红0.5秒后全黑,1.96,1,0,0,1346,1,1360,1360,2807,0.1553
20260916,B 红0.5秒后全黑,1.98,1,0,0,1346,1,1360,1360,2809,0.1551
20260916,B 红0.5秒后全黑,2.00,1,0,0,1346,1,1360,1360,2810,0.1547
20260916,B 红0.5秒后全黑,2.02,1,0,0,1346,1,1360,1360,2811,0.1545
20260916,B 红0.5秒后全黑,2.04,1,0,0,1346,1,1360,1360,2812,0.1548
20260916,B 红0.5秒后全黑,2.06,1,0,0,1346,1,1360,1360,2812,0.1547
20260916,B 红0.5秒后全黑,2.08,1,0,0,1346,1,1360,1360,2813,0.1542
20260916,B 红0.5秒后全黑,2.10,1,0,0,1346,1,1360,1360,2814,0.1547
20260916,B 红0.5秒后全黑,2.12,1,0,0,1346,1,1360,1360,2817,0.1550
20260916,B 红0.5秒后全黑,2.14,1,0,0,1346,1,1360,1360,2818,0.1550
20260916,B 红0.5秒后全黑,2.16,1,0,0,1346,1,1360,1360,2819,0.1552
20260916,B 红0.5秒后全黑,2.18,1,0,0,1346,1,1360,1360,2820,0.1551
20260916,B 红0.5秒后全黑,2.20,1,0,0,1346,1,1360,1360,2821,0.1553
20260916,B 红0.5秒后全黑,2.22,1,0,0,1346,1,1360,1360,2822,0.1551
20260916,B 红0.5秒后全黑,2.24,1,0,0,1346,1,1360,1360,2823,0.1548
20260916,B 红0.5秒后全黑,2.26,1,0,0,1346,1,1360,1360,2824,0.1553
20260916,B 红0.5秒后全黑,2.28,1,0,0,1346,1,1360,1360,2825,0.1552
20260916,B 红0.5秒后全黑,2.30,1,0,0,1346,1,1360,1360,2826,0.1547
20260916,B 红0.5秒后全黑,2.32,1,0,0,1346,1,1360,1360,2826,0.1549
20260916,B 红0.5秒后全黑,2.34,1,0,0,1346,1,1360,1360,2828,0.1555
20260916,B 红0.5秒后全黑,2.36,1,0,0,1346,1,1360,1360,2828,0.1555
20260916,B 红0.5秒后全黑,2.38,1,0,0,1346,1,1360,1360,2829,0.1555
20260916,B 红0.5秒后全黑,2.40,1,0,0,1346,1,1360,1360,2831,0.1554
20260916,B 红0.5秒后全黑,2.42,1,0,0,1346,1,1360,1360,2832,0.1554
20260916,B 红0.5秒后全黑,2.44,1,0,0,1346,1,1360,1360,2833,0.1554
20260916,B 红0.5秒后全黑,2.46,1,0,0,1346,1,1360,1360,2834,0.1555
20260916,B 红0.5秒后全黑,2.48,1,0,0,1346,1,1360,1360,2835,0.1554
20260916,B 红0.5秒后全黑,2.50,1,0,0,1346,1,1360,1360,2836,0.1552
20260916,B 红0.5秒后全黑,2.52,1,0,0,1346,1,1360,1360,2837,0.1550
20260916,B 红0.5秒后全黑,2.54,1,0,0,1346,1,1360,1360,2838,0.1548
20260916,B 红0.5秒后全黑,2.56,1,0,0,1346,1,1360,1360,2839,0.1547
20260916,B 红0.5秒后全黑,2.58,1,0,0,1346,1,1360,1360,2840,0.1547
20260916,B 红0.5秒后全黑,2.60,1,0,0,1346,1,1360,1360,2841,0.1548
20260916,B 红0.5秒后全黑,2.62,1,0,0,1346,1,1360,1360,2842,0.1549
20260916,B 红0.5秒后全黑,2.64,1,0,0,1346,1,1360,1360,2842,0.1548
20260916,B 红0.5秒后全黑,2.66,1,0,0,1346,1,1360,1360,2843,0.1553
20260916,B 红0.5秒后全黑,2.68,1,0,0,1346,1,1360,1360,2844,0.1551
20260916,B 红0.5秒后全黑,2.70,1,0,0,1346,1,1360,1360,2846,0.1551
20260916,B 红0.5秒后全黑,2.72,1,0,0,1346,1,1360,1360,2847,0.1549
20260916,B 红0.5秒后全黑,2.74,1,0,0,1346,1,1360,1360,2847,0.1549
20260916,B 红0.5秒后全黑,2.76,1,0,0,1346,1,1360,1360,2848,0.1550
20260916,B 红0.5秒后全黑,2.78,1,0,0,1346,1,1360,1360,2849,0.1549
20260916,B 红0.5秒后全黑,2.80,1,0,0,1346,1,1360,1360,2851,0.1550
20260916,B 红0.5秒后全黑,2.82,1,0,0,1346,1,1360,1360,2851,0.1551
20260916,B 红0.5秒后全黑,2.84,1,0,0,1346,1,1360,1360,2853,0.1550
20260916,B 红0.5秒后全黑,2.86,1,0,0,1346,1,1360,1360,2854,0.1550
20260916,B 红0.5秒后全黑,2.88,1,0,0,1346,1,1360,1360,2855,0.1549
20260916,B 红0.5秒后全黑,2.90,1,0,0,1346,1,1360,1360,2855,0.1549
20260916,B 红0.5秒后全黑,2.92,1,0,0,1346,1,1360,1360,2856,0.1543
20260916,B 红0.5秒后全黑,2.94,1,0,0,1346,1,1360,1360,2857,0.1542
20260916,B 红0.5秒后全黑,2.96,1,0,0,1346,1,1360,1360,2858,0.1541
20260916,B 红0.5秒后全黑,2.98,1,0,0,1346,1,1360,1360,2859,0.1540
20260916,C 同B+1.0秒打断运动记忆,0.00,0,1,1346,1346,1,1357,1360,1357,0.2607
20260916,C 同B+1.0秒打断运动记忆,0.02,1,1,1346,1346,1,1358,1360,1582,0.2565
20260916,C 同B+1.0秒打断运动记忆,0.04,1,1,1346,1346,1,1360,1360,1799,0.2525
20260916,C 同B+1.0秒打断运动记忆,0.06,1,1,1346,1346,1,1360,1360,1977,0.2594
20260916,C 同B+1.0秒打断运动记忆,0.08,1,1,1346,1346,1,1360,1360,2134,0.2739
20260916,C 同B+1.0秒打断运动记忆,0.10,1,1,1346,1346,1,1360,1360,2267,0.2900
20260916,C 同B+1.0秒打断运动记忆,0.12,1,1,1346,1346,1,1360,1360,2377,0.3055
20260916,C 同B+1.0秒打断运动记忆,0.14,1,1,1346,1346,1,1360,1360,2460,0.3215
20260916,C 同B+1.0秒打断运动记忆,0.16,1,1,1346,1346,1,1360,1360,2522,0.3376
20260916,C 同B+1.0秒打断运动记忆,0.18,1,1,1346,1346,1,1360,1360,2573,0.3531
20260916,C 同B+1.0秒打断运动记忆,0.20,1,1,1346,1346,1,1360,1360,2609,0.3677
20260916,C 同B+1.0秒打断运动记忆,0.22,1,1,1346,1346,1,1360,1360,2635,0.3801
20260916,C 同B+1.0秒打断运动记忆,0.24,1,1,1346,1346,1,1360,1360,2659,0.3891
20260916,C 同B+1.0秒打断运动记忆,0.26,1,1,1346,1346,1,1360,1360,2677,0.3952
20260916,C 同B+1.0秒打断运动记忆,0.28,1,1,1346,1346,1,1360,1360,2691,0.4005
20260916,C 同B+1.0秒打断运动记忆,0.30,1,1,1346,1346,1,1360,1360,2702,0.4051
20260916,C 同B+1.0秒打断运动记忆,0.32,1,1,1346,1346,1,1360,1360,2710,0.4087
20260916,C 同B+1.0秒打断运动记忆,0.34,1,1,1346,1346,1,1360,1360,2719,0.4103
20260916,C 同B+1.0秒打断运动记忆,0.36,1,1,1346,1346,1,1360,1360,2724,0.4111
20260916,C 同B+1.0秒打断运动记忆,0.38,1,1,1346,1346,1,1360,1360,2726,0.4122
20260916,C 同B+1.0秒打断运动记忆,0.40,1,1,1346,1346,1,1360,1360,2728,0.4137
20260916,C 同B+1.0秒打断运动记忆,0.42,1,1,1346,1346,1,1360,1360,2730,0.4145
20260916,C 同B+1.0秒打断运动记忆,0.44,1,1,1346,1346,1,1360,1360,2732,0.4145
20260916,C 同B+1.0秒打断运动记忆,0.46,1,1,1346,1346,1,1360,1360,2734,0.4138
20260916,C 同B+1.0秒打断运动记忆,0.48,1,1,1346,1346,1,1360,1360,2736,0.4124
20260916,C 同B+1.0秒打断运动记忆,0.50,1,0,0,1346,1,1360,1360,2738,0.4101
20260916,C 同B+1.0秒打断运动记忆,0.52,1,0,0,1346,1,1360,1360,2736,0.4060
20260916,C 同B+1.0秒打断运动记忆,0.54,1,0,0,1346,1,1360,1360,2737,0.3993
20260916,C 同B+1.0秒打断运动记忆,0.56,1,0,0,1346,1,1360,1360,2737,0.3896
20260916,C 同B+1.0秒打断运动记忆,0.58,1,0,0,1346,1,1360,1360,2738,0.3772
20260916,C 同B+1.0秒打断运动记忆,0.60,1,0,0,1346,1,1360,1360,2739,0.3624
20260916,C 同B+1.0秒打断运动记忆,0.62,1,0,0,1346,1,1360,1360,2742,0.3490
20260916,C 同B+1.0秒打断运动记忆,0.64,1,0,0,1346,1,1360,1360,2743,0.3367
20260916,C 同B+1.0秒打断运动记忆,0.66,1,0,0,1346,1,1360,1360,2744,0.3314
20260916,C 同B+1.0秒打断运动记忆,0.68,1,0,0,1346,1,1360,1360,2745,0.3330
20260916,C 同B+1.0秒打断运动记忆,0.70,1,0,0,1346,1,1360,1360,2746,0.3345
20260916,C 同B+1.0秒打断运动记忆,0.72,1,0,0,1346,1,1360,1360,2747,0.3331
20260916,C 同B+1.0秒打断运动记忆,0.74,1,0,0,1346,1,1360,1360,2748,0.3289
20260916,C 同B+1.0秒打断运动记忆,0.76,1,0,0,1346,1,1360,1360,2749,0.3235
20260916,C 同B+1.0秒打断运动记忆,0.78,1,0,0,1346,1,1360,1360,2750,0.3168
20260916,C 同B+1.0秒打断运动记忆,0.80,1,0,0,1346,1,1360,1360,2751,0.3090
20260916,C 同B+1.0秒打断运动记忆,0.82,1,0,0,1346,1,1360,1360,2751,0.3009
20260916,C 同B+1.0秒打断运动记忆,0.84,1,0,0,1346,1,1360,1360,2753,0.2921
20260916,C 同B+1.0秒打断运动记忆,0.86,1,0,0,1346,1,1360,1360,2753,0.2813
20260916,C 同B+1.0秒打断运动记忆,0.88,1,0,0,1346,1,1360,1360,2755,0.2675
20260916,C 同B+1.0秒打断运动记忆,0.90,1,0,0,1346,1,1360,1360,2756,0.2508
20260916,C 同B+1.0秒打断运动记忆,0.92,1,0,0,1346,1,1360,1360,2757,0.2384
20260916,C 同B+1.0秒打断运动记忆,0.94,1,0,0,1346,1,1360,1360,2758,0.2386
20260916,C 同B+1.0秒打断运动记忆,0.96,1,0,0,1346,1,1360,1360,2759,0.2405
20260916,C 同B+1.0秒打断运动记忆,0.98,1,0,0,1346,1,1360,1360,2760,0.2421
20260916,C 同B+1.0秒打断运动记忆,1.00,1,0,0,1346,1,1360,1360,2761,0.2425
20260916,C 同B+1.0秒打断运动记忆,1.02,0,0,0,1346,1,1360,1360,2762,0.2418
20260916,C 同B+1.0秒打断运动记忆,1.04,0,0,0,1346,1,1360,1360,2762,0.2405
20260916,C 同B+1.0秒打断运动记忆,1.06,0,0,0,1346,1,1360,1360,2762,0.2385
20260916,C 同B+1.0秒打断运动记忆,1.08,0,0,0,1346,1,1360,1360,2763,0.2370
20260916,C 同B+1.0秒打断运动记忆,1.10,0,0,0,1346,1,1360,1360,2764,0.2344
20260916,C 同B+1.0秒打断运动记忆,1.12,0,0,0,1346,1,1360,1360,2764,0.2282
20260916,C 同B+1.0秒打断运动记忆,1.14,0,0,0,1346,1,1360,1360,2765,0.2180
20260916,C 同B+1.0秒打断运动记忆,1.16,0,0,0,1346,1,1360,1360,2766,0.2036
20260916,C 同B+1.0秒打断运动记忆,1.18,0,0,0,1346,1,1360,1360,2767,0.1858
20260916,C 同B+1.0秒打断运动记忆,1.20,0,0,0,1346,1,1360,1360,2768,0.1655
20260916,C 同B+1.0秒打断运动记忆,1.22,0,0,0,1346,1,1360,1360,2769,0.1429
20260916,C 同B+1.0秒打断运动记忆,1.24,0,0,0,1346,1,1360,1360,2770,0.1231
20260916,C 同B+1.0秒打断运动记忆,1.26,0,0,0,1346,1,1360,1360,2771,0.1233
20260916,C 同B+1.0秒打断运动记忆,1.28,0,0,0,1346,1,1360,1360,2772,0.1274
20260916,C 同B+1.0秒打断运动记忆,1.30,0,0,0,1346,1,1360,1360,2773,0.1292
20260916,C 同B+1.0秒打断运动记忆,1.32,0,0,0,1346,1,1360,1360,2774,0.1280
20260916,C 同B+1.0秒打断运动记忆,1.34,0,0,0,1346,1,1360,1360,2775,0.1233
20260916,C 同B+1.0秒打断运动记忆,1.36,0,0,0,1346,1,1360,1360,2776,0.1148
20260916,C 同B+1.0秒打断运动记忆,1.38,0,0,0,1346,1,1360,1360,2777,0.1014
20260916,C 同B+1.0秒打断运动记忆,1.40,0,0,0,1346,1,1360,1360,2779,0.0845
20260916,C 同B+1.0秒打断运动记忆,1.42,0,0,0,1346,1,1360,1360,2780,0.0663
20260916,C 同B+1.0秒打断运动记忆,1.44,0,0,0,1346,1,1360,1360,2781,0.0537
20260916,C 同B+1.0秒打断运动记忆,1.46,0,0,0,1346,1,1360,1360,2781,0.0573
20260916,C 同B+1.0秒打断运动记忆,1.48,0,0,0,1346,1,1360,1360,2782,0.0627
20260916,C 同B+1.0秒打断运动记忆,1.50,0,0,0,1346,1,1360,1360,2783,0.0660
20260916,C 同B+1.0秒打断运动记忆,1.52,0,0,0,1346,1,1360,1360,2784,0.0666
20260916,C 同B+1.0秒打断运动记忆,1.54,0,0,0,1346,1,1360,1360,2785,0.0648
20260916,C 同B+1.0秒打断运动记忆,1.56,0,0,0,1346,1,1360,1360,2786,0.0616
20260916,C 同B+1.0秒打断运动记忆,1.58,0,0,0,1346,1,1360,1360,2787,0.0598
20260916,C 同B+1.0秒打断运动记忆,1.60,0,0,0,1346,1,1360,1360,2788,0.0578
20260916,C 同B+1.0秒打断运动记忆,1.62,0,0,0,1346,1,1360,1360,2789,0.0582
20260916,C 同B+1.0秒打断运动记忆,1.64,0,0,0,1346,1,1360,1360,2790,0.0599
20260916,C 同B+1.0秒打断运动记忆,1.66,0,0,0,1346,1,1360,1360,2791,0.0610
20260916,C 同B+1.0秒打断运动记忆,1.68,0,0,0,1346,1,1360,1360,2792,0.0615
20260916,C 同B+1.0秒打断运动记忆,1.70,0,0,0,1346,1,1360,1360,2793,0.0613
20260916,C 同B+1.0秒打断运动记忆,1.72,0,0,0,1346,1,1360,1360,2794,0.0607
20260916,C 同B+1.0秒打断运动记忆,1.74,0,0,0,1346,1,1360,1360,2795,0.0595
20260916,C 同B+1.0秒打断运动记忆,1.76,0,0,0,1346,1,1360,1360,2796,0.0579
20260916,C 同B+1.0秒打断运动记忆,1.78,0,0,0,1346,1,1360,1360,2797,0.0579
20260916,C 同B+1.0秒打断运动记忆,1.80,0,0,0,1346,1,1360,1360,2798,0.0589
20260916,C 同B+1.0秒打断运动记忆,1.82,0,0,0,1346,1,1360,1360,2799,0.0594
20260916,C 同B+1.0秒打断运动记忆,1.84,0,0,0,1346,1,1360,1360,2800,0.0593
20260916,C 同B+1.0秒打断运动记忆,1.86,0,0,0,1346,1,1360,1360,2801,0.0586
20260916,C 同B+1.0秒打断运动记忆,1.88,0,0,0,1346,1,1360,1360,2803,0.0576
20260916,C 同B+1.0秒打断运动记忆,1.90,0,0,0,1346,1,1360,1360,2804,0.0579
20260916,C 同B+1.0秒打断运动记忆,1.92,0,0,0,1346,1,1360,1360,2805,0.0582
20260916,C 同B+1.0秒打断运动记忆,1.94,0,0,0,1346,1,1360,1360,2806,0.0580
20260916,C 同B+1.0秒打断运动记忆,1.96,0,0,0,1346,1,1360,1360,2807,0.0576
20260916,C 同B+1.0秒打断运动记忆,1.98,0,0,0,1346,1,1360,1360,2808,0.0577
20260916,C 同B+1.0秒打断运动记忆,2.00,0,0,0,1346,1,1360,1360,2809,0.0578
20260916,C 同B+1.0秒打断运动记忆,2.02,0,0,0,1346,1,1360,1360,2810,0.0579
20260916,C 同B+1.0秒打断运动记忆,2.04,0,0,0,1346,1,1360,1360,2811,0.0579
20260916,C 同B+1.0秒打断运动记忆,2.06,0,0,0,1346,1,1360,1360,2812,0.0579
20260916,C 同B+1.0秒打断运动记忆,2.08,0,0,0,1346,1,1360,1360,2813,0.0579
20260916,C 同B+1.0秒打断运动记忆,2.10,0,0,0,1346,1,1360,1360,2814,0.0579
20260916,C 同B+1.0秒打断运动记忆,2.12,0,0,0,1346,1,1360,1360,2815,0.0579
20260916,C 同B+1.0秒打断运动记忆,2.14,0,0,0,1346,1,1360,1360,2816,0.0579
20260916,C 同B+1.0秒打断运动记忆,2.16,0,0,0,1346,1,1360,1360,2817,0.0579
20260916,C 同B+1.0秒打断运动记忆,2.18,0,0,0,1346,1,1360,1360,2818,0.0579
20260916,C 同B+1.0秒打断运动记忆,2.20,0,0,0,1346,1,1360,1360,2819,0.0579
20260916,C 同B+1.0秒打断运动记忆,2.22,0,0,0,1346,1,1360,1360,2820,0.0579
20260916,C 同B+1.0秒打断运动记忆,2.24,0,0,0,1346,1,1360,1360,2821,0.0579
20260916,C 同B+1.0秒打断运动记忆,2.26,0,0,0,1346,1,1360,1360,2822,0.0579
20260916,C 同B+1.0秒打断运动记忆,2.28,0,0,0,1346,1,1360,1360,2823,0.0579
20260916,C 同B+1.0秒打断运动记忆,2.30,0,0,0,1346,1,1360,1360,2824,0.0579
20260916,C 同B+1.0秒打断运动记忆,2.32,0,0,0,1346,1,1360,1360,2825,0.0579
20260916,C 同B+1.0秒打断运动记忆,2.34,0,0,0,1346,1,1360,1360,2826,0.0579
20260916,C 同B+1.0秒打断运动记忆,2.36,0,0,0,1346,1,1360,1360,2827,0.0579
20260916,C 同B+1.0秒打断运动记忆,2.38,0,0,0,1346,1,1360,1360,2828,0.0579
20260916,C 同B+1.0秒打断运动记忆,2.40,0,0,0,1346,1,1360,1360,2829,0.0579
20260916,C 同B+1.0秒打断运动记忆,2.42,0,0,0,1346,1,1360,1360,2830,0.0579
20260916,C 同B+1.0秒打断运动记忆,2.44,0,0,0,1346,1,1360,1360,2831,0.0579
20260916,C 同B+1.0秒打断运动记忆,2.46,0,0,0,1346,1,1360,1360,2832,0.0594
20260916,C 同B+1.0秒打断运动记忆,2.48,0,0,0,1346,1,1360,1360,2834,0.0599
20260916,C 同B+1.0秒打断运动记忆,2.50,0,0,0,1346,1,1360,1360,2835,0.0579
20260916,C 同B+1.0秒打断运动记忆,2.52,0,0,0,1346,1,1360,1360,2836,0.0567
20260916,C 同B+1.0秒打断运动记忆,2.54,0,0,0,1346,1,1360,1360,2837,0.0571
20260916,C 同B+1.0秒打断运动记忆,2.56,0,0,0,1346,1,1360,1360,2838,0.0575
20260916,C 同B+1.0秒打断运动记忆,2.58,0,0,0,1346,1,1360,1360,2839,0.0577
20260916,C 同B+1.0秒打断运动记忆,2.60,0,0,0,1346,1,1360,1360,2840,0.0578
20260916,C 同B+1.0秒打断运动记忆,2.62,0,0,0,1346,1,1360,1360,2841,0.0579
20260916,C 同B+1.0秒打断运动记忆,2.64,0,0,0,1346,1,1360,1360,2842,0.0579
20260916,C 同B+1.0秒打断运动记忆,2.66,0,0,0,1346,1,1360,1360,2842,0.0579
20260916,C 同B+1.0秒打断运动记忆,2.68,0,0,0,1346,1,1360,1360,2842,0.0579
20260916,C 同B+1.0秒打断运动记忆,2.70,0,0,0,1346,1,1360,1360,2843,0.0579
20260916,C 同B+1.0秒打断运动记忆,2.72,0,0,0,1346,1,1360,1360,2844,0.0579
20260916,C 同B+1.0秒打断运动记忆,2.74,0,0,0,1346,1,1360,1360,2845,0.0579
20260916,C 同B+1.0秒打断运动记忆,2.76,0,0,0,1346,1,1360,1360,2846,0.0579
20260916,C 同B+1.0秒打断运动记忆,2.78,0,0,0,1346,1,1360,1360,2847,0.0579
20260916,C 同B+1.0秒打断运动记忆,2.80,0,0,0,1346,1,1360,1360,2848,0.0579
20260916,C 同B+1.0秒打断运动记忆,2.82,0,0,0,1346,1,1360,1360,2849,0.0579
20260916,C 同B+1.0秒打断运动记忆,2.84,0,0,0,1346,1,1360,1360,2850,0.0579
20260916,C 同B+1.0秒打断运动记忆,2.86,0,0,0,1346,1,1360,1360,2851,0.0579
20260916,C 同B+1.0秒打断运动记忆,2.88,0,0,0,1346,1,1360,1360,2852,0.0579
20260916,C 同B+1.0秒打断运动记忆,2.90,0,0,0,1346,1,1360,1360,2853,0.0579
20260916,C 同B+1.0秒打断运动记忆,2.92,0,0,0,1346,1,1360,1360,2854,0.0579
20260916,C 同B+1.0秒打断运动记忆,2.94,0,0,0,1346,1,1360,1360,2855,0.0579
20260916,C 同B+1.0秒打断运动记忆,2.96,0,0,0,1346,1,1360,1360,2856,0.0579
20260916,C 同B+1.0秒打断运动记忆,2.98,0,0,0,1346,1,1360,1360,2858,0.0579
20260916,D 一直黑+1.0秒同样打断,0.00,0,0,0,1346,0,0,1360,0,0.2607
20260916,D 一直黑+1.0秒同样打断,0.02,0,0,0,1346,0,0,1360,0,0.2561
20260916,D 一直黑+1.0秒同样打断,0.04,0,0,0,1346,0,0,1360,0,0.2478
20260916,D 一直黑+1.0秒同样打断,0.06,0,0,0,1346,1,2,1360,2,0.2346
20260916,D 一直黑+1.0秒同样打断,0.08,0,0,0,1346,1,3,1360,5,0.2185
20260916,D 一直黑+1.0秒同样打断,0.10,0,0,0,1346,1,7,1360,11,0.2024
20260916,D 一直黑+1.0秒同样打断,0.12,0,0,0,1346,1,9,1360,15,0.1956
20260916,D 一直黑+1.0秒同样打断,0.14,0,0,0,1346,1,11,1360,19,0.1992
20260916,D 一直黑+1.0秒同样打断,0.16,0,0,0,1346,1,12,1360,21,0.2125
20260916,D 一直黑+1.0秒同样打断,0.18,0,0,0,1346,1,13,1360,25,0.2252
20260916,D 一直黑+1.0秒同样打断,0.20,0,0,0,1346,1,14,1360,27,0.2363
20260916,D 一直黑+1.0秒同样打断,0.22,0,0,0,1346,1,15,1360,29,0.2423
20260916,D 一直黑+1.0秒同样打断,0.24,0,0,0,1346,1,16,1360,31,0.2435
20260916,D 一直黑+1.0秒同样打断,0.26,0,0,0,1346,1,17,1360,33,0.2407
20260916,D 一直黑+1.0秒同样打断,0.28,0,0,0,1346,1,18,1360,35,0.2342
20260916,D 一直黑+1.0秒同样打断,0.30,0,0,0,1346,1,19,1360,37,0.2240
20260916,D 一直黑+1.0秒同样打断,0.32,0,0,0,1346,1,20,1360,39,0.2141
20260916,D 一直黑+1.0秒同样打断,0.34,0,0,0,1346,1,21,1360,41,0.2118
20260916,D 一直黑+1.0秒同样打断,0.36,0,0,0,1346,1,22,1360,43,0.2119
20260916,D 一直黑+1.0秒同样打断,0.38,0,0,0,1346,1,23,1360,45,0.2102
20260916,D 一直黑+1.0秒同样打断,0.40,0,0,0,1346,1,24,1360,47,0.2065
20260916,D 一直黑+1.0秒同样打断,0.42,0,0,0,1346,1,25,1360,49,0.2004
20260916,D 一直黑+1.0秒同样打断,0.44,0,0,0,1346,1,26,1360,51,0.1942
20260916,D 一直黑+1.0秒同样打断,0.46,0,0,0,1346,1,27,1360,53,0.1890
20260916,D 一直黑+1.0秒同样打断,0.48,0,0,0,1346,1,28,1360,55,0.1858
20260916,D 一直黑+1.0秒同样打断,0.50,0,0,0,1346,1,29,1360,57,0.1822
20260916,D 一直黑+1.0秒同样打断,0.52,0,0,0,1346,1,30,1360,59,0.1769
20260916,D 一直黑+1.0秒同样打断,0.54,0,0,0,1346,1,31,1360,62,0.1694
20260916,D 一直黑+1.0秒同样打断,0.56,0,0,0,1346,1,33,1360,65,0.1595
20260916,D 一直黑+1.0秒同样打断,0.58,0,0,0,1346,1,35,1360,68,0.1468
20260916,D 一直黑+1.0秒同样打断,0.60,0,0,0,1346,1,37,1360,71,0.1360
20260916,D 一直黑+1.0秒同样打断,0.62,0,0,0,1346,1,38,1360,73,0.1389
20260916,D 一直黑+1.0秒同样打断,0.64,0,0,0,1346,1,39,1360,76,0.1496
20260916,D 一直黑+1.0秒同样打断,0.66,0,0,0,1346,1,40,1360,78,0.1586
20260916,D 一直黑+1.0秒同样打断,0.68,0,0,0,1346,1,41,1360,79,0.1637
20260916,D 一直黑+1.0秒同样打断,0.70,0,0,0,1346,1,42,1360,81,0.1647
20260916,D 一直黑+1.0秒同样打断,0.72,0,0,0,1346,1,43,1360,83,0.1618
20260916,D 一直黑+1.0秒同样打断,0.74,0,0,0,1346,1,44,1360,85,0.1552
20260916,D 一直黑+1.0秒同样打断,0.76,0,0,0,1346,1,45,1360,87,0.1535
20260916,D 一直黑+1.0秒同样打断,0.78,0,0,0,1346,1,47,1360,90,0.1547
20260916,D 一直黑+1.0秒同样打断,0.80,0,0,0,1346,1,49,1360,94,0.1550
20260916,D 一直黑+1.0秒同样打断,0.82,0,0,0,1346,1,51,1360,99,0.1548
20260916,D 一直黑+1.0秒同样打断,0.84,0,0,0,1346,1,53,1360,103,0.1547
20260916,D 一直黑+1.0秒同样打断,0.86,0,0,0,1346,1,55,1360,107,0.1545
20260916,D 一直黑+1.0秒同样打断,0.88,0,0,0,1346,1,56,1360,111,0.1540
20260916,D 一直黑+1.0秒同样打断,0.90,0,0,0,1346,1,58,1360,116,0.1533
20260916,D 一直黑+1.0秒同样打断,0.92,0,0,0,1346,1,59,1360,120,0.1523
20260916,D 一直黑+1.0秒同样打断,0.94,0,0,0,1346,1,60,1360,123,0.1510
20260916,D 一直黑+1.0秒同样打断,0.96,0,0,0,1346,1,61,1360,126,0.1493
20260916,D 一直黑+1.0秒同样打断,0.98,0,0,0,1346,1,62,1360,129,0.1472
20260916,D 一直黑+1.0秒同样打断,1.00,0,0,0,1346,1,63,1360,132,0.1446
20260916,D 一直黑+1.0秒同样打断,1.02,0,0,0,1346,1,64,1360,135,0.1402
20260916,D 一直黑+1.0秒同样打断,1.04,0,0,0,1346,1,66,1360,138,0.1372
20260916,D 一直黑+1.0秒同样打断,1.06,0,0,0,1346,1,68,1360,142,0.1328
20260916,D 一直黑+1.0秒同样打断,1.08,0,0,0,1346,1,70,1360,144,0.1256
20260916,D 一直黑+1.0秒同样打断,1.10,0,0,0,1346,1,72,1360,147,0.1159
20260916,D 一直黑+1.0秒同样打断,1.12,0,0,0,1346,1,74,1360,150,0.1031
20260916,D 一直黑+1.0秒同样打断,1.14,0,0,0,1346,1,75,1360,152,0.0871
20260916,D 一直黑+1.0秒同样打断,1.16,0,0,0,1346,1,76,1360,154,0.0676
20260916,D 一直黑+1.0秒同样打断,1.18,0,0,0,1346,1,77,1360,156,0.0532
20260916,D 一直黑+1.0秒同样打断,1.20,0,0,0,1346,1,78,1360,159,0.0556
20260916,D 一直黑+1.0秒同样打断,1.22,0,0,0,1346,1,80,1360,162,0.0601
20260916,D 一直黑+1.0秒同样打断,1.24,0,0,0,1346,1,82,1360,165,0.0623
20260916,D 一直黑+1.0秒同样打断,1.26,0,0,0,1346,1,84,1360,169,0.0621
20260916,D 一直黑+1.0秒同样打断,1.28,0,0,0,1346,1,86,1360,172,0.0613
20260916,D 一直黑+1.0秒同样打断,1.30,0,0,0,1346,1,87,1360,174,0.0601
20260916,D 一直黑+1.0秒同样打断,1.32,0,0,0,1346,1,88,1360,176,0.0582
20260916,D 一直黑+1.0秒同样打断,1.34,0,0,0,1346,1,90,1360,179,0.0579
20260916,D 一直黑+1.0秒同样打断,1.36,0,0,0,1346,1,92,1360,182,0.0591
20260916,D 一直黑+1.0秒同样打断,1.38,0,0,0,1346,1,94,1360,185,0.0600
20260916,D 一直黑+1.0秒同样打断,1.40,0,0,0,1346,1,96,1360,188,0.0603
20260916,D 一直黑+1.0秒同样打断,1.42,0,0,0,1346,1,98,1360,191,0.0600
20260916,D 一直黑+1.0秒同样打断,1.44,0,0,0,1346,1,100,1360,194,0.0590
20260916,D 一直黑+1.0秒同样打断,1.46,0,0,0,1346,1,102,1360,197,0.0576
20260916,D 一直黑+1.0秒同样打断,1.48,0,0,0,1346,1,104,1360,200,0.0580
20260916,D 一直黑+1.0秒同样打断,1.50,0,0,0,1346,1,106,1360,204,0.0586
20260916,D 一直黑+1.0秒同样打断,1.52,0,0,0,1346,1,108,1360,208,0.0586
20260916,D 一直黑+1.0秒同样打断,1.54,0,0,0,1346,1,110,1360,213,0.0579
20260916,D 一直黑+1.0秒同样打断,1.56,0,0,0,1346,1,112,1360,218,0.0576
20260916,D 一直黑+1.0秒同样打断,1.58,0,0,0,1346,1,115,1360,225,0.0578
20260916,D 一直黑+1.0秒同样打断,1.60,0,0,0,1346,1,118,1360,233,0.0577
20260916,D 一直黑+1.0秒同样打断,1.62,0,0,0,1346,1,121,1360,240,0.0577
20260916,D 一直黑+1.0秒同样打断,1.64,0,0,0,1346,1,122,1360,245,0.0578
20260916,D 一直黑+1.0秒同样打断,1.66,0,0,0,1346,1,123,1360,251,0.0578
20260916,D 一直黑+1.0秒同样打断,1.68,0,0,0,1346,1,124,1360,257,0.0579
20260916,D 一直黑+1.0秒同样打断,1.70,0,0,0,1346,1,125,1360,262,0.0579
20260916,D 一直黑+1.0秒同样打断,1.72,0,0,0,1346,1,126,1360,267,0.0579
20260916,D 一直黑+1.0秒同样打断,1.74,0,0,0,1346,1,127,1360,272,0.0579
20260916,D 一直黑+1.0秒同样打断,1.76,0,0,0,1346,1,129,1360,276,0.0579
20260916,D 一直黑+1.0秒同样打断,1.78,0,0,0,1346,1,131,1360,281,0.0579
20260916,D 一直黑+1.0秒同样打断,1.80,0,0,0,1346,1,133,1360,286,0.0579
20260916,D 一直黑+1.0秒同样打断,1.82,0,0,0,1346,1,134,1360,291,0.0579
20260916,D 一直黑+1.0秒同样打断,1.84,0,0,0,1346,1,135,1360,296,0.0579
20260916,D 一直黑+1.0秒同样打断,1.86,0,0,0,1346,1,136,1360,300,0.0579
20260916,D 一直黑+1.0秒同样打断,1.88,0,0,0,1346,1,137,1360,305,0.0579
20260916,D 一直黑+1.0秒同样打断,1.90,0,0,0,1346,1,139,1360,310,0.0579
20260916,D 一直黑+1.0秒同样打断,1.92,0,0,0,1346,1,141,1360,315,0.0579
20260916,D 一直黑+1.0秒同样打断,1.94,0,0,0,1346,1,143,1360,321,0.0579
20260916,D 一直黑+1.0秒同样打断,1.96,0,0,0,1346,1,145,1360,327,0.0579
20260916,D 一直黑+1.0秒同样打断,1.98,0,0,0,1346,1,147,1360,333,0.0579
20260916,D 一直黑+1.0秒同样打断,2.00,0,0,0,1346,1,149,1360,339,0.0579
20260916,D 一直黑+1.0秒同样打断,2.02,0,0,0,1346,1,151,1360,345,0.0579
20260916,D 一直黑+1.0秒同样打断,2.04,0,0,0,1346,1,152,1360,350,0.0579
20260916,D 一直黑+1.0秒同样打断,2.06,0,0,0,1346,1,153,1360,354,0.0579
20260916,D 一直黑+1.0秒同样打断,2.08,0,0,0,1346,1,154,1360,358,0.0579
20260916,D 一直黑+1.0秒同样打断,2.10,0,0,0,1346,1,156,1360,363,0.0579
20260916,D 一直黑+1.0秒同样打断,2.12,0,0,0,1346,1,159,1360,369,0.0579
20260916,D 一直黑+1.0秒同样打断,2.14,0,0,0,1346,1,160,1360,374,0.0579
20260916,D 一直黑+1.0秒同样打断,2.16,0,0,0,1346,1,161,1360,380,0.0579
20260916,D 一直黑+1.0秒同样打断,2.18,0,0,0,1346,1,162,1360,384,0.0579
20260916,D 一直黑+1.0秒同样打断,2.20,0,0,0,1346,1,164,1360,389,0.0579
20260916,D 一直黑+1.0秒同样打断,2.22,0,0,0,1346,1,166,1360,394,0.0579
20260916,D 一直黑+1.0秒同样打断,2.24,0,0,0,1346,1,168,1360,400,0.0579
20260916,D 一直黑+1.0秒同样打断,2.26,0,0,0,1346,1,170,1360,405,0.0594
20260916,D 一直黑+1.0秒同样打断,2.28,0,0,0,1346,1,173,1360,412,0.0599
20260916,D 一直黑+1.0秒同样打断,2.30,0,0,0,1346,1,176,1360,419,0.0579
20260916,D 一直黑+1.0秒同样打断,2.32,0,0,0,1346,1,179,1360,426,0.0567
20260916,D 一直黑+1.0秒同样打断,2.34,0,0,0,1346,1,181,1360,431,0.0571
20260916,D 一直黑+1.0秒同样打断,2.36,0,0,0,1346,1,183,1360,436,0.0575
20260916,D 一直黑+1.0秒同样打断,2.38,0,0,0,1346,1,185,1360,439,0.0577
20260916,D 一直黑+1.0秒同样打断,2.40,0,0,0,1346,1,187,1360,442,0.0578
20260916,D 一直黑+1.0秒同样打断,2.42,0,0,0,1346,1,189,1360,445,0.0579
20260916,D 一直黑+1.0秒同样打断,2.44,0,0,0,1346,1,191,1360,449,0.0579
20260916,D 一直黑+1.0秒同样打断,2.46,0,0,0,1346,1,192,1360,453,0.0579
20260916,D 一直黑+1.0秒同样打断,2.48,0,0,0,1346,1,193,1360,458,0.0579
20260916,D 一直黑+1.0秒同样打断,2.50,0,0,0,1346,1,194,1360,464,0.0579
20260916,D 一直黑+1.0秒同样打断,2.52,0,0,0,1346,1,195,1360,471,0.0579
20260916,D 一直黑+1.0秒同样打断,2.54,0,0,0,1346,1,196,1360,479,0.0579
20260916,D 一直黑+1.0秒同样打断,2.56,0,0,0,1346,1,197,1360,485,0.0579
20260916,D 一直黑+1.0秒同样打断,2.58,0,0,0,1346,1,198,1360,491,0.0579
20260916,D 一直黑+1.0秒同样打断,2.60,0,0,0,1346,1,199,1360,498,0.0579
20260916,D 一直黑+1.0秒同样打断,2.62,0,0,0,1346,1,200,1360,504,0.0579
20260916,D 一直黑+1.0秒同样打断,2.64,0,0,0,1346,1,201,1360,509,0.0579
20260916,D 一直黑+1.0秒同样打断,2.66,0,0,0,1346,1,202,1360,514,0.0579
20260916,D 一直黑+1.0秒同样打断,2.68,0,0,0,1346,1,203,1360,518,0.0579
20260916,D 一直黑+1.0秒同样打断,2.70,0,0,0,1346,1,204,1360,522,0.0579
20260916,D 一直黑+1.0秒同样打断,2.72,0,0,0,1346,1,205,1360,526,0.0579
20260916,D 一直黑+1.0秒同样打断,2.74,0,0,0,1346,1,206,1360,530,0.0579
20260916,D 一直黑+1.0秒同样打断,2.76,0,0,0,1346,1,207,1360,534,0.0579
20260916,D 一直黑+1.0秒同样打断,2.78,0,0,0,1346,1,208,1360,537,0.0579
20260916,D 一直黑+1.0秒同样打断,2.80,0,0,0,1346,1,209,1360,541,0.0579
20260916,D 一直黑+1.0秒同样打断,2.82,0,0,0,1346,1,210,1360,546,0.0579
20260916,D 一直黑+1.0秒同样打断,2.84,0,0,0,1346,1,212,1360,550,0.0579
20260916,D 一直黑+1.0秒同样打断,2.86,0,0,0,1346,1,214,1360,554,0.0579
20260916,D 一直黑+1.0秒同样打断,2.88,0,0,0,1346,1,216,1360,558,0.0579
20260916,D 一直黑+1.0秒同样打断,2.90,0,0,0,1346,1,218,1360,563,0.0579
20260916,D 一直黑+1.0秒同样打断,2.92,0,0,0,1346,1,221,1360,569,0.0579
20260916,D 一直黑+1.0秒同样打断,2.94,0,0,0,1346,1,224,1360,576,0.0579
20260916,D 一直黑+1.0秒同样打断,2.96,0,0,0,1346,1,227,1360,583,0.0579
20260916,D 一直黑+1.0秒同样打断,2.98,0,0,0,1346,1,229,1360,589,0.0579
20260916,E 一直黑(不给红也不打断),0.00,0,0,0,1346,0,0,1360,0,0.2607
20260916,E 一直黑(不给红也不打断),0.02,0,0,0,1346,0,0,1360,0,0.2561
20260916,E 一直黑(不给红也不打断),0.04,0,0,0,1346,0,0,1360,0,0.2478
20260916,E 一直黑(不给红也不打断),0.06,0,0,0,1346,1,2,1360,2,0.2346
20260916,E 一直黑(不给红也不打断),0.08,0,0,0,1346,1,3,1360,5,0.2185
20260916,E 一直黑(不给红也不打断),0.10,0,0,0,1346,1,7,1360,11,0.2024
20260916,E 一直黑(不给红也不打断),0.12,0,0,0,1346,1,9,1360,15,0.1956
20260916,E 一直黑(不给红也不打断),0.14,0,0,0,1346,1,11,1360,19,0.1992
20260916,E 一直黑(不给红也不打断),0.16,0,0,0,1346,1,12,1360,21,0.2125
20260916,E 一直黑(不给红也不打断),0.18,0,0,0,1346,1,13,1360,25,0.2252
20260916,E 一直黑(不给红也不打断),0.20,0,0,0,1346,1,14,1360,27,0.2363
20260916,E 一直黑(不给红也不打断),0.22,0,0,0,1346,1,15,1360,29,0.2423
20260916,E 一直黑(不给红也不打断),0.24,0,0,0,1346,1,16,1360,31,0.2435
20260916,E 一直黑(不给红也不打断),0.26,0,0,0,1346,1,17,1360,33,0.2407
20260916,E 一直黑(不给红也不打断),0.28,0,0,0,1346,1,18,1360,35,0.2342
20260916,E 一直黑(不给红也不打断),0.30,0,0,0,1346,1,19,1360,37,0.2240
20260916,E 一直黑(不给红也不打断),0.32,0,0,0,1346,1,20,1360,39,0.2141
20260916,E 一直黑(不给红也不打断),0.34,0,0,0,1346,1,21,1360,41,0.2118
20260916,E 一直黑(不给红也不打断),0.36,0,0,0,1346,1,22,1360,43,0.2119
20260916,E 一直黑(不给红也不打断),0.38,0,0,0,1346,1,23,1360,45,0.2102
20260916,E 一直黑(不给红也不打断),0.40,0,0,0,1346,1,24,1360,47,0.2065
20260916,E 一直黑(不给红也不打断),0.42,0,0,0,1346,1,25,1360,49,0.2004
20260916,E 一直黑(不给红也不打断),0.44,0,0,0,1346,1,26,1360,51,0.1942
20260916,E 一直黑(不给红也不打断),0.46,0,0,0,1346,1,27,1360,53,0.1890
20260916,E 一直黑(不给红也不打断),0.48,0,0,0,1346,1,28,1360,55,0.1858
20260916,E 一直黑(不给红也不打断),0.50,0,0,0,1346,1,29,1360,57,0.1822
20260916,E 一直黑(不给红也不打断),0.52,0,0,0,1346,1,30,1360,59,0.1769
20260916,E 一直黑(不给红也不打断),0.54,0,0,0,1346,1,31,1360,62,0.1694
20260916,E 一直黑(不给红也不打断),0.56,0,0,0,1346,1,33,1360,65,0.1595
20260916,E 一直黑(不给红也不打断),0.58,0,0,0,1346,1,35,1360,68,0.1468
20260916,E 一直黑(不给红也不打断),0.60,0,0,0,1346,1,37,1360,71,0.1360
20260916,E 一直黑(不给红也不打断),0.62,0,0,0,1346,1,38,1360,73,0.1389
20260916,E 一直黑(不给红也不打断),0.64,0,0,0,1346,1,39,1360,76,0.1496
20260916,E 一直黑(不给红也不打断),0.66,0,0,0,1346,1,40,1360,78,0.1586
20260916,E 一直黑(不给红也不打断),0.68,0,0,0,1346,1,41,1360,79,0.1637
20260916,E 一直黑(不给红也不打断),0.70,0,0,0,1346,1,42,1360,81,0.1647
20260916,E 一直黑(不给红也不打断),0.72,0,0,0,1346,1,43,1360,83,0.1618
20260916,E 一直黑(不给红也不打断),0.74,0,0,0,1346,1,44,1360,85,0.1552
20260916,E 一直黑(不给红也不打断),0.76,0,0,0,1346,1,45,1360,87,0.1535
20260916,E 一直黑(不给红也不打断),0.78,0,0,0,1346,1,47,1360,90,0.1547
20260916,E 一直黑(不给红也不打断),0.80,0,0,0,1346,1,49,1360,94,0.1550
20260916,E 一直黑(不给红也不打断),0.82,0,0,0,1346,1,51,1360,99,0.1548
20260916,E 一直黑(不给红也不打断),0.84,0,0,0,1346,1,53,1360,103,0.1547
20260916,E 一直黑(不给红也不打断),0.86,0,0,0,1346,1,55,1360,107,0.1545
20260916,E 一直黑(不给红也不打断),0.88,0,0,0,1346,1,56,1360,111,0.1540
20260916,E 一直黑(不给红也不打断),0.90,0,0,0,1346,1,58,1360,116,0.1533
20260916,E 一直黑(不给红也不打断),0.92,0,0,0,1346,1,59,1360,120,0.1523
20260916,E 一直黑(不给红也不打断),0.94,0,0,0,1346,1,60,1360,123,0.1510
20260916,E 一直黑(不给红也不打断),0.96,0,0,0,1346,1,61,1360,126,0.1493
20260916,E 一直黑(不给红也不打断),0.98,0,0,0,1346,1,62,1360,129,0.1472
20260916,E 一直黑(不给红也不打断),1.00,0,0,0,1346,1,63,1360,132,0.1446
20260916,E 一直黑(不给红也不打断),1.02,0,0,0,1346,1,64,1360,135,0.1407
20260916,E 一直黑(不给红也不打断),1.04,0,0,0,1346,1,66,1360,138,0.1365
20260916,E 一直黑(不给红也不打断),1.06,0,0,0,1346,1,68,1360,141,0.1308
20260916,E 一直黑(不给红也不打断),1.08,0,0,0,1346,1,70,1360,144,0.1236
20260916,E 一直黑(不给红也不打断),1.10,0,0,0,1346,1,72,1360,147,0.1146
20260916,E 一直黑(不给红也不打断),1.12,0,0,0,1346,1,74,1360,150,0.1034
20260916,E 一直黑(不给红也不打断),1.14,0,0,0,1346,1,75,1360,152,0.0896
20260916,E 一直黑(不给红也不打断),1.16,0,0,0,1346,1,76,1360,154,0.0726
20260916,E 一直黑(不给红也不打断),1.18,0,0,0,1346,1,77,1360,156,0.0551
20260916,E 一直黑(不给红也不打断),1.20,0,0,0,1346,1,78,1360,158,0.0548
20260916,E 一直黑(不给红也不打断),1.22,0,0,0,1346,1,80,1360,161,0.0601
20260916,E 一直黑(不给红也不打断),1.24,0,0,0,1346,1,82,1360,165,0.0641
20260916,E 一直黑(不给红也不打断),1.26,0,0,0,1346,1,84,1360,169,0.0657
20260916,E 一直黑(不给红也不打断),1.28,0,0,0,1346,1,86,1360,172,0.0649
20260916,E 一直黑(不给红也不打断),1.30,0,0,0,1346,1,87,1360,174,0.0620
20260916,E 一直黑(不给红也不打断),1.32,0,0,0,1346,1,88,1360,176,0.0601
20260916,E 一直黑(不给红也不打断),1.34,0,0,0,1346,1,90,1360,179,0.0582
20260916,E 一直黑(不给红也不打断),1.36,0,0,0,1346,1,92,1360,182,0.0578
20260916,E 一直黑(不给红也不打断),1.38,0,0,0,1346,1,94,1360,185,0.0594
20260916,E 一直黑(不给红也不打断),1.40,0,0,0,1346,1,96,1360,188,0.0608
20260916,E 一直黑(不给红也不打断),1.42,0,0,0,1346,1,98,1360,191,0.0615
20260916,E 一直黑(不给红也不打断),1.44,0,0,0,1346,1,100,1360,194,0.0617
20260916,E 一直黑(不给红也不打断),1.46,0,0,0,1346,1,102,1360,197,0.0614
20260916,E 一直黑(不给红也不打断),1.48,0,0,0,1346,1,104,1360,200,0.0606
20260916,E 一直黑(不给红也不打断),1.50,0,0,0,1346,1,106,1360,204,0.0595
20260916,E 一直黑(不给红也不打断),1.52,0,0,0,1346,1,108,1360,208,0.0579
20260916,E 一直黑(不给红也不打断),1.54,0,0,0,1346,1,110,1360,213,0.0578
20260916,E 一直黑(不给红也不打断),1.56,0,0,0,1346,1,112,1360,218,0.0588
20260916,E 一直黑(不给红也不打断),1.58,0,0,0,1346,1,115,1360,225,0.0594
20260916,E 一直黑(不给红也不打断),1.60,0,0,0,1346,1,118,1360,233,0.0595
20260916,E 一直黑(不给红也不打断),1.62,0,0,0,1346,1,121,1360,240,0.0591
20260916,E 一直黑(不给红也不打断),1.64,0,0,0,1346,1,122,1360,245,0.0582
20260916,E 一直黑(不给红也不打断),1.66,0,0,0,1346,1,123,1360,251,0.0577
20260916,E 一直黑(不给红也不打断),1.68,0,0,0,1346,1,124,1360,257,0.0582
20260916,E 一直黑(不给红也不打断),1.70,0,0,0,1346,1,125,1360,262,0.0584
20260916,E 一直黑(不给红也不打断),1.72,0,0,0,1346,1,126,1360,267,0.0580
20260916,E 一直黑(不给红也不打断),1.74,0,0,0,1346,1,127,1360,272,0.0577
20260916,E 一直黑(不给红也不打断),1.76,0,0,0,1346,1,129,1360,276,0.0578
20260916,E 一直黑(不给红也不打断),1.78,0,0,0,1346,1,131,1360,281,0.0578
20260916,E 一直黑(不给红也不打断),1.80,0,0,0,1346,1,133,1360,286,0.0579
20260916,E 一直黑(不给红也不打断),1.82,0,0,0,1346,1,134,1360,291,0.0594
20260916,E 一直黑(不给红也不打断),1.84,0,0,0,1346,1,135,1360,297,0.0600
20260916,E 一直黑(不给红也不打断),1.86,0,0,0,1346,1,136,1360,301,0.0580
20260916,E 一直黑(不给红也不打断),1.88,0,0,0,1346,1,137,1360,306,0.0568
20260916,E 一直黑(不给红也不打断),1.90,0,0,0,1346,1,139,1360,311,0.0571
20260916,E 一直黑(不给红也不打断),1.92,0,0,0,1346,1,141,1360,316,0.0575
20260916,E 一直黑(不给红也不打断),1.94,0,0,0,1346,1,143,1360,322,0.0577
20260916,E 一直黑(不给红也不打断),1.96,0,0,0,1346,1,145,1360,328,0.0578
20260916,E 一直黑(不给红也不打断),1.98,0,0,0,1346,1,147,1360,334,0.0579
20260916,E 一直黑(不给红也不打断),2.00,0,0,0,1346,1,149,1360,340,0.0579
20260916,E 一直黑(不给红也不打断),2.02,0,0,0,1346,1,151,1360,345,0.0579
20260916,E 一直黑(不给红也不打断),2.04,0,0,0,1346,1,152,1360,350,0.0579
20260916,E 一直黑(不给红也不打断),2.06,0,0,0,1346,1,153,1360,354,0.0579
20260916,E 一直黑(不给红也不打断),2.08,0,0,0,1346,1,154,1360,358,0.0579
20260916,E 一直黑(不给红也不打断),2.10,0,0,0,1346,1,156,1360,363,0.0579
20260916,E 一直黑(不给红也不打断),2.12,0,0,0,1346,1,159,1360,369,0.0579
20260916,E 一直黑(不给红也不打断),2.14,0,0,0,1346,1,160,1360,374,0.0579
20260916,E 一直黑(不给红也不打断),2.16,0,0,0,1346,1,161,1360,380,0.0579
20260916,E 一直黑(不给红也不打断),2.18,0,0,0,1346,1,162,1360,384,0.0579
20260916,E 一直黑(不给红也不打断),2.20,0,0,0,1346,1,164,1360,389,0.0579
20260916,E 一直黑(不给红也不打断),2.22,0,0,0,1346,1,166,1360,394,0.0579
20260916,E 一直黑(不给红也不打断),2.24,0,0,0,1346,1,168,1360,400,0.0579
20260916,E 一直黑(不给红也不打断),2.26,0,0,0,1346,1,170,1360,405,0.0579
20260916,E 一直黑(不给红也不打断),2.28,0,0,0,1346,1,173,1360,411,0.0579
20260916,E 一直黑(不给红也不打断),2.30,0,0,0,1346,1,176,1360,418,0.0579
20260916,E 一直黑(不给红也不打断),2.32,0,0,0,1346,1,179,1360,425,0.0579
20260916,E 一直黑(不给红也不打断),2.34,0,0,0,1346,1,181,1360,430,0.0579
20260916,E 一直黑(不给红也不打断),2.36,0,0,0,1346,1,183,1360,435,0.0579
20260916,E 一直黑(不给红也不打断),2.38,0,0,0,1346,1,185,1360,438,0.0579
20260916,E 一直黑(不给红也不打断),2.40,0,0,0,1346,1,187,1360,441,0.0579
20260916,E 一直黑(不给红也不打断),2.42,0,0,0,1346,1,189,1360,444,0.0579
20260916,E 一直黑(不给红也不打断),2.44,0,0,0,1346,1,191,1360,448,0.0579
20260916,E 一直黑(不给红也不打断),2.46,0,0,0,1346,1,192,1360,453,0.0579
20260916,E 一直黑(不给红也不打断),2.48,0,0,0,1346,1,193,1360,458,0.0579
20260916,E 一直黑(不给红也不打断),2.50,0,0,0,1346,1,194,1360,464,0.0579
20260916,E 一直黑(不给红也不打断),2.52,0,0,0,1346,1,195,1360,471,0.0579
20260916,E 一直黑(不给红也不打断),2.54,0,0,0,1346,1,196,1360,479,0.0579
20260916,E 一直黑(不给红也不打断),2.56,0,0,0,1346,1,197,1360,485,0.0579
20260916,E 一直黑(不给红也不打断),2.58,0,0,0,1346,1,198,1360,491,0.0579
20260916,E 一直黑(不给红也不打断),2.60,0,0,0,1346,1,199,1360,498,0.0579
20260916,E 一直黑(不给红也不打断),2.62,0,0,0,1346,1,200,1360,504,0.0579
20260916,E 一直黑(不给红也不打断),2.64,0,0,0,1346,1,201,1360,509,0.0579
20260916,E 一直黑(不给红也不打断),2.66,0,0,0,1346,1,202,1360,514,0.0579
20260916,E 一直黑(不给红也不打断),2.68,0,0,0,1346,1,203,1360,518,0.0579
20260916,E 一直黑(不给红也不打断),2.70,0,0,0,1346,1,204,1360,522,0.0579
20260916,E 一直黑(不给红也不打断),2.72,0,0,0,1346,1,205,1360,526,0.0579
20260916,E 一直黑(不给红也不打断),2.74,0,0,0,1346,1,206,1360,530,0.0579
20260916,E 一直黑(不给红也不打断),2.76,0,0,0,1346,1,207,1360,534,0.0579
20260916,E 一直黑(不给红也不打断),2.78,0,0,0,1346,1,208,1360,537,0.0579
20260916,E 一直黑(不给红也不打断),2.80,0,0,0,1346,1,209,1360,541,0.0579
20260916,E 一直黑(不给红也不打断),2.82,0,0,0,1346,1,210,1360,546,0.0579
20260916,E 一直黑(不给红也不打断),2.84,0,0,0,1346,1,212,1360,550,0.0579
20260916,E 一直黑(不给红也不打断),2.86,0,0,0,1346,1,214,1360,554,0.0579
20260916,E 一直黑(不给红也不打断),2.88,0,0,0,1346,1,216,1360,558,0.0579
20260916,E 一直黑(不给红也不打断),2.90,0,0,0,1346,1,218,1360,563,0.0579
20260916,E 一直黑(不给红也不打断),2.92,0,0,0,1346,1,221,1360,569,0.0579
20260916,E 一直黑(不给红也不打断),2.94,0,0,0,1346,1,224,1360,576,0.0579
20260916,E 一直黑(不给红也不打断),2.96,0,0,0,1346,1,227,1360,583,0.0579
20260916,E 一直黑(不给红也不打断),2.98,0,0,0,1346,1,229,1360,589,0.0579
20260917,A 一直红,0.00,0,1,1346,1346,1,1357,1360,1357,0.2607
20260917,A 一直红,0.02,1,1,1346,1346,1,1358,1360,1582,0.2565
20260917,A 一直红,0.04,1,1,1346,1346,1,1360,1360,1799,0.2525
20260917,A 一直红,0.06,1,1,1346,1346,1,1360,1360,1978,0.2594
20260917,A 一直红,0.08,1,1,1346,1346,1,1360,1360,2135,0.2739
20260917,A 一直红,0.10,1,1,1346,1346,1,1360,1360,2267,0.2900
20260917,A 一直红,0.12,1,1,1346,1346,1,1360,1360,2377,0.3055
20260917,A 一直红,0.14,1,1,1346,1346,1,1360,1360,2459,0.3217
20260917,A 一直红,0.16,1,1,1346,1346,1,1360,1360,2521,0.3386
20260917,A 一直红,0.18,1,1,1346,1346,1,1360,1360,2572,0.3555
20260917,A 一直红,0.20,1,1,1346,1346,1,1360,1360,2607,0.3717
20260917,A 一直红,0.22,1,1,1346,1346,1,1360,1360,2633,0.3865
20260917,A 一直红,0.24,1,1,1346,1346,1,1360,1360,2657,0.3999
20260917,A 一直红,0.26,1,1,1346,1346,1,1360,1360,2676,0.4120
20260917,A 一直红,0.28,1,1,1346,1346,1,1360,1360,2690,0.4234
20260917,A 一直红,0.30,1,1,1346,1346,1,1360,1360,2702,0.4327
20260917,A 一直红,0.32,1,1,1346,1346,1,1360,1360,2713,0.4385
20260917,A 一直红,0.34,1,1,1346,1346,1,1360,1360,2720,0.4407
20260917,A 一直红,0.36,1,1,1346,1346,1,1360,1360,2725,0.4399
20260917,A 一直红,0.38,1,1,1346,1346,1,1360,1360,2727,0.4368
20260917,A 一直红,0.40,1,1,1346,1346,1,1360,1360,2729,0.4315
20260917,A 一直红,0.42,1,1,1346,1346,1,1360,1360,2731,0.4244
20260917,A 一直红,0.44,1,1,1346,1346,1,1360,1360,2734,0.4162
20260917,A 一直红,0.46,1,1,1346,1346,1,1360,1360,2736,0.4066
20260917,A 一直红,0.48,1,1,1346,1346,1,1360,1360,2736,0.3955
20260917,A 一直红,0.50,1,1,1346,1346,1,1360,1360,2738,0.3829
20260917,A 一直红,0.52,1,1,1346,1346,1,1360,1360,2740,0.3700
20260917,A 一直红,0.54,1,1,1346,1346,1,1360,1360,2741,0.3655
20260917,A 一直红,0.56,1,1,1346,1346,1,1360,1360,2743,0.3656
20260917,A 一直红,0.58,1,1,1346,1346,1,1360,1360,2745,0.3649
20260917,A 一直红,0.60,1,1,1346,1346,1,1360,1360,2746,0.3618
20260917,A 一直红,0.62,1,1,1346,1346,1,1360,1360,2749,0.3580
20260917,A 一直红,0.64,1,1,1346,1346,1,1360,1360,2749,0.3553
20260917,A 一直红,0.66,1,1,1346,1346,1,1360,1360,2749,0.3521
20260917,A 一直红,0.68,1,1,1346,1346,1,1360,1360,2749,0.3476
20260917,A 一直红,0.70,1,1,1346,1346,1,1360,1360,2750,0.3421
20260917,A 一直红,0.72,1,1,1346,1346,1,1360,1360,2751,0.3372
20260917,A 一直红,0.74,1,1,1346,1346,1,1360,1360,2753,0.3320
20260917,A 一直红,0.76,1,1,1346,1346,1,1360,1360,2755,0.3251
20260917,A 一直红,0.78,1,1,1346,1346,1,1360,1360,2757,0.3163
20260917,A 一直红,0.80,1,1,1346,1346,1,1360,1360,2756,0.3075
20260917,A 一直红,0.82,1,1,1346,1346,1,1360,1360,2756,0.2991
20260917,A 一直红,0.84,1,1,1346,1346,1,1360,1360,2756,0.2905
20260917,A 一直红,0.86,1,1,1346,1346,1,1360,1360,2757,0.2811
20260917,A 一直红,0.88,1,1,1346,1346,1,1360,1360,2758,0.2702
20260917,A 一直红,0.90,1,1,1346,1346,1,1360,1360,2759,0.2730
20260917,A 一直红,0.92,1,1,1346,1346,1,1360,1360,2761,0.2805
20260917,A 一直红,0.94,1,1,1346,1346,1,1360,1360,2761,0.2864
20260917,A 一直红,0.96,1,1,1346,1346,1,1360,1360,2763,0.2901
20260917,A 一直红,0.98,1,1,1346,1346,1,1360,1360,2764,0.2920
20260917,A 一直红,1.00,1,1,1346,1346,1,1360,1360,2765,0.2924
20260917,A 一直红,1.02,1,1,1346,1346,1,1360,1360,2767,0.2914
20260917,A 一直红,1.04,1,1,1346,1346,1,1360,1360,2769,0.2894
20260917,A 一直红,1.06,1,1,1346,1346,1,1360,1360,2769,0.2857
20260917,A 一直红,1.08,1,1,1346,1346,1,1360,1360,2769,0.2810
20260917,A 一直红,1.10,1,1,1346,1346,1,1360,1360,2770,0.2749
20260917,A 一直红,1.12,1,1,1346,1346,1,1360,1360,2771,0.2671
20260917,A 一直红,1.14,1,1,1346,1346,1,1360,1360,2772,0.2581
20260917,A 一直红,1.16,1,1,1346,1346,1,1360,1360,2772,0.2474
20260917,A 一直红,1.18,1,1,1346,1346,1,1360,1360,2774,0.2415
20260917,A 一直红,1.20,1,1,1346,1346,1,1360,1360,2774,0.2367
20260917,A 一直红,1.22,1,1,1346,1346,1,1360,1360,2776,0.2303
20260917,A 一直红,1.24,1,1,1346,1346,1,1360,1360,2776,0.2225
20260917,A 一直红,1.26,1,1,1346,1346,1,1360,1360,2777,0.2124
20260917,A 一直红,1.28,1,1,1346,1346,1,1360,1360,2777,0.1986
20260917,A 一直红,1.30,1,1,1346,1346,1,1360,1360,2779,0.1820
20260917,A 一直红,1.32,1,1,1346,1346,1,1360,1360,2780,0.1654
20260917,A 一直红,1.34,1,1,1346,1346,1,1360,1360,2781,0.1512
20260917,A 一直红,1.36,1,1,1346,1346,1,1360,1360,2782,0.1541
20260917,A 一直红,1.38,1,1,1346,1346,1,1360,1360,2783,0.1587
20260917,A 一直红,1.40,1,1,1346,1346,1,1360,1360,2785,0.1612
20260917,A 一直红,1.42,1,1,1346,1346,1,1360,1360,2785,0.1612
20260917,A 一直红,1.44,1,1,1346,1346,1,1360,1360,2787,0.1591
20260917,A 一直红,1.46,1,1,1346,1346,1,1360,1360,2788,0.1552
20260917,A 一直红,1.48,1,1,1346,1346,1,1360,1360,2789,0.1542
20260917,A 一直红,1.50,1,1,1346,1346,1,1360,1360,2790,0.1545
20260917,A 一直红,1.52,1,1,1346,1346,1,1360,1360,2792,0.1549
20260917,A 一直红,1.54,1,1,1346,1346,1,1360,1360,2792,0.1553
20260917,A 一直红,1.56,1,1,1346,1346,1,1360,1360,2794,0.1555
20260917,A 一直红,1.58,1,1,1346,1346,1,1360,1360,2795,0.1556
20260917,A 一直红,1.60,1,1,1346,1346,1,1360,1360,2796,0.1558
20260917,A 一直红,1.62,1,1,1346,1346,1,1360,1360,2796,0.1559
20260917,A 一直红,1.64,1,1,1346,1346,1,1360,1360,2797,0.1558
20260917,A 一直红,1.66,1,1,1346,1346,1,1360,1360,2798,0.1558
20260917,A 一直红,1.68,1,1,1346,1346,1,1360,1360,2800,0.1557
20260917,A 一直红,1.70,1,1,1346,1346,1,1360,1360,2801,0.1559
20260917,A 一直红,1.72,1,1,1346,1346,1,1360,1360,2801,0.1556
20260917,A 一直红,1.74,1,1,1346,1346,1,1360,1360,2803,0.1553
20260917,A 一直红,1.76,1,1,1346,1346,1,1360,1360,2804,0.1555
20260917,A 一直红,1.78,1,1,1346,1346,1,1360,1360,2804,0.1550
20260917,A 一直红,1.80,1,1,1346,1346,1,1360,1360,2804,0.1548
20260917,A 一直红,1.82,1,1,1346,1346,1,1360,1360,2807,0.1546
20260917,A 一直红,1.84,1,1,1346,1346,1,1360,1360,2807,0.1548
20260917,A 一直红,1.86,1,1,1346,1346,1,1360,1360,2809,0.1548
20260917,A 一直红,1.88,1,1,1346,1346,1,1360,1360,2810,0.1548
20260917,A 一直红,1.90,1,1,1346,1346,1,1360,1360,2811,0.1548
20260917,A 一直红,1.92,1,1,1346,1346,1,1360,1360,2812,0.1548
20260917,A 一直红,1.94,1,1,1346,1346,1,1360,1360,2812,0.1546
20260917,A 一直红,1.96,1,1,1346,1346,1,1360,1360,2813,0.1546
20260917,A 一直红,1.98,1,1,1346,1346,1,1360,1360,2814,0.1542
20260917,A 一直红,2.00,1,1,1346,1346,1,1360,1360,2815,0.1540
20260917,A 一直红,2.02,1,1,1346,1346,1,1360,1360,2816,0.1541
20260917,A 一直红,2.04,1,1,1346,1346,1,1360,1360,2817,0.1543
20260917,A 一直红,2.06,1,1,1346,1346,1,1360,1360,2818,0.1543
20260917,A 一直红,2.08,1,1,1346,1346,1,1360,1360,2820,0.1546
20260917,A 一直红,2.10,1,1,1346,1346,1,1360,1360,2821,0.1550
20260917,A 一直红,2.12,1,1,1346,1346,1,1360,1360,2822,0.1549
20260917,A 一直红,2.14,1,1,1346,1346,1,1360,1360,2822,0.1549
20260917,A 一直红,2.16,1,1,1346,1346,1,1360,1360,2824,0.1550
20260917,A 一直红,2.18,1,1,1346,1346,1,1360,1360,2826,0.1550
20260917,A 一直红,2.20,1,1,1346,1346,1,1360,1360,2827,0.1551
20260917,A 一直红,2.22,1,1,1346,1346,1,1360,1360,2827,0.1548
20260917,A 一直红,2.24,1,1,1346,1346,1,1360,1360,2827,0.1546
20260917,A 一直红,2.26,1,1,1346,1346,1,1360,1360,2828,0.1549
20260917,A 一直红,2.28,1,1,1346,1346,1,1360,1360,2829,0.1547
20260917,A 一直红,2.30,1,1,1346,1346,1,1360,1360,2830,0.1548
20260917,A 一直红,2.32,1,1,1346,1346,1,1360,1360,2831,0.1550
20260917,A 一直红,2.34,1,1,1346,1346,1,1360,1360,2833,0.1551
20260917,A 一直红,2.36,1,1,1346,1346,1,1360,1360,2834,0.1552
20260917,A 一直红,2.38,1,1,1346,1346,1,1360,1360,2835,0.1552
20260917,A 一直红,2.40,1,1,1346,1346,1,1360,1360,2836,0.1553
20260917,A 一直红,2.42,1,1,1346,1346,1,1360,1360,2838,0.1552
20260917,A 一直红,2.44,1,1,1346,1346,1,1360,1360,2837,0.1552
20260917,A 一直红,2.46,1,1,1346,1346,1,1360,1360,2838,0.1552
20260917,A 一直红,2.48,1,1,1346,1346,1,1360,1360,2839,0.1551
20260917,A 一直红,2.50,1,1,1346,1346,1,1360,1360,2840,0.1549
20260917,A 一直红,2.52,1,1,1346,1346,1,1360,1360,2841,0.1547
20260917,A 一直红,2.54,1,1,1346,1346,1,1360,1360,2842,0.1544
20260917,A 一直红,2.56,1,1,1346,1346,1,1360,1360,2843,0.1545
20260917,A 一直红,2.58,1,1,1346,1346,1,1360,1360,2844,0.1550
20260917,A 一直红,2.60,1,1,1346,1346,1,1360,1360,2845,0.1551
20260917,A 一直红,2.62,1,1,1346,1346,1,1360,1360,2846,0.1548
20260917,A 一直红,2.64,1,1,1346,1346,1,1360,1360,2848,0.1551
20260917,A 一直红,2.66,1,1,1346,1346,1,1360,1360,2849,0.1552
20260917,A 一直红,2.68,1,1,1346,1346,1,1360,1360,2850,0.1553
20260917,A 一直红,2.70,1,1,1346,1346,1,1360,1360,2851,0.1555
20260917,A 一直红,2.72,1,1,1346,1346,1,1360,1360,2852,0.1554
20260917,A 一直红,2.74,1,1,1346,1346,1,1360,1360,2852,0.1552
20260917,A 一直红,2.76,1,1,1346,1346,1,1360,1360,2854,0.1554
20260917,A 一直红,2.78,1,1,1346,1346,1,1360,1360,2854,0.1550
20260917,A 一直红,2.80,1,1,1346,1346,1,1360,1360,2855,0.1551
20260917,A 一直红,2.82,1,1,1346,1346,1,1360,1360,2856,0.1550
20260917,A 一直红,2.84,1,1,1346,1346,1,1360,1360,2857,0.1549
20260917,A 一直红,2.86,1,1,1346,1346,1,1360,1360,2858,0.1551
20260917,A 一直红,2.88,1,1,1346,1346,1,1360,1360,2860,0.1550
20260917,A 一直红,2.90,1,1,1346,1346,1,1360,1360,2861,0.1545
20260917,A 一直红,2.92,1,1,1346,1346,1,1360,1360,2862,0.1544
20260917,A 一直红,2.94,1,1,1346,1346,1,1360,1360,2863,0.1543
20260917,A 一直红,2.96,1,1,1346,1346,1,1360,1360,2863,0.1541
20260917,A 一直红,2.98,1,1,1346,1346,1,1360,1360,2864,0.1539
20260917,B 红0.5秒后全黑,0.00,0,1,1346,1346,1,1357,1360,1357,0.2607
20260917,B 红0.5秒后全黑,0.02,1,1,1346,1346,1,1358,1360,1582,0.2565
20260917,B 红0.5秒后全黑,0.04,1,1,1346,1346,1,1360,1360,1799,0.2525
20260917,B 红0.5秒后全黑,0.06,1,1,1346,1346,1,1360,1360,1978,0.2594
20260917,B 红0.5秒后全黑,0.08,1,1,1346,1346,1,1360,1360,2135,0.2739
20260917,B 红0.5秒后全黑,0.10,1,1,1346,1346,1,1360,1360,2267,0.2900
20260917,B 红0.5秒后全黑,0.12,1,1,1346,1346,1,1360,1360,2377,0.3055
20260917,B 红0.5秒后全黑,0.14,1,1,1346,1346,1,1360,1360,2459,0.3217
20260917,B 红0.5秒后全黑,0.16,1,1,1346,1346,1,1360,1360,2521,0.3386
20260917,B 红0.5秒后全黑,0.18,1,1,1346,1346,1,1360,1360,2572,0.3555
20260917,B 红0.5秒后全黑,0.20,1,1,1346,1346,1,1360,1360,2607,0.3717
20260917,B 红0.5秒后全黑,0.22,1,1,1346,1346,1,1360,1360,2633,0.3865
20260917,B 红0.5秒后全黑,0.24,1,1,1346,1346,1,1360,1360,2657,0.3999
20260917,B 红0.5秒后全黑,0.26,1,1,1346,1346,1,1360,1360,2676,0.4120
20260917,B 红0.5秒后全黑,0.28,1,1,1346,1346,1,1360,1360,2690,0.4234
20260917,B 红0.5秒后全黑,0.30,1,1,1346,1346,1,1360,1360,2702,0.4327
20260917,B 红0.5秒后全黑,0.32,1,1,1346,1346,1,1360,1360,2713,0.4385
20260917,B 红0.5秒后全黑,0.34,1,1,1346,1346,1,1360,1360,2720,0.4407
20260917,B 红0.5秒后全黑,0.36,1,1,1346,1346,1,1360,1360,2725,0.4399
20260917,B 红0.5秒后全黑,0.38,1,1,1346,1346,1,1360,1360,2727,0.4368
20260917,B 红0.5秒后全黑,0.40,1,1,1346,1346,1,1360,1360,2729,0.4315
20260917,B 红0.5秒后全黑,0.42,1,1,1346,1346,1,1360,1360,2731,0.4244
20260917,B 红0.5秒后全黑,0.44,1,1,1346,1346,1,1360,1360,2734,0.4162
20260917,B 红0.5秒后全黑,0.46,1,1,1346,1346,1,1360,1360,2736,0.4066
20260917,B 红0.5秒后全黑,0.48,1,1,1346,1346,1,1360,1360,2736,0.3955
20260917,B 红0.5秒后全黑,0.50,1,0,0,1346,1,1360,1360,2738,0.3829
20260917,B 红0.5秒后全黑,0.52,1,0,0,1346,1,1360,1360,2737,0.3700
20260917,B 红0.5秒后全黑,0.54,1,0,0,1346,1,1360,1360,2737,0.3655
20260917,B 红0.5秒后全黑,0.56,1,0,0,1346,1,1360,1360,2738,0.3656
20260917,B 红0.5秒后全黑,0.58,1,0,0,1346,1,1360,1360,2739,0.3646
20260917,B 红0.5秒后全黑,0.60,1,0,0,1346,1,1360,1360,2740,0.3611
20260917,B 红0.5秒后全黑,0.62,1,0,0,1346,1,1360,1360,2741,0.3564
20260917,B 红0.5秒后全黑,0.64,1,0,0,1346,1,1360,1360,2742,0.3525
20260917,B 红0.5秒后全黑,0.66,1,0,0,1346,1,1360,1360,2743,0.3493
20260917,B 红0.5秒后全黑,0.68,1,0,0,1346,1,1360,1360,2744,0.3451
20260917,B 红0.5秒后全黑,0.70,1,0,0,1346,1,1360,1360,2745,0.3401
20260917,B 红0.5秒后全黑,0.72,1,0,0,1346,1,1360,1360,2746,0.3356
20260917,B 红0.5秒后全黑,0.74,1,0,0,1346,1,1360,1360,2747,0.3310
20260917,B 红0.5秒后全黑,0.76,1,0,0,1346,1,1360,1360,2748,0.3248
20260917,B 红0.5秒后全黑,0.78,1,0,0,1346,1,1360,1360,2749,0.3165
20260917,B 红0.5秒后全黑,0.80,1,0,0,1346,1,1360,1360,2750,0.3074
20260917,B 红0.5秒后全黑,0.82,1,0,0,1346,1,1360,1360,2751,0.2992
20260917,B 红0.5秒后全黑,0.84,1,0,0,1346,1,1360,1360,2752,0.2914
20260917,B 红0.5秒后全黑,0.86,1,0,0,1346,1,1360,1360,2753,0.2826
20260917,B 红0.5秒后全黑,0.88,1,0,0,1346,1,1360,1360,2754,0.2718
20260917,B 红0.5秒后全黑,0.90,1,0,0,1346,1,1360,1360,2755,0.2716
20260917,B 红0.5秒后全黑,0.92,1,0,0,1346,1,1360,1360,2756,0.2793
20260917,B 红0.5秒后全黑,0.94,1,0,0,1346,1,1360,1360,2757,0.2857
20260917,B 红0.5秒后全黑,0.96,1,0,0,1346,1,1360,1360,2758,0.2898
20260917,B 红0.5秒后全黑,0.98,1,0,0,1346,1,1360,1360,2759,0.2917
20260917,B 红0.5秒后全黑,1.00,1,0,0,1346,1,1360,1360,2760,0.2920
20260917,B 红0.5秒后全黑,1.02,1,0,0,1346,1,1360,1360,2761,0.2910
20260917,B 红0.5秒后全黑,1.04,1,0,0,1346,1,1360,1360,2762,0.2889
20260917,B 红0.5秒后全黑,1.06,1,0,0,1346,1,1360,1360,2763,0.2855
20260917,B 红0.5秒后全黑,1.08,1,0,0,1346,1,1360,1360,2764,0.2813
20260917,B 红0.5秒后全黑,1.10,1,0,0,1346,1,1360,1360,2766,0.2754
20260917,B 红0.5秒后全黑,1.12,1,0,0,1346,1,1360,1360,2766,0.2680
20260917,B 红0.5秒后全黑,1.14,1,0,0,1346,1,1360,1360,2767,0.2593
20260917,B 红0.5秒后全黑,1.16,1,0,0,1346,1,1360,1360,2768,0.2487
20260917,B 红0.5秒后全黑,1.18,1,0,0,1346,1,1360,1360,2769,0.2422
20260917,B 红0.5秒后全黑,1.20,1,0,0,1346,1,1360,1360,2770,0.2375
20260917,B 红0.5秒后全黑,1.22,1,0,0,1346,1,1360,1360,2771,0.2313
20260917,B 红0.5秒后全黑,1.24,1,0,0,1346,1,1360,1360,2772,0.2236
20260917,B 红0.5秒后全黑,1.26,1,0,0,1346,1,1360,1360,2773,0.2136
20260917,B 红0.5秒后全黑,1.28,1,0,0,1346,1,1360,1360,2774,0.1997
20260917,B 红0.5秒后全黑,1.30,1,0,0,1346,1,1360,1360,2775,0.1827
20260917,B 红0.5秒后全黑,1.32,1,0,0,1346,1,1360,1360,2776,0.1660
20260917,B 红0.5秒后全黑,1.34,1,0,0,1346,1,1360,1360,2777,0.1504
20260917,B 红0.5秒后全黑,1.36,1,0,0,1346,1,1360,1360,2778,0.1530
20260917,B 红0.5秒后全黑,1.38,1,0,0,1346,1,1360,1360,2779,0.1583
20260917,B 红0.5秒后全黑,1.40,1,0,0,1346,1,1360,1360,2780,0.1615
20260917,B 红0.5秒后全黑,1.42,1,0,0,1346,1,1360,1360,2781,0.1620
20260917,B 红0.5秒后全黑,1.44,1,0,0,1346,1,1360,1360,2782,0.1603
20260917,B 红0.5秒后全黑,1.46,1,0,0,1346,1,1360,1360,2783,0.1566
20260917,B 红0.5秒后全黑,1.48,1,0,0,1346,1,1360,1360,2784,0.1537
20260917,B 红0.5秒后全黑,1.50,1,0,0,1346,1,1360,1360,2785,0.1541
20260917,B 红0.5秒后全黑,1.52,1,0,0,1346,1,1360,1360,2786,0.1547
20260917,B 红0.5秒后全黑,1.54,1,0,0,1346,1,1360,1360,2787,0.1551
20260917,B 红0.5秒后全黑,1.56,1,0,0,1346,1,1360,1360,2788,0.1554
20260917,B 红0.5秒后全黑,1.58,1,0,0,1346,1,1360,1360,2789,0.1557
20260917,B 红0.5秒后全黑,1.60,1,0,0,1346,1,1360,1360,2790,0.1558
20260917,B 红0.5秒后全黑,1.62,1,0,0,1346,1,1360,1360,2791,0.1559
20260917,B 红0.5秒后全黑,1.64,1,0,0,1346,1,1360,1360,2792,0.1557
20260917,B 红0.5秒后全黑,1.66,1,0,0,1346,1,1360,1360,2793,0.1559
20260917,B 红0.5秒后全黑,1.68,1,0,0,1346,1,1360,1360,2794,0.1556
20260917,B 红0.5秒后全黑,1.70,1,0,0,1346,1,1360,1360,2796,0.1558
20260917,B 红0.5秒后全黑,1.72,1,0,0,1346,1,1360,1360,2796,0.1556
20260917,B 红0.5秒后全黑,1.74,1,0,0,1346,1,1360,1360,2797,0.1553
20260917,B 红0.5秒后全黑,1.76,1,0,0,1346,1,1360,1360,2798,0.1555
20260917,B 红0.5秒后全黑,1.78,1,0,0,1346,1,1360,1360,2799,0.1552
20260917,B 红0.5秒后全黑,1.80,1,0,0,1346,1,1360,1360,2800,0.1549
20260917,B 红0.5秒后全黑,1.82,1,0,0,1346,1,1360,1360,2801,0.1546
20260917,B 红0.5秒后全黑,1.84,1,0,0,1346,1,1360,1360,2802,0.1547
20260917,B 红0.5秒后全黑,1.86,1,0,0,1346,1,1360,1360,2803,0.1548
20260917,B 红0.5秒后全黑,1.88,1,0,0,1346,1,1360,1360,2804,0.1548
20260917,B 红0.5秒后全黑,1.90,1,0,0,1346,1,1360,1360,2805,0.1548
20260917,B 红0.5秒后全黑,1.92,1,0,0,1346,1,1360,1360,2806,0.1547
20260917,B 红0.5秒后全黑,1.94,1,0,0,1346,1,1360,1360,2807,0.1545
20260917,B 红0.5秒后全黑,1.96,1,0,0,1346,1,1360,1360,2808,0.1544
20260917,B 红0.5秒后全黑,1.98,1,0,0,1346,1,1360,1360,2809,0.1541
20260917,B 红0.5秒后全黑,2.00,1,0,0,1346,1,1360,1360,2810,0.1539
20260917,B 红0.5秒后全黑,2.02,1,0,0,1346,1,1360,1360,2811,0.1540
20260917,B 红0.5秒后全黑,2.04,1,0,0,1346,1,1360,1360,2812,0.1542
20260917,B 红0.5秒后全黑,2.06,1,0,0,1346,1,1360,1360,2813,0.1544
20260917,B 红0.5秒后全黑,2.08,1,0,0,1346,1,1360,1360,2814,0.1546
20260917,B 红0.5秒后全黑,2.10,1,0,0,1346,1,1360,1360,2815,0.1549
20260917,B 红0.5秒后全黑,2.12,1,0,0,1346,1,1360,1360,2816,0.1549
20260917,B 红0.5秒后全黑,2.14,1,0,0,1346,1,1360,1360,2817,0.1552
20260917,B 红0.5秒后全黑,2.16,1,0,0,1346,1,1360,1360,2818,0.1552
20260917,B 红0.5秒后全黑,2.18,1,0,0,1346,1,1360,1360,2819,0.1552
20260917,B 红0.5秒后全黑,2.20,1,0,0,1346,1,1360,1360,2820,0.1552
20260917,B 红0.5秒后全黑,2.22,1,0,0,1346,1,1360,1360,2821,0.1548
20260917,B 红0.5秒后全黑,2.24,1,0,0,1346,1,1360,1360,2822,0.1548
20260917,B 红0.5秒后全黑,2.26,1,0,0,1346,1,1360,1360,2823,0.1548
20260917,B 红0.5秒后全黑,2.28,1,0,0,1346,1,1360,1360,2824,0.1547
20260917,B 红0.5秒后全黑,2.30,1,0,0,1346,1,1360,1360,2825,0.1549
20260917,B 红0.5秒后全黑,2.32,1,0,0,1346,1,1360,1360,2826,0.1551
20260917,B 红0.5秒后全黑,2.34,1,0,0,1346,1,1360,1360,2827,0.1552
20260917,B 红0.5秒后全黑,2.36,1,0,0,1346,1,1360,1360,2828,0.1553
20260917,B 红0.5秒后全黑,2.38,1,0,0,1346,1,1360,1360,2829,0.1554
20260917,B 红0.5秒后全黑,2.40,1,0,0,1346,1,1360,1360,2830,0.1553
20260917,B 红0.5秒后全黑,2.42,1,0,0,1346,1,1360,1360,2831,0.1553
20260917,B 红0.5秒后全黑,2.44,1,0,0,1346,1,1360,1360,2832,0.1552
20260917,B 红0.5秒后全黑,2.46,1,0,0,1346,1,1360,1360,2833,0.1552
20260917,B 红0.5秒后全黑,2.48,1,0,0,1346,1,1360,1360,2834,0.1551
20260917,B 红0.5秒后全黑,2.50,1,0,0,1346,1,1360,1360,2835,0.1549
20260917,B 红0.5秒后全黑,2.52,1,0,0,1346,1,1360,1360,2836,0.1546
20260917,B 红0.5秒后全黑,2.54,1,0,0,1346,1,1360,1360,2837,0.1544
20260917,B 红0.5秒后全黑,2.56,1,0,0,1346,1,1360,1360,2838,0.1545
20260917,B 红0.5秒后全黑,2.58,1,0,0,1346,1,1360,1360,2839,0.1549
20260917,B 红0.5秒后全黑,2.60,1,0,0,1346,1,1360,1360,2840,0.1552
20260917,B 红0.5秒后全黑,2.62,1,0,0,1346,1,1360,1360,2841,0.1548
20260917,B 红0.5秒后全黑,2.64,1,0,0,1346,1,1360,1360,2842,0.1550
20260917,B 红0.5秒后全黑,2.66,1,0,0,1346,1,1360,1360,2843,0.1555
20260917,B 红0.5秒后全黑,2.68,1,0,0,1346,1,1360,1360,2844,0.1552
20260917,B 红0.5秒后全黑,2.70,1,0,0,1346,1,1360,1360,2845,0.1554
20260917,B 红0.5秒后全黑,2.72,1,0,0,1346,1,1360,1360,2846,0.1554
20260917,B 红0.5秒后全黑,2.74,1,0,0,1346,1,1360,1360,2847,0.1552
20260917,B 红0.5秒后全黑,2.76,1,0,0,1346,1,1360,1360,2848,0.1554
20260917,B 红0.5秒后全黑,2.78,1,0,0,1346,1,1360,1360,2849,0.1549
20260917,B 红0.5秒后全黑,2.80,1,0,0,1346,1,1360,1360,2850,0.1550
20260917,B 红0.5秒后全黑,2.82,1,0,0,1346,1,1360,1360,2851,0.1550
20260917,B 红0.5秒后全黑,2.84,1,0,0,1346,1,1360,1360,2852,0.1549
20260917,B 红0.5秒后全黑,2.86,1,0,0,1346,1,1360,1360,2853,0.1551
20260917,B 红0.5秒后全黑,2.88,1,0,0,1346,1,1360,1360,2854,0.1547
20260917,B 红0.5秒后全黑,2.90,1,0,0,1346,1,1360,1360,2856,0.1544
20260917,B 红0.5秒后全黑,2.92,1,0,0,1346,1,1360,1360,2856,0.1543
20260917,B 红0.5秒后全黑,2.94,1,0,0,1346,1,1360,1360,2857,0.1542
20260917,B 红0.5秒后全黑,2.96,1,0,0,1346,1,1360,1360,2858,0.1540
20260917,B 红0.5秒后全黑,2.98,1,0,0,1346,1,1360,1360,2859,0.1538
20260917,C 同B+1.0秒打断运动记忆,0.00,0,1,1346,1346,1,1357,1360,1357,0.2607
20260917,C 同B+1.0秒打断运动记忆,0.02,1,1,1346,1346,1,1358,1360,1582,0.2565
20260917,C 同B+1.0秒打断运动记忆,0.04,1,1,1346,1346,1,1360,1360,1799,0.2525
20260917,C 同B+1.0秒打断运动记忆,0.06,1,1,1346,1346,1,1360,1360,1978,0.2594
20260917,C 同B+1.0秒打断运动记忆,0.08,1,1,1346,1346,1,1360,1360,2135,0.2739
20260917,C 同B+1.0秒打断运动记忆,0.10,1,1,1346,1346,1,1360,1360,2267,0.2900
20260917,C 同B+1.0秒打断运动记忆,0.12,1,1,1346,1346,1,1360,1360,2377,0.3055
20260917,C 同B+1.0秒打断运动记忆,0.14,1,1,1346,1346,1,1360,1360,2459,0.3217
20260917,C 同B+1.0秒打断运动记忆,0.16,1,1,1346,1346,1,1360,1360,2521,0.3386
20260917,C 同B+1.0秒打断运动记忆,0.18,1,1,1346,1346,1,1360,1360,2572,0.3555
20260917,C 同B+1.0秒打断运动记忆,0.20,1,1,1346,1346,1,1360,1360,2607,0.3717
20260917,C 同B+1.0秒打断运动记忆,0.22,1,1,1346,1346,1,1360,1360,2633,0.3865
20260917,C 同B+1.0秒打断运动记忆,0.24,1,1,1346,1346,1,1360,1360,2657,0.3999
20260917,C 同B+1.0秒打断运动记忆,0.26,1,1,1346,1346,1,1360,1360,2676,0.4120
20260917,C 同B+1.0秒打断运动记忆,0.28,1,1,1346,1346,1,1360,1360,2690,0.4234
20260917,C 同B+1.0秒打断运动记忆,0.30,1,1,1346,1346,1,1360,1360,2702,0.4327
20260917,C 同B+1.0秒打断运动记忆,0.32,1,1,1346,1346,1,1360,1360,2713,0.4385
20260917,C 同B+1.0秒打断运动记忆,0.34,1,1,1346,1346,1,1360,1360,2720,0.4407
20260917,C 同B+1.0秒打断运动记忆,0.36,1,1,1346,1346,1,1360,1360,2725,0.4399
20260917,C 同B+1.0秒打断运动记忆,0.38,1,1,1346,1346,1,1360,1360,2727,0.4368
20260917,C 同B+1.0秒打断运动记忆,0.40,1,1,1346,1346,1,1360,1360,2729,0.4315
20260917,C 同B+1.0秒打断运动记忆,0.42,1,1,1346,1346,1,1360,1360,2731,0.4244
20260917,C 同B+1.0秒打断运动记忆,0.44,1,1,1346,1346,1,1360,1360,2734,0.4162
20260917,C 同B+1.0秒打断运动记忆,0.46,1,1,1346,1346,1,1360,1360,2736,0.4066
20260917,C 同B+1.0秒打断运动记忆,0.48,1,1,1346,1346,1,1360,1360,2736,0.3955
20260917,C 同B+1.0秒打断运动记忆,0.50,1,0,0,1346,1,1360,1360,2738,0.3829
20260917,C 同B+1.0秒打断运动记忆,0.52,1,0,0,1346,1,1360,1360,2737,0.3700
20260917,C 同B+1.0秒打断运动记忆,0.54,1,0,0,1346,1,1360,1360,2737,0.3655
20260917,C 同B+1.0秒打断运动记忆,0.56,1,0,0,1346,1,1360,1360,2738,0.3656
20260917,C 同B+1.0秒打断运动记忆,0.58,1,0,0,1346,1,1360,1360,2739,0.3646
20260917,C 同B+1.0秒打断运动记忆,0.60,1,0,0,1346,1,1360,1360,2740,0.3611
20260917,C 同B+1.0秒打断运动记忆,0.62,1,0,0,1346,1,1360,1360,2741,0.3564
20260917,C 同B+1.0秒打断运动记忆,0.64,1,0,0,1346,1,1360,1360,2742,0.3525
20260917,C 同B+1.0秒打断运动记忆,0.66,1,0,0,1346,1,1360,1360,2743,0.3493
20260917,C 同B+1.0秒打断运动记忆,0.68,1,0,0,1346,1,1360,1360,2744,0.3451
20260917,C 同B+1.0秒打断运动记忆,0.70,1,0,0,1346,1,1360,1360,2745,0.3401
20260917,C 同B+1.0秒打断运动记忆,0.72,1,0,0,1346,1,1360,1360,2746,0.3356
20260917,C 同B+1.0秒打断运动记忆,0.74,1,0,0,1346,1,1360,1360,2747,0.3310
20260917,C 同B+1.0秒打断运动记忆,0.76,1,0,0,1346,1,1360,1360,2748,0.3248
20260917,C 同B+1.0秒打断运动记忆,0.78,1,0,0,1346,1,1360,1360,2749,0.3165
20260917,C 同B+1.0秒打断运动记忆,0.80,1,0,0,1346,1,1360,1360,2750,0.3074
20260917,C 同B+1.0秒打断运动记忆,0.82,1,0,0,1346,1,1360,1360,2751,0.2992
20260917,C 同B+1.0秒打断运动记忆,0.84,1,0,0,1346,1,1360,1360,2752,0.2914
20260917,C 同B+1.0秒打断运动记忆,0.86,1,0,0,1346,1,1360,1360,2753,0.2826
20260917,C 同B+1.0秒打断运动记忆,0.88,1,0,0,1346,1,1360,1360,2754,0.2718
20260917,C 同B+1.0秒打断运动记忆,0.90,1,0,0,1346,1,1360,1360,2755,0.2716
20260917,C 同B+1.0秒打断运动记忆,0.92,1,0,0,1346,1,1360,1360,2756,0.2793
20260917,C 同B+1.0秒打断运动记忆,0.94,1,0,0,1346,1,1360,1360,2757,0.2857
20260917,C 同B+1.0秒打断运动记忆,0.96,1,0,0,1346,1,1360,1360,2758,0.2898
20260917,C 同B+1.0秒打断运动记忆,0.98,1,0,0,1346,1,1360,1360,2759,0.2917
20260917,C 同B+1.0秒打断运动记忆,1.00,1,0,0,1346,1,1360,1360,2760,0.2920
20260917,C 同B+1.0秒打断运动记忆,1.02,0,0,0,1346,1,1360,1360,2761,0.2918
20260917,C 同B+1.0秒打断运动记忆,1.04,0,0,0,1346,1,1360,1360,2761,0.2913
20260917,C 同B+1.0秒打断运动记忆,1.06,0,0,0,1346,1,1360,1360,2762,0.2900
20260917,C 同B+1.0秒打断运动记忆,1.08,0,0,0,1346,1,1360,1360,2763,0.2878
20260917,C 同B+1.0秒打断运动记忆,1.10,0,0,0,1346,1,1360,1360,2764,0.2846
20260917,C 同B+1.0秒打断运动记忆,1.12,0,0,0,1346,1,1360,1360,2765,0.2805
20260917,C 同B+1.0秒打断运动记忆,1.14,0,0,0,1346,1,1360,1360,2766,0.2753
20260917,C 同B+1.0秒打断运动记忆,1.16,0,0,0,1346,1,1360,1360,2767,0.2711
20260917,C 同B+1.0秒打断运动记忆,1.18,0,0,0,1346,1,1360,1360,2768,0.2692
20260917,C 同B+1.0秒打断运动记忆,1.20,0,0,0,1346,1,1360,1360,2769,0.2687
20260917,C 同B+1.0秒打断运动记忆,1.22,0,0,0,1346,1,1360,1360,2770,0.2655
20260917,C 同B+1.0秒打断运动记忆,1.24,0,0,0,1346,1,1360,1360,2771,0.2587
20260917,C 同B+1.0秒打断运动记忆,1.26,0,0,0,1346,1,1360,1360,2772,0.2497
20260917,C 同B+1.0秒打断运动记忆,1.28,0,0,0,1346,1,1360,1360,2773,0.2389
20260917,C 同B+1.0秒打断运动记忆,1.30,0,0,0,1346,1,1360,1360,2774,0.2255
20260917,C 同B+1.0秒打断运动记忆,1.32,0,0,0,1346,1,1360,1360,2775,0.2095
20260917,C 同B+1.0秒打断运动记忆,1.34,0,0,0,1346,1,1360,1360,2776,0.1934
20260917,C 同B+1.0秒打断运动记忆,1.36,0,0,0,1346,1,1360,1360,2777,0.1775
20260917,C 同B+1.0秒打断运动记忆,1.38,0,0,0,1346,1,1360,1360,2778,0.1590
20260917,C 同B+1.0秒打断运动记忆,1.40,0,0,0,1346,1,1360,1360,2779,0.1382
20260917,C 同B+1.0秒打断运动记忆,1.42,0,0,0,1346,1,1360,1360,2781,0.1150
20260917,C 同B+1.0秒打断运动记忆,1.44,0,0,0,1346,1,1360,1360,2782,0.0960
20260917,C 同B+1.0秒打断运动记忆,1.46,0,0,0,1346,1,1360,1360,2783,0.0814
20260917,C 同B+1.0秒打断运动记忆,1.48,0,0,0,1346,1,1360,1360,2784,0.0771
20260917,C 同B+1.0秒打断运动记忆,1.50,0,0,0,1346,1,1360,1360,2784,0.0802
20260917,C 同B+1.0秒打断运动记忆,1.52,0,0,0,1346,1,1360,1360,2786,0.0823
20260917,C 同B+1.0秒打断运动记忆,1.54,0,0,0,1346,1,1360,1360,2787,0.0884
20260917,C 同B+1.0秒打断运动记忆,1.56,0,0,0,1346,1,1360,1360,2788,0.0947
20260917,C 同B+1.0秒打断运动记忆,1.58,0,0,0,1346,1,1360,1360,2788,0.0984
20260917,C 同B+1.0秒打断运动记忆,1.60,0,0,0,1346,1,1360,1360,2789,0.0992
20260917,C 同B+1.0秒打断运动记忆,1.62,0,0,0,1346,1,1360,1360,2790,0.0973
20260917,C 同B+1.0秒打断运动记忆,1.64,0,0,0,1346,1,1360,1360,2791,0.0926
20260917,C 同B+1.0秒打断运动记忆,1.66,0,0,0,1346,1,1360,1360,2792,0.0855
20260917,C 同B+1.0秒打断运动记忆,1.68,0,0,0,1346,1,1360,1360,2793,0.0784
20260917,C 同B+1.0秒打断运动记忆,1.70,0,0,0,1346,1,1360,1360,2794,0.0694
20260917,C 同B+1.0秒打断运动记忆,1.72,0,0,0,1346,1,1360,1360,2795,0.0593
20260917,C 同B+1.0秒打断运动记忆,1.74,0,0,0,1346,1,1360,1360,2796,0.0559
20260917,C 同B+1.0秒打断运动记忆,1.76,0,0,0,1346,1,1360,1360,2797,0.0593
20260917,C 同B+1.0秒打断运动记忆,1.78,0,0,0,1346,1,1360,1360,2798,0.0629
20260917,C 同B+1.0秒打断运动记忆,1.80,0,0,0,1346,1,1360,1360,2799,0.0643
20260917,C 同B+1.0秒打断运动记忆,1.82,0,0,0,1346,1,1360,1360,2800,0.0635
20260917,C 同B+1.0秒打断运动记忆,1.84,0,0,0,1346,1,1360,1360,2801,0.0609
20260917,C 同B+1.0秒打断运动记忆,1.86,0,0,0,1346,1,1360,1360,2802,0.0595
20260917,C 同B+1.0秒打断运动记忆,1.88,0,0,0,1346,1,1360,1360,2803,0.0576
20260917,C 同B+1.0秒打断运动记忆,1.90,0,0,0,1346,1,1360,1360,2804,0.0581
20260917,C 同B+1.0秒打断运动记忆,1.92,0,0,0,1346,1,1360,1360,2805,0.0596
20260917,C 同B+1.0秒打断运动记忆,1.94,0,0,0,1346,1,1360,1360,2806,0.0608
20260917,C 同B+1.0秒打断运动记忆,1.96,0,0,0,1346,1,1360,1360,2807,0.0613
20260917,C 同B+1.0秒打断运动记忆,1.98,0,0,0,1346,1,1360,1360,2808,0.0613
20260917,C 同B+1.0秒打断运动记忆,2.00,0,0,0,1346,1,1360,1360,2809,0.0608
20260917,C 同B+1.0秒打断运动记忆,2.02,0,0,0,1346,1,1360,1360,2810,0.0599
20260917,C 同B+1.0秒打断运动记忆,2.04,0,0,0,1346,1,1360,1360,2811,0.0584
20260917,C 同B+1.0秒打断运动记忆,2.06,0,0,0,1346,1,1360,1360,2812,0.0577
20260917,C 同B+1.0秒打断运动记忆,2.08,0,0,0,1346,1,1360,1360,2813,0.0586
20260917,C 同B+1.0秒打断运动记忆,2.10,0,0,0,1346,1,1360,1360,2814,0.0591
20260917,C 同B+1.0秒打断运动记忆,2.12,0,0,0,1346,1,1360,1360,2815,0.0591
20260917,C 同B+1.0秒打断运动记忆,2.14,0,0,0,1346,1,1360,1360,2816,0.0585
20260917,C 同B+1.0秒打断运动记忆,2.16,0,0,0,1346,1,1360,1360,2817,0.0576
20260917,C 同B+1.0秒打断运动记忆,2.18,0,0,0,1346,1,1360,1360,2818,0.0578
20260917,C 同B+1.0秒打断运动记忆,2.20,0,0,0,1346,1,1360,1360,2819,0.0580
20260917,C 同B+1.0秒打断运动记忆,2.22,0,0,0,1346,1,1360,1360,2820,0.0577
20260917,C 同B+1.0秒打断运动记忆,2.24,0,0,0,1346,1,1360,1360,2821,0.0577
20260917,C 同B+1.0秒打断运动记忆,2.26,0,0,0,1346,1,1360,1360,2822,0.0578
20260917,C 同B+1.0秒打断运动记忆,2.28,0,0,0,1346,1,1360,1360,2823,0.0578
20260917,C 同B+1.0秒打断运动记忆,2.30,0,0,0,1346,1,1360,1360,2824,0.0579
20260917,C 同B+1.0秒打断运动记忆,2.32,0,0,0,1346,1,1360,1360,2825,0.0579
20260917,C 同B+1.0秒打断运动记忆,2.34,0,0,0,1346,1,1360,1360,2826,0.0579
20260917,C 同B+1.0秒打断运动记忆,2.36,0,0,0,1346,1,1360,1360,2827,0.0579
20260917,C 同B+1.0秒打断运动记忆,2.38,0,0,0,1346,1,1360,1360,2828,0.0579
20260917,C 同B+1.0秒打断运动记忆,2.40,0,0,0,1346,1,1360,1360,2829,0.0579
20260917,C 同B+1.0秒打断运动记忆,2.42,0,0,0,1346,1,1360,1360,2830,0.0579
20260917,C 同B+1.0秒打断运动记忆,2.44,0,0,0,1346,1,1360,1360,2831,0.0579
20260917,C 同B+1.0秒打断运动记忆,2.46,0,0,0,1346,1,1360,1360,2832,0.0579
20260917,C 同B+1.0秒打断运动记忆,2.48,0,0,0,1346,1,1360,1360,2833,0.0579
20260917,C 同B+1.0秒打断运动记忆,2.50,0,0,0,1346,1,1360,1360,2834,0.0579
20260917,C 同B+1.0秒打断运动记忆,2.52,0,0,0,1346,1,1360,1360,2835,0.0579
20260917,C 同B+1.0秒打断运动记忆,2.54,0,0,0,1346,1,1360,1360,2836,0.0579
20260917,C 同B+1.0秒打断运动记忆,2.56,0,0,0,1346,1,1360,1360,2837,0.0594
20260917,C 同B+1.0秒打断运动记忆,2.58,0,0,0,1346,1,1360,1360,2839,0.0599
20260917,C 同B+1.0秒打断运动记忆,2.60,0,0,0,1346,1,1360,1360,2840,0.0579
20260917,C 同B+1.0秒打断运动记忆,2.62,0,0,0,1346,1,1360,1360,2841,0.0567
20260917,C 同B+1.0秒打断运动记忆,2.64,0,0,0,1346,1,1360,1360,2842,0.0571
20260917,C 同B+1.0秒打断运动记忆,2.66,0,0,0,1346,1,1360,1360,2843,0.0575
20260917,C 同B+1.0秒打断运动记忆,2.68,0,0,0,1346,1,1360,1360,2844,0.0577
20260917,C 同B+1.0秒打断运动记忆,2.70,0,0,0,1346,1,1360,1360,2845,0.0578
20260917,C 同B+1.0秒打断运动记忆,2.72,0,0,0,1346,1,1360,1360,2846,0.0579
20260917,C 同B+1.0秒打断运动记忆,2.74,0,0,0,1346,1,1360,1360,2847,0.0579
20260917,C 同B+1.0秒打断运动记忆,2.76,0,0,0,1346,1,1360,1360,2847,0.0579
20260917,C 同B+1.0秒打断运动记忆,2.78,0,0,0,1346,1,1360,1360,2848,0.0579
20260917,C 同B+1.0秒打断运动记忆,2.80,0,0,0,1346,1,1360,1360,2849,0.0579
20260917,C 同B+1.0秒打断运动记忆,2.82,0,0,0,1346,1,1360,1360,2850,0.0579
20260917,C 同B+1.0秒打断运动记忆,2.84,0,0,0,1346,1,1360,1360,2851,0.0579
20260917,C 同B+1.0秒打断运动记忆,2.86,0,0,0,1346,1,1360,1360,2852,0.0579
20260917,C 同B+1.0秒打断运动记忆,2.88,0,0,0,1346,1,1360,1360,2853,0.0579
20260917,C 同B+1.0秒打断运动记忆,2.90,0,0,0,1346,1,1360,1360,2854,0.0579
20260917,C 同B+1.0秒打断运动记忆,2.92,0,0,0,1346,1,1360,1360,2855,0.0579
20260917,C 同B+1.0秒打断运动记忆,2.94,0,0,0,1346,1,1360,1360,2856,0.0579
20260917,C 同B+1.0秒打断运动记忆,2.96,0,0,0,1346,1,1360,1360,2857,0.0579
20260917,C 同B+1.0秒打断运动记忆,2.98,0,0,0,1346,1,1360,1360,2858,0.0579
20260917,D 一直黑+1.0秒同样打断,0.00,0,0,0,1346,0,0,1360,0,0.2607
20260917,D 一直黑+1.0秒同样打断,0.02,0,0,0,1346,0,0,1360,0,0.2561
20260917,D 一直黑+1.0秒同样打断,0.04,0,0,0,1346,0,0,1360,0,0.2478
20260917,D 一直黑+1.0秒同样打断,0.06,0,0,0,1346,1,2,1360,2,0.2346
20260917,D 一直黑+1.0秒同样打断,0.08,0,0,0,1346,1,3,1360,5,0.2185
20260917,D 一直黑+1.0秒同样打断,0.10,0,0,0,1346,1,7,1360,11,0.2024
20260917,D 一直黑+1.0秒同样打断,0.12,0,0,0,1346,1,9,1360,15,0.1956
20260917,D 一直黑+1.0秒同样打断,0.14,0,0,0,1346,1,11,1360,19,0.1992
20260917,D 一直黑+1.0秒同样打断,0.16,0,0,0,1346,1,12,1360,21,0.2125
20260917,D 一直黑+1.0秒同样打断,0.18,0,0,0,1346,1,13,1360,25,0.2252
20260917,D 一直黑+1.0秒同样打断,0.20,0,0,0,1346,1,14,1360,27,0.2363
20260917,D 一直黑+1.0秒同样打断,0.22,0,0,0,1346,1,15,1360,29,0.2423
20260917,D 一直黑+1.0秒同样打断,0.24,0,0,0,1346,1,16,1360,31,0.2435
20260917,D 一直黑+1.0秒同样打断,0.26,0,0,0,1346,1,17,1360,33,0.2407
20260917,D 一直黑+1.0秒同样打断,0.28,0,0,0,1346,1,18,1360,35,0.2342
20260917,D 一直黑+1.0秒同样打断,0.30,0,0,0,1346,1,19,1360,37,0.2240
20260917,D 一直黑+1.0秒同样打断,0.32,0,0,0,1346,1,20,1360,39,0.2141
20260917,D 一直黑+1.0秒同样打断,0.34,0,0,0,1346,1,21,1360,41,0.2118
20260917,D 一直黑+1.0秒同样打断,0.36,0,0,0,1346,1,22,1360,43,0.2119
20260917,D 一直黑+1.0秒同样打断,0.38,0,0,0,1346,1,23,1360,45,0.2102
20260917,D 一直黑+1.0秒同样打断,0.40,0,0,0,1346,1,24,1360,47,0.2065
20260917,D 一直黑+1.0秒同样打断,0.42,0,0,0,1346,1,25,1360,49,0.2004
20260917,D 一直黑+1.0秒同样打断,0.44,0,0,0,1346,1,26,1360,51,0.1942
20260917,D 一直黑+1.0秒同样打断,0.46,0,0,0,1346,1,27,1360,53,0.1890
20260917,D 一直黑+1.0秒同样打断,0.48,0,0,0,1346,1,28,1360,55,0.1858
20260917,D 一直黑+1.0秒同样打断,0.50,0,0,0,1346,1,29,1360,57,0.1822
20260917,D 一直黑+1.0秒同样打断,0.52,0,0,0,1346,1,30,1360,59,0.1769
20260917,D 一直黑+1.0秒同样打断,0.54,0,0,0,1346,1,31,1360,62,0.1694
20260917,D 一直黑+1.0秒同样打断,0.56,0,0,0,1346,1,33,1360,65,0.1595
20260917,D 一直黑+1.0秒同样打断,0.58,0,0,0,1346,1,35,1360,68,0.1468
20260917,D 一直黑+1.0秒同样打断,0.60,0,0,0,1346,1,37,1360,71,0.1360
20260917,D 一直黑+1.0秒同样打断,0.62,0,0,0,1346,1,38,1360,73,0.1389
20260917,D 一直黑+1.0秒同样打断,0.64,0,0,0,1346,1,39,1360,76,0.1496
20260917,D 一直黑+1.0秒同样打断,0.66,0,0,0,1346,1,40,1360,78,0.1586
20260917,D 一直黑+1.0秒同样打断,0.68,0,0,0,1346,1,41,1360,79,0.1637
20260917,D 一直黑+1.0秒同样打断,0.70,0,0,0,1346,1,42,1360,81,0.1647
20260917,D 一直黑+1.0秒同样打断,0.72,0,0,0,1346,1,43,1360,83,0.1618
20260917,D 一直黑+1.0秒同样打断,0.74,0,0,0,1346,1,44,1360,85,0.1552
20260917,D 一直黑+1.0秒同样打断,0.76,0,0,0,1346,1,45,1360,87,0.1535
20260917,D 一直黑+1.0秒同样打断,0.78,0,0,0,1346,1,47,1360,90,0.1547
20260917,D 一直黑+1.0秒同样打断,0.80,0,0,0,1346,1,49,1360,94,0.1550
20260917,D 一直黑+1.0秒同样打断,0.82,0,0,0,1346,1,51,1360,99,0.1548
20260917,D 一直黑+1.0秒同样打断,0.84,0,0,0,1346,1,53,1360,103,0.1547
20260917,D 一直黑+1.0秒同样打断,0.86,0,0,0,1346,1,55,1360,107,0.1545
20260917,D 一直黑+1.0秒同样打断,0.88,0,0,0,1346,1,56,1360,111,0.1540
20260917,D 一直黑+1.0秒同样打断,0.90,0,0,0,1346,1,58,1360,116,0.1533
20260917,D 一直黑+1.0秒同样打断,0.92,0,0,0,1346,1,59,1360,120,0.1523
20260917,D 一直黑+1.0秒同样打断,0.94,0,0,0,1346,1,60,1360,123,0.1510
20260917,D 一直黑+1.0秒同样打断,0.96,0,0,0,1346,1,61,1360,126,0.1493
20260917,D 一直黑+1.0秒同样打断,0.98,0,0,0,1346,1,62,1360,129,0.1472
20260917,D 一直黑+1.0秒同样打断,1.00,0,0,0,1346,1,63,1360,132,0.1446
20260917,D 一直黑+1.0秒同样打断,1.02,0,0,0,1346,1,64,1360,135,0.1402
20260917,D 一直黑+1.0秒同样打断,1.04,0,0,0,1346,1,66,1360,138,0.1372
20260917,D 一直黑+1.0秒同样打断,1.06,0,0,0,1346,1,68,1360,142,0.1328
20260917,D 一直黑+1.0秒同样打断,1.08,0,0,0,1346,1,70,1360,144,0.1256
20260917,D 一直黑+1.0秒同样打断,1.10,0,0,0,1346,1,72,1360,147,0.1159
20260917,D 一直黑+1.0秒同样打断,1.12,0,0,0,1346,1,74,1360,150,0.1031
20260917,D 一直黑+1.0秒同样打断,1.14,0,0,0,1346,1,75,1360,152,0.0871
20260917,D 一直黑+1.0秒同样打断,1.16,0,0,0,1346,1,76,1360,154,0.0676
20260917,D 一直黑+1.0秒同样打断,1.18,0,0,0,1346,1,77,1360,156,0.0532
20260917,D 一直黑+1.0秒同样打断,1.20,0,0,0,1346,1,78,1360,159,0.0556
20260917,D 一直黑+1.0秒同样打断,1.22,0,0,0,1346,1,80,1360,162,0.0601
20260917,D 一直黑+1.0秒同样打断,1.24,0,0,0,1346,1,82,1360,165,0.0623
20260917,D 一直黑+1.0秒同样打断,1.26,0,0,0,1346,1,84,1360,169,0.0621
20260917,D 一直黑+1.0秒同样打断,1.28,0,0,0,1346,1,86,1360,172,0.0613
20260917,D 一直黑+1.0秒同样打断,1.30,0,0,0,1346,1,87,1360,174,0.0601
20260917,D 一直黑+1.0秒同样打断,1.32,0,0,0,1346,1,88,1360,176,0.0582
20260917,D 一直黑+1.0秒同样打断,1.34,0,0,0,1346,1,90,1360,179,0.0579
20260917,D 一直黑+1.0秒同样打断,1.36,0,0,0,1346,1,92,1360,182,0.0591
20260917,D 一直黑+1.0秒同样打断,1.38,0,0,0,1346,1,94,1360,185,0.0600
20260917,D 一直黑+1.0秒同样打断,1.40,0,0,0,1346,1,96,1360,188,0.0603
20260917,D 一直黑+1.0秒同样打断,1.42,0,0,0,1346,1,98,1360,191,0.0600
20260917,D 一直黑+1.0秒同样打断,1.44,0,0,0,1346,1,100,1360,194,0.0590
20260917,D 一直黑+1.0秒同样打断,1.46,0,0,0,1346,1,102,1360,197,0.0576
20260917,D 一直黑+1.0秒同样打断,1.48,0,0,0,1346,1,104,1360,200,0.0580
20260917,D 一直黑+1.0秒同样打断,1.50,0,0,0,1346,1,106,1360,204,0.0586
20260917,D 一直黑+1.0秒同样打断,1.52,0,0,0,1346,1,108,1360,208,0.0586
20260917,D 一直黑+1.0秒同样打断,1.54,0,0,0,1346,1,110,1360,213,0.0579
20260917,D 一直黑+1.0秒同样打断,1.56,0,0,0,1346,1,112,1360,218,0.0576
20260917,D 一直黑+1.0秒同样打断,1.58,0,0,0,1346,1,115,1360,225,0.0578
20260917,D 一直黑+1.0秒同样打断,1.60,0,0,0,1346,1,118,1360,233,0.0577
20260917,D 一直黑+1.0秒同样打断,1.62,0,0,0,1346,1,121,1360,240,0.0577
20260917,D 一直黑+1.0秒同样打断,1.64,0,0,0,1346,1,122,1360,245,0.0578
20260917,D 一直黑+1.0秒同样打断,1.66,0,0,0,1346,1,123,1360,251,0.0578
20260917,D 一直黑+1.0秒同样打断,1.68,0,0,0,1346,1,124,1360,257,0.0579
20260917,D 一直黑+1.0秒同样打断,1.70,0,0,0,1346,1,125,1360,262,0.0579
20260917,D 一直黑+1.0秒同样打断,1.72,0,0,0,1346,1,126,1360,267,0.0579
20260917,D 一直黑+1.0秒同样打断,1.74,0,0,0,1346,1,127,1360,272,0.0579
20260917,D 一直黑+1.0秒同样打断,1.76,0,0,0,1346,1,129,1360,276,0.0579
20260917,D 一直黑+1.0秒同样打断,1.78,0,0,0,1346,1,131,1360,281,0.0579
20260917,D 一直黑+1.0秒同样打断,1.80,0,0,0,1346,1,133,1360,286,0.0579
20260917,D 一直黑+1.0秒同样打断,1.82,0,0,0,1346,1,134,1360,291,0.0579
20260917,D 一直黑+1.0秒同样打断,1.84,0,0,0,1346,1,135,1360,296,0.0579
20260917,D 一直黑+1.0秒同样打断,1.86,0,0,0,1346,1,136,1360,300,0.0579
20260917,D 一直黑+1.0秒同样打断,1.88,0,0,0,1346,1,137,1360,305,0.0579
20260917,D 一直黑+1.0秒同样打断,1.90,0,0,0,1346,1,139,1360,310,0.0579
20260917,D 一直黑+1.0秒同样打断,1.92,0,0,0,1346,1,141,1360,315,0.0579
20260917,D 一直黑+1.0秒同样打断,1.94,0,0,0,1346,1,143,1360,321,0.0579
20260917,D 一直黑+1.0秒同样打断,1.96,0,0,0,1346,1,145,1360,327,0.0579
20260917,D 一直黑+1.0秒同样打断,1.98,0,0,0,1346,1,147,1360,333,0.0579
20260917,D 一直黑+1.0秒同样打断,2.00,0,0,0,1346,1,149,1360,339,0.0579
20260917,D 一直黑+1.0秒同样打断,2.02,0,0,0,1346,1,151,1360,345,0.0579
20260917,D 一直黑+1.0秒同样打断,2.04,0,0,0,1346,1,152,1360,350,0.0579
20260917,D 一直黑+1.0秒同样打断,2.06,0,0,0,1346,1,153,1360,354,0.0579
20260917,D 一直黑+1.0秒同样打断,2.08,0,0,0,1346,1,154,1360,358,0.0579
20260917,D 一直黑+1.0秒同样打断,2.10,0,0,0,1346,1,156,1360,363,0.0579
20260917,D 一直黑+1.0秒同样打断,2.12,0,0,0,1346,1,159,1360,369,0.0579
20260917,D 一直黑+1.0秒同样打断,2.14,0,0,0,1346,1,160,1360,374,0.0579
20260917,D 一直黑+1.0秒同样打断,2.16,0,0,0,1346,1,161,1360,380,0.0579
20260917,D 一直黑+1.0秒同样打断,2.18,0,0,0,1346,1,162,1360,384,0.0579
20260917,D 一直黑+1.0秒同样打断,2.20,0,0,0,1346,1,164,1360,389,0.0579
20260917,D 一直黑+1.0秒同样打断,2.22,0,0,0,1346,1,166,1360,394,0.0579
20260917,D 一直黑+1.0秒同样打断,2.24,0,0,0,1346,1,168,1360,400,0.0579
20260917,D 一直黑+1.0秒同样打断,2.26,0,0,0,1346,1,170,1360,405,0.0594
20260917,D 一直黑+1.0秒同样打断,2.28,0,0,0,1346,1,173,1360,412,0.0599
20260917,D 一直黑+1.0秒同样打断,2.30,0,0,0,1346,1,176,1360,419,0.0579
20260917,D 一直黑+1.0秒同样打断,2.32,0,0,0,1346,1,179,1360,426,0.0567
20260917,D 一直黑+1.0秒同样打断,2.34,0,0,0,1346,1,181,1360,431,0.0571
20260917,D 一直黑+1.0秒同样打断,2.36,0,0,0,1346,1,183,1360,436,0.0575
20260917,D 一直黑+1.0秒同样打断,2.38,0,0,0,1346,1,185,1360,439,0.0577
20260917,D 一直黑+1.0秒同样打断,2.40,0,0,0,1346,1,187,1360,442,0.0578
20260917,D 一直黑+1.0秒同样打断,2.42,0,0,0,1346,1,189,1360,445,0.0579
20260917,D 一直黑+1.0秒同样打断,2.44,0,0,0,1346,1,191,1360,449,0.0579
20260917,D 一直黑+1.0秒同样打断,2.46,0,0,0,1346,1,192,1360,453,0.0579
20260917,D 一直黑+1.0秒同样打断,2.48,0,0,0,1346,1,193,1360,458,0.0579
20260917,D 一直黑+1.0秒同样打断,2.50,0,0,0,1346,1,194,1360,464,0.0579
20260917,D 一直黑+1.0秒同样打断,2.52,0,0,0,1346,1,195,1360,471,0.0579
20260917,D 一直黑+1.0秒同样打断,2.54,0,0,0,1346,1,196,1360,479,0.0579
20260917,D 一直黑+1.0秒同样打断,2.56,0,0,0,1346,1,197,1360,485,0.0579
20260917,D 一直黑+1.0秒同样打断,2.58,0,0,0,1346,1,198,1360,491,0.0579
20260917,D 一直黑+1.0秒同样打断,2.60,0,0,0,1346,1,199,1360,498,0.0579
20260917,D 一直黑+1.0秒同样打断,2.62,0,0,0,1346,1,200,1360,504,0.0579
20260917,D 一直黑+1.0秒同样打断,2.64,0,0,0,1346,1,201,1360,509,0.0579
20260917,D 一直黑+1.0秒同样打断,2.66,0,0,0,1346,1,202,1360,514,0.0579
20260917,D 一直黑+1.0秒同样打断,2.68,0,0,0,1346,1,203,1360,518,0.0579
20260917,D 一直黑+1.0秒同样打断,2.70,0,0,0,1346,1,204,1360,522,0.0579
20260917,D 一直黑+1.0秒同样打断,2.72,0,0,0,1346,1,205,1360,526,0.0579
20260917,D 一直黑+1.0秒同样打断,2.74,0,0,0,1346,1,206,1360,530,0.0579
20260917,D 一直黑+1.0秒同样打断,2.76,0,0,0,1346,1,207,1360,534,0.0579
20260917,D 一直黑+1.0秒同样打断,2.78,0,0,0,1346,1,208,1360,537,0.0579
20260917,D 一直黑+1.0秒同样打断,2.80,0,0,0,1346,1,209,1360,541,0.0579
20260917,D 一直黑+1.0秒同样打断,2.82,0,0,0,1346,1,210,1360,546,0.0579
20260917,D 一直黑+1.0秒同样打断,2.84,0,0,0,1346,1,212,1360,550,0.0579
20260917,D 一直黑+1.0秒同样打断,2.86,0,0,0,1346,1,214,1360,554,0.0579
20260917,D 一直黑+1.0秒同样打断,2.88,0,0,0,1346,1,216,1360,558,0.0579
20260917,D 一直黑+1.0秒同样打断,2.90,0,0,0,1346,1,218,1360,563,0.0579
20260917,D 一直黑+1.0秒同样打断,2.92,0,0,0,1346,1,221,1360,569,0.0579
20260917,D 一直黑+1.0秒同样打断,2.94,0,0,0,1346,1,224,1360,576,0.0579
20260917,D 一直黑+1.0秒同样打断,2.96,0,0,0,1346,1,227,1360,583,0.0579
20260917,D 一直黑+1.0秒同样打断,2.98,0,0,0,1346,1,229,1360,589,0.0579
20260917,E 一直黑(不给红也不打断),0.00,0,0,0,1346,0,0,1360,0,0.2607
20260917,E 一直黑(不给红也不打断),0.02,0,0,0,1346,0,0,1360,0,0.2561
20260917,E 一直黑(不给红也不打断),0.04,0,0,0,1346,0,0,1360,0,0.2478
20260917,E 一直黑(不给红也不打断),0.06,0,0,0,1346,1,2,1360,2,0.2346
20260917,E 一直黑(不给红也不打断),0.08,0,0,0,1346,1,3,1360,5,0.2185
20260917,E 一直黑(不给红也不打断),0.10,0,0,0,1346,1,7,1360,11,0.2024
20260917,E 一直黑(不给红也不打断),0.12,0,0,0,1346,1,9,1360,15,0.1956
20260917,E 一直黑(不给红也不打断),0.14,0,0,0,1346,1,11,1360,19,0.1992
20260917,E 一直黑(不给红也不打断),0.16,0,0,0,1346,1,12,1360,21,0.2125
20260917,E 一直黑(不给红也不打断),0.18,0,0,0,1346,1,13,1360,25,0.2252
20260917,E 一直黑(不给红也不打断),0.20,0,0,0,1346,1,14,1360,27,0.2363
20260917,E 一直黑(不给红也不打断),0.22,0,0,0,1346,1,15,1360,29,0.2423
20260917,E 一直黑(不给红也不打断),0.24,0,0,0,1346,1,16,1360,31,0.2435
20260917,E 一直黑(不给红也不打断),0.26,0,0,0,1346,1,17,1360,33,0.2407
20260917,E 一直黑(不给红也不打断),0.28,0,0,0,1346,1,18,1360,35,0.2342
20260917,E 一直黑(不给红也不打断),0.30,0,0,0,1346,1,19,1360,37,0.2240
20260917,E 一直黑(不给红也不打断),0.32,0,0,0,1346,1,20,1360,39,0.2141
20260917,E 一直黑(不给红也不打断),0.34,0,0,0,1346,1,21,1360,41,0.2118
20260917,E 一直黑(不给红也不打断),0.36,0,0,0,1346,1,22,1360,43,0.2119
20260917,E 一直黑(不给红也不打断),0.38,0,0,0,1346,1,23,1360,45,0.2102
20260917,E 一直黑(不给红也不打断),0.40,0,0,0,1346,1,24,1360,47,0.2065
20260917,E 一直黑(不给红也不打断),0.42,0,0,0,1346,1,25,1360,49,0.2004
20260917,E 一直黑(不给红也不打断),0.44,0,0,0,1346,1,26,1360,51,0.1942
20260917,E 一直黑(不给红也不打断),0.46,0,0,0,1346,1,27,1360,53,0.1890
20260917,E 一直黑(不给红也不打断),0.48,0,0,0,1346,1,28,1360,55,0.1858
20260917,E 一直黑(不给红也不打断),0.50,0,0,0,1346,1,29,1360,57,0.1822
20260917,E 一直黑(不给红也不打断),0.52,0,0,0,1346,1,30,1360,59,0.1769
20260917,E 一直黑(不给红也不打断),0.54,0,0,0,1346,1,31,1360,62,0.1694
20260917,E 一直黑(不给红也不打断),0.56,0,0,0,1346,1,33,1360,65,0.1595
20260917,E 一直黑(不给红也不打断),0.58,0,0,0,1346,1,35,1360,68,0.1468
20260917,E 一直黑(不给红也不打断),0.60,0,0,0,1346,1,37,1360,71,0.1360
20260917,E 一直黑(不给红也不打断),0.62,0,0,0,1346,1,38,1360,73,0.1389
20260917,E 一直黑(不给红也不打断),0.64,0,0,0,1346,1,39,1360,76,0.1496
20260917,E 一直黑(不给红也不打断),0.66,0,0,0,1346,1,40,1360,78,0.1586
20260917,E 一直黑(不给红也不打断),0.68,0,0,0,1346,1,41,1360,79,0.1637
20260917,E 一直黑(不给红也不打断),0.70,0,0,0,1346,1,42,1360,81,0.1647
20260917,E 一直黑(不给红也不打断),0.72,0,0,0,1346,1,43,1360,83,0.1618
20260917,E 一直黑(不给红也不打断),0.74,0,0,0,1346,1,44,1360,85,0.1552
20260917,E 一直黑(不给红也不打断),0.76,0,0,0,1346,1,45,1360,87,0.1535
20260917,E 一直黑(不给红也不打断),0.78,0,0,0,1346,1,47,1360,90,0.1547
20260917,E 一直黑(不给红也不打断),0.80,0,0,0,1346,1,49,1360,94,0.1550
20260917,E 一直黑(不给红也不打断),0.82,0,0,0,1346,1,51,1360,99,0.1548
20260917,E 一直黑(不给红也不打断),0.84,0,0,0,1346,1,53,1360,103,0.1547
20260917,E 一直黑(不给红也不打断),0.86,0,0,0,1346,1,55,1360,107,0.1545
20260917,E 一直黑(不给红也不打断),0.88,0,0,0,1346,1,56,1360,111,0.1540
20260917,E 一直黑(不给红也不打断),0.90,0,0,0,1346,1,58,1360,116,0.1533
20260917,E 一直黑(不给红也不打断),0.92,0,0,0,1346,1,59,1360,120,0.1523
20260917,E 一直黑(不给红也不打断),0.94,0,0,0,1346,1,60,1360,123,0.1510
20260917,E 一直黑(不给红也不打断),0.96,0,0,0,1346,1,61,1360,126,0.1493
20260917,E 一直黑(不给红也不打断),0.98,0,0,0,1346,1,62,1360,129,0.1472
20260917,E 一直黑(不给红也不打断),1.00,0,0,0,1346,1,63,1360,132,0.1446
20260917,E 一直黑(不给红也不打断),1.02,0,0,0,1346,1,64,1360,135,0.1407
20260917,E 一直黑(不给红也不打断),1.04,0,0,0,1346,1,66,1360,138,0.1365
20260917,E 一直黑(不给红也不打断),1.06,0,0,0,1346,1,68,1360,141,0.1308
20260917,E 一直黑(不给红也不打断),1.08,0,0,0,1346,1,70,1360,144,0.1236
20260917,E 一直黑(不给红也不打断),1.10,0,0,0,1346,1,72,1360,147,0.1146
20260917,E 一直黑(不给红也不打断),1.12,0,0,0,1346,1,74,1360,150,0.1034
20260917,E 一直黑(不给红也不打断),1.14,0,0,0,1346,1,75,1360,152,0.0896
20260917,E 一直黑(不给红也不打断),1.16,0,0,0,1346,1,76,1360,154,0.0726
20260917,E 一直黑(不给红也不打断),1.18,0,0,0,1346,1,77,1360,156,0.0551
20260917,E 一直黑(不给红也不打断),1.20,0,0,0,1346,1,78,1360,158,0.0548
20260917,E 一直黑(不给红也不打断),1.22,0,0,0,1346,1,80,1360,161,0.0601
20260917,E 一直黑(不给红也不打断),1.24,0,0,0,1346,1,82,1360,165,0.0641
20260917,E 一直黑(不给红也不打断),1.26,0,0,0,1346,1,84,1360,169,0.0657
20260917,E 一直黑(不给红也不打断),1.28,0,0,0,1346,1,86,1360,172,0.0649
20260917,E 一直黑(不给红也不打断),1.30,0,0,0,1346,1,87,1360,174,0.0620
20260917,E 一直黑(不给红也不打断),1.32,0,0,0,1346,1,88,1360,176,0.0601
20260917,E 一直黑(不给红也不打断),1.34,0,0,0,1346,1,90,1360,179,0.0582
20260917,E 一直黑(不给红也不打断),1.36,0,0,0,1346,1,92,1360,182,0.0578
20260917,E 一直黑(不给红也不打断),1.38,0,0,0,1346,1,94,1360,185,0.0594
20260917,E 一直黑(不给红也不打断),1.40,0,0,0,1346,1,96,1360,188,0.0608
20260917,E 一直黑(不给红也不打断),1.42,0,0,0,1346,1,98,1360,191,0.0615
20260917,E 一直黑(不给红也不打断),1.44,0,0,0,1346,1,100,1360,194,0.0617
20260917,E 一直黑(不给红也不打断),1.46,0,0,0,1346,1,102,1360,197,0.0614
20260917,E 一直黑(不给红也不打断),1.48,0,0,0,1346,1,104,1360,200,0.0606
20260917,E 一直黑(不给红也不打断),1.50,0,0,0,1346,1,106,1360,204,0.0595
20260917,E 一直黑(不给红也不打断),1.52,0,0,0,1346,1,108,1360,208,0.0579
20260917,E 一直黑(不给红也不打断),1.54,0,0,0,1346,1,110,1360,213,0.0578
20260917,E 一直黑(不给红也不打断),1.56,0,0,0,1346,1,112,1360,218,0.0588
20260917,E 一直黑(不给红也不打断),1.58,0,0,0,1346,1,115,1360,225,0.0594
20260917,E 一直黑(不给红也不打断),1.60,0,0,0,1346,1,118,1360,233,0.0595
20260917,E 一直黑(不给红也不打断),1.62,0,0,0,1346,1,121,1360,240,0.0591
20260917,E 一直黑(不给红也不打断),1.64,0,0,0,1346,1,122,1360,245,0.0582
20260917,E 一直黑(不给红也不打断),1.66,0,0,0,1346,1,123,1360,251,0.0577
20260917,E 一直黑(不给红也不打断),1.68,0,0,0,1346,1,124,1360,257,0.0582
20260917,E 一直黑(不给红也不打断),1.70,0,0,0,1346,1,125,1360,262,0.0584
20260917,E 一直黑(不给红也不打断),1.72,0,0,0,1346,1,126,1360,267,0.0580
20260917,E 一直黑(不给红也不打断),1.74,0,0,0,1346,1,127,1360,272,0.0577
20260917,E 一直黑(不给红也不打断),1.76,0,0,0,1346,1,129,1360,276,0.0578
20260917,E 一直黑(不给红也不打断),1.78,0,0,0,1346,1,131,1360,281,0.0578
20260917,E 一直黑(不给红也不打断),1.80,0,0,0,1346,1,133,1360,286,0.0579
20260917,E 一直黑(不给红也不打断),1.82,0,0,0,1346,1,134,1360,291,0.0594
20260917,E 一直黑(不给红也不打断),1.84,0,0,0,1346,1,135,1360,297,0.0600
20260917,E 一直黑(不给红也不打断),1.86,0,0,0,1346,1,136,1360,301,0.0580
20260917,E 一直黑(不给红也不打断),1.88,0,0,0,1346,1,137,1360,306,0.0568
20260917,E 一直黑(不给红也不打断),1.90,0,0,0,1346,1,139,1360,311,0.0571
20260917,E 一直黑(不给红也不打断),1.92,0,0,0,1346,1,141,1360,316,0.0575
20260917,E 一直黑(不给红也不打断),1.94,0,0,0,1346,1,143,1360,322,0.0577
20260917,E 一直黑(不给红也不打断),1.96,0,0,0,1346,1,145,1360,328,0.0578
20260917,E 一直黑(不给红也不打断),1.98,0,0,0,1346,1,147,1360,334,0.0579
20260917,E 一直黑(不给红也不打断),2.00,0,0,0,1346,1,149,1360,340,0.0579
20260917,E 一直黑(不给红也不打断),2.02,0,0,0,1346,1,151,1360,345,0.0579
20260917,E 一直黑(不给红也不打断),2.04,0,0,0,1346,1,152,1360,350,0.0579
20260917,E 一直黑(不给红也不打断),2.06,0,0,0,1346,1,153,1360,354,0.0579
20260917,E 一直黑(不给红也不打断),2.08,0,0,0,1346,1,154,1360,358,0.0579
20260917,E 一直黑(不给红也不打断),2.10,0,0,0,1346,1,156,1360,363,0.0579
20260917,E 一直黑(不给红也不打断),2.12,0,0,0,1346,1,159,1360,369,0.0579
20260917,E 一直黑(不给红也不打断),2.14,0,0,0,1346,1,160,1360,374,0.0579
20260917,E 一直黑(不给红也不打断),2.16,0,0,0,1346,1,161,1360,380,0.0579
20260917,E 一直黑(不给红也不打断),2.18,0,0,0,1346,1,162,1360,384,0.0579
20260917,E 一直黑(不给红也不打断),2.20,0,0,0,1346,1,164,1360,389,0.0579
20260917,E 一直黑(不给红也不打断),2.22,0,0,0,1346,1,166,1360,394,0.0579
20260917,E 一直黑(不给红也不打断),2.24,0,0,0,1346,1,168,1360,400,0.0579
20260917,E 一直黑(不给红也不打断),2.26,0,0,0,1346,1,170,1360,405,0.0579
20260917,E 一直黑(不给红也不打断),2.28,0,0,0,1346,1,173,1360,411,0.0579
20260917,E 一直黑(不给红也不打断),2.30,0,0,0,1346,1,176,1360,418,0.0579
20260917,E 一直黑(不给红也不打断),2.32,0,0,0,1346,1,179,1360,425,0.0579
20260917,E 一直黑(不给红也不打断),2.34,0,0,0,1346,1,181,1360,430,0.0579
20260917,E 一直黑(不给红也不打断),2.36,0,0,0,1346,1,183,1360,435,0.0579
20260917,E 一直黑(不给红也不打断),2.38,0,0,0,1346,1,185,1360,438,0.0579
20260917,E 一直黑(不给红也不打断),2.40,0,0,0,1346,1,187,1360,441,0.0579
20260917,E 一直黑(不给红也不打断),2.42,0,0,0,1346,1,189,1360,444,0.0579
20260917,E 一直黑(不给红也不打断),2.44,0,0,0,1346,1,191,1360,448,0.0579
20260917,E 一直黑(不给红也不打断),2.46,0,0,0,1346,1,192,1360,453,0.0579
20260917,E 一直黑(不给红也不打断),2.48,0,0,0,1346,1,193,1360,458,0.0579
20260917,E 一直黑(不给红也不打断),2.50,0,0,0,1346,1,194,1360,464,0.0579
20260917,E 一直黑(不给红也不打断),2.52,0,0,0,1346,1,195,1360,471,0.0579
20260917,E 一直黑(不给红也不打断),2.54,0,0,0,1346,1,196,1360,479,0.0579
20260917,E 一直黑(不给红也不打断),2.56,0,0,0,1346,1,197,1360,485,0.0579
20260917,E 一直黑(不给红也不打断),2.58,0,0,0,1346,1,198,1360,491,0.0579
20260917,E 一直黑(不给红也不打断),2.60,0,0,0,1346,1,199,1360,498,0.0579
20260917,E 一直黑(不给红也不打断),2.62,0,0,0,1346,1,200,1360,504,0.0579
20260917,E 一直黑(不给红也不打断),2.64,0,0,0,1346,1,201,1360,509,0.0579
20260917,E 一直黑(不给红也不打断),2.66,0,0,0,1346,1,202,1360,514,0.0579
20260917,E 一直黑(不给红也不打断),2.68,0,0,0,1346,1,203,1360,518,0.0579
20260917,E 一直黑(不给红也不打断),2.70,0,0,0,1346,1,204,1360,522,0.0579
20260917,E 一直黑(不给红也不打断),2.72,0,0,0,1346,1,205,1360,526,0.0579
20260917,E 一直黑(不给红也不打断),2.74,0,0,0,1346,1,206,1360,530,0.0579
20260917,E 一直黑(不给红也不打断),2.76,0,0,0,1346,1,207,1360,534,0.0579
20260917,E 一直黑(不给红也不打断),2.78,0,0,0,1346,1,208,1360,537,0.0579
20260917,E 一直黑(不给红也不打断),2.80,0,0,0,1346,1,209,1360,541,0.0579
20260917,E 一直黑(不给红也不打断),2.82,0,0,0,1346,1,210,1360,546,0.0579
20260917,E 一直黑(不给红也不打断),2.84,0,0,0,1346,1,212,1360,550,0.0579
20260917,E 一直黑(不给红也不打断),2.86,0,0,0,1346,1,214,1360,554,0.0579
20260917,E 一直黑(不给红也不打断),2.88,0,0,0,1346,1,216,1360,558,0.0579
20260917,E 一直黑(不给红也不打断),2.90,0,0,0,1346,1,218,1360,563,0.0579
20260917,E 一直黑(不给红也不打断),2.92,0,0,0,1346,1,221,1360,569,0.0579
20260917,E 一直黑(不给红也不打断),2.94,0,0,0,1346,1,224,1360,576,0.0579
20260917,E 一直黑(不给红也不打断),2.96,0,0,0,1346,1,227,1360,583,0.0579
20260917,E 一直黑(不给红也不打断),2.98,0,0,0,1346,1,229,1360,589,0.0579
20260918,A 一直红,0.00,0,1,1346,1346,1,1357,1360,1357,0.2607
20260918,A 一直红,0.02,1,1,1346,1346,1,1358,1360,1582,0.2565
20260918,A 一直红,0.04,1,1,1346,1346,1,1360,1360,1799,0.2525
20260918,A 一直红,0.06,1,1,1346,1346,1,1360,1360,1977,0.2594
20260918,A 一直红,0.08,1,1,1346,1346,1,1360,1360,2135,0.2739
20260918,A 一直红,0.10,1,1,1346,1346,1,1360,1360,2267,0.2900
20260918,A 一直红,0.12,1,1,1346,1346,1,1360,1360,2377,0.3055
20260918,A 一直红,0.14,1,1,1346,1346,1,1360,1360,2461,0.3215
20260918,A 一直红,0.16,1,1,1346,1346,1,1360,1360,2522,0.3376
20260918,A 一直红,0.18,1,1,1346,1346,1,1360,1360,2572,0.3531
20260918,A 一直红,0.20,1,1,1346,1346,1,1360,1360,2607,0.3677
20260918,A 一直红,0.22,1,1,1346,1346,1,1360,1360,2632,0.3801
20260918,A 一直红,0.24,1,1,1346,1346,1,1360,1360,2656,0.3891
20260918,A 一直红,0.26,1,1,1346,1346,1,1360,1360,2674,0.3952
20260918,A 一直红,0.28,1,1,1346,1346,1,1360,1360,2690,0.4005
20260918,A 一直红,0.30,1,1,1346,1346,1,1360,1360,2700,0.4051
20260918,A 一直红,0.32,1,1,1346,1346,1,1360,1360,2708,0.4087
20260918,A 一直红,0.34,1,1,1346,1346,1,1360,1360,2717,0.4103
20260918,A 一直红,0.36,1,1,1346,1346,1,1360,1360,2722,0.4111
20260918,A 一直红,0.38,1,1,1346,1346,1,1360,1360,2724,0.4122
20260918,A 一直红,0.40,1,1,1346,1346,1,1360,1360,2727,0.4137
20260918,A 一直红,0.42,1,1,1346,1346,1,1360,1360,2728,0.4143
20260918,A 一直红,0.44,1,1,1346,1346,1,1360,1360,2730,0.4142
20260918,A 一直红,0.46,1,1,1346,1346,1,1360,1360,2732,0.4136
20260918,A 一直红,0.48,1,1,1346,1346,1,1360,1360,2734,0.4125
20260918,A 一直红,0.50,1,1,1346,1346,1,1360,1360,2736,0.4105
20260918,A 一直红,0.52,1,1,1346,1346,1,1360,1360,2738,0.4070
20260918,A 一直红,0.54,1,1,1346,1346,1,1360,1360,2739,0.4003
20260918,A 一直红,0.56,1,1,1346,1346,1,1360,1360,2740,0.3892
20260918,A 一直红,0.58,1,1,1346,1346,1,1360,1360,2741,0.3746
20260918,A 一直红,0.60,1,1,1346,1346,1,1360,1360,2742,0.3579
20260918,A 一直红,0.62,1,1,1346,1346,1,1360,1360,2743,0.3438
20260918,A 一直红,0.64,1,1,1346,1346,1,1360,1360,2744,0.3388
20260918,A 一直红,0.66,1,1,1346,1346,1,1360,1360,2745,0.3420
20260918,A 一直红,0.68,1,1,1346,1346,1,1360,1360,2746,0.3462
20260918,A 一直红,0.70,1,1,1346,1346,1,1360,1360,2747,0.3483
20260918,A 一直红,0.72,1,1,1346,1346,1,1360,1360,2748,0.3472
20260918,A 一直红,0.74,1,1,1346,1346,1,1360,1360,2749,0.3437
20260918,A 一直红,0.76,1,1,1346,1346,1,1360,1360,2750,0.3396
20260918,A 一直红,0.78,1,1,1346,1346,1,1360,1360,2752,0.3346
20260918,A 一直红,0.80,1,1,1346,1346,1,1360,1360,2752,0.3288
20260918,A 一直红,0.82,1,1,1346,1346,1,1360,1360,2753,0.3229
20260918,A 一直红,0.84,1,1,1346,1346,1,1360,1360,2754,0.3167
20260918,A 一直红,0.86,1,1,1346,1346,1,1360,1360,2755,0.3090
20260918,A 一直红,0.88,1,1,1346,1346,1,1360,1360,2756,0.2998
20260918,A 一直红,0.90,1,1,1346,1346,1,1360,1360,2758,0.2884
20260918,A 一直红,0.92,1,1,1346,1346,1,1360,1360,2758,0.2756
20260918,A 一直红,0.94,1,1,1346,1346,1,1360,1360,2759,0.2612
20260918,A 一直红,0.96,1,1,1346,1346,1,1360,1360,2760,0.2451
20260918,A 一直红,0.98,1,1,1346,1346,1,1360,1360,2761,0.2329
20260918,A 一直红,1.00,1,1,1346,1346,1,1360,1360,2762,0.2353
20260918,A 一直红,1.02,1,1,1346,1346,1,1360,1360,2763,0.2398
20260918,A 一直红,1.04,1,1,1346,1346,1,1360,1360,2764,0.2429
20260918,A 一直红,1.06,1,1,1346,1346,1,1360,1360,2765,0.2441
20260918,A 一直红,1.08,1,1,1346,1346,1,1360,1360,2766,0.2437
20260918,A 一直红,1.10,1,1,1346,1346,1,1360,1360,2767,0.2421
20260918,A 一直红,1.12,1,1,1346,1346,1,1360,1360,2768,0.2392
20260918,A 一直红,1.14,1,1,1346,1346,1,1360,1360,2769,0.2355
20260918,A 一直红,1.16,1,1,1346,1346,1,1360,1360,2770,0.2308
20260918,A 一直红,1.18,1,1,1346,1346,1,1360,1360,2771,0.2247
20260918,A 一直红,1.20,1,1,1346,1346,1,1360,1360,2772,0.2167
20260918,A 一直红,1.22,1,1,1346,1346,1,1360,1360,2773,0.2071
20260918,A 一直红,1.24,1,1,1346,1346,1,1360,1360,2774,0.1959
20260918,A 一直红,1.26,1,1,1346,1346,1,1360,1360,2773,0.1835
20260918,A 一直红,1.28,1,1,1346,1346,1,1360,1360,2777,0.1701
20260918,A 一直红,1.30,1,1,1346,1346,1,1360,1360,2777,0.1535
20260918,A 一直红,1.32,1,1,1346,1346,1,1360,1360,2778,0.1502
20260918,A 一直红,1.34,1,1,1346,1346,1,1360,1360,2779,0.1540
20260918,A 一直红,1.36,1,1,1346,1346,1,1360,1360,2780,0.1565
20260918,A 一直红,1.38,1,1,1346,1346,1,1360,1360,2781,0.1561
20260918,A 一直红,1.40,1,1,1346,1346,1,1360,1360,2783,0.1547
20260918,A 一直红,1.42,1,1,1346,1346,1,1360,1360,2783,0.1547
20260918,A 一直红,1.44,1,1,1346,1346,1,1360,1360,2784,0.1547
20260918,A 一直红,1.46,1,1,1346,1346,1,1360,1360,2785,0.1551
20260918,A 一直红,1.48,1,1,1346,1346,1,1360,1360,2786,0.1553
20260918,A 一直红,1.50,1,1,1346,1346,1,1360,1360,2787,0.1554
20260918,A 一直红,1.52,1,1,1346,1346,1,1360,1360,2788,0.1554
20260918,A 一直红,1.54,1,1,1346,1346,1,1360,1360,2789,0.1553
20260918,A 一直红,1.56,1,1,1346,1346,1,1360,1360,2790,0.1551
20260918,A 一直红,1.58,1,1,1346,1346,1,1360,1360,2791,0.1553
20260918,A 一直红,1.60,1,1,1346,1346,1,1360,1360,2792,0.1547
20260918,A 一直红,1.62,1,1,1346,1346,1,1360,1360,2793,0.1543
20260918,A 一直红,1.64,1,1,1346,1346,1,1360,1360,2794,0.1544
20260918,A 一直红,1.66,1,1,1346,1346,1,1360,1360,2795,0.1543
20260918,A 一直红,1.68,1,1,1346,1346,1,1360,1360,2796,0.1540
20260918,A 一直红,1.70,1,1,1346,1346,1,1360,1360,2797,0.1540
20260918,A 一直红,1.72,1,1,1346,1346,1,1360,1360,2798,0.1542
20260918,A 一直红,1.74,1,1,1346,1346,1,1360,1360,2799,0.1543
20260918,A 一直红,1.76,1,1,1346,1346,1,1360,1360,2800,0.1548
20260918,A 一直红,1.78,1,1,1346,1346,1,1360,1360,2802,0.1551
20260918,A 一直红,1.80,1,1,1346,1346,1,1360,1360,2800,0.1552
20260918,A 一直红,1.82,1,1,1346,1346,1,1360,1360,2801,0.1551
20260918,A 一直红,1.84,1,1,1346,1346,1,1360,1360,2804,0.1553
20260918,A 一直红,1.86,1,1,1346,1346,1,1360,1360,2805,0.1552
20260918,A 一直红,1.88,1,1,1346,1346,1,1360,1360,2806,0.1552
20260918,A 一直红,1.90,1,1,1346,1346,1,1360,1360,2808,0.1552
20260918,A 一直红,1.92,1,1,1346,1346,1,1360,1360,2808,0.1550
20260918,A 一直红,1.94,1,1,1346,1346,1,1360,1360,2809,0.1550
20260918,A 一直红,1.96,1,1,1346,1346,1,1360,1360,2810,0.1552
20260918,A 一直红,1.98,1,1,1346,1346,1,1360,1360,2811,0.1548
20260918,A 一直红,2.00,1,1,1346,1346,1,1360,1360,2812,0.1544
20260918,A 一直红,2.02,1,1,1346,1346,1,1360,1360,2813,0.1546
20260918,A 一直红,2.04,1,1,1346,1346,1,1360,1360,2814,0.1547
20260918,A 一直红,2.06,1,1,1346,1346,1,1360,1360,2815,0.1543
20260918,A 一直红,2.08,1,1,1346,1346,1,1360,1360,2816,0.1543
20260918,A 一直红,2.10,1,1,1346,1346,1,1360,1360,2817,0.1549
20260918,A 一直红,2.12,1,1,1346,1346,1,1360,1360,2818,0.1550
20260918,A 一直红,2.14,1,1,1346,1346,1,1360,1360,2819,0.1551
20260918,A 一直红,2.16,1,1,1346,1346,1,1360,1360,2820,0.1554
20260918,A 一直红,2.18,1,1,1346,1346,1,1360,1360,2821,0.1550
20260918,A 一直红,2.20,1,1,1346,1346,1,1360,1360,2822,0.1553
20260918,A 一直红,2.22,1,1,1346,1346,1,1360,1360,2823,0.1551
20260918,A 一直红,2.24,1,1,1346,1346,1,1360,1360,2824,0.1547
20260918,A 一直红,2.26,1,1,1346,1346,1,1360,1360,2825,0.1552
20260918,A 一直红,2.28,1,1,1346,1346,1,1360,1360,2827,0.1555
20260918,A 一直红,2.30,1,1,1346,1346,1,1360,1360,2827,0.1547
20260918,A 一直红,2.32,1,1,1346,1346,1,1360,1360,2828,0.1548
20260918,A 一直红,2.34,1,1,1346,1346,1,1360,1360,2829,0.1549
20260918,A 一直红,2.36,1,1,1346,1346,1,1360,1360,2830,0.1554
20260918,A 一直红,2.38,1,1,1346,1346,1,1360,1360,2831,0.1554
20260918,A 一直红,2.40,1,1,1346,1346,1,1360,1360,2833,0.1552
20260918,A 一直红,2.42,1,1,1346,1346,1,1360,1360,2833,0.1553
20260918,A 一直红,2.44,1,1,1346,1346,1,1360,1360,2834,0.1554
20260918,A 一直红,2.46,1,1,1346,1346,1,1360,1360,2835,0.1554
20260918,A 一直红,2.48,1,1,1346,1346,1,1360,1360,2836,0.1554
20260918,A 一直红,2.50,1,1,1346,1346,1,1360,1360,2837,0.1554
20260918,A 一直红,2.52,1,1,1346,1346,1,1360,1360,2838,0.1553
20260918,A 一直红,2.54,1,1,1346,1346,1,1360,1360,2839,0.1552
20260918,A 一直红,2.56,1,1,1346,1346,1,1360,1360,2840,0.1551
20260918,A 一直红,2.58,1,1,1346,1346,1,1360,1360,2841,0.1552
20260918,A 一直红,2.60,1,1,1346,1346,1,1360,1360,2842,0.1549
20260918,A 一直红,2.62,1,1,1346,1346,1,1360,1360,2843,0.1547
20260918,A 一直红,2.64,1,1,1346,1346,1,1360,1360,2844,0.1547
20260918,A 一直红,2.66,1,1,1346,1346,1,1360,1360,2845,0.1548
20260918,A 一直红,2.68,1,1,1346,1346,1,1360,1360,2846,0.1549
20260918,A 一直红,2.70,1,1,1346,1346,1,1360,1360,2847,0.1551
20260918,A 一直红,2.72,1,1,1346,1346,1,1360,1360,2848,0.1547
20260918,A 一直红,2.74,1,1,1346,1346,1,1360,1360,2849,0.1549
20260918,A 一直红,2.76,1,1,1346,1346,1,1360,1360,2848,0.1549
20260918,A 一直红,2.78,1,1,1346,1346,1,1360,1360,2851,0.1547
20260918,A 一直红,2.80,1,1,1346,1346,1,1360,1360,2852,0.1550
20260918,A 一直红,2.82,1,1,1346,1346,1,1360,1360,2853,0.1550
20260918,A 一直红,2.84,1,1,1346,1346,1,1360,1360,2854,0.1550
20260918,A 一直红,2.86,1,1,1346,1346,1,1360,1360,2855,0.1550
20260918,A 一直红,2.88,1,1,1346,1346,1,1360,1360,2856,0.1549
20260918,A 一直红,2.90,1,1,1346,1346,1,1360,1360,2858,0.1546
20260918,A 一直红,2.92,1,1,1346,1346,1,1360,1360,2858,0.1544
20260918,A 一直红,2.94,1,1,1346,1346,1,1360,1360,2859,0.1543
20260918,A 一直红,2.96,1,1,1346,1346,1,1360,1360,2860,0.1541
20260918,A 一直红,2.98,1,1,1346,1346,1,1360,1360,2861,0.1539
20260918,B 红0.5秒后全黑,0.00,0,1,1346,1346,1,1357,1360,1357,0.2607
20260918,B 红0.5秒后全黑,0.02,1,1,1346,1346,1,1358,1360,1582,0.2565
20260918,B 红0.5秒后全黑,0.04,1,1,1346,1346,1,1360,1360,1799,0.2525
20260918,B 红0.5秒后全黑,0.06,1,1,1346,1346,1,1360,1360,1977,0.2594
20260918,B 红0.5秒后全黑,0.08,1,1,1346,1346,1,1360,1360,2135,0.2739
20260918,B 红0.5秒后全黑,0.10,1,1,1346,1346,1,1360,1360,2267,0.2900
20260918,B 红0.5秒后全黑,0.12,1,1,1346,1346,1,1360,1360,2377,0.3055
20260918,B 红0.5秒后全黑,0.14,1,1,1346,1346,1,1360,1360,2461,0.3215
20260918,B 红0.5秒后全黑,0.16,1,1,1346,1346,1,1360,1360,2522,0.3376
20260918,B 红0.5秒后全黑,0.18,1,1,1346,1346,1,1360,1360,2572,0.3531
20260918,B 红0.5秒后全黑,0.20,1,1,1346,1346,1,1360,1360,2607,0.3677
20260918,B 红0.5秒后全黑,0.22,1,1,1346,1346,1,1360,1360,2632,0.3801
20260918,B 红0.5秒后全黑,0.24,1,1,1346,1346,1,1360,1360,2656,0.3891
20260918,B 红0.5秒后全黑,0.26,1,1,1346,1346,1,1360,1360,2674,0.3952
20260918,B 红0.5秒后全黑,0.28,1,1,1346,1346,1,1360,1360,2690,0.4005
20260918,B 红0.5秒后全黑,0.30,1,1,1346,1346,1,1360,1360,2700,0.4051
20260918,B 红0.5秒后全黑,0.32,1,1,1346,1346,1,1360,1360,2708,0.4087
20260918,B 红0.5秒后全黑,0.34,1,1,1346,1346,1,1360,1360,2717,0.4103
20260918,B 红0.5秒后全黑,0.36,1,1,1346,1346,1,1360,1360,2722,0.4111
20260918,B 红0.5秒后全黑,0.38,1,1,1346,1346,1,1360,1360,2724,0.4122
20260918,B 红0.5秒后全黑,0.40,1,1,1346,1346,1,1360,1360,2727,0.4137
20260918,B 红0.5秒后全黑,0.42,1,1,1346,1346,1,1360,1360,2728,0.4143
20260918,B 红0.5秒后全黑,0.44,1,1,1346,1346,1,1360,1360,2730,0.4142
20260918,B 红0.5秒后全黑,0.46,1,1,1346,1346,1,1360,1360,2732,0.4136
20260918,B 红0.5秒后全黑,0.48,1,1,1346,1346,1,1360,1360,2734,0.4125
20260918,B 红0.5秒后全黑,0.50,1,0,0,1346,1,1360,1360,2736,0.4105
20260918,B 红0.5秒后全黑,0.52,1,0,0,1346,1,1360,1360,2734,0.4065
20260918,B 红0.5秒后全黑,0.54,1,0,0,1346,1,1360,1360,2735,0.3999
20260918,B 红0.5秒后全黑,0.56,1,0,0,1346,1,1360,1360,2735,0.3893
20260918,B 红0.5秒后全黑,0.58,1,0,0,1346,1,1360,1360,2736,0.3751
20260918,B 红0.5秒后全黑,0.60,1,0,0,1346,1,1360,1360,2738,0.3579
20260918,B 红0.5秒后全黑,0.62,1,0,0,1346,1,1360,1360,2739,0.3418
20260918,B 红0.5秒后全黑,0.64,1,0,0,1346,1,1360,1360,2740,0.3332
20260918,B 红0.5秒后全黑,0.66,1,0,0,1346,1,1360,1360,2741,0.3347
20260918,B 红0.5秒后全黑,0.68,1,0,0,1346,1,1360,1360,2742,0.3387
20260918,B 红0.5秒后全黑,0.70,1,0,0,1346,1,1360,1360,2743,0.3413
20260918,B 红0.5秒后全黑,0.72,1,0,0,1346,1,1360,1360,2744,0.3408
20260918,B 红0.5秒后全黑,0.74,1,0,0,1346,1,1360,1360,2745,0.3377
20260918,B 红0.5秒后全黑,0.76,1,0,0,1346,1,1360,1360,2746,0.3336
20260918,B 红0.5秒后全黑,0.78,1,0,0,1346,1,1360,1360,2747,0.3285
20260918,B 红0.5秒后全黑,0.80,1,0,0,1346,1,1360,1360,2748,0.3225
20260918,B 红0.5秒后全黑,0.82,1,0,0,1346,1,1360,1360,2749,0.3155
20260918,B 红0.5秒后全黑,0.84,1,0,0,1346,1,1360,1360,2750,0.3083
20260918,B 红0.5秒后全黑,0.86,1,0,0,1346,1,1360,1360,2751,0.2999
20260918,B 红0.5秒后全黑,0.88,1,0,0,1346,1,1360,1360,2752,0.2895
20260918,B 红0.5秒后全黑,0.90,1,0,0,1346,1,1360,1360,2753,0.2764
20260918,B 红0.5秒后全黑,0.92,1,0,0,1346,1,1360,1360,2755,0.2610
20260918,B 红0.5秒后全黑,0.94,1,0,0,1346,1,1360,1360,2756,0.2436
20260918,B 红0.5秒后全黑,0.96,1,0,0,1346,1,1360,1360,2757,0.2377
20260918,B 红0.5秒后全黑,0.98,1,0,0,1346,1,1360,1360,2757,0.2400
20260918,B 红0.5秒后全黑,1.00,1,0,0,1346,1,1360,1360,2759,0.2428
20260918,B 红0.5秒后全黑,1.02,1,0,0,1346,1,1360,1360,2759,0.2440
20260918,B 红0.5秒后全黑,1.04,1,0,0,1346,1,1360,1360,2761,0.2443
20260918,B 红0.5秒后全黑,1.06,1,0,0,1346,1,1360,1360,2762,0.2424
20260918,B 红0.5秒后全黑,1.08,1,0,0,1346,1,1360,1360,2763,0.2395
20260918,B 红0.5秒后全黑,1.10,1,0,0,1346,1,1360,1360,2765,0.2354
20260918,B 红0.5秒后全黑,1.12,1,0,0,1346,1,1360,1360,2765,0.2296
20260918,B 红0.5秒后全黑,1.14,1,0,0,1346,1,1360,1360,2765,0.2225
20260918,B 红0.5秒后全黑,1.16,1,0,0,1346,1,1360,1360,2766,0.2138
20260918,B 红0.5秒后全黑,1.18,1,0,0,1346,1,1360,1360,2768,0.2036
20260918,B 红0.5秒后全黑,1.20,1,0,0,1346,1,1360,1360,2769,0.1911
20260918,B 红0.5秒后全黑,1.22,1,0,0,1346,1,1360,1360,2770,0.1774
20260918,B 红0.5秒后全黑,1.24,1,0,0,1346,1,1360,1360,2770,0.1628
20260918,B 红0.5秒后全黑,1.26,1,0,0,1346,1,1360,1360,2771,0.1520
20260918,B 红0.5秒后全黑,1.28,1,0,0,1346,1,1360,1360,2773,0.1561
20260918,B 红0.5秒后全黑,1.30,1,0,0,1346,1,1360,1360,2774,0.1618
20260918,B 红0.5秒后全黑,1.32,1,0,0,1346,1,1360,1360,2774,0.1654
20260918,B 红0.5秒后全黑,1.34,1,0,0,1346,1,1360,1360,2775,0.1654
20260918,B 红0.5秒后全黑,1.36,1,0,0,1346,1,1360,1360,2776,0.1640
20260918,B 红0.5秒后全黑,1.38,1,0,0,1346,1,1360,1360,2777,0.1609
20260918,B 红0.5秒后全黑,1.40,1,0,0,1346,1,1360,1360,2778,0.1562
20260918,B 红0.5秒后全黑,1.42,1,0,0,1346,1,1360,1360,2779,0.1543
20260918,B 红0.5秒后全黑,1.44,1,0,0,1346,1,1360,1360,2780,0.1547
20260918,B 红0.5秒后全黑,1.46,1,0,0,1346,1,1360,1360,2781,0.1551
20260918,B 红0.5秒后全黑,1.48,1,0,0,1346,1,1360,1360,2782,0.1554
20260918,B 红0.5秒后全黑,1.50,1,0,0,1346,1,1360,1360,2783,0.1555
20260918,B 红0.5秒后全黑,1.52,1,0,0,1346,1,1360,1360,2784,0.1555
20260918,B 红0.5秒后全黑,1.54,1,0,0,1346,1,1360,1360,2785,0.1555
20260918,B 红0.5秒后全黑,1.56,1,0,0,1346,1,1360,1360,2785,0.1557
20260918,B 红0.5秒后全黑,1.58,1,0,0,1346,1,1360,1360,2787,0.1560
20260918,B 红0.5秒后全黑,1.60,1,0,0,1346,1,1360,1360,2790,0.1557
20260918,B 红0.5秒后全黑,1.62,1,0,0,1346,1,1360,1360,2789,0.1555
20260918,B 红0.5秒后全黑,1.64,1,0,0,1346,1,1360,1360,2790,0.1551
20260918,B 红0.5秒后全黑,1.66,1,0,0,1346,1,1360,1360,2791,0.1546
20260918,B 红0.5秒后全黑,1.68,1,0,0,1346,1,1360,1360,2793,0.1542
20260918,B 红0.5秒后全黑,1.70,1,0,0,1346,1,1360,1360,2794,0.1545
20260918,B 红0.5秒后全黑,1.72,1,0,0,1346,1,1360,1360,2794,0.1550
20260918,B 红0.5秒后全黑,1.74,1,0,0,1346,1,1360,1360,2796,0.1544
20260918,B 红0.5秒后全黑,1.76,1,0,0,1346,1,1360,1360,2796,0.1541
20260918,B 红0.5秒后全黑,1.78,1,0,0,1346,1,1360,1360,2797,0.1551
20260918,B 红0.5秒后全黑,1.80,1,0,0,1346,1,1360,1360,2798,0.1553
20260918,B 红0.5秒后全黑,1.82,1,0,0,1346,1,1360,1360,2799,0.1555
20260918,B 红0.5秒后全黑,1.84,1,0,0,1346,1,1360,1360,2800,0.1555
20260918,B 红0.5秒后全黑,1.86,1,0,0,1346,1,1360,1360,2801,0.1557
20260918,B 红0.5秒后全黑,1.88,1,0,0,1346,1,1360,1360,2803,0.1555
20260918,B 红0.5秒后全黑,1.90,1,0,0,1346,1,1360,1360,2804,0.1555
20260918,B 红0.5秒后全黑,1.92,1,0,0,1346,1,1360,1360,2804,0.1553
20260918,B 红0.5秒后全黑,1.94,1,0,0,1346,1,1360,1360,2806,0.1554
20260918,B 红0.5秒后全黑,1.96,1,0,0,1346,1,1360,1360,2806,0.1558
20260918,B 红0.5秒后全黑,1.98,1,0,0,1346,1,1360,1360,2807,0.1558
20260918,B 红0.5秒后全黑,2.00,1,0,0,1346,1,1360,1360,2809,0.1556
20260918,B 红0.5秒后全黑,2.02,1,0,0,1346,1,1360,1360,2810,0.1555
20260918,B 红0.5秒后全黑,2.04,1,0,0,1346,1,1360,1360,2811,0.1553
20260918,B 红0.5秒后全黑,2.06,1,0,0,1346,1,1360,1360,2811,0.1551
20260918,B 红0.5秒后全黑,2.08,1,0,0,1346,1,1360,1360,2812,0.1550
20260918,B 红0.5秒后全黑,2.10,1,0,0,1346,1,1360,1360,2813,0.1547
20260918,B 红0.5秒后全黑,2.12,1,0,0,1346,1,1360,1360,2815,0.1550
20260918,B 红0.5秒后全黑,2.14,1,0,0,1346,1,1360,1360,2815,0.1546
20260918,B 红0.5秒后全黑,2.16,1,0,0,1346,1,1360,1360,2816,0.1546
20260918,B 红0.5秒后全黑,2.18,1,0,0,1346,1,1360,1360,2818,0.1548
20260918,B 红0.5秒后全黑,2.20,1,0,0,1346,1,1360,1360,2819,0.1545
20260918,B 红0.5秒后全黑,2.22,1,0,0,1346,1,1360,1360,2820,0.1544
20260918,B 红0.5秒后全黑,2.24,1,0,0,1346,1,1360,1360,2821,0.1542
20260918,B 红0.5秒后全黑,2.26,1,0,0,1346,1,1360,1360,2822,0.1546
20260918,B 红0.5秒后全黑,2.28,1,0,0,1346,1,1360,1360,2822,0.1551
20260918,B 红0.5秒后全黑,2.30,1,0,0,1346,1,1360,1360,2824,0.1545
20260918,B 红0.5秒后全黑,2.32,1,0,0,1346,1,1360,1360,2824,0.1548
20260918,B 红0.5秒后全黑,2.34,1,0,0,1346,1,1360,1360,2825,0.1554
20260918,B 红0.5秒后全黑,2.36,1,0,0,1346,1,1360,1360,2826,0.1555
20260918,B 红0.5秒后全黑,2.38,1,0,0,1346,1,1360,1360,2827,0.1554
20260918,B 红0.5秒后全黑,2.40,1,0,0,1346,1,1360,1360,2828,0.1555
20260918,B 红0.5秒后全黑,2.42,1,0,0,1346,1,1360,1360,2829,0.1554
20260918,B 红0.5秒后全黑,2.44,1,0,0,1346,1,1360,1360,2830,0.1556
20260918,B 红0.5秒后全黑,2.46,1,0,0,1346,1,1360,1360,2831,0.1556
20260918,B 红0.5秒后全黑,2.48,1,0,0,1346,1,1360,1360,2832,0.1555
20260918,B 红0.5秒后全黑,2.50,1,0,0,1346,1,1360,1360,2833,0.1555
20260918,B 红0.5秒后全黑,2.52,1,0,0,1346,1,1360,1360,2834,0.1554
20260918,B 红0.5秒后全黑,2.54,1,0,0,1346,1,1360,1360,2835,0.1553
20260918,B 红0.5秒后全黑,2.56,1,0,0,1346,1,1360,1360,2836,0.1552
20260918,B 红0.5秒后全黑,2.58,1,0,0,1346,1,1360,1360,2837,0.1552
20260918,B 红0.5秒后全黑,2.60,1,0,0,1346,1,1360,1360,2839,0.1555
20260918,B 红0.5秒后全黑,2.62,1,0,0,1346,1,1360,1360,2839,0.1548
20260918,B 红0.5秒后全黑,2.64,1,0,0,1346,1,1360,1360,2840,0.1548
20260918,B 红0.5秒后全黑,2.66,1,0,0,1346,1,1360,1360,2841,0.1547
20260918,B 红0.5秒后全黑,2.68,1,0,0,1346,1,1360,1360,2843,0.1549
20260918,B 红0.5秒后全黑,2.70,1,0,0,1346,1,1360,1360,2844,0.1549
20260918,B 红0.5秒后全黑,2.72,1,0,0,1346,1,1360,1360,2845,0.1549
20260918,B 红0.5秒后全黑,2.74,1,0,0,1346,1,1360,1360,2845,0.1549
20260918,B 红0.5秒后全黑,2.76,1,0,0,1346,1,1360,1360,2845,0.1549
20260918,B 红0.5秒后全黑,2.78,1,0,0,1346,1,1360,1360,2846,0.1548
20260918,B 红0.5秒后全黑,2.80,1,0,0,1346,1,1360,1360,2848,0.1549
20260918,B 红0.5秒后全黑,2.82,1,0,0,1346,1,1360,1360,2849,0.1550
20260918,B 红0.5秒后全黑,2.84,1,0,0,1346,1,1360,1360,2850,0.1551
20260918,B 红0.5秒后全黑,2.86,1,0,0,1346,1,1360,1360,2851,0.1550
20260918,B 红0.5秒后全黑,2.88,1,0,0,1346,1,1360,1360,2852,0.1549
20260918,B 红0.5秒后全黑,2.90,1,0,0,1346,1,1360,1360,2853,0.1549
20260918,B 红0.5秒后全黑,2.92,1,0,0,1346,1,1360,1360,2854,0.1543
20260918,B 红0.5秒后全黑,2.94,1,0,0,1346,1,1360,1360,2855,0.1542
20260918,B 红0.5秒后全黑,2.96,1,0,0,1346,1,1360,1360,2856,0.1541
20260918,B 红0.5秒后全黑,2.98,1,0,0,1346,1,1360,1360,2857,0.1539
20260918,C 同B+1.0秒打断运动记忆,0.00,0,1,1346,1346,1,1357,1360,1357,0.2607
20260918,C 同B+1.0秒打断运动记忆,0.02,1,1,1346,1346,1,1358,1360,1582,0.2565
20260918,C 同B+1.0秒打断运动记忆,0.04,1,1,1346,1346,1,1360,1360,1799,0.2525
20260918,C 同B+1.0秒打断运动记忆,0.06,1,1,1346,1346,1,1360,1360,1977,0.2594
20260918,C 同B+1.0秒打断运动记忆,0.08,1,1,1346,1346,1,1360,1360,2135,0.2739
20260918,C 同B+1.0秒打断运动记忆,0.10,1,1,1346,1346,1,1360,1360,2267,0.2900
20260918,C 同B+1.0秒打断运动记忆,0.12,1,1,1346,1346,1,1360,1360,2377,0.3055
20260918,C 同B+1.0秒打断运动记忆,0.14,1,1,1346,1346,1,1360,1360,2461,0.3215
20260918,C 同B+1.0秒打断运动记忆,0.16,1,1,1346,1346,1,1360,1360,2522,0.3376
20260918,C 同B+1.0秒打断运动记忆,0.18,1,1,1346,1346,1,1360,1360,2572,0.3531
20260918,C 同B+1.0秒打断运动记忆,0.20,1,1,1346,1346,1,1360,1360,2607,0.3677
20260918,C 同B+1.0秒打断运动记忆,0.22,1,1,1346,1346,1,1360,1360,2632,0.3801
20260918,C 同B+1.0秒打断运动记忆,0.24,1,1,1346,1346,1,1360,1360,2656,0.3891
20260918,C 同B+1.0秒打断运动记忆,0.26,1,1,1346,1346,1,1360,1360,2674,0.3952
20260918,C 同B+1.0秒打断运动记忆,0.28,1,1,1346,1346,1,1360,1360,2690,0.4005
20260918,C 同B+1.0秒打断运动记忆,0.30,1,1,1346,1346,1,1360,1360,2700,0.4051
20260918,C 同B+1.0秒打断运动记忆,0.32,1,1,1346,1346,1,1360,1360,2708,0.4087
20260918,C 同B+1.0秒打断运动记忆,0.34,1,1,1346,1346,1,1360,1360,2717,0.4103
20260918,C 同B+1.0秒打断运动记忆,0.36,1,1,1346,1346,1,1360,1360,2722,0.4111
20260918,C 同B+1.0秒打断运动记忆,0.38,1,1,1346,1346,1,1360,1360,2724,0.4122
20260918,C 同B+1.0秒打断运动记忆,0.40,1,1,1346,1346,1,1360,1360,2727,0.4137
20260918,C 同B+1.0秒打断运动记忆,0.42,1,1,1346,1346,1,1360,1360,2728,0.4143
20260918,C 同B+1.0秒打断运动记忆,0.44,1,1,1346,1346,1,1360,1360,2730,0.4142
20260918,C 同B+1.0秒打断运动记忆,0.46,1,1,1346,1346,1,1360,1360,2732,0.4136
20260918,C 同B+1.0秒打断运动记忆,0.48,1,1,1346,1346,1,1360,1360,2734,0.4125
20260918,C 同B+1.0秒打断运动记忆,0.50,1,0,0,1346,1,1360,1360,2736,0.4105
20260918,C 同B+1.0秒打断运动记忆,0.52,1,0,0,1346,1,1360,1360,2734,0.4065
20260918,C 同B+1.0秒打断运动记忆,0.54,1,0,0,1346,1,1360,1360,2735,0.3999
20260918,C 同B+1.0秒打断运动记忆,0.56,1,0,0,1346,1,1360,1360,2735,0.3893
20260918,C 同B+1.0秒打断运动记忆,0.58,1,0,0,1346,1,1360,1360,2736,0.3751
20260918,C 同B+1.0秒打断运动记忆,0.60,1,0,0,1346,1,1360,1360,2738,0.3579
20260918,C 同B+1.0秒打断运动记忆,0.62,1,0,0,1346,1,1360,1360,2739,0.3418
20260918,C 同B+1.0秒打断运动记忆,0.64,1,0,0,1346,1,1360,1360,2740,0.3332
20260918,C 同B+1.0秒打断运动记忆,0.66,1,0,0,1346,1,1360,1360,2741,0.3347
20260918,C 同B+1.0秒打断运动记忆,0.68,1,0,0,1346,1,1360,1360,2742,0.3387
20260918,C 同B+1.0秒打断运动记忆,0.70,1,0,0,1346,1,1360,1360,2743,0.3413
20260918,C 同B+1.0秒打断运动记忆,0.72,1,0,0,1346,1,1360,1360,2744,0.3408
20260918,C 同B+1.0秒打断运动记忆,0.74,1,0,0,1346,1,1360,1360,2745,0.3377
20260918,C 同B+1.0秒打断运动记忆,0.76,1,0,0,1346,1,1360,1360,2746,0.3336
20260918,C 同B+1.0秒打断运动记忆,0.78,1,0,0,1346,1,1360,1360,2747,0.3285
20260918,C 同B+1.0秒打断运动记忆,0.80,1,0,0,1346,1,1360,1360,2748,0.3225
20260918,C 同B+1.0秒打断运动记忆,0.82,1,0,0,1346,1,1360,1360,2749,0.3155
20260918,C 同B+1.0秒打断运动记忆,0.84,1,0,0,1346,1,1360,1360,2750,0.3083
20260918,C 同B+1.0秒打断运动记忆,0.86,1,0,0,1346,1,1360,1360,2751,0.2999
20260918,C 同B+1.0秒打断运动记忆,0.88,1,0,0,1346,1,1360,1360,2752,0.2895
20260918,C 同B+1.0秒打断运动记忆,0.90,1,0,0,1346,1,1360,1360,2753,0.2764
20260918,C 同B+1.0秒打断运动记忆,0.92,1,0,0,1346,1,1360,1360,2755,0.2610
20260918,C 同B+1.0秒打断运动记忆,0.94,1,0,0,1346,1,1360,1360,2756,0.2436
20260918,C 同B+1.0秒打断运动记忆,0.96,1,0,0,1346,1,1360,1360,2757,0.2377
20260918,C 同B+1.0秒打断运动记忆,0.98,1,0,0,1346,1,1360,1360,2757,0.2400
20260918,C 同B+1.0秒打断运动记忆,1.00,1,0,0,1346,1,1360,1360,2759,0.2428
20260918,C 同B+1.0秒打断运动记忆,1.02,0,0,0,1346,1,1360,1360,2759,0.2443
20260918,C 同B+1.0秒打断运动记忆,1.04,0,0,0,1346,1,1360,1360,2760,0.2443
20260918,C 同B+1.0秒打断运动记忆,1.06,0,0,0,1346,1,1360,1360,2760,0.2431
20260918,C 同B+1.0秒打断运动记忆,1.08,0,0,0,1346,1,1360,1360,2761,0.2410
20260918,C 同B+1.0秒打断运动记忆,1.10,0,0,0,1346,1,1360,1360,2763,0.2381
20260918,C 同B+1.0秒打断运动记忆,1.12,0,0,0,1346,1,1360,1360,2764,0.2338
20260918,C 同B+1.0秒打断运动记忆,1.14,0,0,0,1346,1,1360,1360,2765,0.2296
20260918,C 同B+1.0秒打断运动记忆,1.16,0,0,0,1346,1,1360,1360,2766,0.2238
20260918,C 同B+1.0秒打断运动记忆,1.18,0,0,0,1346,1,1360,1360,2766,0.2142
20260918,C 同B+1.0秒打断运动记忆,1.20,0,0,0,1346,1,1360,1360,2767,0.2007
20260918,C 同B+1.0秒打断运动记忆,1.22,0,0,0,1346,1,1360,1360,2768,0.1833
20260918,C 同B+1.0秒打断运动记忆,1.24,0,0,0,1346,1,1360,1360,2770,0.1636
20260918,C 同B+1.0秒打断运动记忆,1.26,0,0,0,1346,1,1360,1360,2771,0.1408
20260918,C 同B+1.0秒打断运动记忆,1.28,0,0,0,1346,1,1360,1360,2771,0.1227
20260918,C 同B+1.0秒打断运动记忆,1.30,0,0,0,1346,1,1360,1360,2772,0.1228
20260918,C 同B+1.0秒打断运动记忆,1.32,0,0,0,1346,1,1360,1360,2773,0.1283
20260918,C 同B+1.0秒打断运动记忆,1.34,0,0,0,1346,1,1360,1360,2775,0.1319
20260918,C 同B+1.0秒打断运动记忆,1.36,0,0,0,1346,1,1360,1360,2776,0.1325
20260918,C 同B+1.0秒打断运动记忆,1.38,0,0,0,1346,1,1360,1360,2776,0.1308
20260918,C 同B+1.0秒打断运动记忆,1.40,0,0,0,1346,1,1360,1360,2777,0.1265
20260918,C 同B+1.0秒打断运动记忆,1.42,0,0,0,1346,1,1360,1360,2778,0.1193
20260918,C 同B+1.0秒打断运动记忆,1.44,0,0,0,1346,1,1360,1360,2779,0.1093
20260918,C 同B+1.0秒打断运动记忆,1.46,0,0,0,1346,1,1360,1360,2780,0.0943
20260918,C 同B+1.0秒打断运动记忆,1.48,0,0,0,1346,1,1360,1360,2782,0.0761
20260918,C 同B+1.0秒打断运动记忆,1.50,0,0,0,1346,1,1360,1360,2782,0.0575
20260918,C 同B+1.0秒打断运动记忆,1.52,0,0,0,1346,1,1360,1360,2783,0.0548
20260918,C 同B+1.0秒打断运动记忆,1.54,0,0,0,1346,1,1360,1360,2784,0.0603
20260918,C 同B+1.0秒打断运动记忆,1.56,0,0,0,1346,1,1360,1360,2785,0.0643
20260918,C 同B+1.0秒打断运动记忆,1.58,0,0,0,1346,1,1360,1360,2786,0.0659
20260918,C 同B+1.0秒打断运动记忆,1.60,0,0,0,1346,1,1360,1360,2787,0.0651
20260918,C 同B+1.0秒打断运动记忆,1.62,0,0,0,1346,1,1360,1360,2788,0.0624
20260918,C 同B+1.0秒打断运动记忆,1.64,0,0,0,1346,1,1360,1360,2789,0.0605
20260918,C 同B+1.0秒打断运动记忆,1.66,0,0,0,1346,1,1360,1360,2790,0.0588
20260918,C 同B+1.0秒打断运动记忆,1.68,0,0,0,1346,1,1360,1360,2791,0.0577
20260918,C 同B+1.0秒打断运动记忆,1.70,0,0,0,1346,1,1360,1360,2792,0.0592
20260918,C 同B+1.0秒打断运动记忆,1.72,0,0,0,1346,1,1360,1360,2793,0.0605
20260918,C 同B+1.0秒打断运动记忆,1.74,0,0,0,1346,1,1360,1360,2794,0.0611
20260918,C 同B+1.0秒打断运动记忆,1.76,0,0,0,1346,1,1360,1360,2795,0.0611
20260918,C 同B+1.0秒打断运动记忆,1.78,0,0,0,1346,1,1360,1360,2796,0.0606
20260918,C 同B+1.0秒打断运动记忆,1.80,0,0,0,1346,1,1360,1360,2797,0.0595
20260918,C 同B+1.0秒打断运动记忆,1.82,0,0,0,1346,1,1360,1360,2798,0.0580
20260918,C 同B+1.0秒打断运动记忆,1.84,0,0,0,1346,1,1360,1360,2799,0.0578
20260918,C 同B+1.0秒打断运动记忆,1.86,0,0,0,1346,1,1360,1360,2800,0.0589
20260918,C 同B+1.0秒打断运动记忆,1.88,0,0,0,1346,1,1360,1360,2802,0.0595
20260918,C 同B+1.0秒打断运动记忆,1.90,0,0,0,1346,1,1360,1360,2803,0.0595
20260918,C 同B+1.0秒打断运动记忆,1.92,0,0,0,1346,1,1360,1360,2804,0.0589
20260918,C 同B+1.0秒打断运动记忆,1.94,0,0,0,1346,1,1360,1360,2805,0.0578
20260918,C 同B+1.0秒打断运动记忆,1.96,0,0,0,1346,1,1360,1360,2806,0.0578
20260918,C 同B+1.0秒打断运动记忆,1.98,0,0,0,1346,1,1360,1360,2807,0.0583
20260918,C 同B+1.0秒打断运动记忆,2.00,0,0,0,1346,1,1360,1360,2808,0.0582
20260918,C 同B+1.0秒打断运动记忆,2.02,0,0,0,1346,1,1360,1360,2809,0.0577
20260918,C 同B+1.0秒打断运动记忆,2.04,0,0,0,1346,1,1360,1360,2810,0.0577
20260918,C 同B+1.0秒打断运动记忆,2.06,0,0,0,1346,1,1360,1360,2811,0.0578
20260918,C 同B+1.0秒打断运动记忆,2.08,0,0,0,1346,1,1360,1360,2812,0.0578
20260918,C 同B+1.0秒打断运动记忆,2.10,0,0,0,1346,1,1360,1360,2813,0.0578
20260918,C 同B+1.0秒打断运动记忆,2.12,0,0,0,1346,1,1360,1360,2814,0.0579
20260918,C 同B+1.0秒打断运动记忆,2.14,0,0,0,1346,1,1360,1360,2815,0.0579
20260918,C 同B+1.0秒打断运动记忆,2.16,0,0,0,1346,1,1360,1360,2816,0.0579
20260918,C 同B+1.0秒打断运动记忆,2.18,0,0,0,1346,1,1360,1360,2816,0.0579
20260918,C 同B+1.0秒打断运动记忆,2.20,0,0,0,1346,1,1360,1360,2817,0.0579
20260918,C 同B+1.0秒打断运动记忆,2.22,0,0,0,1346,1,1360,1360,2818,0.0579
20260918,C 同B+1.0秒打断运动记忆,2.24,0,0,0,1346,1,1360,1360,2820,0.0579
20260918,C 同B+1.0秒打断运动记忆,2.26,0,0,0,1346,1,1360,1360,2821,0.0579
20260918,C 同B+1.0秒打断运动记忆,2.28,0,0,0,1346,1,1360,1360,2822,0.0579
20260918,C 同B+1.0秒打断运动记忆,2.30,0,0,0,1346,1,1360,1360,2823,0.0579
20260918,C 同B+1.0秒打断运动记忆,2.32,0,0,0,1346,1,1360,1360,2824,0.0579
20260918,C 同B+1.0秒打断运动记忆,2.34,0,0,0,1346,1,1360,1360,2825,0.0579
20260918,C 同B+1.0秒打断运动记忆,2.36,0,0,0,1346,1,1360,1360,2826,0.0579
20260918,C 同B+1.0秒打断运动记忆,2.38,0,0,0,1346,1,1360,1360,2827,0.0579
20260918,C 同B+1.0秒打断运动记忆,2.40,0,0,0,1346,1,1360,1360,2828,0.0579
20260918,C 同B+1.0秒打断运动记忆,2.42,0,0,0,1346,1,1360,1360,2829,0.0579
20260918,C 同B+1.0秒打断运动记忆,2.44,0,0,0,1346,1,1360,1360,2830,0.0579
20260918,C 同B+1.0秒打断运动记忆,2.46,0,0,0,1346,1,1360,1360,2831,0.0579
20260918,C 同B+1.0秒打断运动记忆,2.48,0,0,0,1346,1,1360,1360,2832,0.0579
20260918,C 同B+1.0秒打断运动记忆,2.50,0,0,0,1346,1,1360,1360,2833,0.0579
20260918,C 同B+1.0秒打断运动记忆,2.52,0,0,0,1346,1,1360,1360,2834,0.0594
20260918,C 同B+1.0秒打断运动记忆,2.54,0,0,0,1346,1,1360,1360,2836,0.0599
20260918,C 同B+1.0秒打断运动记忆,2.56,0,0,0,1346,1,1360,1360,2836,0.0579
20260918,C 同B+1.0秒打断运动记忆,2.58,0,0,0,1346,1,1360,1360,2837,0.0567
20260918,C 同B+1.0秒打断运动记忆,2.60,0,0,0,1346,1,1360,1360,2838,0.0571
20260918,C 同B+1.0秒打断运动记忆,2.62,0,0,0,1346,1,1360,1360,2839,0.0575
20260918,C 同B+1.0秒打断运动记忆,2.64,0,0,0,1346,1,1360,1360,2840,0.0577
20260918,C 同B+1.0秒打断运动记忆,2.66,0,0,0,1346,1,1360,1360,2841,0.0578
20260918,C 同B+1.0秒打断运动记忆,2.68,0,0,0,1346,1,1360,1360,2842,0.0579
20260918,C 同B+1.0秒打断运动记忆,2.70,0,0,0,1346,1,1360,1360,2843,0.0579
20260918,C 同B+1.0秒打断运动记忆,2.72,0,0,0,1346,1,1360,1360,2843,0.0579
20260918,C 同B+1.0秒打断运动记忆,2.74,0,0,0,1346,1,1360,1360,2844,0.0579
20260918,C 同B+1.0秒打断运动记忆,2.76,0,0,0,1346,1,1360,1360,2845,0.0579
20260918,C 同B+1.0秒打断运动记忆,2.78,0,0,0,1346,1,1360,1360,2846,0.0579
20260918,C 同B+1.0秒打断运动记忆,2.80,0,0,0,1346,1,1360,1360,2847,0.0579
20260918,C 同B+1.0秒打断运动记忆,2.82,0,0,0,1346,1,1360,1360,2848,0.0579
20260918,C 同B+1.0秒打断运动记忆,2.84,0,0,0,1346,1,1360,1360,2849,0.0579
20260918,C 同B+1.0秒打断运动记忆,2.86,0,0,0,1346,1,1360,1360,2850,0.0579
20260918,C 同B+1.0秒打断运动记忆,2.88,0,0,0,1346,1,1360,1360,2851,0.0579
20260918,C 同B+1.0秒打断运动记忆,2.90,0,0,0,1346,1,1360,1360,2852,0.0579
20260918,C 同B+1.0秒打断运动记忆,2.92,0,0,0,1346,1,1360,1360,2853,0.0579
20260918,C 同B+1.0秒打断运动记忆,2.94,0,0,0,1346,1,1360,1360,2854,0.0579
20260918,C 同B+1.0秒打断运动记忆,2.96,0,0,0,1346,1,1360,1360,2855,0.0579
20260918,C 同B+1.0秒打断运动记忆,2.98,0,0,0,1346,1,1360,1360,2856,0.0579
20260918,D 一直黑+1.0秒同样打断,0.00,0,0,0,1346,0,0,1360,0,0.2607
20260918,D 一直黑+1.0秒同样打断,0.02,0,0,0,1346,0,0,1360,0,0.2561
20260918,D 一直黑+1.0秒同样打断,0.04,0,0,0,1346,0,0,1360,0,0.2478
20260918,D 一直黑+1.0秒同样打断,0.06,0,0,0,1346,1,2,1360,2,0.2346
20260918,D 一直黑+1.0秒同样打断,0.08,0,0,0,1346,1,3,1360,5,0.2185
20260918,D 一直黑+1.0秒同样打断,0.10,0,0,0,1346,1,7,1360,11,0.2024
20260918,D 一直黑+1.0秒同样打断,0.12,0,0,0,1346,1,9,1360,15,0.1956
20260918,D 一直黑+1.0秒同样打断,0.14,0,0,0,1346,1,11,1360,19,0.1992
20260918,D 一直黑+1.0秒同样打断,0.16,0,0,0,1346,1,12,1360,21,0.2125
20260918,D 一直黑+1.0秒同样打断,0.18,0,0,0,1346,1,13,1360,25,0.2252
20260918,D 一直黑+1.0秒同样打断,0.20,0,0,0,1346,1,14,1360,27,0.2363
20260918,D 一直黑+1.0秒同样打断,0.22,0,0,0,1346,1,15,1360,29,0.2423
20260918,D 一直黑+1.0秒同样打断,0.24,0,0,0,1346,1,16,1360,31,0.2435
20260918,D 一直黑+1.0秒同样打断,0.26,0,0,0,1346,1,17,1360,33,0.2407
20260918,D 一直黑+1.0秒同样打断,0.28,0,0,0,1346,1,18,1360,35,0.2342
20260918,D 一直黑+1.0秒同样打断,0.30,0,0,0,1346,1,19,1360,37,0.2240
20260918,D 一直黑+1.0秒同样打断,0.32,0,0,0,1346,1,20,1360,39,0.2141
20260918,D 一直黑+1.0秒同样打断,0.34,0,0,0,1346,1,21,1360,41,0.2118
20260918,D 一直黑+1.0秒同样打断,0.36,0,0,0,1346,1,22,1360,43,0.2119
20260918,D 一直黑+1.0秒同样打断,0.38,0,0,0,1346,1,23,1360,45,0.2102
20260918,D 一直黑+1.0秒同样打断,0.40,0,0,0,1346,1,24,1360,47,0.2065
20260918,D 一直黑+1.0秒同样打断,0.42,0,0,0,1346,1,25,1360,49,0.2004
20260918,D 一直黑+1.0秒同样打断,0.44,0,0,0,1346,1,26,1360,51,0.1942
20260918,D 一直黑+1.0秒同样打断,0.46,0,0,0,1346,1,27,1360,53,0.1890
20260918,D 一直黑+1.0秒同样打断,0.48,0,0,0,1346,1,28,1360,55,0.1858
20260918,D 一直黑+1.0秒同样打断,0.50,0,0,0,1346,1,29,1360,57,0.1822
20260918,D 一直黑+1.0秒同样打断,0.52,0,0,0,1346,1,30,1360,59,0.1769
20260918,D 一直黑+1.0秒同样打断,0.54,0,0,0,1346,1,31,1360,62,0.1694
20260918,D 一直黑+1.0秒同样打断,0.56,0,0,0,1346,1,33,1360,65,0.1595
20260918,D 一直黑+1.0秒同样打断,0.58,0,0,0,1346,1,35,1360,68,0.1468
20260918,D 一直黑+1.0秒同样打断,0.60,0,0,0,1346,1,37,1360,71,0.1360
20260918,D 一直黑+1.0秒同样打断,0.62,0,0,0,1346,1,38,1360,73,0.1389
20260918,D 一直黑+1.0秒同样打断,0.64,0,0,0,1346,1,39,1360,76,0.1496
20260918,D 一直黑+1.0秒同样打断,0.66,0,0,0,1346,1,40,1360,78,0.1586
20260918,D 一直黑+1.0秒同样打断,0.68,0,0,0,1346,1,41,1360,79,0.1637
20260918,D 一直黑+1.0秒同样打断,0.70,0,0,0,1346,1,42,1360,81,0.1647
20260918,D 一直黑+1.0秒同样打断,0.72,0,0,0,1346,1,43,1360,83,0.1618
20260918,D 一直黑+1.0秒同样打断,0.74,0,0,0,1346,1,44,1360,85,0.1552
20260918,D 一直黑+1.0秒同样打断,0.76,0,0,0,1346,1,45,1360,87,0.1535
20260918,D 一直黑+1.0秒同样打断,0.78,0,0,0,1346,1,47,1360,90,0.1547
20260918,D 一直黑+1.0秒同样打断,0.80,0,0,0,1346,1,49,1360,94,0.1550
20260918,D 一直黑+1.0秒同样打断,0.82,0,0,0,1346,1,51,1360,99,0.1548
20260918,D 一直黑+1.0秒同样打断,0.84,0,0,0,1346,1,53,1360,103,0.1547
20260918,D 一直黑+1.0秒同样打断,0.86,0,0,0,1346,1,55,1360,107,0.1545
20260918,D 一直黑+1.0秒同样打断,0.88,0,0,0,1346,1,56,1360,111,0.1540
20260918,D 一直黑+1.0秒同样打断,0.90,0,0,0,1346,1,58,1360,116,0.1533
20260918,D 一直黑+1.0秒同样打断,0.92,0,0,0,1346,1,59,1360,120,0.1523
20260918,D 一直黑+1.0秒同样打断,0.94,0,0,0,1346,1,60,1360,123,0.1510
20260918,D 一直黑+1.0秒同样打断,0.96,0,0,0,1346,1,61,1360,126,0.1493
20260918,D 一直黑+1.0秒同样打断,0.98,0,0,0,1346,1,62,1360,129,0.1472
20260918,D 一直黑+1.0秒同样打断,1.00,0,0,0,1346,1,63,1360,132,0.1446
20260918,D 一直黑+1.0秒同样打断,1.02,0,0,0,1346,1,64,1360,135,0.1402
20260918,D 一直黑+1.0秒同样打断,1.04,0,0,0,1346,1,66,1360,138,0.1372
20260918,D 一直黑+1.0秒同样打断,1.06,0,0,0,1346,1,68,1360,142,0.1328
20260918,D 一直黑+1.0秒同样打断,1.08,0,0,0,1346,1,70,1360,144,0.1256
20260918,D 一直黑+1.0秒同样打断,1.10,0,0,0,1346,1,72,1360,147,0.1159
20260918,D 一直黑+1.0秒同样打断,1.12,0,0,0,1346,1,74,1360,150,0.1031
20260918,D 一直黑+1.0秒同样打断,1.14,0,0,0,1346,1,75,1360,152,0.0871
20260918,D 一直黑+1.0秒同样打断,1.16,0,0,0,1346,1,76,1360,154,0.0676
20260918,D 一直黑+1.0秒同样打断,1.18,0,0,0,1346,1,77,1360,156,0.0532
20260918,D 一直黑+1.0秒同样打断,1.20,0,0,0,1346,1,78,1360,159,0.0556
20260918,D 一直黑+1.0秒同样打断,1.22,0,0,0,1346,1,80,1360,162,0.0601
20260918,D 一直黑+1.0秒同样打断,1.24,0,0,0,1346,1,82,1360,165,0.0623
20260918,D 一直黑+1.0秒同样打断,1.26,0,0,0,1346,1,84,1360,169,0.0621
20260918,D 一直黑+1.0秒同样打断,1.28,0,0,0,1346,1,86,1360,172,0.0613
20260918,D 一直黑+1.0秒同样打断,1.30,0,0,0,1346,1,87,1360,174,0.0601
20260918,D 一直黑+1.0秒同样打断,1.32,0,0,0,1346,1,88,1360,176,0.0582
20260918,D 一直黑+1.0秒同样打断,1.34,0,0,0,1346,1,90,1360,179,0.0579
20260918,D 一直黑+1.0秒同样打断,1.36,0,0,0,1346,1,92,1360,182,0.0591
20260918,D 一直黑+1.0秒同样打断,1.38,0,0,0,1346,1,94,1360,185,0.0600
20260918,D 一直黑+1.0秒同样打断,1.40,0,0,0,1346,1,96,1360,188,0.0603
20260918,D 一直黑+1.0秒同样打断,1.42,0,0,0,1346,1,98,1360,191,0.0600
20260918,D 一直黑+1.0秒同样打断,1.44,0,0,0,1346,1,100,1360,194,0.0590
20260918,D 一直黑+1.0秒同样打断,1.46,0,0,0,1346,1,102,1360,197,0.0576
20260918,D 一直黑+1.0秒同样打断,1.48,0,0,0,1346,1,104,1360,200,0.0580
20260918,D 一直黑+1.0秒同样打断,1.50,0,0,0,1346,1,106,1360,204,0.0586
20260918,D 一直黑+1.0秒同样打断,1.52,0,0,0,1346,1,108,1360,208,0.0586
20260918,D 一直黑+1.0秒同样打断,1.54,0,0,0,1346,1,110,1360,213,0.0579
20260918,D 一直黑+1.0秒同样打断,1.56,0,0,0,1346,1,112,1360,218,0.0576
20260918,D 一直黑+1.0秒同样打断,1.58,0,0,0,1346,1,115,1360,225,0.0578
20260918,D 一直黑+1.0秒同样打断,1.60,0,0,0,1346,1,118,1360,233,0.0577
20260918,D 一直黑+1.0秒同样打断,1.62,0,0,0,1346,1,121,1360,240,0.0577
20260918,D 一直黑+1.0秒同样打断,1.64,0,0,0,1346,1,122,1360,245,0.0578
20260918,D 一直黑+1.0秒同样打断,1.66,0,0,0,1346,1,123,1360,251,0.0578
20260918,D 一直黑+1.0秒同样打断,1.68,0,0,0,1346,1,124,1360,257,0.0579
20260918,D 一直黑+1.0秒同样打断,1.70,0,0,0,1346,1,125,1360,262,0.0579
20260918,D 一直黑+1.0秒同样打断,1.72,0,0,0,1346,1,126,1360,267,0.0579
20260918,D 一直黑+1.0秒同样打断,1.74,0,0,0,1346,1,127,1360,272,0.0579
20260918,D 一直黑+1.0秒同样打断,1.76,0,0,0,1346,1,129,1360,276,0.0579
20260918,D 一直黑+1.0秒同样打断,1.78,0,0,0,1346,1,131,1360,281,0.0579
20260918,D 一直黑+1.0秒同样打断,1.80,0,0,0,1346,1,133,1360,286,0.0579
20260918,D 一直黑+1.0秒同样打断,1.82,0,0,0,1346,1,134,1360,291,0.0579
20260918,D 一直黑+1.0秒同样打断,1.84,0,0,0,1346,1,135,1360,296,0.0579
20260918,D 一直黑+1.0秒同样打断,1.86,0,0,0,1346,1,136,1360,300,0.0579
20260918,D 一直黑+1.0秒同样打断,1.88,0,0,0,1346,1,137,1360,305,0.0579
20260918,D 一直黑+1.0秒同样打断,1.90,0,0,0,1346,1,139,1360,310,0.0579
20260918,D 一直黑+1.0秒同样打断,1.92,0,0,0,1346,1,141,1360,315,0.0579
20260918,D 一直黑+1.0秒同样打断,1.94,0,0,0,1346,1,143,1360,321,0.0579
20260918,D 一直黑+1.0秒同样打断,1.96,0,0,0,1346,1,145,1360,327,0.0579
20260918,D 一直黑+1.0秒同样打断,1.98,0,0,0,1346,1,147,1360,333,0.0579
20260918,D 一直黑+1.0秒同样打断,2.00,0,0,0,1346,1,149,1360,339,0.0579
20260918,D 一直黑+1.0秒同样打断,2.02,0,0,0,1346,1,151,1360,345,0.0579
20260918,D 一直黑+1.0秒同样打断,2.04,0,0,0,1346,1,152,1360,350,0.0579
20260918,D 一直黑+1.0秒同样打断,2.06,0,0,0,1346,1,153,1360,354,0.0579
20260918,D 一直黑+1.0秒同样打断,2.08,0,0,0,1346,1,154,1360,358,0.0579
20260918,D 一直黑+1.0秒同样打断,2.10,0,0,0,1346,1,156,1360,363,0.0579
20260918,D 一直黑+1.0秒同样打断,2.12,0,0,0,1346,1,159,1360,369,0.0579
20260918,D 一直黑+1.0秒同样打断,2.14,0,0,0,1346,1,160,1360,374,0.0579
20260918,D 一直黑+1.0秒同样打断,2.16,0,0,0,1346,1,161,1360,380,0.0579
20260918,D 一直黑+1.0秒同样打断,2.18,0,0,0,1346,1,162,1360,384,0.0579
20260918,D 一直黑+1.0秒同样打断,2.20,0,0,0,1346,1,164,1360,389,0.0579
20260918,D 一直黑+1.0秒同样打断,2.22,0,0,0,1346,1,166,1360,394,0.0579
20260918,D 一直黑+1.0秒同样打断,2.24,0,0,0,1346,1,168,1360,400,0.0579
20260918,D 一直黑+1.0秒同样打断,2.26,0,0,0,1346,1,170,1360,405,0.0594
20260918,D 一直黑+1.0秒同样打断,2.28,0,0,0,1346,1,173,1360,412,0.0599
20260918,D 一直黑+1.0秒同样打断,2.30,0,0,0,1346,1,176,1360,419,0.0579
20260918,D 一直黑+1.0秒同样打断,2.32,0,0,0,1346,1,179,1360,426,0.0567
20260918,D 一直黑+1.0秒同样打断,2.34,0,0,0,1346,1,181,1360,431,0.0571
20260918,D 一直黑+1.0秒同样打断,2.36,0,0,0,1346,1,183,1360,436,0.0575
20260918,D 一直黑+1.0秒同样打断,2.38,0,0,0,1346,1,185,1360,439,0.0577
20260918,D 一直黑+1.0秒同样打断,2.40,0,0,0,1346,1,187,1360,442,0.0578
20260918,D 一直黑+1.0秒同样打断,2.42,0,0,0,1346,1,189,1360,445,0.0579
20260918,D 一直黑+1.0秒同样打断,2.44,0,0,0,1346,1,191,1360,449,0.0579
20260918,D 一直黑+1.0秒同样打断,2.46,0,0,0,1346,1,192,1360,453,0.0579
20260918,D 一直黑+1.0秒同样打断,2.48,0,0,0,1346,1,193,1360,458,0.0579
20260918,D 一直黑+1.0秒同样打断,2.50,0,0,0,1346,1,194,1360,464,0.0579
20260918,D 一直黑+1.0秒同样打断,2.52,0,0,0,1346,1,195,1360,471,0.0579
20260918,D 一直黑+1.0秒同样打断,2.54,0,0,0,1346,1,196,1360,479,0.0579
20260918,D 一直黑+1.0秒同样打断,2.56,0,0,0,1346,1,197,1360,485,0.0579
20260918,D 一直黑+1.0秒同样打断,2.58,0,0,0,1346,1,198,1360,491,0.0579
20260918,D 一直黑+1.0秒同样打断,2.60,0,0,0,1346,1,199,1360,498,0.0579
20260918,D 一直黑+1.0秒同样打断,2.62,0,0,0,1346,1,200,1360,504,0.0579
20260918,D 一直黑+1.0秒同样打断,2.64,0,0,0,1346,1,201,1360,509,0.0579
20260918,D 一直黑+1.0秒同样打断,2.66,0,0,0,1346,1,202,1360,514,0.0579
20260918,D 一直黑+1.0秒同样打断,2.68,0,0,0,1346,1,203,1360,518,0.0579
20260918,D 一直黑+1.0秒同样打断,2.70,0,0,0,1346,1,204,1360,522,0.0579
20260918,D 一直黑+1.0秒同样打断,2.72,0,0,0,1346,1,205,1360,526,0.0579
20260918,D 一直黑+1.0秒同样打断,2.74,0,0,0,1346,1,206,1360,530,0.0579
20260918,D 一直黑+1.0秒同样打断,2.76,0,0,0,1346,1,207,1360,534,0.0579
20260918,D 一直黑+1.0秒同样打断,2.78,0,0,0,1346,1,208,1360,537,0.0579
20260918,D 一直黑+1.0秒同样打断,2.80,0,0,0,1346,1,209,1360,541,0.0579
20260918,D 一直黑+1.0秒同样打断,2.82,0,0,0,1346,1,210,1360,546,0.0579
20260918,D 一直黑+1.0秒同样打断,2.84,0,0,0,1346,1,212,1360,550,0.0579
20260918,D 一直黑+1.0秒同样打断,2.86,0,0,0,1346,1,214,1360,554,0.0579
20260918,D 一直黑+1.0秒同样打断,2.88,0,0,0,1346,1,216,1360,558,0.0579
20260918,D 一直黑+1.0秒同样打断,2.90,0,0,0,1346,1,218,1360,563,0.0579
20260918,D 一直黑+1.0秒同样打断,2.92,0,0,0,1346,1,221,1360,569,0.0579
20260918,D 一直黑+1.0秒同样打断,2.94,0,0,0,1346,1,224,1360,576,0.0579
20260918,D 一直黑+1.0秒同样打断,2.96,0,0,0,1346,1,227,1360,583,0.0579
20260918,D 一直黑+1.0秒同样打断,2.98,0,0,0,1346,1,229,1360,589,0.0579
20260918,E 一直黑(不给红也不打断),0.00,0,0,0,1346,0,0,1360,0,0.2607
20260918,E 一直黑(不给红也不打断),0.02,0,0,0,1346,0,0,1360,0,0.2561
20260918,E 一直黑(不给红也不打断),0.04,0,0,0,1346,0,0,1360,0,0.2478
20260918,E 一直黑(不给红也不打断),0.06,0,0,0,1346,1,2,1360,2,0.2346
20260918,E 一直黑(不给红也不打断),0.08,0,0,0,1346,1,3,1360,5,0.2185
20260918,E 一直黑(不给红也不打断),0.10,0,0,0,1346,1,7,1360,11,0.2024
20260918,E 一直黑(不给红也不打断),0.12,0,0,0,1346,1,9,1360,15,0.1956
20260918,E 一直黑(不给红也不打断),0.14,0,0,0,1346,1,11,1360,19,0.1992
20260918,E 一直黑(不给红也不打断),0.16,0,0,0,1346,1,12,1360,21,0.2125
20260918,E 一直黑(不给红也不打断),0.18,0,0,0,1346,1,13,1360,25,0.2252
20260918,E 一直黑(不给红也不打断),0.20,0,0,0,1346,1,14,1360,27,0.2363
20260918,E 一直黑(不给红也不打断),0.22,0,0,0,1346,1,15,1360,29,0.2423
20260918,E 一直黑(不给红也不打断),0.24,0,0,0,1346,1,16,1360,31,0.2435
20260918,E 一直黑(不给红也不打断),0.26,0,0,0,1346,1,17,1360,33,0.2407
20260918,E 一直黑(不给红也不打断),0.28,0,0,0,1346,1,18,1360,35,0.2342
20260918,E 一直黑(不给红也不打断),0.30,0,0,0,1346,1,19,1360,37,0.2240
20260918,E 一直黑(不给红也不打断),0.32,0,0,0,1346,1,20,1360,39,0.2141
20260918,E 一直黑(不给红也不打断),0.34,0,0,0,1346,1,21,1360,41,0.2118
20260918,E 一直黑(不给红也不打断),0.36,0,0,0,1346,1,22,1360,43,0.2119
20260918,E 一直黑(不给红也不打断),0.38,0,0,0,1346,1,23,1360,45,0.2102
20260918,E 一直黑(不给红也不打断),0.40,0,0,0,1346,1,24,1360,47,0.2065
20260918,E 一直黑(不给红也不打断),0.42,0,0,0,1346,1,25,1360,49,0.2004
20260918,E 一直黑(不给红也不打断),0.44,0,0,0,1346,1,26,1360,51,0.1942
20260918,E 一直黑(不给红也不打断),0.46,0,0,0,1346,1,27,1360,53,0.1890
20260918,E 一直黑(不给红也不打断),0.48,0,0,0,1346,1,28,1360,55,0.1858
20260918,E 一直黑(不给红也不打断),0.50,0,0,0,1346,1,29,1360,57,0.1822
20260918,E 一直黑(不给红也不打断),0.52,0,0,0,1346,1,30,1360,59,0.1769
20260918,E 一直黑(不给红也不打断),0.54,0,0,0,1346,1,31,1360,62,0.1694
20260918,E 一直黑(不给红也不打断),0.56,0,0,0,1346,1,33,1360,65,0.1595
20260918,E 一直黑(不给红也不打断),0.58,0,0,0,1346,1,35,1360,68,0.1468
20260918,E 一直黑(不给红也不打断),0.60,0,0,0,1346,1,37,1360,71,0.1360
20260918,E 一直黑(不给红也不打断),0.62,0,0,0,1346,1,38,1360,73,0.1389
20260918,E 一直黑(不给红也不打断),0.64,0,0,0,1346,1,39,1360,76,0.1496
20260918,E 一直黑(不给红也不打断),0.66,0,0,0,1346,1,40,1360,78,0.1586
20260918,E 一直黑(不给红也不打断),0.68,0,0,0,1346,1,41,1360,79,0.1637
20260918,E 一直黑(不给红也不打断),0.70,0,0,0,1346,1,42,1360,81,0.1647
20260918,E 一直黑(不给红也不打断),0.72,0,0,0,1346,1,43,1360,83,0.1618
20260918,E 一直黑(不给红也不打断),0.74,0,0,0,1346,1,44,1360,85,0.1552
20260918,E 一直黑(不给红也不打断),0.76,0,0,0,1346,1,45,1360,87,0.1535
20260918,E 一直黑(不给红也不打断),0.78,0,0,0,1346,1,47,1360,90,0.1547
20260918,E 一直黑(不给红也不打断),0.80,0,0,0,1346,1,49,1360,94,0.1550
20260918,E 一直黑(不给红也不打断),0.82,0,0,0,1346,1,51,1360,99,0.1548
20260918,E 一直黑(不给红也不打断),0.84,0,0,0,1346,1,53,1360,103,0.1547
20260918,E 一直黑(不给红也不打断),0.86,0,0,0,1346,1,55,1360,107,0.1545
20260918,E 一直黑(不给红也不打断),0.88,0,0,0,1346,1,56,1360,111,0.1540
20260918,E 一直黑(不给红也不打断),0.90,0,0,0,1346,1,58,1360,116,0.1533
20260918,E 一直黑(不给红也不打断),0.92,0,0,0,1346,1,59,1360,120,0.1523
20260918,E 一直黑(不给红也不打断),0.94,0,0,0,1346,1,60,1360,123,0.1510
20260918,E 一直黑(不给红也不打断),0.96,0,0,0,1346,1,61,1360,126,0.1493
20260918,E 一直黑(不给红也不打断),0.98,0,0,0,1346,1,62,1360,129,0.1472
20260918,E 一直黑(不给红也不打断),1.00,0,0,0,1346,1,63,1360,132,0.1446
20260918,E 一直黑(不给红也不打断),1.02,0,0,0,1346,1,64,1360,135,0.1407
20260918,E 一直黑(不给红也不打断),1.04,0,0,0,1346,1,66,1360,138,0.1365
20260918,E 一直黑(不给红也不打断),1.06,0,0,0,1346,1,68,1360,141,0.1308
20260918,E 一直黑(不给红也不打断),1.08,0,0,0,1346,1,70,1360,144,0.1236
20260918,E 一直黑(不给红也不打断),1.10,0,0,0,1346,1,72,1360,147,0.1146
20260918,E 一直黑(不给红也不打断),1.12,0,0,0,1346,1,74,1360,150,0.1034
20260918,E 一直黑(不给红也不打断),1.14,0,0,0,1346,1,75,1360,152,0.0896
20260918,E 一直黑(不给红也不打断),1.16,0,0,0,1346,1,76,1360,154,0.0726
20260918,E 一直黑(不给红也不打断),1.18,0,0,0,1346,1,77,1360,156,0.0551
20260918,E 一直黑(不给红也不打断),1.20,0,0,0,1346,1,78,1360,158,0.0548
20260918,E 一直黑(不给红也不打断),1.22,0,0,0,1346,1,80,1360,161,0.0601
20260918,E 一直黑(不给红也不打断),1.24,0,0,0,1346,1,82,1360,165,0.0641
20260918,E 一直黑(不给红也不打断),1.26,0,0,0,1346,1,84,1360,169,0.0657
20260918,E 一直黑(不给红也不打断),1.28,0,0,0,1346,1,86,1360,172,0.0649
20260918,E 一直黑(不给红也不打断),1.30,0,0,0,1346,1,87,1360,174,0.0620
20260918,E 一直黑(不给红也不打断),1.32,0,0,0,1346,1,88,1360,176,0.0601
20260918,E 一直黑(不给红也不打断),1.34,0,0,0,1346,1,90,1360,179,0.0582
20260918,E 一直黑(不给红也不打断),1.36,0,0,0,1346,1,92,1360,182,0.0578
20260918,E 一直黑(不给红也不打断),1.38,0,0,0,1346,1,94,1360,185,0.0594
20260918,E 一直黑(不给红也不打断),1.40,0,0,0,1346,1,96,1360,188,0.0608
20260918,E 一直黑(不给红也不打断),1.42,0,0,0,1346,1,98,1360,191,0.0615
20260918,E 一直黑(不给红也不打断),1.44,0,0,0,1346,1,100,1360,194,0.0617
20260918,E 一直黑(不给红也不打断),1.46,0,0,0,1346,1,102,1360,197,0.0614
20260918,E 一直黑(不给红也不打断),1.48,0,0,0,1346,1,104,1360,200,0.0606
20260918,E 一直黑(不给红也不打断),1.50,0,0,0,1346,1,106,1360,204,0.0595
20260918,E 一直黑(不给红也不打断),1.52,0,0,0,1346,1,108,1360,208,0.0579
20260918,E 一直黑(不给红也不打断),1.54,0,0,0,1346,1,110,1360,213,0.0578
20260918,E 一直黑(不给红也不打断),1.56,0,0,0,1346,1,112,1360,218,0.0588
20260918,E 一直黑(不给红也不打断),1.58,0,0,0,1346,1,115,1360,225,0.0594
20260918,E 一直黑(不给红也不打断),1.60,0,0,0,1346,1,118,1360,233,0.0595
20260918,E 一直黑(不给红也不打断),1.62,0,0,0,1346,1,121,1360,240,0.0591
20260918,E 一直黑(不给红也不打断),1.64,0,0,0,1346,1,122,1360,245,0.0582
20260918,E 一直黑(不给红也不打断),1.66,0,0,0,1346,1,123,1360,251,0.0577
20260918,E 一直黑(不给红也不打断),1.68,0,0,0,1346,1,124,1360,257,0.0582
20260918,E 一直黑(不给红也不打断),1.70,0,0,0,1346,1,125,1360,262,0.0584
20260918,E 一直黑(不给红也不打断),1.72,0,0,0,1346,1,126,1360,267,0.0580
20260918,E 一直黑(不给红也不打断),1.74,0,0,0,1346,1,127,1360,272,0.0577
20260918,E 一直黑(不给红也不打断),1.76,0,0,0,1346,1,129,1360,276,0.0578
20260918,E 一直黑(不给红也不打断),1.78,0,0,0,1346,1,131,1360,281,0.0578
20260918,E 一直黑(不给红也不打断),1.80,0,0,0,1346,1,133,1360,286,0.0579
20260918,E 一直黑(不给红也不打断),1.82,0,0,0,1346,1,134,1360,291,0.0594
20260918,E 一直黑(不给红也不打断),1.84,0,0,0,1346,1,135,1360,297,0.0600
20260918,E 一直黑(不给红也不打断),1.86,0,0,0,1346,1,136,1360,301,0.0580
20260918,E 一直黑(不给红也不打断),1.88,0,0,0,1346,1,137,1360,306,0.0568
20260918,E 一直黑(不给红也不打断),1.90,0,0,0,1346,1,139,1360,311,0.0571
20260918,E 一直黑(不给红也不打断),1.92,0,0,0,1346,1,141,1360,316,0.0575
20260918,E 一直黑(不给红也不打断),1.94,0,0,0,1346,1,143,1360,322,0.0577
20260918,E 一直黑(不给红也不打断),1.96,0,0,0,1346,1,145,1360,328,0.0578
20260918,E 一直黑(不给红也不打断),1.98,0,0,0,1346,1,147,1360,334,0.0579
20260918,E 一直黑(不给红也不打断),2.00,0,0,0,1346,1,149,1360,340,0.0579
20260918,E 一直黑(不给红也不打断),2.02,0,0,0,1346,1,151,1360,345,0.0579
20260918,E 一直黑(不给红也不打断),2.04,0,0,0,1346,1,152,1360,350,0.0579
20260918,E 一直黑(不给红也不打断),2.06,0,0,0,1346,1,153,1360,354,0.0579
20260918,E 一直黑(不给红也不打断),2.08,0,0,0,1346,1,154,1360,358,0.0579
20260918,E 一直黑(不给红也不打断),2.10,0,0,0,1346,1,156,1360,363,0.0579
20260918,E 一直黑(不给红也不打断),2.12,0,0,0,1346,1,159,1360,369,0.0579
20260918,E 一直黑(不给红也不打断),2.14,0,0,0,1346,1,160,1360,374,0.0579
20260918,E 一直黑(不给红也不打断),2.16,0,0,0,1346,1,161,1360,380,0.0579
20260918,E 一直黑(不给红也不打断),2.18,0,0,0,1346,1,162,1360,384,0.0579
20260918,E 一直黑(不给红也不打断),2.20,0,0,0,1346,1,164,1360,389,0.0579
20260918,E 一直黑(不给红也不打断),2.22,0,0,0,1346,1,166,1360,394,0.0579
20260918,E 一直黑(不给红也不打断),2.24,0,0,0,1346,1,168,1360,400,0.0579
20260918,E 一直黑(不给红也不打断),2.26,0,0,0,1346,1,170,1360,405,0.0579
20260918,E 一直黑(不给红也不打断),2.28,0,0,0,1346,1,173,1360,411,0.0579
20260918,E 一直黑(不给红也不打断),2.30,0,0,0,1346,1,176,1360,418,0.0579
20260918,E 一直黑(不给红也不打断),2.32,0,0,0,1346,1,179,1360,425,0.0579
20260918,E 一直黑(不给红也不打断),2.34,0,0,0,1346,1,181,1360,430,0.0579
20260918,E 一直黑(不给红也不打断),2.36,0,0,0,1346,1,183,1360,435,0.0579
20260918,E 一直黑(不给红也不打断),2.38,0,0,0,1346,1,185,1360,438,0.0579
20260918,E 一直黑(不给红也不打断),2.40,0,0,0,1346,1,187,1360,441,0.0579
20260918,E 一直黑(不给红也不打断),2.42,0,0,0,1346,1,189,1360,444,0.0579
20260918,E 一直黑(不给红也不打断),2.44,0,0,0,1346,1,191,1360,448,0.0579
20260918,E 一直黑(不给红也不打断),2.46,0,0,0,1346,1,192,1360,453,0.0579
20260918,E 一直黑(不给红也不打断),2.48,0,0,0,1346,1,193,1360,458,0.0579
20260918,E 一直黑(不给红也不打断),2.50,0,0,0,1346,1,194,1360,464,0.0579
20260918,E 一直黑(不给红也不打断),2.52,0,0,0,1346,1,195,1360,471,0.0579
20260918,E 一直黑(不给红也不打断),2.54,0,0,0,1346,1,196,1360,479,0.0579
20260918,E 一直黑(不给红也不打断),2.56,0,0,0,1346,1,197,1360,485,0.0579
20260918,E 一直黑(不给红也不打断),2.58,0,0,0,1346,1,198,1360,491,0.0579
20260918,E 一直黑(不给红也不打断),2.60,0,0,0,1346,1,199,1360,498,0.0579
20260918,E 一直黑(不给红也不打断),2.62,0,0,0,1346,1,200,1360,504,0.0579
20260918,E 一直黑(不给红也不打断),2.64,0,0,0,1346,1,201,1360,509,0.0579
20260918,E 一直黑(不给红也不打断),2.66,0,0,0,1346,1,202,1360,514,0.0579
20260918,E 一直黑(不给红也不打断),2.68,0,0,0,1346,1,203,1360,518,0.0579
20260918,E 一直黑(不给红也不打断),2.70,0,0,0,1346,1,204,1360,522,0.0579
20260918,E 一直黑(不给红也不打断),2.72,0,0,0,1346,1,205,1360,526,0.0579
20260918,E 一直黑(不给红也不打断),2.74,0,0,0,1346,1,206,1360,530,0.0579
20260918,E 一直黑(不给红也不打断),2.76,0,0,0,1346,1,207,1360,534,0.0579
20260918,E 一直黑(不给红也不打断),2.78,0,0,0,1346,1,208,1360,537,0.0579
20260918,E 一直黑(不给红也不打断),2.80,0,0,0,1346,1,209,1360,541,0.0579
20260918,E 一直黑(不给红也不打断),2.82,0,0,0,1346,1,210,1360,546,0.0579
20260918,E 一直黑(不给红也不打断),2.84,0,0,0,1346,1,212,1360,550,0.0579
20260918,E 一直黑(不给红也不打断),2.86,0,0,0,1346,1,214,1360,554,0.0579
20260918,E 一直黑(不给红也不打断),2.88,0,0,0,1346,1,216,1360,558,0.0579
20260918,E 一直黑(不给红也不打断),2.90,0,0,0,1346,1,218,1360,563,0.0579
20260918,E 一直黑(不给红也不打断),2.92,0,0,0,1346,1,221,1360,569,0.0579
20260918,E 一直黑(不给红也不打断),2.94,0,0,0,1346,1,224,1360,576,0.0579
20260918,E 一直黑(不给红也不打断),2.96,0,0,0,1346,1,227,1360,583,0.0579
20260918,E 一直黑(不给红也不打断),2.98,0,0,0,1346,1,229,1360,589,0.0579
