种子,幕名,秒,走路,视觉红,视觉红数,视觉红块,前额叶红,前额叶红数,前额叶红块,前额叶亮,高度
20260914,A 一直红,0.00,0,1,1346,1346,1,1357,1360,1357,0.2607
20260914,A 一直红,0.02,1,1,1346,1346,1,1357,1360,1357,0.2565
20260914,A 一直红,0.04,1,1,1346,1346,1,1360,1360,1366,0.2525
20260914,A 一直红,0.06,1,1,1346,1346,1,1360,1360,1366,0.2594
20260914,A 一直红,0.08,1,1,1346,1346,1,1360,1360,1365,0.2739
20260914,A 一直红,0.10,1,1,1346,1346,1,1360,1360,1364,0.2900
20260914,A 一直红,0.12,1,1,1346,1346,1,1360,1360,1364,0.3054
20260914,A 一直红,0.14,1,1,1346,1346,1,1360,1360,1364,0.3204
20260914,A 一直红,0.16,1,1,1346,1346,1,1359,1360,1365,0.3345
20260914,A 一直红,0.18,1,1,1346,1346,1,1360,1360,1368,0.3475
20260914,A 一直红,0.20,1,1,1346,1346,1,1360,1360,1368,0.3597
20260914,A 一直红,0.22,1,1,1346,1346,1,1360,1360,1368,0.3705
20260914,A 一直红,0.24,1,1,1346,1346,1,1360,1360,1368,0.3789
20260914,A 一直红,0.26,1,1,1346,1346,1,1359,1360,1365,0.3846
20260914,A 一直红,0.28,1,1,1346,1346,1,1360,1360,1368,0.3893
20260914,A 一直红,0.30,1,1,1346,1346,1,1360,1360,1366,0.3932
20260914,A 一直红,0.32,1,1,1346,1346,1,1360,1360,1366,0.3960
20260914,A 一直红,0.34,1,1,1346,1346,1,1360,1360,1366,0.3982
20260914,A 一直红,0.36,1,1,1346,1346,1,1360,1360,1366,0.3998
20260914,A 一直红,0.38,1,1,1346,1346,1,1360,1360,1365,0.3992
20260914,A 一直红,0.40,1,1,1346,1346,1,1360,1360,1364,0.3958
20260914,A 一直红,0.42,1,1,1346,1346,1,1360,1360,1364,0.3912
20260914,A 一直红,0.44,1,1,1346,1346,1,1360,1360,1364,0.3867
20260914,A 一直红,0.46,1,1,1346,1346,1,1360,1360,1366,0.3814
20260914,A 一直红,0.48,1,1,1346,1346,1,1360,1360,1368,0.3754
20260914,A 一直红,0.50,1,1,1346,1346,1,1360,1360,1368,0.3693
20260914,A 一直红,0.52,1,1,1346,1346,1,1360,1360,1368,0.3621
20260914,A 一直红,0.54,1,1,1346,1346,1,1360,1360,1368,0.3533
20260914,A 一直红,0.56,1,1,1346,1346,1,1359,1360,1365,0.3474
20260914,A 一直红,0.58,1,1,1346,1346,1,1359,1360,1365,0.3484
20260914,A 一直红,0.60,1,1,1346,1346,1,1360,1360,1368,0.3517
20260914,A 一直红,0.62,1,1,1346,1346,1,1360,1360,1366,0.3544
20260914,A 一直红,0.64,1,1,1346,1346,1,1360,1360,1368,0.3558
20260914,A 一直红,0.66,1,1,1346,1346,1,1360,1360,1366,0.3572
20260914,A 一直红,0.68,1,1,1346,1346,1,1360,1360,1365,0.3600
20260914,A 一直红,0.70,1,1,1346,1346,1,1360,1360,1364,0.3634
20260914,A 一直红,0.72,1,1,1346,1346,1,1360,1360,1364,0.3639
20260914,A 一直红,0.74,1,1,1346,1346,1,1360,1360,1364,0.3620
20260914,A 一直红,0.76,1,1,1346,1346,1,1359,1360,1365,0.3591
20260914,A 一直红,0.78,1,1,1346,1346,1,1360,1360,1368,0.3572
20260914,A 一直红,0.80,1,1,1346,1346,1,1360,1360,1368,0.3584
20260914,A 一直红,0.82,1,1,1346,1346,1,1360,1360,1368,0.3621
20260914,A 一直红,0.84,1,1,1346,1346,1,1360,1360,1368,0.3673
20260914,A 一直红,0.86,1,1,1346,1346,1,1359,1360,1365,0.3712
20260914,A 一直红,0.88,1,1,1346,1346,1,1359,1360,1365,0.3729
20260914,A 一直红,0.90,1,1,1346,1346,1,1360,1360,1366,0.3712
20260914,A 一直红,0.92,1,1,1346,1346,1,1360,1360,1366,0.3664
20260914,A 一直红,0.94,1,1,1346,1346,1,1360,1360,1366,0.3600
20260914,A 一直红,0.96,1,1,1346,1346,1,1360,1360,1366,0.3541
20260914,A 一直红,0.98,1,1,1346,1346,1,1360,1360,1365,0.3502
20260914,A 一直红,1.00,1,1,1346,1346,1,1360,1360,1364,0.3546
20260914,A 一直红,1.02,1,1,1346,1346,1,1360,1360,1364,0.3606
20260914,A 一直红,1.04,1,1,1346,1346,1,1360,1360,1364,0.3658
20260914,A 一直红,1.06,1,1,1346,1346,1,1359,1360,1365,0.3696
20260914,A 一直红,1.08,1,1,1346,1346,1,1360,1360,1368,0.3723
20260914,A 一直红,1.10,1,1,1346,1346,1,1360,1360,1368,0.3735
20260914,A 一直红,1.12,1,1,1346,1346,1,1360,1360,1368,0.3721
20260914,A 一直红,1.14,1,1,1346,1346,1,1360,1360,1368,0.3692
20260914,A 一直红,1.16,1,1,1346,1346,1,1359,1360,1365,0.3652
20260914,A 一直红,1.18,1,1,1346,1346,1,1359,1360,1365,0.3629
20260914,A 一直红,1.20,1,1,1346,1346,1,1360,1360,1368,0.3623
20260914,A 一直红,1.22,1,1,1346,1346,1,1360,1360,1366,0.3623
20260914,A 一直红,1.24,1,1,1346,1346,1,1360,1360,1366,0.3621
20260914,A 一直红,1.26,1,1,1346,1346,1,1360,1360,1366,0.3600
20260914,A 一直红,1.28,1,1,1346,1346,1,1360,1360,1365,0.3577
20260914,A 一直红,1.30,1,1,1346,1346,1,1360,1360,1364,0.3607
20260914,A 一直红,1.32,1,1,1346,1346,1,1360,1360,1366,0.3647
20260914,A 一直红,1.34,1,1,1346,1346,1,1360,1360,1364,0.3680
20260914,A 一直红,1.36,1,1,1346,1346,1,1359,1360,1365,0.3697
20260914,A 一直红,1.38,1,1,1346,1346,1,1360,1360,1368,0.3700
20260914,A 一直红,1.40,1,1,1346,1346,1,1360,1360,1368,0.3687
20260914,A 一直红,1.42,1,1,1346,1346,1,1360,1360,1368,0.3654
20260914,A 一直红,1.44,1,1,1346,1346,1,1360,1360,1368,0.3643
20260914,A 一直红,1.46,1,1,1346,1346,1,1359,1360,1365,0.3659
20260914,A 一直红,1.48,1,1,1346,1346,1,1359,1360,1365,0.3671
20260914,A 一直红,1.50,1,1,1346,1346,1,1360,1360,1366,0.3658
20260914,A 一直红,1.52,1,1,1346,1346,1,1360,1360,1366,0.3628
20260914,A 一直红,1.54,1,1,1346,1346,1,1360,1360,1366,0.3604
20260914,A 一直红,1.56,1,1,1346,1346,1,1360,1360,1366,0.3569
20260914,A 一直红,1.58,1,1,1346,1346,1,1360,1360,1365,0.3532
20260914,A 一直红,1.60,1,1,1346,1346,1,1360,1360,1364,0.3566
20260914,A 一直红,1.62,1,1,1346,1346,1,1360,1360,1364,0.3619
20260914,A 一直红,1.64,1,1,1346,1346,1,1360,1360,1364,0.3667
20260914,A 一直红,1.66,1,1,1346,1346,1,1359,1360,1365,0.3700
20260914,A 一直红,1.68,1,1,1346,1346,1,1360,1360,1368,0.3722
20260914,A 一直红,1.70,1,1,1346,1346,1,1360,1360,1368,0.3727
20260914,A 一直红,1.72,1,1,1346,1346,1,1360,1360,1368,0.3705
20260914,A 一直红,1.74,1,1,1346,1346,1,1360,1360,1368,0.3673
20260914,A 一直红,1.76,1,1,1346,1346,1,1359,1360,1365,0.3663
20260914,A 一直红,1.78,1,1,1346,1346,1,1359,1360,1365,0.3663
20260914,A 一直红,1.80,1,1,1346,1346,1,1360,1360,1366,0.3640
20260914,A 一直红,1.82,1,1,1346,1346,1,1360,1360,1366,0.3606
20260914,A 一直红,1.84,1,1,1346,1346,1,1360,1360,1366,0.3587
20260914,A 一直红,1.86,1,1,1346,1346,1,1360,1360,1366,0.3557
20260914,A 一直红,1.88,1,1,1346,1346,1,1360,1360,1365,0.3520
20260914,A 一直红,1.90,1,1,1346,1346,1,1360,1360,1364,0.3557
20260914,A 一直红,1.92,1,1,1346,1346,1,1360,1360,1364,0.3615
20260914,A 一直红,1.94,1,1,1346,1346,1,1360,1360,1364,0.3667
20260914,A 一直红,1.96,1,1,1346,1346,1,1359,1360,1365,0.3705
20260914,A 一直红,1.98,1,1,1346,1346,1,1360,1360,1368,0.3729
20260914,A 一直红,2.00,1,1,1346,1346,1,1360,1360,1368,0.3736
20260914,A 一直红,2.02,1,1,1346,1346,1,1360,1360,1368,0.3716
20260914,A 一直红,2.04,1,1,1346,1346,1,1360,1360,1368,0.3678
20260914,A 一直红,2.06,1,1,1346,1346,1,1359,1360,1365,0.3633
20260914,A 一直红,2.08,1,1,1346,1346,1,1360,1360,1368,0.3619
20260914,A 一直红,2.10,1,1,1346,1346,1,1360,1360,1366,0.3600
20260914,A 一直红,2.12,1,1,1346,1346,1,1360,1360,1366,0.3568
20260914,A 一直红,2.14,1,1,1346,1346,1,1360,1360,1366,0.3542
20260914,A 一直红,2.16,1,1,1346,1346,1,1360,1360,1366,0.3515
20260914,A 一直红,2.18,1,1,1346,1346,1,1360,1360,1365,0.3513
20260914,A 一直红,2.20,1,1,1346,1346,1,1360,1360,1364,0.3576
20260914,A 一直红,2.22,1,1,1346,1346,1,1360,1360,1364,0.3641
20260914,A 一直红,2.24,1,1,1346,1346,1,1360,1360,1364,0.3694
20260914,A 一直红,2.26,1,1,1346,1346,1,1359,1360,1365,0.3729
20260914,A 一直红,2.28,1,1,1346,1346,1,1360,1360,1368,0.3751
20260914,A 一直红,2.30,1,1,1346,1346,1,1360,1360,1368,0.3755
20260914,A 一直红,2.32,1,1,1346,1346,1,1360,1360,1368,0.3734
20260914,A 一直红,2.34,1,1,1346,1346,1,1360,1360,1368,0.3693
20260914,A 一直红,2.36,1,1,1346,1346,1,1359,1360,1365,0.3645
20260914,A 一直红,2.38,1,1,1346,1346,1,1359,1360,1365,0.3616
20260914,A 一直红,2.40,1,1,1346,1346,1,1360,1360,1368,0.3597
20260914,A 一直红,2.42,1,1,1346,1346,1,1360,1360,1366,0.3578
20260914,A 一直红,2.44,1,1,1346,1346,1,1360,1360,1366,0.3568
20260914,A 一直红,2.46,1,1,1346,1346,1,1360,1360,1366,0.3547
20260914,A 一直红,2.48,1,1,1346,1346,1,1360,1360,1365,0.3540
20260914,A 一直红,2.50,1,1,1346,1346,1,1360,1360,1364,0.3592
20260914,A 一直红,2.52,1,1,1346,1346,1,1360,1360,1364,0.3651
20260914,A 一直红,2.54,1,1,1346,1346,1,1360,1360,1364,0.3700
20260914,A 一直红,2.56,1,1,1346,1346,1,1359,1360,1365,0.3730
20260914,A 一直红,2.58,1,1,1346,1346,1,1360,1360,1368,0.3745
20260914,A 一直红,2.60,1,1,1346,1346,1,1360,1360,1368,0.3743
20260914,A 一直红,2.62,1,1,1346,1346,1,1360,1360,1368,0.3716
20260914,A 一直红,2.64,1,1,1346,1346,1,1360,1360,1368,0.3673
20260914,A 一直红,2.66,1,1,1346,1346,1,1359,1360,1365,0.3631
20260914,A 一直红,2.68,1,1,1346,1346,1,1360,1360,1368,0.3620
20260914,A 一直红,2.70,1,1,1346,1346,1,1360,1360,1366,0.3602
20260914,A 一直红,2.72,1,1,1346,1346,1,1360,1360,1366,0.3570
20260914,A 一直红,2.74,1,1,1346,1346,1,1360,1360,1366,0.3552
20260914,A 一直红,2.76,1,1,1346,1346,1,1360,1360,1366,0.3529
20260914,A 一直红,2.78,1,1,1346,1346,1,1360,1360,1365,0.3517
20260914,A 一直红,2.80,1,1,1346,1346,1,1360,1360,1364,0.3574
20260914,A 一直红,2.82,1,1,1346,1346,1,1360,1360,1364,0.3637
20260914,A 一直红,2.84,1,1,1346,1346,1,1360,1360,1364,0.3690
20260914,A 一直红,2.86,1,1,1346,1346,1,1359,1360,1365,0.3727
20260914,A 一直红,2.88,1,1,1346,1346,1,1360,1360,1368,0.3752
20260914,A 一直红,2.90,1,1,1346,1346,1,1360,1360,1368,0.3760
20260914,A 一直红,2.92,1,1,1346,1346,1,1360,1360,1368,0.3741
20260914,A 一直红,2.94,1,1,1346,1346,1,1360,1360,1368,0.3699
20260914,A 一直红,2.96,1,1,1346,1346,1,1359,1360,1365,0.3640
20260914,A 一直红,2.98,1,1,1346,1346,1,1360,1360,1368,0.3609
20260914,B 红0.5秒后全黑,0.00,0,1,1346,1346,1,1357,1360,1357,0.2607
20260914,B 红0.5秒后全黑,0.02,1,1,1346,1346,1,1357,1360,1357,0.2565
20260914,B 红0.5秒后全黑,0.04,1,1,1346,1346,1,1360,1360,1366,0.2525
20260914,B 红0.5秒后全黑,0.06,1,1,1346,1346,1,1360,1360,1366,0.2594
20260914,B 红0.5秒后全黑,0.08,1,1,1346,1346,1,1360,1360,1365,0.2739
20260914,B 红0.5秒后全黑,0.10,1,1,1346,1346,1,1360,1360,1364,0.2900
20260914,B 红0.5秒后全黑,0.12,1,1,1346,1346,1,1360,1360,1364,0.3054
20260914,B 红0.5秒后全黑,0.14,1,1,1346,1346,1,1360,1360,1364,0.3204
20260914,B 红0.5秒后全黑,0.16,1,1,1346,1346,1,1359,1360,1365,0.3345
20260914,B 红0.5秒后全黑,0.18,1,1,1346,1346,1,1360,1360,1368,0.3475
20260914,B 红0.5秒后全黑,0.20,1,1,1346,1346,1,1360,1360,1368,0.3597
20260914,B 红0.5秒后全黑,0.22,1,1,1346,1346,1,1360,1360,1368,0.3705
20260914,B 红0.5秒后全黑,0.24,1,1,1346,1346,1,1360,1360,1368,0.3789
20260914,B 红0.5秒后全黑,0.26,1,1,1346,1346,1,1359,1360,1365,0.3846
20260914,B 红0.5秒后全黑,0.28,1,1,1346,1346,1,1360,1360,1368,0.3893
20260914,B 红0.5秒后全黑,0.30,1,1,1346,1346,1,1360,1360,1366,0.3932
20260914,B 红0.5秒后全黑,0.32,1,1,1346,1346,1,1360,1360,1366,0.3960
20260914,B 红0.5秒后全黑,0.34,1,1,1346,1346,1,1360,1360,1366,0.3982
20260914,B 红0.5秒后全黑,0.36,1,1,1346,1346,1,1360,1360,1366,0.3998
20260914,B 红0.5秒后全黑,0.38,1,1,1346,1346,1,1360,1360,1365,0.3992
20260914,B 红0.5秒后全黑,0.40,1,1,1346,1346,1,1360,1360,1364,0.3958
20260914,B 红0.5秒后全黑,0.42,1,1,1346,1346,1,1360,1360,1364,0.3912
20260914,B 红0.5秒后全黑,0.44,1,1,1346,1346,1,1360,1360,1364,0.3867
20260914,B 红0.5秒后全黑,0.46,1,1,1346,1346,1,1360,1360,1366,0.3814
20260914,B 红0.5秒后全黑,0.48,1,1,1346,1346,1,1360,1360,1368,0.3754
20260914,B 红0.5秒后全黑,0.50,1,0,0,1346,1,3,1360,11,0.3693
20260914,B 红0.5秒后全黑,0.52,1,0,0,1346,1,3,1360,10,0.3621
20260914,B 红0.5秒后全黑,0.54,1,0,0,1346,1,3,1360,10,0.3533
20260914,B 红0.5秒后全黑,0.56,1,0,0,1346,1,2,1360,6,0.3474
20260914,B 红0.5秒后全黑,0.58,1,0,0,1346,1,2,1360,6,0.3481
20260914,B 红0.5秒后全黑,0.60,1,0,0,1346,1,3,1360,9,0.3515
20260914,B 红0.5秒后全黑,0.62,1,0,0,1346,1,3,1360,9,0.3541
20260914,B 红0.5秒后全黑,0.64,1,0,0,1346,1,3,1360,9,0.3554
20260914,B 红0.5秒后全黑,0.66,1,0,0,1346,1,3,1360,9,0.3558
20260914,B 红0.5秒后全黑,0.68,1,0,0,1346,1,3,1360,8,0.3583
20260914,B 红0.5秒后全黑,0.70,1,0,0,1346,1,3,1360,6,0.3621
20260914,B 红0.5秒后全黑,0.72,1,0,0,1346,1,3,1360,7,0.3629
20260914,B 红0.5秒后全黑,0.74,1,0,0,1346,1,3,1360,6,0.3602
20260914,B 红0.5秒后全黑,0.76,1,0,0,1346,1,2,1360,7,0.3557
20260914,B 红0.5秒后全黑,0.78,1,0,0,1346,1,3,1360,10,0.3542
20260914,B 红0.5秒后全黑,0.80,1,0,0,1346,1,3,1360,10,0.3559
20260914,B 红0.5秒后全黑,0.82,1,0,0,1346,1,3,1360,10,0.3595
20260914,B 红0.5秒后全黑,0.84,1,0,0,1346,1,3,1360,10,0.3646
20260914,B 红0.5秒后全黑,0.86,1,0,0,1346,1,2,1360,6,0.3686
20260914,B 红0.5秒后全黑,0.88,1,0,0,1346,1,2,1360,6,0.3704
20260914,B 红0.5秒后全黑,0.90,1,0,0,1346,1,3,1360,9,0.3689
20260914,B 红0.5秒后全黑,0.92,1,0,0,1346,1,3,1360,9,0.3648
20260914,B 红0.5秒后全黑,0.94,1,0,0,1346,1,3,1360,9,0.3613
20260914,B 红0.5秒后全黑,0.96,1,0,0,1346,1,3,1360,9,0.3581
20260914,B 红0.5秒后全黑,0.98,1,0,0,1346,1,3,1360,7,0.3541
20260914,B 红0.5秒后全黑,1.00,1,0,0,1346,1,3,1360,6,0.3565
20260914,B 红0.5秒后全黑,1.02,1,0,0,1346,1,3,1360,5,0.3614
20260914,B 红0.5秒后全黑,1.04,1,0,0,1346,1,3,1360,6,0.3660
20260914,B 红0.5秒后全黑,1.06,1,0,0,1346,1,2,1360,7,0.3696
20260914,B 红0.5秒后全黑,1.08,1,0,0,1346,1,3,1360,10,0.3723
20260914,B 红0.5秒后全黑,1.10,1,0,0,1346,1,3,1360,10,0.3734
20260914,B 红0.5秒后全黑,1.12,1,0,0,1346,1,3,1360,10,0.3719
20260914,B 红0.5秒后全黑,1.14,1,0,0,1346,1,3,1360,10,0.3689
20260914,B 红0.5秒后全黑,1.16,1,0,0,1346,1,2,1360,6,0.3641
20260914,B 红0.5秒后全黑,1.18,1,0,0,1346,1,3,1360,9,0.3612
20260914,B 红0.5秒后全黑,1.20,1,0,0,1346,1,3,1360,9,0.3592
20260914,B 红0.5秒后全黑,1.22,1,0,0,1346,1,3,1360,9,0.3572
20260914,B 红0.5秒后全黑,1.24,1,0,0,1346,1,3,1360,9,0.3560
20260914,B 红0.5秒后全黑,1.26,1,0,0,1346,1,3,1360,9,0.3537
20260914,B 红0.5秒后全黑,1.28,1,0,0,1346,1,3,1360,7,0.3531
20260914,B 红0.5秒后全黑,1.30,1,0,0,1346,1,3,1360,6,0.3585
20260914,B 红0.5秒后全黑,1.32,1,0,0,1346,1,3,1360,7,0.3647
20260914,B 红0.5秒后全黑,1.34,1,0,0,1346,1,3,1360,6,0.3694
20260914,B 红0.5秒后全黑,1.36,1,0,0,1346,1,2,1360,7,0.3723
20260914,B 红0.5秒后全黑,1.38,1,0,0,1346,1,3,1360,10,0.3740
20260914,B 红0.5秒后全黑,1.40,1,0,0,1346,1,3,1360,10,0.3742
20260914,B 红0.5秒后全黑,1.42,1,0,0,1346,1,3,1360,10,0.3717
20260914,B 红0.5秒后全黑,1.44,1,0,0,1346,1,3,1360,10,0.3680
20260914,B 红0.5秒后全黑,1.46,1,0,0,1346,1,2,1360,6,0.3632
20260914,B 红0.5秒后全黑,1.48,1,0,0,1346,1,3,1360,9,0.3611
20260914,B 红0.5秒后全黑,1.50,1,0,0,1346,1,3,1360,9,0.3594
20260914,B 红0.5秒后全黑,1.52,1,0,0,1346,1,3,1360,9,0.3572
20260914,B 红0.5秒后全黑,1.54,1,0,0,1346,1,3,1360,9,0.3558
20260914,B 红0.5秒后全黑,1.56,1,0,0,1346,1,3,1360,9,0.3532
20260914,B 红0.5秒后全黑,1.58,1,0,0,1346,1,3,1360,7,0.3523
20260914,B 红0.5秒后全黑,1.60,1,0,0,1346,1,3,1360,6,0.3582
20260914,B 红0.5秒后全黑,1.62,1,0,0,1346,1,3,1360,7,0.3643
20260914,B 红0.5秒后全黑,1.64,1,0,0,1346,1,3,1360,6,0.3694
20260914,B 红0.5秒后全黑,1.66,1,0,0,1346,1,2,1360,7,0.3726
20260914,B 红0.5秒后全黑,1.68,1,0,0,1346,1,3,1360,10,0.3744
20260914,B 红0.5秒后全黑,1.70,1,0,0,1346,1,3,1360,10,0.3744
20260914,B 红0.5秒后全黑,1.72,1,0,0,1346,1,3,1360,10,0.3716
20260914,B 红0.5秒后全黑,1.74,1,0,0,1346,1,3,1360,10,0.3674
20260914,B 红0.5秒后全黑,1.76,1,0,0,1346,1,2,1360,6,0.3627
20260914,B 红0.5秒后全黑,1.78,1,0,0,1346,1,3,1360,9,0.3609
20260914,B 红0.5秒后全黑,1.80,1,0,0,1346,1,3,1360,9,0.3589
20260914,B 红0.5秒后全黑,1.82,1,0,0,1346,1,3,1360,9,0.3564
20260914,B 红0.5秒后全黑,1.84,1,0,0,1346,1,3,1360,9,0.3550
20260914,B 红0.5秒后全黑,1.86,1,0,0,1346,1,3,1360,9,0.3526
20260914,B 红0.5秒后全黑,1.88,1,0,0,1346,1,3,1360,7,0.3509
20260914,B 红0.5秒后全黑,1.90,1,0,0,1346,1,3,1360,6,0.3568
20260914,B 红0.5秒后全黑,1.92,1,0,0,1346,1,3,1360,5,0.3633
20260914,B 红0.5秒后全黑,1.94,1,0,0,1346,1,3,1360,6,0.3689
20260914,B 红0.5秒后全黑,1.96,1,0,0,1346,1,2,1360,7,0.3727
20260914,B 红0.5秒后全黑,1.98,1,0,0,1346,1,3,1360,10,0.3748
20260914,B 红0.5秒后全黑,2.00,1,0,0,1346,1,3,1360,10,0.3751
20260914,B 红0.5秒后全黑,2.02,1,0,0,1346,1,3,1360,10,0.3725
20260914,B 红0.5秒后全黑,2.04,1,0,0,1346,1,3,1360,10,0.3685
20260914,B 红0.5秒后全黑,2.06,1,0,0,1346,1,2,1360,6,0.3627
20260914,B 红0.5秒后全黑,2.08,1,0,0,1346,1,3,1360,9,0.3593
20260914,B 红0.5秒后全黑,2.10,1,0,0,1346,1,3,1360,9,0.3574
20260914,B 红0.5秒后全黑,2.12,1,0,0,1346,1,3,1360,9,0.3555
20260914,B 红0.5秒后全黑,2.14,1,0,0,1346,1,3,1360,9,0.3541
20260914,B 红0.5秒后全黑,2.16,1,0,0,1346,1,3,1360,9,0.3519
20260914,B 红0.5秒后全黑,2.18,1,0,0,1346,1,3,1360,7,0.3522
20260914,B 红0.5秒后全黑,2.20,1,0,0,1346,1,3,1360,6,0.3587
20260914,B 红0.5秒后全黑,2.22,1,0,0,1346,1,3,1360,7,0.3649
20260914,B 红0.5秒后全黑,2.24,1,0,0,1346,1,3,1360,6,0.3699
20260914,B 红0.5秒后全黑,2.26,1,0,0,1346,1,2,1360,7,0.3730
20260914,B 红0.5秒后全黑,2.28,1,0,0,1346,1,3,1360,10,0.3744
20260914,B 红0.5秒后全黑,2.30,1,0,0,1346,1,3,1360,10,0.3741
20260914,B 红0.5秒后全黑,2.32,1,0,0,1346,1,3,1360,10,0.3711
20260914,B 红0.5秒后全黑,2.34,1,0,0,1346,1,3,1360,10,0.3670
20260914,B 红0.5秒后全黑,2.36,1,0,0,1346,1,2,1360,6,0.3622
20260914,B 红0.5秒后全黑,2.38,1,0,0,1346,1,3,1360,9,0.3603
20260914,B 红0.5秒后全黑,2.40,1,0,0,1346,1,3,1360,9,0.3586
20260914,B 红0.5秒后全黑,2.42,1,0,0,1346,1,3,1360,9,0.3563
20260914,B 红0.5秒后全黑,2.44,1,0,0,1346,1,3,1360,9,0.3549
20260914,B 红0.5秒后全黑,2.46,1,0,0,1346,1,3,1360,9,0.3525
20260914,B 红0.5秒后全黑,2.48,1,0,0,1346,1,3,1360,7,0.3517
20260914,B 红0.5秒后全黑,2.50,1,0,0,1346,1,3,1360,6,0.3578
20260914,B 红0.5秒后全黑,2.52,1,0,0,1346,1,3,1360,5,0.3641
20260914,B 红0.5秒后全黑,2.54,1,0,0,1346,1,3,1360,6,0.3695
20260914,B 红0.5秒后全黑,2.56,1,0,0,1346,1,2,1360,7,0.3730
20260914,B 红0.5秒后全黑,2.58,1,0,0,1346,1,3,1360,10,0.3750
20260914,B 红0.5秒后全黑,2.60,1,0,0,1346,1,3,1360,10,0.3753
20260914,B 红0.5秒后全黑,2.62,1,0,0,1346,1,3,1360,10,0.3727
20260914,B 红0.5秒后全黑,2.64,1,0,0,1346,1,3,1360,10,0.3685
20260914,B 红0.5秒后全黑,2.66,1,0,0,1346,1,2,1360,6,0.3626
20260914,B 红0.5秒后全黑,2.68,1,0,0,1346,1,3,1360,9,0.3597
20260914,B 红0.5秒后全黑,2.70,1,0,0,1346,1,3,1360,9,0.3575
20260914,B 红0.5秒后全黑,2.72,1,0,0,1346,1,3,1360,9,0.3552
20260914,B 红0.5秒后全黑,2.74,1,0,0,1346,1,3,1360,9,0.3541
20260914,B 红0.5秒后全黑,2.76,1,0,0,1346,1,3,1360,9,0.3520
20260914,B 红0.5秒后全黑,2.78,1,0,0,1346,1,3,1360,7,0.3515
20260914,B 红0.5秒后全黑,2.80,1,0,0,1346,1,3,1360,6,0.3577
20260914,B 红0.5秒后全黑,2.82,1,0,0,1346,1,3,1360,5,0.3641
20260914,B 红0.5秒后全黑,2.84,1,0,0,1346,1,3,1360,6,0.3695
20260914,B 红0.5秒后全黑,2.86,1,0,0,1346,1,2,1360,7,0.3731
20260914,B 红0.5秒后全黑,2.88,1,0,0,1346,1,3,1360,10,0.3751
20260914,B 红0.5秒后全黑,2.90,1,0,0,1346,1,3,1360,10,0.3754
20260914,B 红0.5秒后全黑,2.92,1,0,0,1346,1,3,1360,10,0.3728
20260914,B 红0.5秒后全黑,2.94,1,0,0,1346,1,3,1360,10,0.3686
20260914,B 红0.5秒后全黑,2.96,1,0,0,1346,1,2,1360,6,0.3627
20260914,B 红0.5秒后全黑,2.98,1,0,0,1346,1,3,1360,9,0.3595
20260914,C 同B+1.0秒打断运动记忆,0.00,0,1,1346,1346,1,1357,1360,1357,0.2607
20260914,C 同B+1.0秒打断运动记忆,0.02,1,1,1346,1346,1,1357,1360,1357,0.2565
20260914,C 同B+1.0秒打断运动记忆,0.04,1,1,1346,1346,1,1360,1360,1366,0.2525
20260914,C 同B+1.0秒打断运动记忆,0.06,1,1,1346,1346,1,1360,1360,1366,0.2594
20260914,C 同B+1.0秒打断运动记忆,0.08,1,1,1346,1346,1,1360,1360,1365,0.2739
20260914,C 同B+1.0秒打断运动记忆,0.10,1,1,1346,1346,1,1360,1360,1364,0.2900
20260914,C 同B+1.0秒打断运动记忆,0.12,1,1,1346,1346,1,1360,1360,1364,0.3054
20260914,C 同B+1.0秒打断运动记忆,0.14,1,1,1346,1346,1,1360,1360,1364,0.3204
20260914,C 同B+1.0秒打断运动记忆,0.16,1,1,1346,1346,1,1359,1360,1365,0.3345
20260914,C 同B+1.0秒打断运动记忆,0.18,1,1,1346,1346,1,1360,1360,1368,0.3475
20260914,C 同B+1.0秒打断运动记忆,0.20,1,1,1346,1346,1,1360,1360,1368,0.3597
20260914,C 同B+1.0秒打断运动记忆,0.22,1,1,1346,1346,1,1360,1360,1368,0.3705
20260914,C 同B+1.0秒打断运动记忆,0.24,1,1,1346,1346,1,1360,1360,1368,0.3789
20260914,C 同B+1.0秒打断运动记忆,0.26,1,1,1346,1346,1,1359,1360,1365,0.3846
20260914,C 同B+1.0秒打断运动记忆,0.28,1,1,1346,1346,1,1360,1360,1368,0.3893
20260914,C 同B+1.0秒打断运动记忆,0.30,1,1,1346,1346,1,1360,1360,1366,0.3932
20260914,C 同B+1.0秒打断运动记忆,0.32,1,1,1346,1346,1,1360,1360,1366,0.3960
20260914,C 同B+1.0秒打断运动记忆,0.34,1,1,1346,1346,1,1360,1360,1366,0.3982
20260914,C 同B+1.0秒打断运动记忆,0.36,1,1,1346,1346,1,1360,1360,1366,0.3998
20260914,C 同B+1.0秒打断运动记忆,0.38,1,1,1346,1346,1,1360,1360,1365,0.3992
20260914,C 同B+1.0秒打断运动记忆,0.40,1,1,1346,1346,1,1360,1360,1364,0.3958
20260914,C 同B+1.0秒打断运动记忆,0.42,1,1,1346,1346,1,1360,1360,1364,0.3912
20260914,C 同B+1.0秒打断运动记忆,0.44,1,1,1346,1346,1,1360,1360,1364,0.3867
20260914,C 同B+1.0秒打断运动记忆,0.46,1,1,1346,1346,1,1360,1360,1366,0.3814
20260914,C 同B+1.0秒打断运动记忆,0.48,1,1,1346,1346,1,1360,1360,1368,0.3754
20260914,C 同B+1.0秒打断运动记忆,0.50,1,0,0,1346,1,3,1360,11,0.3693
20260914,C 同B+1.0秒打断运动记忆,0.52,1,0,0,1346,1,3,1360,10,0.3621
20260914,C 同B+1.0秒打断运动记忆,0.54,1,0,0,1346,1,3,1360,10,0.3533
20260914,C 同B+1.0秒打断运动记忆,0.56,1,0,0,1346,1,2,1360,6,0.3474
20260914,C 同B+1.0秒打断运动记忆,0.58,1,0,0,1346,1,2,1360,6,0.3481
20260914,C 同B+1.0秒打断运动记忆,0.60,1,0,0,1346,1,3,1360,9,0.3515
20260914,C 同B+1.0秒打断运动记忆,0.62,1,0,0,1346,1,3,1360,9,0.3541
20260914,C 同B+1.0秒打断运动记忆,0.64,1,0,0,1346,1,3,1360,9,0.3554
20260914,C 同B+1.0秒打断运动记忆,0.66,1,0,0,1346,1,3,1360,9,0.3558
20260914,C 同B+1.0秒打断运动记忆,0.68,1,0,0,1346,1,3,1360,8,0.3583
20260914,C 同B+1.0秒打断运动记忆,0.70,1,0,0,1346,1,3,1360,6,0.3621
20260914,C 同B+1.0秒打断运动记忆,0.72,1,0,0,1346,1,3,1360,7,0.3629
20260914,C 同B+1.0秒打断运动记忆,0.74,1,0,0,1346,1,3,1360,6,0.3602
20260914,C 同B+1.0秒打断运动记忆,0.76,1,0,0,1346,1,2,1360,7,0.3557
20260914,C 同B+1.0秒打断运动记忆,0.78,1,0,0,1346,1,3,1360,10,0.3542
20260914,C 同B+1.0秒打断运动记忆,0.80,1,0,0,1346,1,3,1360,10,0.3559
20260914,C 同B+1.0秒打断运动记忆,0.82,1,0,0,1346,1,3,1360,10,0.3595
20260914,C 同B+1.0秒打断运动记忆,0.84,1,0,0,1346,1,3,1360,10,0.3646
20260914,C 同B+1.0秒打断运动记忆,0.86,1,0,0,1346,1,2,1360,6,0.3686
20260914,C 同B+1.0秒打断运动记忆,0.88,1,0,0,1346,1,2,1360,6,0.3704
20260914,C 同B+1.0秒打断运动记忆,0.90,1,0,0,1346,1,3,1360,9,0.3689
20260914,C 同B+1.0秒打断运动记忆,0.92,1,0,0,1346,1,3,1360,9,0.3648
20260914,C 同B+1.0秒打断运动记忆,0.94,1,0,0,1346,1,3,1360,9,0.3613
20260914,C 同B+1.0秒打断运动记忆,0.96,1,0,0,1346,1,3,1360,9,0.3581
20260914,C 同B+1.0秒打断运动记忆,0.98,1,0,0,1346,1,3,1360,7,0.3541
20260914,C 同B+1.0秒打断运动记忆,1.00,1,0,0,1346,1,3,1360,6,0.3565
20260914,C 同B+1.0秒打断运动记忆,1.02,0,0,0,1346,1,3,1360,5,0.3606
20260914,C 同B+1.0秒打断运动记忆,1.04,0,0,0,1346,0,0,1360,0,0.3605
20260914,C 同B+1.0秒打断运动记忆,1.06,0,0,0,1346,0,0,1360,0,0.3562
20260914,C 同B+1.0秒打断运动记忆,1.08,0,0,0,1346,1,2,1360,2,0.3473
20260914,C 同B+1.0秒打断运动记忆,1.10,0,0,0,1346,1,2,1360,2,0.3345
20260914,C 同B+1.0秒打断运动记忆,1.12,0,0,0,1346,1,2,1360,2,0.3181
20260914,C 同B+1.0秒打断运动记忆,1.14,0,0,0,1346,0,0,1360,0,0.2984
20260914,C 同B+1.0秒打断运动记忆,1.16,0,0,0,1346,1,2,1360,3,0.2747
20260914,C 同B+1.0秒打断运动记忆,1.18,0,0,0,1346,1,2,1360,2,0.2535
20260914,C 同B+1.0秒打断运动记忆,1.20,0,0,0,1346,1,2,1360,2,0.2409
20260914,C 同B+1.0秒打断运动记忆,1.22,0,0,0,1346,1,2,1360,2,0.2313
20260914,C 同B+1.0秒打断运动记忆,1.24,0,0,0,1346,0,0,1360,0,0.2209
20260914,C 同B+1.0秒打断运动记忆,1.26,0,0,0,1346,1,2,1360,3,0.2135
20260914,C 同B+1.0秒打断运动记忆,1.28,0,0,0,1346,1,2,1360,2,0.2140
20260914,C 同B+1.0秒打断运动记忆,1.30,0,0,0,1346,0,0,1360,0,0.2173
20260914,C 同B+1.0秒打断运动记忆,1.32,0,0,0,1346,1,2,1360,2,0.2167
20260914,C 同B+1.0秒打断运动记忆,1.34,0,0,0,1346,0,0,1360,0,0.2161
20260914,C 同B+1.0秒打断运动记忆,1.36,0,0,0,1346,1,2,1360,2,0.2123
20260914,C 同B+1.0秒打断运动记忆,1.38,0,0,0,1346,0,0,1360,0,0.2072
20260914,C 同B+1.0秒打断运动记忆,1.40,0,0,0,1346,0,0,1360,0,0.2049
20260914,C 同B+1.0秒打断运动记忆,1.42,0,0,0,1346,0,0,1360,0,0.2143
20260914,C 同B+1.0秒打断运动记忆,1.44,0,0,0,1346,1,2,1360,5,0.2259
20260914,C 同B+1.0秒打断运动记忆,1.46,0,0,0,1346,1,2,1360,5,0.2336
20260914,C 同B+1.0秒打断运动记忆,1.48,0,0,0,1346,0,0,1360,0,0.2371
20260914,C 同B+1.0秒打断运动记忆,1.50,0,0,0,1346,0,0,1360,0,0.2384
20260914,C 同B+1.0秒打断运动记忆,1.52,0,0,0,1346,1,2,1360,3,0.2377
20260914,C 同B+1.0秒打断运动记忆,1.54,0,0,0,1346,1,2,1360,2,0.2332
20260914,C 同B+1.0秒打断运动记忆,1.56,0,0,0,1346,0,0,1360,0,0.2290
20260914,C 同B+1.0秒打断运动记忆,1.58,0,0,0,1346,1,2,1360,2,0.2217
20260914,C 同B+1.0秒打断运动记忆,1.60,0,0,0,1346,0,0,1360,0,0.2157
20260914,C 同B+1.0秒打断运动记忆,1.62,0,0,0,1346,0,0,1360,0,0.2178
20260914,C 同B+1.0秒打断运动记忆,1.64,0,0,0,1346,1,2,1360,5,0.2255
20260914,C 同B+1.0秒打断运动记忆,1.66,0,0,0,1346,0,0,1360,0,0.2338
20260914,C 同B+1.0秒打断运动记忆,1.68,0,0,0,1346,1,2,1360,5,0.2372
20260914,C 同B+1.0秒打断运动记忆,1.70,0,0,0,1346,0,0,1360,0,0.2385
20260914,C 同B+1.0秒打断运动记忆,1.72,0,0,0,1346,1,2,1360,5,0.2353
20260914,C 同B+1.0秒打断运动记忆,1.74,0,0,0,1346,0,0,1360,0,0.2336
20260914,C 同B+1.0秒打断运动记忆,1.76,0,0,0,1346,1,2,1360,5,0.2319
20260914,C 同B+1.0秒打断运动记忆,1.78,0,0,0,1346,0,0,1360,0,0.2265
20260914,C 同B+1.0秒打断运动记忆,1.80,0,0,0,1346,0,0,1360,0,0.2218
20260914,C 同B+1.0秒打断运动记忆,1.82,0,0,0,1346,1,2,1360,5,0.2176
20260914,C 同B+1.0秒打断运动记忆,1.84,0,0,0,1346,1,2,1360,2,0.2187
20260914,C 同B+1.0秒打断运动记忆,1.86,0,0,0,1346,0,0,1360,0,0.2228
20260914,C 同B+1.0秒打断运动记忆,1.88,0,0,0,1346,1,2,1360,5,0.2225
20260914,C 同B+1.0秒打断运动记忆,1.90,0,0,0,1346,0,0,1360,0,0.2206
20260914,C 同B+1.0秒打断运动记忆,1.92,0,0,0,1346,1,2,1360,5,0.2173
20260914,C 同B+1.0秒打断运动记忆,1.94,0,0,0,1346,0,0,1360,0,0.2113
20260914,C 同B+1.0秒打断运动记忆,1.96,0,0,0,1346,0,0,1360,0,0.2117
20260914,C 同B+1.0秒打断运动记忆,1.98,0,0,0,1346,1,2,1360,5,0.2177
20260914,C 同B+1.0秒打断运动记忆,2.00,0,0,0,1346,1,2,1360,2,0.2223
20260914,C 同B+1.0秒打断运动记忆,2.02,0,0,0,1346,0,0,1360,0,0.2253
20260914,C 同B+1.0秒打断运动记忆,2.04,0,0,0,1346,1,2,1360,3,0.2233
20260914,C 同B+1.0秒打断运动记忆,2.06,0,0,0,1346,0,0,1360,0,0.2188
20260914,C 同B+1.0秒打断运动记忆,2.08,0,0,0,1346,1,2,1360,5,0.2145
20260914,C 同B+1.0秒打断运动记忆,2.10,0,0,0,1346,0,0,1360,0,0.2152
20260914,C 同B+1.0秒打断运动记忆,2.12,0,0,0,1346,0,0,1360,0,0.2220
20260914,C 同B+1.0秒打断运动记忆,2.14,0,0,0,1346,1,2,1360,5,0.2274
20260914,C 同B+1.0秒打断运动记忆,2.16,0,0,0,1346,0,0,1360,0,0.2306
20260914,C 同B+1.0秒打断运动记忆,2.18,0,0,0,1346,1,2,1360,3,0.2298
20260914,C 同B+1.0秒打断运动记忆,2.20,0,0,0,1346,0,0,1360,0,0.2306
20260914,C 同B+1.0秒打断运动记忆,2.22,0,0,0,1346,1,2,1360,2,0.2289
20260914,C 同B+1.0秒打断运动记忆,2.24,0,0,0,1346,0,0,1360,0,0.2283
20260914,C 同B+1.0秒打断运动记忆,2.26,0,0,0,1346,1,2,1360,2,0.2268
20260914,C 同B+1.0秒打断运动记忆,2.28,0,0,0,1346,0,0,1360,0,0.2259
20260914,C 同B+1.0秒打断运动记忆,2.30,0,0,0,1346,1,2,1360,3,0.2217
20260914,C 同B+1.0秒打断运动记忆,2.32,0,0,0,1346,1,2,1360,2,0.2135
20260914,C 同B+1.0秒打断运动记忆,2.34,0,0,0,1346,0,0,1360,0,0.2113
20260914,C 同B+1.0秒打断运动记忆,2.36,0,0,0,1346,0,0,1360,0,0.2174
20260914,C 同B+1.0秒打断运动记忆,2.38,0,0,0,1346,1,2,1360,5,0.2246
20260914,C 同B+1.0秒打断运动记忆,2.40,0,0,0,1346,1,2,1360,2,0.2286
20260914,C 同B+1.0秒打断运动记忆,2.42,0,0,0,1346,1,2,1360,2,0.2296
20260914,C 同B+1.0秒打断运动记忆,2.44,0,0,0,1346,1,2,1360,2,0.2288
20260914,C 同B+1.0秒打断运动记忆,2.46,0,0,0,1346,0,0,1360,0,0.2279
20260914,C 同B+1.0秒打断运动记忆,2.48,0,0,0,1346,0,0,1360,0,0.2284
20260914,C 同B+1.0秒打断运动记忆,2.50,0,0,0,1346,1,2,1360,3,0.2253
20260914,C 同B+1.0秒打断运动记忆,2.52,0,0,0,1346,1,2,1360,2,0.2185
20260914,C 同B+1.0秒打断运动记忆,2.54,0,0,0,1346,0,0,1360,0,0.2153
20260914,C 同B+1.0秒打断运动记忆,2.56,0,0,0,1346,1,2,1360,3,0.2110
20260914,C 同B+1.0秒打断运动记忆,2.58,0,0,0,1346,0,0,1360,0,0.2131
20260914,C 同B+1.0秒打断运动记忆,2.60,0,0,0,1346,1,2,1360,2,0.2140
20260914,C 同B+1.0秒打断运动记忆,2.62,0,0,0,1346,0,0,1360,0,0.2151
20260914,C 同B+1.0秒打断运动记忆,2.64,0,0,0,1346,1,2,1360,3,0.2137
20260914,C 同B+1.0秒打断运动记忆,2.66,0,0,0,1346,1,2,1360,2,0.2092
20260914,C 同B+1.0秒打断运动记忆,2.68,0,0,0,1346,0,0,1360,0,0.2054
20260914,C 同B+1.0秒打断运动记忆,2.70,0,0,0,1346,1,2,1360,2,0.2029
20260914,C 同B+1.0秒打断运动记忆,2.72,0,0,0,1346,0,0,1360,0,0.2043
20260914,C 同B+1.0秒打断运动记忆,2.74,0,0,0,1346,1,2,1360,2,0.2036
20260914,C 同B+1.0秒打断运动记忆,2.76,0,0,0,1346,0,0,1360,0,0.2059
20260914,C 同B+1.0秒打断运动记忆,2.78,0,0,0,1346,1,2,1360,3,0.2059
20260914,C 同B+1.0秒打断运动记忆,2.80,0,0,0,1346,0,0,1360,0,0.2072
20260914,C 同B+1.0秒打断运动记忆,2.82,0,0,0,1346,1,2,1360,3,0.2067
20260914,C 同B+1.0秒打断运动记忆,2.84,0,0,0,1346,1,2,1360,2,0.2087
20260914,C 同B+1.0秒打断运动记忆,2.86,0,0,0,1346,1,2,1360,2,0.2106
20260914,C 同B+1.0秒打断运动记忆,2.88,0,0,0,1346,0,0,1360,0,0.2142
20260914,C 同B+1.0秒打断运动记忆,2.90,0,0,0,1346,0,0,1360,0,0.2202
20260914,C 同B+1.0秒打断运动记忆,2.92,0,0,0,1346,1,2,1360,2,0.2228
20260914,C 同B+1.0秒打断运动记忆,2.94,0,0,0,1346,1,2,1360,2,0.2213
20260914,C 同B+1.0秒打断运动记忆,2.96,0,0,0,1346,1,2,1360,2,0.2157
20260914,C 同B+1.0秒打断运动记忆,2.98,0,0,0,1346,0,0,1360,0,0.2105
20260914,D 一直黑+1.0秒同样打断,0.00,0,0,0,1346,0,0,1360,0,0.2607
20260914,D 一直黑+1.0秒同样打断,0.02,0,0,0,1346,0,0,1360,0,0.2561
20260914,D 一直黑+1.0秒同样打断,0.04,0,0,0,1346,0,0,1360,0,0.2478
20260914,D 一直黑+1.0秒同样打断,0.06,0,0,0,1346,1,2,1360,2,0.2346
20260914,D 一直黑+1.0秒同样打断,0.08,0,0,0,1346,0,0,1360,0,0.2185
20260914,D 一直黑+1.0秒同样打断,0.10,0,0,0,1346,1,2,1360,3,0.2024
20260914,D 一直黑+1.0秒同样打断,0.12,0,0,0,1346,0,0,1360,0,0.1956
20260914,D 一直黑+1.0秒同样打断,0.14,0,0,0,1346,0,0,1360,0,0.1992
20260914,D 一直黑+1.0秒同样打断,0.16,0,0,0,1346,0,0,1360,0,0.2125
20260914,D 一直黑+1.0秒同样打断,0.18,0,0,0,1346,1,2,1360,5,0.2252
20260914,D 一直黑+1.0秒同样打断,0.20,0,0,0,1346,0,0,1360,0,0.2363
20260914,D 一直黑+1.0秒同样打断,0.22,0,0,0,1346,1,2,1360,5,0.2423
20260914,D 一直黑+1.0秒同样打断,0.24,0,0,0,1346,0,0,1360,0,0.2435
20260914,D 一直黑+1.0秒同样打断,0.26,0,0,0,1346,0,0,1360,0,0.2407
20260914,D 一直黑+1.0秒同样打断,0.28,0,0,0,1346,0,0,1360,0,0.2342
20260914,D 一直黑+1.0秒同样打断,0.30,0,0,0,1346,0,0,1360,0,0.2240
20260914,D 一直黑+1.0秒同样打断,0.32,0,0,0,1346,0,0,1360,0,0.2141
20260914,D 一直黑+1.0秒同样打断,0.34,0,0,0,1346,0,0,1360,0,0.2118
20260914,D 一直黑+1.0秒同样打断,0.36,0,0,0,1346,1,2,1360,2,0.2119
20260914,D 一直黑+1.0秒同样打断,0.38,0,0,0,1346,0,0,1360,0,0.2102
20260914,D 一直黑+1.0秒同样打断,0.40,0,0,0,1346,0,0,1360,0,0.2065
20260914,D 一直黑+1.0秒同样打断,0.42,0,0,0,1346,0,0,1360,0,0.2004
20260914,D 一直黑+1.0秒同样打断,0.44,0,0,0,1346,0,0,1360,0,0.1942
20260914,D 一直黑+1.0秒同样打断,0.46,0,0,0,1346,0,0,1360,0,0.1890
20260914,D 一直黑+1.0秒同样打断,0.48,0,0,0,1346,0,0,1360,0,0.1858
20260914,D 一直黑+1.0秒同样打断,0.50,0,0,0,1346,0,0,1360,0,0.1822
20260914,D 一直黑+1.0秒同样打断,0.52,0,0,0,1346,0,0,1360,0,0.1769
20260914,D 一直黑+1.0秒同样打断,0.54,0,0,0,1346,0,0,1360,0,0.1694
20260914,D 一直黑+1.0秒同样打断,0.56,0,0,0,1346,0,0,1360,0,0.1595
20260914,D 一直黑+1.0秒同样打断,0.58,0,0,0,1346,0,0,1360,0,0.1468
20260914,D 一直黑+1.0秒同样打断,0.60,0,0,0,1346,0,0,1360,0,0.1360
20260914,D 一直黑+1.0秒同样打断,0.62,0,0,0,1346,0,0,1360,0,0.1389
20260914,D 一直黑+1.0秒同样打断,0.64,0,0,0,1346,0,0,1360,5,0.1496
20260914,D 一直黑+1.0秒同样打断,0.66,0,0,0,1346,0,0,1360,1,0.1586
20260914,D 一直黑+1.0秒同样打断,0.68,0,0,0,1346,0,0,1360,0,0.1637
20260914,D 一直黑+1.0秒同样打断,0.70,0,0,0,1346,0,0,1360,0,0.1647
20260914,D 一直黑+1.0秒同样打断,0.72,0,0,0,1346,0,0,1360,0,0.1618
20260914,D 一直黑+1.0秒同样打断,0.74,0,0,0,1346,0,0,1360,0,0.1552
20260914,D 一直黑+1.0秒同样打断,0.76,0,0,0,1346,0,0,1360,0,0.1535
20260914,D 一直黑+1.0秒同样打断,0.78,0,0,0,1346,0,0,1360,0,0.1547
20260914,D 一直黑+1.0秒同样打断,0.80,0,0,0,1346,0,0,1360,0,0.1550
20260914,D 一直黑+1.0秒同样打断,0.82,0,0,0,1346,1,3,1360,4,0.1548
20260914,D 一直黑+1.0秒同样打断,0.84,0,0,0,1346,1,3,1360,4,0.1547
20260914,D 一直黑+1.0秒同样打断,0.86,0,0,0,1346,1,3,1360,4,0.1545
20260914,D 一直黑+1.0秒同样打断,0.88,0,0,0,1346,1,3,1360,4,0.1540
20260914,D 一直黑+1.0秒同样打断,0.90,0,0,0,1346,1,3,1360,4,0.1533
20260914,D 一直黑+1.0秒同样打断,0.92,0,0,0,1346,1,3,1360,4,0.1523
20260914,D 一直黑+1.0秒同样打断,0.94,0,0,0,1346,1,3,1360,4,0.1510
20260914,D 一直黑+1.0秒同样打断,0.96,0,0,0,1346,1,3,1360,4,0.1493
20260914,D 一直黑+1.0秒同样打断,0.98,0,0,0,1346,1,3,1360,4,0.1472
20260914,D 一直黑+1.0秒同样打断,1.00,0,0,0,1346,1,3,1360,4,0.1446
20260914,D 一直黑+1.0秒同样打断,1.02,0,0,0,1346,0,0,1360,0,0.1402
20260914,D 一直黑+1.0秒同样打断,1.04,0,0,0,1346,1,2,1360,2,0.1372
20260914,D 一直黑+1.0秒同样打断,1.06,0,0,0,1346,1,3,1360,5,0.1328
20260914,D 一直黑+1.0秒同样打断,1.08,0,0,0,1346,0,0,1360,0,0.1256
20260914,D 一直黑+1.0秒同样打断,1.10,0,0,0,1346,0,0,1360,0,0.1159
20260914,D 一直黑+1.0秒同样打断,1.12,0,0,0,1346,0,0,1360,0,0.1031
20260914,D 一直黑+1.0秒同样打断,1.14,0,0,0,1346,0,0,1360,0,0.0871
20260914,D 一直黑+1.0秒同样打断,1.16,0,0,0,1346,0,0,1360,0,0.0676
20260914,D 一直黑+1.0秒同样打断,1.18,0,0,0,1346,0,0,1360,0,0.0532
20260914,D 一直黑+1.0秒同样打断,1.20,0,0,0,1346,1,3,1360,5,0.0556
20260914,D 一直黑+1.0秒同样打断,1.22,0,0,0,1346,1,3,1360,5,0.0601
20260914,D 一直黑+1.0秒同样打断,1.24,0,0,0,1346,0,0,1360,0,0.0623
20260914,D 一直黑+1.0秒同样打断,1.26,0,0,0,1346,0,0,1360,0,0.0621
20260914,D 一直黑+1.0秒同样打断,1.28,0,0,0,1346,0,0,1360,0,0.0613
20260914,D 一直黑+1.0秒同样打断,1.30,0,0,0,1346,0,0,1360,0,0.0601
20260914,D 一直黑+1.0秒同样打断,1.32,0,0,0,1346,0,0,1360,4,0.0582
20260914,D 一直黑+1.0秒同样打断,1.34,0,0,0,1346,0,0,1360,4,0.0579
20260914,D 一直黑+1.0秒同样打断,1.36,0,0,0,1346,0,0,1360,0,0.0591
20260914,D 一直黑+1.0秒同样打断,1.38,0,0,0,1346,0,0,1360,4,0.0600
20260914,D 一直黑+1.0秒同样打断,1.40,0,0,0,1346,0,0,1360,0,0.0603
20260914,D 一直黑+1.0秒同样打断,1.42,0,0,0,1346,0,0,1360,0,0.0600
20260914,D 一直黑+1.0秒同样打断,1.44,0,0,0,1346,0,0,1360,0,0.0590
20260914,D 一直黑+1.0秒同样打断,1.46,0,0,0,1346,0,0,1360,0,0.0576
20260914,D 一直黑+1.0秒同样打断,1.48,0,0,0,1346,1,1,1360,1,0.0580
20260914,D 一直黑+1.0秒同样打断,1.50,0,0,0,1346,1,1,1360,1,0.0586
20260914,D 一直黑+1.0秒同样打断,1.52,0,0,0,1346,1,1,1360,1,0.0586
20260914,D 一直黑+1.0秒同样打断,1.54,0,0,0,1346,1,1,1360,1,0.0579
20260914,D 一直黑+1.0秒同样打断,1.56,0,0,0,1346,1,1,1360,1,0.0576
20260914,D 一直黑+1.0秒同样打断,1.58,0,0,0,1346,1,1,1360,1,0.0578
20260914,D 一直黑+1.0秒同样打断,1.60,0,0,0,1346,1,1,1360,1,0.0577
20260914,D 一直黑+1.0秒同样打断,1.62,0,0,0,1346,1,1,1360,1,0.0577
20260914,D 一直黑+1.0秒同样打断,1.64,0,0,0,1346,1,1,1360,1,0.0578
20260914,D 一直黑+1.0秒同样打断,1.66,0,0,0,1346,1,2,1360,2,0.0578
20260914,D 一直黑+1.0秒同样打断,1.68,0,0,0,1346,1,2,1360,2,0.0579
20260914,D 一直黑+1.0秒同样打断,1.70,0,0,0,1346,1,2,1360,2,0.0579
20260914,D 一直黑+1.0秒同样打断,1.72,0,0,0,1346,1,2,1360,2,0.0579
20260914,D 一直黑+1.0秒同样打断,1.74,0,0,0,1346,1,2,1360,2,0.0579
20260914,D 一直黑+1.0秒同样打断,1.76,0,0,0,1346,1,2,1360,2,0.0579
20260914,D 一直黑+1.0秒同样打断,1.78,0,0,0,1346,1,2,1360,2,0.0579
20260914,D 一直黑+1.0秒同样打断,1.80,0,0,0,1346,1,2,1360,2,0.0579
20260914,D 一直黑+1.0秒同样打断,1.82,0,0,0,1346,1,2,1360,2,0.0579
20260914,D 一直黑+1.0秒同样打断,1.84,0,0,0,1346,1,2,1360,2,0.0579
20260914,D 一直黑+1.0秒同样打断,1.86,0,0,0,1346,1,2,1360,2,0.0579
20260914,D 一直黑+1.0秒同样打断,1.88,0,0,0,1346,1,2,1360,2,0.0579
20260914,D 一直黑+1.0秒同样打断,1.90,0,0,0,1346,1,2,1360,2,0.0579
20260914,D 一直黑+1.0秒同样打断,1.92,0,0,0,1346,1,2,1360,2,0.0579
20260914,D 一直黑+1.0秒同样打断,1.94,0,0,0,1346,1,2,1360,2,0.0579
20260914,D 一直黑+1.0秒同样打断,1.96,0,0,0,1346,1,2,1360,2,0.0579
20260914,D 一直黑+1.0秒同样打断,1.98,0,0,0,1346,1,2,1360,2,0.0579
20260914,D 一直黑+1.0秒同样打断,2.00,0,0,0,1346,1,2,1360,2,0.0579
20260914,D 一直黑+1.0秒同样打断,2.02,0,0,0,1346,1,3,1360,3,0.0579
20260914,D 一直黑+1.0秒同样打断,2.04,0,0,0,1346,1,3,1360,3,0.0579
20260914,D 一直黑+1.0秒同样打断,2.06,0,0,0,1346,1,3,1360,3,0.0579
20260914,D 一直黑+1.0秒同样打断,2.08,0,0,0,1346,1,3,1360,3,0.0579
20260914,D 一直黑+1.0秒同样打断,2.10,0,0,0,1346,1,3,1360,3,0.0579
20260914,D 一直黑+1.0秒同样打断,2.12,0,0,0,1346,1,3,1360,3,0.0579
20260914,D 一直黑+1.0秒同样打断,2.14,0,0,0,1346,1,3,1360,3,0.0579
20260914,D 一直黑+1.0秒同样打断,2.16,0,0,0,1346,1,3,1360,3,0.0579
20260914,D 一直黑+1.0秒同样打断,2.18,0,0,0,1346,1,3,1360,3,0.0579
20260914,D 一直黑+1.0秒同样打断,2.20,0,0,0,1346,1,3,1360,3,0.0579
20260914,D 一直黑+1.0秒同样打断,2.22,0,0,0,1346,1,3,1360,3,0.0579
20260914,D 一直黑+1.0秒同样打断,2.24,0,0,0,1346,1,3,1360,3,0.0579
20260914,D 一直黑+1.0秒同样打断,2.26,0,0,0,1346,1,3,1360,3,0.0594
20260914,D 一直黑+1.0秒同样打断,2.28,0,0,0,1346,1,3,1360,5,0.0599
20260914,D 一直黑+1.0秒同样打断,2.30,0,0,0,1346,1,3,1360,5,0.0579
20260914,D 一直黑+1.0秒同样打断,2.32,0,0,0,1346,1,3,1360,5,0.0567
20260914,D 一直黑+1.0秒同样打断,2.34,0,0,0,1346,1,3,1360,5,0.0571
20260914,D 一直黑+1.0秒同样打断,2.36,0,0,0,1346,1,3,1360,5,0.0575
20260914,D 一直黑+1.0秒同样打断,2.38,0,0,0,1346,1,3,1360,5,0.0577
20260914,D 一直黑+1.0秒同样打断,2.40,0,0,0,1346,1,3,1360,5,0.0578
20260914,D 一直黑+1.0秒同样打断,2.42,0,0,0,1346,1,3,1360,5,0.0579
20260914,D 一直黑+1.0秒同样打断,2.44,0,0,0,1346,1,3,1360,5,0.0579
20260914,D 一直黑+1.0秒同样打断,2.46,0,0,0,1346,1,3,1360,4,0.0579
20260914,D 一直黑+1.0秒同样打断,2.48,0,0,0,1346,1,3,1360,4,0.0579
20260914,D 一直黑+1.0秒同样打断,2.50,0,0,0,1346,1,3,1360,4,0.0579
20260914,D 一直黑+1.0秒同样打断,2.52,0,0,0,1346,1,3,1360,4,0.0579
20260914,D 一直黑+1.0秒同样打断,2.54,0,0,0,1346,1,3,1360,4,0.0579
20260914,D 一直黑+1.0秒同样打断,2.56,0,0,0,1346,1,3,1360,4,0.0579
20260914,D 一直黑+1.0秒同样打断,2.58,0,0,0,1346,1,3,1360,4,0.0579
20260914,D 一直黑+1.0秒同样打断,2.60,0,0,0,1346,1,3,1360,4,0.0579
20260914,D 一直黑+1.0秒同样打断,2.62,0,0,0,1346,1,3,1360,4,0.0579
20260914,D 一直黑+1.0秒同样打断,2.64,0,0,0,1346,1,3,1360,4,0.0579
20260914,D 一直黑+1.0秒同样打断,2.66,0,0,0,1346,1,3,1360,4,0.0579
20260914,D 一直黑+1.0秒同样打断,2.68,0,0,0,1346,1,3,1360,4,0.0579
20260914,D 一直黑+1.0秒同样打断,2.70,0,0,0,1346,1,3,1360,4,0.0579
20260914,D 一直黑+1.0秒同样打断,2.72,0,0,0,1346,1,3,1360,4,0.0579
20260914,D 一直黑+1.0秒同样打断,2.74,0,0,0,1346,1,3,1360,4,0.0579
20260914,D 一直黑+1.0秒同样打断,2.76,0,0,0,1346,1,3,1360,3,0.0579
20260914,D 一直黑+1.0秒同样打断,2.78,0,0,0,1346,1,3,1360,3,0.0579
20260914,D 一直黑+1.0秒同样打断,2.80,0,0,0,1346,1,3,1360,3,0.0579
20260914,D 一直黑+1.0秒同样打断,2.82,0,0,0,1346,1,3,1360,3,0.0579
20260914,D 一直黑+1.0秒同样打断,2.84,0,0,0,1346,1,3,1360,3,0.0579
20260914,D 一直黑+1.0秒同样打断,2.86,0,0,0,1346,1,3,1360,3,0.0579
20260914,D 一直黑+1.0秒同样打断,2.88,0,0,0,1346,1,3,1360,3,0.0579
20260914,D 一直黑+1.0秒同样打断,2.90,0,0,0,1346,1,3,1360,3,0.0579
20260914,D 一直黑+1.0秒同样打断,2.92,0,0,0,1346,1,3,1360,3,0.0579
20260914,D 一直黑+1.0秒同样打断,2.94,0,0,0,1346,1,3,1360,3,0.0579
20260914,D 一直黑+1.0秒同样打断,2.96,0,0,0,1346,1,3,1360,3,0.0579
20260914,D 一直黑+1.0秒同样打断,2.98,0,0,0,1346,1,3,1360,3,0.0579
20260914,E 一直黑(不给红也不打断),0.00,0,0,0,1346,0,0,1360,0,0.2607
20260914,E 一直黑(不给红也不打断),0.02,0,0,0,1346,0,0,1360,0,0.2561
20260914,E 一直黑(不给红也不打断),0.04,0,0,0,1346,0,0,1360,0,0.2478
20260914,E 一直黑(不给红也不打断),0.06,0,0,0,1346,1,2,1360,2,0.2346
20260914,E 一直黑(不给红也不打断),0.08,0,0,0,1346,0,0,1360,0,0.2185
20260914,E 一直黑(不给红也不打断),0.10,0,0,0,1346,1,2,1360,3,0.2024
20260914,E 一直黑(不给红也不打断),0.12,0,0,0,1346,0,0,1360,0,0.1956
20260914,E 一直黑(不给红也不打断),0.14,0,0,0,1346,0,0,1360,0,0.1992
20260914,E 一直黑(不给红也不打断),0.16,0,0,0,1346,0,0,1360,0,0.2125
20260914,E 一直黑(不给红也不打断),0.18,0,0,0,1346,1,2,1360,5,0.2252
20260914,E 一直黑(不给红也不打断),0.20,0,0,0,1346,0,0,1360,0,0.2363
20260914,E 一直黑(不给红也不打断),0.22,0,0,0,1346,1,2,1360,5,0.2423
20260914,E 一直黑(不给红也不打断),0.24,0,0,0,1346,0,0,1360,0,0.2435
20260914,E 一直黑(不给红也不打断),0.26,0,0,0,1346,0,0,1360,0,0.2407
20260914,E 一直黑(不给红也不打断),0.28,0,0,0,1346,0,0,1360,0,0.2342
20260914,E 一直黑(不给红也不打断),0.30,0,0,0,1346,0,0,1360,0,0.2240
20260914,E 一直黑(不给红也不打断),0.32,0,0,0,1346,0,0,1360,0,0.2141
20260914,E 一直黑(不给红也不打断),0.34,0,0,0,1346,0,0,1360,0,0.2118
20260914,E 一直黑(不给红也不打断),0.36,0,0,0,1346,1,2,1360,2,0.2119
20260914,E 一直黑(不给红也不打断),0.38,0,0,0,1346,0,0,1360,0,0.2102
20260914,E 一直黑(不给红也不打断),0.40,0,0,0,1346,0,0,1360,0,0.2065
20260914,E 一直黑(不给红也不打断),0.42,0,0,0,1346,0,0,1360,0,0.2004
20260914,E 一直黑(不给红也不打断),0.44,0,0,0,1346,0,0,1360,0,0.1942
20260914,E 一直黑(不给红也不打断),0.46,0,0,0,1346,0,0,1360,0,0.1890
20260914,E 一直黑(不给红也不打断),0.48,0,0,0,1346,0,0,1360,0,0.1858
20260914,E 一直黑(不给红也不打断),0.50,0,0,0,1346,0,0,1360,0,0.1822
20260914,E 一直黑(不给红也不打断),0.52,0,0,0,1346,0,0,1360,0,0.1769
20260914,E 一直黑(不给红也不打断),0.54,0,0,0,1346,0,0,1360,0,0.1694
20260914,E 一直黑(不给红也不打断),0.56,0,0,0,1346,0,0,1360,0,0.1595
20260914,E 一直黑(不给红也不打断),0.58,0,0,0,1346,0,0,1360,0,0.1468
20260914,E 一直黑(不给红也不打断),0.60,0,0,0,1346,0,0,1360,0,0.1360
20260914,E 一直黑(不给红也不打断),0.62,0,0,0,1346,0,0,1360,0,0.1389
20260914,E 一直黑(不给红也不打断),0.64,0,0,0,1346,0,0,1360,5,0.1496
20260914,E 一直黑(不给红也不打断),0.66,0,0,0,1346,0,0,1360,1,0.1586
20260914,E 一直黑(不给红也不打断),0.68,0,0,0,1346,0,0,1360,0,0.1637
20260914,E 一直黑(不给红也不打断),0.70,0,0,0,1346,0,0,1360,0,0.1647
20260914,E 一直黑(不给红也不打断),0.72,0,0,0,1346,0,0,1360,0,0.1618
20260914,E 一直黑(不给红也不打断),0.74,0,0,0,1346,0,0,1360,0,0.1552
20260914,E 一直黑(不给红也不打断),0.76,0,0,0,1346,0,0,1360,0,0.1535
20260914,E 一直黑(不给红也不打断),0.78,0,0,0,1346,0,0,1360,0,0.1547
20260914,E 一直黑(不给红也不打断),0.80,0,0,0,1346,0,0,1360,0,0.1550
20260914,E 一直黑(不给红也不打断),0.82,0,0,0,1346,1,3,1360,4,0.1548
20260914,E 一直黑(不给红也不打断),0.84,0,0,0,1346,1,3,1360,4,0.1547
20260914,E 一直黑(不给红也不打断),0.86,0,0,0,1346,1,3,1360,4,0.1545
20260914,E 一直黑(不给红也不打断),0.88,0,0,0,1346,1,3,1360,4,0.1540
20260914,E 一直黑(不给红也不打断),0.90,0,0,0,1346,1,3,1360,4,0.1533
20260914,E 一直黑(不给红也不打断),0.92,0,0,0,1346,1,3,1360,4,0.1523
20260914,E 一直黑(不给红也不打断),0.94,0,0,0,1346,1,3,1360,4,0.1510
20260914,E 一直黑(不给红也不打断),0.96,0,0,0,1346,1,3,1360,4,0.1493
20260914,E 一直黑(不给红也不打断),0.98,0,0,0,1346,1,3,1360,4,0.1472
20260914,E 一直黑(不给红也不打断),1.00,0,0,0,1346,1,3,1360,4,0.1446
20260914,E 一直黑(不给红也不打断),1.02,0,0,0,1346,0,0,1360,0,0.1407
20260914,E 一直黑(不给红也不打断),1.04,0,0,0,1346,1,3,1360,4,0.1365
20260914,E 一直黑(不给红也不打断),1.06,0,0,0,1346,1,1,1360,1,0.1308
20260914,E 一直黑(不给红也不打断),1.08,0,0,0,1346,1,3,1360,4,0.1236
20260914,E 一直黑(不给红也不打断),1.10,0,0,0,1346,1,1,1360,1,0.1146
20260914,E 一直黑(不给红也不打断),1.12,0,0,0,1346,1,1,1360,1,0.1034
20260914,E 一直黑(不给红也不打断),1.14,0,0,0,1346,1,1,1360,1,0.0896
20260914,E 一直黑(不给红也不打断),1.16,0,0,0,1346,1,1,1360,1,0.0726
20260914,E 一直黑(不给红也不打断),1.18,0,0,0,1346,1,1,1360,1,0.0551
20260914,E 一直黑(不给红也不打断),1.20,0,0,0,1346,1,1,1360,1,0.0548
20260914,E 一直黑(不给红也不打断),1.22,0,0,0,1346,1,2,1360,2,0.0601
20260914,E 一直黑(不给红也不打断),1.24,0,0,0,1346,1,2,1360,2,0.0641
20260914,E 一直黑(不给红也不打断),1.26,0,0,0,1346,1,2,1360,2,0.0657
20260914,E 一直黑(不给红也不打断),1.28,0,0,0,1346,1,2,1360,2,0.0649
20260914,E 一直黑(不给红也不打断),1.30,0,0,0,1346,1,2,1360,2,0.0620
20260914,E 一直黑(不给红也不打断),1.32,0,0,0,1346,1,2,1360,2,0.0601
20260914,E 一直黑(不给红也不打断),1.34,0,0,0,1346,1,2,1360,4,0.0582
20260914,E 一直黑(不给红也不打断),1.36,0,0,0,1346,1,2,1360,4,0.0578
20260914,E 一直黑(不给红也不打断),1.38,0,0,0,1346,1,2,1360,2,0.0594
20260914,E 一直黑(不给红也不打断),1.40,0,0,0,1346,1,2,1360,4,0.0608
20260914,E 一直黑(不给红也不打断),1.42,0,0,0,1346,1,2,1360,2,0.0615
20260914,E 一直黑(不给红也不打断),1.44,0,0,0,1346,1,2,1360,2,0.0617
20260914,E 一直黑(不给红也不打断),1.46,0,0,0,1346,1,2,1360,2,0.0614
20260914,E 一直黑(不给红也不打断),1.48,0,0,0,1346,1,2,1360,2,0.0606
20260914,E 一直黑(不给红也不打断),1.50,0,0,0,1346,1,2,1360,2,0.0595
20260914,E 一直黑(不给红也不打断),1.52,0,0,0,1346,1,2,1360,2,0.0579
20260914,E 一直黑(不给红也不打断),1.54,0,0,0,1346,1,2,1360,2,0.0578
20260914,E 一直黑(不给红也不打断),1.56,0,0,0,1346,1,2,1360,2,0.0588
20260914,E 一直黑(不给红也不打断),1.58,0,0,0,1346,1,3,1360,3,0.0594
20260914,E 一直黑(不给红也不打断),1.60,0,0,0,1346,1,3,1360,3,0.0595
20260914,E 一直黑(不给红也不打断),1.62,0,0,0,1346,1,3,1360,3,0.0591
20260914,E 一直黑(不给红也不打断),1.64,0,0,0,1346,1,3,1360,3,0.0582
20260914,E 一直黑(不给红也不打断),1.66,0,0,0,1346,1,3,1360,3,0.0577
20260914,E 一直黑(不给红也不打断),1.68,0,0,0,1346,1,3,1360,3,0.0582
20260914,E 一直黑(不给红也不打断),1.70,0,0,0,1346,1,3,1360,3,0.0584
20260914,E 一直黑(不给红也不打断),1.72,0,0,0,1346,1,3,1360,3,0.0580
20260914,E 一直黑(不给红也不打断),1.74,0,0,0,1346,1,3,1360,3,0.0577
20260914,E 一直黑(不给红也不打断),1.76,0,0,0,1346,1,3,1360,3,0.0578
20260914,E 一直黑(不给红也不打断),1.78,0,0,0,1346,1,3,1360,3,0.0578
20260914,E 一直黑(不给红也不打断),1.80,0,0,0,1346,1,3,1360,3,0.0579
20260914,E 一直黑(不给红也不打断),1.82,0,0,0,1346,1,3,1360,3,0.0594
20260914,E 一直黑(不给红也不打断),1.84,0,0,0,1346,1,3,1360,5,0.0600
20260914,E 一直黑(不给红也不打断),1.86,0,0,0,1346,1,3,1360,5,0.0580
20260914,E 一直黑(不给红也不打断),1.88,0,0,0,1346,1,3,1360,5,0.0568
20260914,E 一直黑(不给红也不打断),1.90,0,0,0,1346,1,3,1360,5,0.0571
20260914,E 一直黑(不给红也不打断),1.92,0,0,0,1346,1,3,1360,5,0.0575
20260914,E 一直黑(不给红也不打断),1.94,0,0,0,1346,1,3,1360,5,0.0577
20260914,E 一直黑(不给红也不打断),1.96,0,0,0,1346,1,3,1360,5,0.0578
20260914,E 一直黑(不给红也不打断),1.98,0,0,0,1346,1,3,1360,5,0.0579
20260914,E 一直黑(不给红也不打断),2.00,0,0,0,1346,1,3,1360,5,0.0579
20260914,E 一直黑(不给红也不打断),2.02,0,0,0,1346,1,3,1360,4,0.0579
20260914,E 一直黑(不给红也不打断),2.04,0,0,0,1346,1,3,1360,4,0.0579
20260914,E 一直黑(不给红也不打断),2.06,0,0,0,1346,1,3,1360,4,0.0579
20260914,E 一直黑(不给红也不打断),2.08,0,0,0,1346,1,3,1360,4,0.0579
20260914,E 一直黑(不给红也不打断),2.10,0,0,0,1346,1,3,1360,4,0.0579
20260914,E 一直黑(不给红也不打断),2.12,0,0,0,1346,1,3,1360,4,0.0579
20260914,E 一直黑(不给红也不打断),2.14,0,0,0,1346,1,3,1360,4,0.0579
20260914,E 一直黑(不给红也不打断),2.16,0,0,0,1346,1,3,1360,4,0.0579
20260914,E 一直黑(不给红也不打断),2.18,0,0,0,1346,1,3,1360,4,0.0579
20260914,E 一直黑(不给红也不打断),2.20,0,0,0,1346,1,3,1360,4,0.0579
20260914,E 一直黑(不给红也不打断),2.22,0,0,0,1346,1,3,1360,4,0.0579
20260914,E 一直黑(不给红也不打断),2.24,0,0,0,1346,1,3,1360,4,0.0579
20260914,E 一直黑(不给红也不打断),2.26,0,0,0,1346,1,3,1360,4,0.0579
20260914,E 一直黑(不给红也不打断),2.28,0,0,0,1346,1,3,1360,4,0.0579
20260914,E 一直黑(不给红也不打断),2.30,0,0,0,1346,1,3,1360,4,0.0579
20260914,E 一直黑(不给红也不打断),2.32,0,0,0,1346,1,3,1360,3,0.0579
20260914,E 一直黑(不给红也不打断),2.34,0,0,0,1346,1,3,1360,3,0.0579
20260914,E 一直黑(不给红也不打断),2.36,0,0,0,1346,1,3,1360,3,0.0579
20260914,E 一直黑(不给红也不打断),2.38,0,0,0,1346,1,3,1360,3,0.0579
20260914,E 一直黑(不给红也不打断),2.40,0,0,0,1346,1,3,1360,3,0.0579
20260914,E 一直黑(不给红也不打断),2.42,0,0,0,1346,1,3,1360,3,0.0579
20260914,E 一直黑(不给红也不打断),2.44,0,0,0,1346,1,3,1360,3,0.0579
20260914,E 一直黑(不给红也不打断),2.46,0,0,0,1346,1,3,1360,3,0.0579
20260914,E 一直黑(不给红也不打断),2.48,0,0,0,1346,1,3,1360,3,0.0579
20260914,E 一直黑(不给红也不打断),2.50,0,0,0,1346,1,3,1360,3,0.0579
20260914,E 一直黑(不给红也不打断),2.52,0,0,0,1346,1,3,1360,3,0.0579
20260914,E 一直黑(不给红也不打断),2.54,0,0,0,1346,1,3,1360,3,0.0579
20260914,E 一直黑(不给红也不打断),2.56,0,0,0,1346,1,3,1360,3,0.0579
20260914,E 一直黑(不给红也不打断),2.58,0,0,0,1346,1,3,1360,3,0.0579
20260914,E 一直黑(不给红也不打断),2.60,0,0,0,1346,1,3,1360,3,0.0579
20260914,E 一直黑(不给红也不打断),2.62,0,0,0,1346,1,3,1360,3,0.0579
20260914,E 一直黑(不给红也不打断),2.64,0,0,0,1346,1,3,1360,3,0.0579
20260914,E 一直黑(不给红也不打断),2.66,0,0,0,1346,1,3,1360,3,0.0579
20260914,E 一直黑(不给红也不打断),2.68,0,0,0,1346,1,3,1360,3,0.0579
20260914,E 一直黑(不给红也不打断),2.70,0,0,0,1346,1,3,1360,3,0.0579
20260914,E 一直黑(不给红也不打断),2.72,0,0,0,1346,1,3,1360,3,0.0579
20260914,E 一直黑(不给红也不打断),2.74,0,0,0,1346,1,3,1360,3,0.0579
20260914,E 一直黑(不给红也不打断),2.76,0,0,0,1346,1,3,1360,3,0.0579
20260914,E 一直黑(不给红也不打断),2.78,0,0,0,1346,1,3,1360,3,0.0579
20260914,E 一直黑(不给红也不打断),2.80,0,0,0,1346,1,3,1360,3,0.0579
20260914,E 一直黑(不给红也不打断),2.82,0,0,0,1346,1,3,1360,3,0.0579
20260914,E 一直黑(不给红也不打断),2.84,0,0,0,1346,1,3,1360,3,0.0579
20260914,E 一直黑(不给红也不打断),2.86,0,0,0,1346,1,3,1360,3,0.0579
20260914,E 一直黑(不给红也不打断),2.88,0,0,0,1346,1,3,1360,3,0.0579
20260914,E 一直黑(不给红也不打断),2.90,0,0,0,1346,1,3,1360,3,0.0579
20260914,E 一直黑(不给红也不打断),2.92,0,0,0,1346,1,3,1360,3,0.0579
20260914,E 一直黑(不给红也不打断),2.94,0,0,0,1346,1,3,1360,3,0.0579
20260914,E 一直黑(不给红也不打断),2.96,0,0,0,1346,1,3,1360,3,0.0579
20260914,E 一直黑(不给红也不打断),2.98,0,0,0,1346,1,3,1360,3,0.0579
20260915,A 一直红,0.00,0,1,1346,1346,1,1357,1360,1357,0.2607
20260915,A 一直红,0.02,1,1,1346,1346,1,1357,1360,1357,0.2565
20260915,A 一直红,0.04,1,1,1346,1346,1,1360,1360,1366,0.2525
20260915,A 一直红,0.06,1,1,1346,1346,1,1360,1360,1366,0.2594
20260915,A 一直红,0.08,1,1,1346,1346,1,1360,1360,1365,0.2739
20260915,A 一直红,0.10,1,1,1346,1346,1,1360,1360,1364,0.2900
20260915,A 一直红,0.12,1,1,1346,1346,1,1360,1360,1364,0.3054
20260915,A 一直红,0.14,1,1,1346,1346,1,1360,1360,1364,0.3204
20260915,A 一直红,0.16,1,1,1346,1346,1,1359,1360,1365,0.3345
20260915,A 一直红,0.18,1,1,1346,1346,1,1360,1360,1368,0.3475
20260915,A 一直红,0.20,1,1,1346,1346,1,1360,1360,1368,0.3597
20260915,A 一直红,0.22,1,1,1346,1346,1,1360,1360,1368,0.3704
20260915,A 一直红,0.24,1,1,1346,1346,1,1360,1360,1368,0.3787
20260915,A 一直红,0.26,1,1,1346,1346,1,1359,1360,1365,0.3844
20260915,A 一直红,0.28,1,1,1346,1346,1,1360,1360,1368,0.3891
20260915,A 一直红,0.30,1,1,1346,1346,1,1360,1360,1366,0.3929
20260915,A 一直红,0.32,1,1,1346,1346,1,1360,1360,1366,0.3958
20260915,A 一直红,0.34,1,1,1346,1346,1,1360,1360,1366,0.3980
20260915,A 一直红,0.36,1,1,1346,1346,1,1360,1360,1366,0.3996
20260915,A 一直红,0.38,1,1,1346,1346,1,1360,1360,1365,0.3990
20260915,A 一直红,0.40,1,1,1346,1346,1,1360,1360,1364,0.3957
20260915,A 一直红,0.42,1,1,1346,1346,1,1360,1360,1364,0.3912
20260915,A 一直红,0.44,1,1,1346,1346,1,1360,1360,1364,0.3867
20260915,A 一直红,0.46,1,1,1346,1346,1,1360,1360,1366,0.3814
20260915,A 一直红,0.48,1,1,1346,1346,1,1360,1360,1368,0.3754
20260915,A 一直红,0.50,1,1,1346,1346,1,1360,1360,1368,0.3689
20260915,A 一直红,0.52,1,1,1346,1346,1,1360,1360,1368,0.3614
20260915,A 一直红,0.54,1,1,1346,1346,1,1360,1360,1368,0.3551
20260915,A 一直红,0.56,1,1,1346,1346,1,1359,1360,1365,0.3531
20260915,A 一直红,0.58,1,1,1346,1346,1,1359,1360,1365,0.3558
20260915,A 一直红,0.60,1,1,1346,1346,1,1360,1360,1366,0.3594
20260915,A 一直红,0.62,1,1,1346,1346,1,1360,1360,1366,0.3619
20260915,A 一直红,0.64,1,1,1346,1346,1,1360,1360,1366,0.3629
20260915,A 一直红,0.66,1,1,1346,1346,1,1360,1360,1366,0.3618
20260915,A 一直红,0.68,1,1,1346,1346,1,1360,1360,1365,0.3609
20260915,A 一直红,0.70,1,1,1346,1346,1,1360,1360,1364,0.3634
20260915,A 一直红,0.72,1,1,1346,1346,1,1360,1360,1366,0.3650
20260915,A 一直红,0.74,1,1,1346,1346,1,1360,1360,1364,0.3663
20260915,A 一直红,0.76,1,1,1346,1346,1,1359,1360,1365,0.3662
20260915,A 一直红,0.78,1,1,1346,1346,1,1360,1360,1368,0.3649
20260915,A 一直红,0.80,1,1,1346,1346,1,1360,1360,1368,0.3626
20260915,A 一直红,0.82,1,1,1346,1346,1,1360,1360,1368,0.3627
20260915,A 一直红,0.84,1,1,1346,1346,1,1360,1360,1368,0.3666
20260915,A 一直红,0.86,1,1,1346,1346,1,1359,1360,1365,0.3703
20260915,A 一直红,0.88,1,1,1346,1346,1,1359,1360,1365,0.3721
20260915,A 一直红,0.90,1,1,1346,1346,1,1360,1360,1366,0.3707
20260915,A 一直红,0.92,1,1,1346,1346,1,1360,1360,1366,0.3663
20260915,A 一直红,0.94,1,1,1346,1346,1,1360,1360,1366,0.3595
20260915,A 一直红,0.96,1,1,1346,1346,1,1360,1360,1366,0.3523
20260915,A 一直红,0.98,1,1,1346,1346,1,1360,1360,1365,0.3492
20260915,A 一直红,1.00,1,1,1346,1346,1,1360,1360,1364,0.3541
20260915,A 一直红,1.02,1,1,1346,1346,1,1360,1360,1364,0.3600
20260915,A 一直红,1.04,1,1,1346,1346,1,1360,1360,1364,0.3650
20260915,A 一直红,1.06,1,1,1346,1346,1,1359,1360,1365,0.3688
20260915,A 一直红,1.08,1,1,1346,1346,1,1360,1360,1368,0.3717
20260915,A 一直红,1.10,1,1,1346,1346,1,1360,1360,1368,0.3731
20260915,A 一直红,1.12,1,1,1346,1346,1,1360,1360,1368,0.3719
20260915,A 一直红,1.14,1,1,1346,1346,1,1360,1360,1368,0.3689
20260915,A 一直红,1.16,1,1,1346,1346,1,1359,1360,1365,0.3653
20260915,A 一直红,1.18,1,1,1346,1346,1,1359,1360,1365,0.3638
20260915,A 一直红,1.20,1,1,1346,1346,1,1360,1360,1366,0.3625
20260915,A 一直红,1.22,1,1,1346,1346,1,1360,1360,1366,0.3612
20260915,A 一直红,1.24,1,1,1346,1346,1,1360,1360,1366,0.3604
20260915,A 一直红,1.26,1,1,1346,1346,1,1360,1360,1366,0.3579
20260915,A 一直红,1.28,1,1,1346,1346,1,1360,1360,1365,0.3552
20260915,A 一直红,1.30,1,1,1346,1346,1,1360,1360,1364,0.3586
20260915,A 一直红,1.32,1,1,1346,1346,1,1360,1360,1364,0.3638
20260915,A 一直红,1.34,1,1,1346,1346,1,1360,1360,1364,0.3681
20260915,A 一直红,1.36,1,1,1346,1346,1,1359,1360,1365,0.3709
20260915,A 一直红,1.38,1,1,1346,1346,1,1360,1360,1368,0.3723
20260915,A 一直红,1.40,1,1,1346,1346,1,1360,1360,1368,0.3721
20260915,A 一直红,1.42,1,1,1346,1346,1,1360,1360,1368,0.3693
20260915,A 一直红,1.44,1,1,1346,1346,1,1360,1360,1368,0.3659
20260915,A 一直红,1.46,1,1,1346,1346,1,1359,1360,1365,0.3646
20260915,A 一直红,1.48,1,1,1346,1346,1,1360,1360,1368,0.3652
20260915,A 一直红,1.50,1,1,1346,1346,1,1360,1360,1366,0.3640
20260915,A 一直红,1.52,1,1,1346,1346,1,1360,1360,1366,0.3603
20260915,A 一直红,1.54,1,1,1346,1346,1,1360,1360,1366,0.3566
20260915,A 一直红,1.56,1,1,1346,1346,1,1360,1360,1366,0.3531
20260915,A 一直红,1.58,1,1,1346,1346,1,1360,1360,1365,0.3506
20260915,A 一直红,1.60,1,1,1346,1346,1,1360,1360,1364,0.3557
20260915,A 一直红,1.62,1,1,1346,1346,1,1360,1360,1364,0.3620
20260915,A 一直红,1.64,1,1,1346,1346,1,1360,1360,1364,0.3675
20260915,A 一直红,1.66,1,1,1346,1346,1,1359,1360,1365,0.3716
20260915,A 一直红,1.68,1,1,1346,1346,1,1360,1360,1368,0.3745
20260915,A 一直红,1.70,1,1,1346,1346,1,1360,1360,1368,0.3757
20260915,A 一直红,1.72,1,1,1346,1346,1,1360,1360,1368,0.3743
20260915,A 一直红,1.74,1,1,1346,1346,1,1360,1360,1368,0.3705
20260915,A 一直红,1.76,1,1,1346,1346,1,1359,1360,1365,0.3648
20260915,A 一直红,1.78,1,1,1346,1346,1,1360,1360,1368,0.3611
20260915,A 一直红,1.80,1,1,1346,1346,1,1360,1360,1366,0.3584
20260915,A 一直红,1.82,1,1,1346,1346,1,1360,1360,1366,0.3551
20260915,A 一直红,1.84,1,1,1346,1346,1,1360,1360,1366,0.3531
20260915,A 一直红,1.86,1,1,1346,1346,1,1360,1360,1366,0.3509
20260915,A 一直红,1.88,1,1,1346,1346,1,1360,1360,1365,0.3517
20260915,A 一直红,1.90,1,1,1346,1346,1,1360,1360,1364,0.3582
20260915,A 一直红,1.92,1,1,1346,1346,1,1360,1360,1364,0.3649
20260915,A 一直红,1.94,1,1,1346,1346,1,1360,1360,1364,0.3702
20260915,A 一直红,1.96,1,1,1346,1346,1,1359,1360,1365,0.3738
20260915,A 一直红,1.98,1,1,1346,1346,1,1360,1360,1368,0.3761
20260915,A 一直红,2.00,1,1,1346,1346,1,1360,1360,1368,0.3767
20260915,A 一直红,2.02,1,1,1346,1346,1,1360,1360,1368,0.3747
20260915,A 一直红,2.04,1,1,1346,1346,1,1360,1360,1368,0.3707
20260915,A 一直红,2.06,1,1,1346,1346,1,1359,1360,1365,0.3653
20260915,A 一直红,2.08,1,1,1346,1346,1,1359,1360,1365,0.3612
20260915,A 一直红,2.10,1,1,1346,1346,1,1360,1360,1368,0.3589
20260915,A 一直红,2.12,1,1,1346,1346,1,1360,1360,1366,0.3570
20260915,A 一直红,2.14,1,1,1346,1346,1,1360,1360,1366,0.3558
20260915,A 一直红,2.16,1,1,1346,1346,1,1360,1360,1366,0.3538
20260915,A 一直红,2.18,1,1,1346,1346,1,1360,1360,1365,0.3535
20260915,A 一直红,2.20,1,1,1346,1346,1,1360,1360,1364,0.3592
20260915,A 一直红,2.22,1,1,1346,1346,1,1360,1360,1364,0.3653
20260915,A 一直红,2.24,1,1,1346,1346,1,1360,1360,1364,0.3702
20260915,A 一直红,2.26,1,1,1346,1346,1,1359,1360,1365,0.3733
20260915,A 一直红,2.28,1,1,1346,1346,1,1360,1360,1368,0.3748
20260915,A 一直红,2.30,1,1,1346,1346,1,1360,1360,1368,0.3747
20260915,A 一直红,2.32,1,1,1346,1346,1,1360,1360,1368,0.3721
20260915,A 一直红,2.34,1,1,1346,1346,1,1360,1360,1368,0.3678
20260915,A 一直红,2.36,1,1,1346,1346,1,1359,1360,1365,0.3633
20260915,A 一直红,2.38,1,1,1346,1346,1,1360,1360,1368,0.3615
20260915,A 一直红,2.40,1,1,1346,1346,1,1360,1360,1366,0.3595
20260915,A 一直红,2.42,1,1,1346,1346,1,1360,1360,1366,0.3563
20260915,A 一直红,2.44,1,1,1346,1346,1,1360,1360,1366,0.3544
20260915,A 一直红,2.46,1,1,1346,1346,1,1360,1360,1366,0.3521
20260915,A 一直红,2.48,1,1,1346,1346,1,1360,1360,1365,0.3518
20260915,A 一直红,2.50,1,1,1346,1346,1,1360,1360,1364,0.3579
20260915,A 一直红,2.52,1,1,1346,1346,1,1360,1360,1364,0.3645
20260915,A 一直红,2.54,1,1,1346,1346,1,1360,1360,1364,0.3699
20260915,A 一直红,2.56,1,1,1346,1346,1,1359,1360,1365,0.3737
20260915,A 一直红,2.58,1,1,1346,1346,1,1360,1360,1368,0.3763
20260915,A 一直红,2.60,1,1,1346,1346,1,1360,1360,1368,0.3772
20260915,A 一直红,2.62,1,1,1346,1346,1,1360,1360,1368,0.3754
20260915,A 一直红,2.64,1,1,1346,1346,1,1360,1360,1368,0.3712
20260915,A 一直红,2.66,1,1,1346,1346,1,1359,1360,1365,0.3650
20260915,A 一直红,2.68,1,1,1346,1346,1,1360,1360,1368,0.3609
20260915,A 一直红,2.70,1,1,1346,1346,1,1360,1360,1366,0.3580
20260915,A 一直红,2.72,1,1,1346,1346,1,1360,1360,1366,0.3548
20260915,A 一直红,2.74,1,1,1346,1346,1,1360,1360,1366,0.3533
20260915,A 一直红,2.76,1,1,1346,1346,1,1360,1360,1366,0.3513
20260915,A 一直红,2.78,1,1,1346,1346,1,1360,1360,1365,0.3515
20260915,A 一直红,2.80,1,1,1346,1346,1,1360,1360,1364,0.3580
20260915,A 一直红,2.82,1,1,1346,1346,1,1360,1360,1364,0.3647
20260915,A 一直红,2.84,1,1,1346,1346,1,1360,1360,1364,0.3703
20260915,A 一直红,2.86,1,1,1346,1346,1,1359,1360,1365,0.3741
20260915,A 一直红,2.88,1,1,1346,1346,1,1360,1360,1368,0.3767
20260915,A 一直红,2.90,1,1,1346,1346,1,1360,1360,1368,0.3776
20260915,A 一直红,2.92,1,1,1346,1346,1,1360,1360,1368,0.3758
20260915,A 一直红,2.94,1,1,1346,1346,1,1360,1360,1368,0.3716
20260915,A 一直红,2.96,1,1,1346,1346,1,1359,1360,1365,0.3653
20260915,A 一直红,2.98,1,1,1346,1346,1,1360,1360,1368,0.3608
20260915,B 红0.5秒后全黑,0.00,0,1,1346,1346,1,1357,1360,1357,0.2607
20260915,B 红0.5秒后全黑,0.02,1,1,1346,1346,1,1357,1360,1357,0.2565
20260915,B 红0.5秒后全黑,0.04,1,1,1346,1346,1,1360,1360,1366,0.2525
20260915,B 红0.5秒后全黑,0.06,1,1,1346,1346,1,1360,1360,1366,0.2594
20260915,B 红0.5秒后全黑,0.08,1,1,1346,1346,1,1360,1360,1365,0.2739
20260915,B 红0.5秒后全黑,0.10,1,1,1346,1346,1,1360,1360,1364,0.2900
20260915,B 红0.5秒后全黑,0.12,1,1,1346,1346,1,1360,1360,1364,0.3054
20260915,B 红0.5秒后全黑,0.14,1,1,1346,1346,1,1360,1360,1364,0.3204
20260915,B 红0.5秒后全黑,0.16,1,1,1346,1346,1,1359,1360,1365,0.3345
20260915,B 红0.5秒后全黑,0.18,1,1,1346,1346,1,1360,1360,1368,0.3475
20260915,B 红0.5秒后全黑,0.20,1,1,1346,1346,1,1360,1360,1368,0.3597
20260915,B 红0.5秒后全黑,0.22,1,1,1346,1346,1,1360,1360,1368,0.3704
20260915,B 红0.5秒后全黑,0.24,1,1,1346,1346,1,1360,1360,1368,0.3787
20260915,B 红0.5秒后全黑,0.26,1,1,1346,1346,1,1359,1360,1365,0.3844
20260915,B 红0.5秒后全黑,0.28,1,1,1346,1346,1,1360,1360,1368,0.3891
20260915,B 红0.5秒后全黑,0.30,1,1,1346,1346,1,1360,1360,1366,0.3929
20260915,B 红0.5秒后全黑,0.32,1,1,1346,1346,1,1360,1360,1366,0.3958
20260915,B 红0.5秒后全黑,0.34,1,1,1346,1346,1,1360,1360,1366,0.3980
20260915,B 红0.5秒后全黑,0.36,1,1,1346,1346,1,1360,1360,1366,0.3996
20260915,B 红0.5秒后全黑,0.38,1,1,1346,1346,1,1360,1360,1365,0.3990
20260915,B 红0.5秒后全黑,0.40,1,1,1346,1346,1,1360,1360,1364,0.3957
20260915,B 红0.5秒后全黑,0.42,1,1,1346,1346,1,1360,1360,1364,0.3912
20260915,B 红0.5秒后全黑,0.44,1,1,1346,1346,1,1360,1360,1364,0.3867
20260915,B 红0.5秒后全黑,0.46,1,1,1346,1346,1,1360,1360,1366,0.3814
20260915,B 红0.5秒后全黑,0.48,1,1,1346,1346,1,1360,1360,1368,0.3754
20260915,B 红0.5秒后全黑,0.50,1,0,0,1346,1,3,1360,11,0.3689
20260915,B 红0.5秒后全黑,0.52,1,0,0,1346,1,3,1360,10,0.3614
20260915,B 红0.5秒后全黑,0.54,1,0,0,1346,1,3,1360,10,0.3551
20260915,B 红0.5秒后全黑,0.56,1,0,0,1346,1,2,1360,6,0.3531
20260915,B 红0.5秒后全黑,0.58,1,0,0,1346,1,2,1360,6,0.3555
20260915,B 红0.5秒后全黑,0.60,1,0,0,1346,1,3,1360,9,0.3591
20260915,B 红0.5秒后全黑,0.62,1,0,0,1346,1,3,1360,9,0.3615
20260915,B 红0.5秒后全黑,0.64,1,0,0,1346,1,3,1360,9,0.3621
20260915,B 红0.5秒后全黑,0.66,1,0,0,1346,1,3,1360,9,0.3608
20260915,B 红0.5秒后全黑,0.68,1,0,0,1346,1,3,1360,7,0.3602
20260915,B 红0.5秒后全黑,0.70,1,0,0,1346,1,3,1360,6,0.3627
20260915,B 红0.5秒后全黑,0.72,1,0,0,1346,1,3,1360,7,0.3644
20260915,B 红0.5秒后全黑,0.74,1,0,0,1346,1,3,1360,6,0.3656
20260915,B 红0.5秒后全黑,0.76,1,0,0,1346,1,2,1360,7,0.3653
20260915,B 红0.5秒后全黑,0.78,1,0,0,1346,1,3,1360,10,0.3639
20260915,B 红0.5秒后全黑,0.80,1,0,0,1346,1,3,1360,10,0.3617
20260915,B 红0.5秒后全黑,0.82,1,0,0,1346,1,3,1360,10,0.3628
20260915,B 红0.5秒后全黑,0.84,1,0,0,1346,1,3,1360,10,0.3670
20260915,B 红0.5秒后全黑,0.86,1,0,0,1346,1,2,1360,6,0.3705
20260915,B 红0.5秒后全黑,0.88,1,0,0,1346,1,2,1360,6,0.3719
20260915,B 红0.5秒后全黑,0.90,1,0,0,1346,1,3,1360,9,0.3702
20260915,B 红0.5秒后全黑,0.92,1,0,0,1346,1,3,1360,9,0.3654
20260915,B 红0.5秒后全黑,0.94,1,0,0,1346,1,3,1360,9,0.3588
20260915,B 红0.5秒后全黑,0.96,1,0,0,1346,1,3,1360,9,0.3524
20260915,B 红0.5秒后全黑,0.98,1,0,0,1346,1,3,1360,7,0.3487
20260915,B 红0.5秒后全黑,1.00,1,0,0,1346,1,3,1360,6,0.3537
20260915,B 红0.5秒后全黑,1.02,1,0,0,1346,1,3,1360,5,0.3597
20260915,B 红0.5秒后全黑,1.04,1,0,0,1346,1,3,1360,6,0.3651
20260915,B 红0.5秒后全黑,1.06,1,0,0,1346,1,2,1360,7,0.3690
20260915,B 红0.5秒后全黑,1.08,1,0,0,1346,1,3,1360,10,0.3716
20260915,B 红0.5秒后全黑,1.10,1,0,0,1346,1,3,1360,10,0.3724
20260915,B 红0.5秒后全黑,1.12,1,0,0,1346,1,3,1360,10,0.3704
20260915,B 红0.5秒后全黑,1.14,1,0,0,1346,1,3,1360,10,0.3671
20260915,B 红0.5秒后全黑,1.16,1,0,0,1346,1,2,1360,6,0.3626
20260915,B 红0.5秒后全黑,1.18,1,0,0,1346,1,3,1360,9,0.3608
20260915,B 红0.5秒后全黑,1.20,1,0,0,1346,1,3,1360,9,0.3589
20260915,B 红0.5秒后全黑,1.22,1,0,0,1346,1,3,1360,9,0.3563
20260915,B 红0.5秒后全黑,1.24,1,0,0,1346,1,3,1360,9,0.3545
20260915,B 红0.5秒后全黑,1.26,1,0,0,1346,1,3,1360,9,0.3518
20260915,B 红0.5秒后全黑,1.28,1,0,0,1346,1,3,1360,7,0.3513
20260915,B 红0.5秒后全黑,1.30,1,0,0,1346,1,3,1360,6,0.3574
20260915,B 红0.5秒后全黑,1.32,1,0,0,1346,1,3,1360,5,0.3637
20260915,B 红0.5秒后全黑,1.34,1,0,0,1346,1,3,1360,6,0.3690
20260915,B 红0.5秒后全黑,1.36,1,0,0,1346,1,2,1360,7,0.3725
20260915,B 红0.5秒后全黑,1.38,1,0,0,1346,1,3,1360,10,0.3745
20260915,B 红0.5秒后全黑,1.40,1,0,0,1346,1,3,1360,10,0.3747
20260915,B 红0.5秒后全黑,1.42,1,0,0,1346,1,3,1360,10,0.3721
20260915,B 红0.5秒后全黑,1.44,1,0,0,1346,1,3,1360,10,0.3681
20260915,B 红0.5秒后全黑,1.46,1,0,0,1346,1,2,1360,6,0.3625
20260915,B 红0.5秒后全黑,1.48,1,0,0,1346,1,3,1360,9,0.3596
20260915,B 红0.5秒后全黑,1.50,1,0,0,1346,1,3,1360,9,0.3576
20260915,B 红0.5秒后全黑,1.52,1,0,0,1346,1,3,1360,9,0.3555
20260915,B 红0.5秒后全黑,1.54,1,0,0,1346,1,3,1360,9,0.3542
20260915,B 红0.5秒后全黑,1.56,1,0,0,1346,1,3,1360,9,0.3520
20260915,B 红0.5秒后全黑,1.58,1,0,0,1346,1,3,1360,7,0.3516
20260915,B 红0.5秒后全黑,1.60,1,0,0,1346,1,3,1360,6,0.3580
20260915,B 红0.5秒后全黑,1.62,1,0,0,1346,1,3,1360,5,0.3644
20260915,B 红0.5秒后全黑,1.64,1,0,0,1346,1,3,1360,6,0.3697
20260915,B 红0.5秒后全黑,1.66,1,0,0,1346,1,2,1360,7,0.3732
20260915,B 红0.5秒后全黑,1.68,1,0,0,1346,1,3,1360,10,0.3751
20260915,B 红0.5秒后全黑,1.70,1,0,0,1346,1,3,1360,10,0.3753
20260915,B 红0.5秒后全黑,1.72,1,0,0,1346,1,3,1360,10,0.3725
20260915,B 红0.5秒后全黑,1.74,1,0,0,1346,1,3,1360,10,0.3683
20260915,B 红0.5秒后全黑,1.76,1,0,0,1346,1,2,1360,6,0.3625
20260915,B 红0.5秒后全黑,1.78,1,0,0,1346,1,3,1360,9,0.3595
20260915,B 红0.5秒后全黑,1.80,1,0,0,1346,1,3,1360,9,0.3574
20260915,B 红0.5秒后全黑,1.82,1,0,0,1346,1,3,1360,9,0.3552
20260915,B 红0.5秒后全黑,1.84,1,0,0,1346,1,3,1360,9,0.3541
20260915,B 红0.5秒后全黑,1.86,1,0,0,1346,1,3,1360,9,0.3520
20260915,B 红0.5秒后全黑,1.88,1,0,0,1346,1,3,1360,7,0.3516
20260915,B 红0.5秒后全黑,1.90,1,0,0,1346,1,3,1360,6,0.3579
20260915,B 红0.5秒后全黑,1.92,1,0,0,1346,1,3,1360,5,0.3643
20260915,B 红0.5秒后全黑,1.94,1,0,0,1346,1,3,1360,6,0.3697
20260915,B 红0.5秒后全黑,1.96,1,0,0,1346,1,2,1360,7,0.3732
20260915,B 红0.5秒后全黑,1.98,1,0,0,1346,1,3,1360,10,0.3752
20260915,B 红0.5秒后全黑,2.00,1,0,0,1346,1,3,1360,10,0.3754
20260915,B 红0.5秒后全黑,2.02,1,0,0,1346,1,3,1360,10,0.3727
20260915,B 红0.5秒后全黑,2.04,1,0,0,1346,1,3,1360,10,0.3685
20260915,B 红0.5秒后全黑,2.06,1,0,0,1346,1,2,1360,6,0.3626
20260915,B 红0.5秒后全黑,2.08,1,0,0,1346,1,3,1360,9,0.3594
20260915,B 红0.5秒后全黑,2.10,1,0,0,1346,1,3,1360,9,0.3573
20260915,B 红0.5秒后全黑,2.12,1,0,0,1346,1,3,1360,9,0.3551
20260915,B 红0.5秒后全黑,2.14,1,0,0,1346,1,3,1360,9,0.3540
20260915,B 红0.5秒后全黑,2.16,1,0,0,1346,1,3,1360,9,0.3519
20260915,B 红0.5秒后全黑,2.18,1,0,0,1346,1,3,1360,7,0.3516
20260915,B 红0.5秒后全黑,2.20,1,0,0,1346,1,3,1360,6,0.3580
20260915,B 红0.5秒后全黑,2.22,1,0,0,1346,1,3,1360,5,0.3644
20260915,B 红0.5秒后全黑,2.24,1,0,0,1346,1,3,1360,6,0.3697
20260915,B 红0.5秒后全黑,2.26,1,0,0,1346,1,2,1360,7,0.3732
20260915,B 红0.5秒后全黑,2.28,1,0,0,1346,1,3,1360,10,0.3752
20260915,B 红0.5秒后全黑,2.30,1,0,0,1346,1,3,1360,10,0.3753
20260915,B 红0.5秒后全黑,2.32,1,0,0,1346,1,3,1360,10,0.3726
20260915,B 红0.5秒后全黑,2.34,1,0,0,1346,1,3,1360,10,0.3684
20260915,B 红0.5秒后全黑,2.36,1,0,0,1346,1,2,1360,6,0.3625
20260915,B 红0.5秒后全黑,2.38,1,0,0,1346,1,3,1360,9,0.3594
20260915,B 红0.5秒后全黑,2.40,1,0,0,1346,1,3,1360,9,0.3573
20260915,B 红0.5秒后全黑,2.42,1,0,0,1346,1,3,1360,9,0.3552
20260915,B 红0.5秒后全黑,2.44,1,0,0,1346,1,3,1360,9,0.3541
20260915,B 红0.5秒后全黑,2.46,1,0,0,1346,1,3,1360,9,0.3519
20260915,B 红0.5秒后全黑,2.48,1,0,0,1346,1,3,1360,7,0.3517
20260915,B 红0.5秒后全黑,2.50,1,0,0,1346,1,3,1360,6,0.3581
20260915,B 红0.5秒后全黑,2.52,1,0,0,1346,1,3,1360,5,0.3645
20260915,B 红0.5秒后全黑,2.54,1,0,0,1346,1,3,1360,6,0.3698
20260915,B 红0.5秒后全黑,2.56,1,0,0,1346,1,2,1360,7,0.3733
20260915,B 红0.5秒后全黑,2.58,1,0,0,1346,1,3,1360,10,0.3752
20260915,B 红0.5秒后全黑,2.60,1,0,0,1346,1,3,1360,10,0.3753
20260915,B 红0.5秒后全黑,2.62,1,0,0,1346,1,3,1360,10,0.3726
20260915,B 红0.5秒后全黑,2.64,1,0,0,1346,1,3,1360,10,0.3683
20260915,B 红0.5秒后全黑,2.66,1,0,0,1346,1,2,1360,6,0.3625
20260915,B 红0.5秒后全黑,2.68,1,0,0,1346,1,3,1360,9,0.3594
20260915,B 红0.5秒后全黑,2.70,1,0,0,1346,1,3,1360,9,0.3573
20260915,B 红0.5秒后全黑,2.72,1,0,0,1346,1,3,1360,9,0.3552
20260915,B 红0.5秒后全黑,2.74,1,0,0,1346,1,3,1360,9,0.3541
20260915,B 红0.5秒后全黑,2.76,1,0,0,1346,1,3,1360,9,0.3519
20260915,B 红0.5秒后全黑,2.78,1,0,0,1346,1,3,1360,7,0.3517
20260915,B 红0.5秒后全黑,2.80,1,0,0,1346,1,3,1360,6,0.3580
20260915,B 红0.5秒后全黑,2.82,1,0,0,1346,1,3,1360,5,0.3645
20260915,B 红0.5秒后全黑,2.84,1,0,0,1346,1,3,1360,6,0.3698
20260915,B 红0.5秒后全黑,2.86,1,0,0,1346,1,2,1360,7,0.3733
20260915,B 红0.5秒后全黑,2.88,1,0,0,1346,1,3,1360,10,0.3752
20260915,B 红0.5秒后全黑,2.90,1,0,0,1346,1,3,1360,10,0.3753
20260915,B 红0.5秒后全黑,2.92,1,0,0,1346,1,3,1360,10,0.3726
20260915,B 红0.5秒后全黑,2.94,1,0,0,1346,1,3,1360,10,0.3684
20260915,B 红0.5秒后全黑,2.96,1,0,0,1346,1,2,1360,6,0.3625
20260915,B 红0.5秒后全黑,2.98,1,0,0,1346,1,3,1360,9,0.3594
20260915,C 同B+1.0秒打断运动记忆,0.00,0,1,1346,1346,1,1357,1360,1357,0.2607
20260915,C 同B+1.0秒打断运动记忆,0.02,1,1,1346,1346,1,1357,1360,1357,0.2565
20260915,C 同B+1.0秒打断运动记忆,0.04,1,1,1346,1346,1,1360,1360,1366,0.2525
20260915,C 同B+1.0秒打断运动记忆,0.06,1,1,1346,1346,1,1360,1360,1366,0.2594
20260915,C 同B+1.0秒打断运动记忆,0.08,1,1,1346,1346,1,1360,1360,1365,0.2739
20260915,C 同B+1.0秒打断运动记忆,0.10,1,1,1346,1346,1,1360,1360,1364,0.2900
20260915,C 同B+1.0秒打断运动记忆,0.12,1,1,1346,1346,1,1360,1360,1364,0.3054
20260915,C 同B+1.0秒打断运动记忆,0.14,1,1,1346,1346,1,1360,1360,1364,0.3204
20260915,C 同B+1.0秒打断运动记忆,0.16,1,1,1346,1346,1,1359,1360,1365,0.3345
20260915,C 同B+1.0秒打断运动记忆,0.18,1,1,1346,1346,1,1360,1360,1368,0.3475
20260915,C 同B+1.0秒打断运动记忆,0.20,1,1,1346,1346,1,1360,1360,1368,0.3597
20260915,C 同B+1.0秒打断运动记忆,0.22,1,1,1346,1346,1,1360,1360,1368,0.3704
20260915,C 同B+1.0秒打断运动记忆,0.24,1,1,1346,1346,1,1360,1360,1368,0.3787
20260915,C 同B+1.0秒打断运动记忆,0.26,1,1,1346,1346,1,1359,1360,1365,0.3844
20260915,C 同B+1.0秒打断运动记忆,0.28,1,1,1346,1346,1,1360,1360,1368,0.3891
20260915,C 同B+1.0秒打断运动记忆,0.30,1,1,1346,1346,1,1360,1360,1366,0.3929
20260915,C 同B+1.0秒打断运动记忆,0.32,1,1,1346,1346,1,1360,1360,1366,0.3958
20260915,C 同B+1.0秒打断运动记忆,0.34,1,1,1346,1346,1,1360,1360,1366,0.3980
20260915,C 同B+1.0秒打断运动记忆,0.36,1,1,1346,1346,1,1360,1360,1366,0.3996
20260915,C 同B+1.0秒打断运动记忆,0.38,1,1,1346,1346,1,1360,1360,1365,0.3990
20260915,C 同B+1.0秒打断运动记忆,0.40,1,1,1346,1346,1,1360,1360,1364,0.3957
20260915,C 同B+1.0秒打断运动记忆,0.42,1,1,1346,1346,1,1360,1360,1364,0.3912
20260915,C 同B+1.0秒打断运动记忆,0.44,1,1,1346,1346,1,1360,1360,1364,0.3867
20260915,C 同B+1.0秒打断运动记忆,0.46,1,1,1346,1346,1,1360,1360,1366,0.3814
20260915,C 同B+1.0秒打断运动记忆,0.48,1,1,1346,1346,1,1360,1360,1368,0.3754
20260915,C 同B+1.0秒打断运动记忆,0.50,1,0,0,1346,1,3,1360,11,0.3689
20260915,C 同B+1.0秒打断运动记忆,0.52,1,0,0,1346,1,3,1360,10,0.3614
20260915,C 同B+1.0秒打断运动记忆,0.54,1,0,0,1346,1,3,1360,10,0.3551
20260915,C 同B+1.0秒打断运动记忆,0.56,1,0,0,1346,1,2,1360,6,0.3531
20260915,C 同B+1.0秒打断运动记忆,0.58,1,0,0,1346,1,2,1360,6,0.3555
20260915,C 同B+1.0秒打断运动记忆,0.60,1,0,0,1346,1,3,1360,9,0.3591
20260915,C 同B+1.0秒打断运动记忆,0.62,1,0,0,1346,1,3,1360,9,0.3615
20260915,C 同B+1.0秒打断运动记忆,0.64,1,0,0,1346,1,3,1360,9,0.3621
20260915,C 同B+1.0秒打断运动记忆,0.66,1,0,0,1346,1,3,1360,9,0.3608
20260915,C 同B+1.0秒打断运动记忆,0.68,1,0,0,1346,1,3,1360,7,0.3602
20260915,C 同B+1.0秒打断运动记忆,0.70,1,0,0,1346,1,3,1360,6,0.3627
20260915,C 同B+1.0秒打断运动记忆,0.72,1,0,0,1346,1,3,1360,7,0.3644
20260915,C 同B+1.0秒打断运动记忆,0.74,1,0,0,1346,1,3,1360,6,0.3656
20260915,C 同B+1.0秒打断运动记忆,0.76,1,0,0,1346,1,2,1360,7,0.3653
20260915,C 同B+1.0秒打断运动记忆,0.78,1,0,0,1346,1,3,1360,10,0.3639
20260915,C 同B+1.0秒打断运动记忆,0.80,1,0,0,1346,1,3,1360,10,0.3617
20260915,C 同B+1.0秒打断运动记忆,0.82,1,0,0,1346,1,3,1360,10,0.3628
20260915,C 同B+1.0秒打断运动记忆,0.84,1,0,0,1346,1,3,1360,10,0.3670
20260915,C 同B+1.0秒打断运动记忆,0.86,1,0,0,1346,1,2,1360,6,0.3705
20260915,C 同B+1.0秒打断运动记忆,0.88,1,0,0,1346,1,2,1360,6,0.3719
20260915,C 同B+1.0秒打断运动记忆,0.90,1,0,0,1346,1,3,1360,9,0.3702
20260915,C 同B+1.0秒打断运动记忆,0.92,1,0,0,1346,1,3,1360,9,0.3654
20260915,C 同B+1.0秒打断运动记忆,0.94,1,0,0,1346,1,3,1360,9,0.3588
20260915,C 同B+1.0秒打断运动记忆,0.96,1,0,0,1346,1,3,1360,9,0.3524
20260915,C 同B+1.0秒打断运动记忆,0.98,1,0,0,1346,1,3,1360,7,0.3487
20260915,C 同B+1.0秒打断运动记忆,1.00,1,0,0,1346,1,3,1360,6,0.3537
20260915,C 同B+1.0秒打断运动记忆,1.02,0,0,0,1346,1,3,1360,5,0.3573
20260915,C 同B+1.0秒打断运动记忆,1.04,0,0,0,1346,1,2,1360,2,0.3577
20260915,C 同B+1.0秒打断运动记忆,1.06,0,0,0,1346,0,0,1360,0,0.3546
20260915,C 同B+1.0秒打断运动记忆,1.08,0,0,0,1346,0,0,1360,0,0.3468
20260915,C 同B+1.0秒打断运动记忆,1.10,0,0,0,1346,0,0,1360,0,0.3360
20260915,C 同B+1.0秒打断运动记忆,1.12,0,0,0,1346,1,2,1360,5,0.3211
20260915,C 同B+1.0秒打断运动记忆,1.14,0,0,0,1346,1,2,1360,2,0.3046
20260915,C 同B+1.0秒打断运动记忆,1.16,0,0,0,1346,1,2,1360,2,0.2855
20260915,C 同B+1.0秒打断运动记忆,1.18,0,0,0,1346,0,0,1360,0,0.2633
20260915,C 同B+1.0秒打断运动记忆,1.20,0,0,0,1346,1,2,1360,2,0.2364
20260915,C 同B+1.0秒打断运动记忆,1.22,0,0,0,1346,0,0,1360,0,0.2115
20260915,C 同B+1.0秒打断运动记忆,1.24,0,0,0,1346,1,2,1360,2,0.1965
20260915,C 同B+1.0秒打断运动记忆,1.26,0,0,0,1346,0,0,1360,0,0.1959
20260915,C 同B+1.0秒打断运动记忆,1.28,0,0,0,1346,0,0,1360,0,0.2068
20260915,C 同B+1.0秒打断运动记忆,1.30,0,0,0,1346,1,2,1360,5,0.2168
20260915,C 同B+1.0秒打断运动记忆,1.32,0,0,0,1346,0,0,1360,0,0.2240
20260915,C 同B+1.0秒打断运动记忆,1.34,0,0,0,1346,1,2,1360,5,0.2259
20260915,C 同B+1.0秒打断运动记忆,1.36,0,0,0,1346,0,0,1360,0,0.2238
20260915,C 同B+1.0秒打断运动记忆,1.38,0,0,0,1346,0,0,1360,0,0.2238
20260915,C 同B+1.0秒打断运动记忆,1.40,0,0,0,1346,1,2,1360,3,0.2258
20260915,C 同B+1.0秒打断运动记忆,1.42,0,0,0,1346,0,0,1360,0,0.2273
20260915,C 同B+1.0秒打断运动记忆,1.44,0,0,0,1346,0,0,1360,0,0.2298
20260915,C 同B+1.0秒打断运动记忆,1.46,0,0,0,1346,1,2,1360,5,0.2279
20260915,C 同B+1.0秒打断运动记忆,1.48,0,0,0,1346,0,0,1360,0,0.2237
20260915,C 同B+1.0秒打断运动记忆,1.50,0,0,0,1346,1,2,1360,5,0.2178
20260915,C 同B+1.0秒打断运动记忆,1.52,0,0,0,1346,0,0,1360,0,0.2186
20260915,C 同B+1.0秒打断运动记忆,1.54,0,0,0,1346,1,2,1360,5,0.2247
20260915,C 同B+1.0秒打断运动记忆,1.56,0,0,0,1346,1,2,1360,5,0.2298
20260915,C 同B+1.0秒打断运动记忆,1.58,0,0,0,1346,0,0,1360,0,0.2314
20260915,C 同B+1.0秒打断运动记忆,1.60,0,0,0,1346,0,0,1360,0,0.2314
20260915,C 同B+1.0秒打断运动记忆,1.62,0,0,0,1346,1,2,1360,5,0.2260
20260915,C 同B+1.0秒打断运动记忆,1.64,0,0,0,1346,0,0,1360,0,0.2207
20260915,C 同B+1.0秒打断运动记忆,1.66,0,0,0,1346,1,2,1360,3,0.2169
20260915,C 同B+1.0秒打断运动记忆,1.68,0,0,0,1346,0,0,1360,0,0.2180
20260915,C 同B+1.0秒打断运动记忆,1.70,0,0,0,1346,1,2,1360,5,0.2228
20260915,C 同B+1.0秒打断运动记忆,1.72,0,0,0,1346,0,0,1360,0,0.2262
20260915,C 同B+1.0秒打断运动记忆,1.74,0,0,0,1346,1,2,1360,5,0.2245
20260915,C 同B+1.0秒打断运动记忆,1.76,0,0,0,1346,0,0,1360,0,0.2259
20260915,C 同B+1.0秒打断运动记忆,1.78,0,0,0,1346,1,2,1360,5,0.2249
20260915,C 同B+1.0秒打断运动记忆,1.80,0,0,0,1346,0,0,1360,0,0.2230
20260915,C 同B+1.0秒打断运动记忆,1.82,0,0,0,1346,0,0,1360,0,0.2235
20260915,C 同B+1.0秒打断运动记忆,1.84,0,0,0,1346,1,2,1360,5,0.2240
20260915,C 同B+1.0秒打断运动记忆,1.86,0,0,0,1346,1,2,1360,5,0.2242
20260915,C 同B+1.0秒打断运动记忆,1.88,0,0,0,1346,0,0,1360,0,0.2275
20260915,C 同B+1.0秒打断运动记忆,1.90,0,0,0,1346,1,2,1360,5,0.2286
20260915,C 同B+1.0秒打断运动记忆,1.92,0,0,0,1346,0,0,1360,0,0.2287
20260915,C 同B+1.0秒打断运动记忆,1.94,0,0,0,1346,0,0,1360,0,0.2308
20260915,C 同B+1.0秒打断运动记忆,1.96,0,0,0,1346,1,2,1360,5,0.2299
20260915,C 同B+1.0秒打断运动记忆,1.98,0,0,0,1346,0,0,1360,0,0.2277
20260915,C 同B+1.0秒打断运动记忆,2.00,0,0,0,1346,1,2,1360,5,0.2226
20260915,C 同B+1.0秒打断运动记忆,2.02,0,0,0,1346,0,0,1360,0,0.2163
20260915,C 同B+1.0秒打断运动记忆,2.04,0,0,0,1346,0,0,1360,0,0.2090
20260915,C 同B+1.0秒打断运动记忆,2.06,0,0,0,1346,0,0,1360,0,0.2037
20260915,C 同B+1.0秒打断运动记忆,2.08,0,0,0,1346,0,0,1360,0,0.2005
20260915,C 同B+1.0秒打断运动记忆,2.10,0,0,0,1346,0,0,1360,0,0.1980
20260915,C 同B+1.0秒打断运动记忆,2.12,0,0,0,1346,0,0,1360,0,0.1950
20260915,C 同B+1.0秒打断运动记忆,2.14,0,0,0,1346,0,0,1360,0,0.1912
20260915,C 同B+1.0秒打断运动记忆,2.16,0,0,0,1346,0,0,1360,0,0.1869
20260915,C 同B+1.0秒打断运动记忆,2.18,0,0,0,1346,0,0,1360,0,0.1840
20260915,C 同B+1.0秒打断运动记忆,2.20,0,0,0,1346,0,0,1360,0,0.1832
20260915,C 同B+1.0秒打断运动记忆,2.22,0,0,0,1346,0,0,1360,0,0.1842
20260915,C 同B+1.0秒打断运动记忆,2.24,0,0,0,1346,0,0,1360,0,0.1851
20260915,C 同B+1.0秒打断运动记忆,2.26,0,0,0,1346,0,0,1360,0,0.1853
20260915,C 同B+1.0秒打断运动记忆,2.28,0,0,0,1346,0,0,1360,0,0.1845
20260915,C 同B+1.0秒打断运动记忆,2.30,0,0,0,1346,0,0,1360,0,0.1829
20260915,C 同B+1.0秒打断运动记忆,2.32,0,0,0,1346,0,0,1360,0,0.1825
20260915,C 同B+1.0秒打断运动记忆,2.34,0,0,0,1346,0,0,1360,0,0.1827
20260915,C 同B+1.0秒打断运动记忆,2.36,0,0,0,1346,0,0,1360,0,0.1828
20260915,C 同B+1.0秒打断运动记忆,2.38,0,0,0,1346,0,0,1360,0,0.1828
20260915,C 同B+1.0秒打断运动记忆,2.40,0,0,0,1346,0,0,1360,0,0.1828
20260915,C 同B+1.0秒打断运动记忆,2.42,0,0,0,1346,0,0,1360,0,0.1828
20260915,C 同B+1.0秒打断运动记忆,2.44,0,0,0,1346,0,0,1360,0,0.1828
20260915,C 同B+1.0秒打断运动记忆,2.46,0,0,0,1346,0,0,1360,0,0.1828
20260915,C 同B+1.0秒打断运动记忆,2.48,0,0,0,1346,0,0,1360,0,0.1828
20260915,C 同B+1.0秒打断运动记忆,2.50,0,0,0,1346,0,0,1360,0,0.1828
20260915,C 同B+1.0秒打断运动记忆,2.52,0,0,0,1346,0,0,1360,0,0.1828
20260915,C 同B+1.0秒打断运动记忆,2.54,0,0,0,1346,0,0,1360,0,0.1828
20260915,C 同B+1.0秒打断运动记忆,2.56,0,0,0,1346,0,0,1360,0,0.1828
20260915,C 同B+1.0秒打断运动记忆,2.58,0,0,0,1346,0,0,1360,0,0.1827
20260915,C 同B+1.0秒打断运动记忆,2.60,0,0,0,1346,0,0,1360,0,0.1827
20260915,C 同B+1.0秒打断运动记忆,2.62,0,0,0,1346,0,0,1360,0,0.1827
20260915,C 同B+1.0秒打断运动记忆,2.64,0,0,0,1346,0,0,1360,0,0.1827
20260915,C 同B+1.0秒打断运动记忆,2.66,0,0,0,1346,0,0,1360,0,0.1827
20260915,C 同B+1.0秒打断运动记忆,2.68,0,0,0,1346,0,0,1360,0,0.1827
20260915,C 同B+1.0秒打断运动记忆,2.70,0,0,0,1346,0,0,1360,0,0.1827
20260915,C 同B+1.0秒打断运动记忆,2.72,0,0,0,1346,0,0,1360,0,0.1827
20260915,C 同B+1.0秒打断运动记忆,2.74,0,0,0,1346,0,0,1360,0,0.1827
20260915,C 同B+1.0秒打断运动记忆,2.76,0,0,0,1346,0,0,1360,0,0.1827
20260915,C 同B+1.0秒打断运动记忆,2.78,0,0,0,1346,0,0,1360,0,0.1827
20260915,C 同B+1.0秒打断运动记忆,2.80,0,0,0,1346,0,0,1360,0,0.1827
20260915,C 同B+1.0秒打断运动记忆,2.82,0,0,0,1346,0,0,1360,0,0.1827
20260915,C 同B+1.0秒打断运动记忆,2.84,0,0,0,1346,0,0,1360,0,0.1827
20260915,C 同B+1.0秒打断运动记忆,2.86,0,0,0,1346,0,0,1360,0,0.1827
20260915,C 同B+1.0秒打断运动记忆,2.88,0,0,0,1346,0,0,1360,0,0.1827
20260915,C 同B+1.0秒打断运动记忆,2.90,0,0,0,1346,0,0,1360,0,0.1827
20260915,C 同B+1.0秒打断运动记忆,2.92,0,0,0,1346,0,0,1360,0,0.1827
20260915,C 同B+1.0秒打断运动记忆,2.94,0,0,0,1346,0,0,1360,0,0.1827
20260915,C 同B+1.0秒打断运动记忆,2.96,0,0,0,1346,0,0,1360,0,0.1827
20260915,C 同B+1.0秒打断运动记忆,2.98,0,0,0,1346,0,0,1360,0,0.1827
20260915,D 一直黑+1.0秒同样打断,0.00,0,0,0,1346,0,0,1360,0,0.2607
20260915,D 一直黑+1.0秒同样打断,0.02,0,0,0,1346,0,0,1360,0,0.2561
20260915,D 一直黑+1.0秒同样打断,0.04,0,0,0,1346,0,0,1360,0,0.2478
20260915,D 一直黑+1.0秒同样打断,0.06,0,0,0,1346,1,2,1360,2,0.2346
20260915,D 一直黑+1.0秒同样打断,0.08,0,0,0,1346,0,0,1360,0,0.2185
20260915,D 一直黑+1.0秒同样打断,0.10,0,0,0,1346,1,2,1360,3,0.2024
20260915,D 一直黑+1.0秒同样打断,0.12,0,0,0,1346,0,0,1360,0,0.1956
20260915,D 一直黑+1.0秒同样打断,0.14,0,0,0,1346,0,0,1360,0,0.1992
20260915,D 一直黑+1.0秒同样打断,0.16,0,0,0,1346,0,0,1360,0,0.2125
20260915,D 一直黑+1.0秒同样打断,0.18,0,0,0,1346,1,2,1360,5,0.2252
20260915,D 一直黑+1.0秒同样打断,0.20,0,0,0,1346,0,0,1360,0,0.2363
20260915,D 一直黑+1.0秒同样打断,0.22,0,0,0,1346,1,2,1360,5,0.2423
20260915,D 一直黑+1.0秒同样打断,0.24,0,0,0,1346,0,0,1360,0,0.2435
20260915,D 一直黑+1.0秒同样打断,0.26,0,0,0,1346,0,0,1360,0,0.2407
20260915,D 一直黑+1.0秒同样打断,0.28,0,0,0,1346,0,0,1360,0,0.2342
20260915,D 一直黑+1.0秒同样打断,0.30,0,0,0,1346,0,0,1360,0,0.2240
20260915,D 一直黑+1.0秒同样打断,0.32,0,0,0,1346,0,0,1360,0,0.2141
20260915,D 一直黑+1.0秒同样打断,0.34,0,0,0,1346,0,0,1360,0,0.2118
20260915,D 一直黑+1.0秒同样打断,0.36,0,0,0,1346,1,2,1360,2,0.2119
20260915,D 一直黑+1.0秒同样打断,0.38,0,0,0,1346,0,0,1360,0,0.2102
20260915,D 一直黑+1.0秒同样打断,0.40,0,0,0,1346,0,0,1360,0,0.2065
20260915,D 一直黑+1.0秒同样打断,0.42,0,0,0,1346,0,0,1360,0,0.2004
20260915,D 一直黑+1.0秒同样打断,0.44,0,0,0,1346,0,0,1360,0,0.1942
20260915,D 一直黑+1.0秒同样打断,0.46,0,0,0,1346,0,0,1360,0,0.1890
20260915,D 一直黑+1.0秒同样打断,0.48,0,0,0,1346,0,0,1360,0,0.1858
20260915,D 一直黑+1.0秒同样打断,0.50,0,0,0,1346,0,0,1360,0,0.1822
20260915,D 一直黑+1.0秒同样打断,0.52,0,0,0,1346,0,0,1360,0,0.1769
20260915,D 一直黑+1.0秒同样打断,0.54,0,0,0,1346,0,0,1360,0,0.1694
20260915,D 一直黑+1.0秒同样打断,0.56,0,0,0,1346,0,0,1360,0,0.1595
20260915,D 一直黑+1.0秒同样打断,0.58,0,0,0,1346,0,0,1360,0,0.1468
20260915,D 一直黑+1.0秒同样打断,0.60,0,0,0,1346,0,0,1360,0,0.1360
20260915,D 一直黑+1.0秒同样打断,0.62,0,0,0,1346,0,0,1360,0,0.1389
20260915,D 一直黑+1.0秒同样打断,0.64,0,0,0,1346,0,0,1360,5,0.1496
20260915,D 一直黑+1.0秒同样打断,0.66,0,0,0,1346,0,0,1360,1,0.1586
20260915,D 一直黑+1.0秒同样打断,0.68,0,0,0,1346,0,0,1360,0,0.1637
20260915,D 一直黑+1.0秒同样打断,0.70,0,0,0,1346,0,0,1360,0,0.1647
20260915,D 一直黑+1.0秒同样打断,0.72,0,0,0,1346,0,0,1360,0,0.1618
20260915,D 一直黑+1.0秒同样打断,0.74,0,0,0,1346,0,0,1360,0,0.1552
20260915,D 一直黑+1.0秒同样打断,0.76,0,0,0,1346,0,0,1360,0,0.1535
20260915,D 一直黑+1.0秒同样打断,0.78,0,0,0,1346,0,0,1360,0,0.1547
20260915,D 一直黑+1.0秒同样打断,0.80,0,0,0,1346,0,0,1360,0,0.1550
20260915,D 一直黑+1.0秒同样打断,0.82,0,0,0,1346,1,3,1360,4,0.1548
20260915,D 一直黑+1.0秒同样打断,0.84,0,0,0,1346,1,3,1360,4,0.1547
20260915,D 一直黑+1.0秒同样打断,0.86,0,0,0,1346,1,3,1360,4,0.1545
20260915,D 一直黑+1.0秒同样打断,0.88,0,0,0,1346,1,3,1360,4,0.1540
20260915,D 一直黑+1.0秒同样打断,0.90,0,0,0,1346,1,3,1360,4,0.1533
20260915,D 一直黑+1.0秒同样打断,0.92,0,0,0,1346,1,3,1360,4,0.1523
20260915,D 一直黑+1.0秒同样打断,0.94,0,0,0,1346,1,3,1360,4,0.1510
20260915,D 一直黑+1.0秒同样打断,0.96,0,0,0,1346,1,3,1360,4,0.1493
20260915,D 一直黑+1.0秒同样打断,0.98,0,0,0,1346,1,3,1360,4,0.1472
20260915,D 一直黑+1.0秒同样打断,1.00,0,0,0,1346,1,3,1360,4,0.1446
20260915,D 一直黑+1.0秒同样打断,1.02,0,0,0,1346,0,0,1360,0,0.1402
20260915,D 一直黑+1.0秒同样打断,1.04,0,0,0,1346,1,2,1360,2,0.1372
20260915,D 一直黑+1.0秒同样打断,1.06,0,0,0,1346,1,3,1360,5,0.1328
20260915,D 一直黑+1.0秒同样打断,1.08,0,0,0,1346,0,0,1360,0,0.1256
20260915,D 一直黑+1.0秒同样打断,1.10,0,0,0,1346,0,0,1360,0,0.1159
20260915,D 一直黑+1.0秒同样打断,1.12,0,0,0,1346,0,0,1360,0,0.1031
20260915,D 一直黑+1.0秒同样打断,1.14,0,0,0,1346,0,0,1360,0,0.0871
20260915,D 一直黑+1.0秒同样打断,1.16,0,0,0,1346,0,0,1360,0,0.0676
20260915,D 一直黑+1.0秒同样打断,1.18,0,0,0,1346,0,0,1360,0,0.0532
20260915,D 一直黑+1.0秒同样打断,1.20,0,0,0,1346,1,3,1360,5,0.0556
20260915,D 一直黑+1.0秒同样打断,1.22,0,0,0,1346,1,3,1360,5,0.0601
20260915,D 一直黑+1.0秒同样打断,1.24,0,0,0,1346,0,0,1360,0,0.0623
20260915,D 一直黑+1.0秒同样打断,1.26,0,0,0,1346,0,0,1360,0,0.0621
20260915,D 一直黑+1.0秒同样打断,1.28,0,0,0,1346,0,0,1360,0,0.0613
20260915,D 一直黑+1.0秒同样打断,1.30,0,0,0,1346,0,0,1360,0,0.0601
20260915,D 一直黑+1.0秒同样打断,1.32,0,0,0,1346,0,0,1360,4,0.0582
20260915,D 一直黑+1.0秒同样打断,1.34,0,0,0,1346,0,0,1360,4,0.0579
20260915,D 一直黑+1.0秒同样打断,1.36,0,0,0,1346,0,0,1360,0,0.0591
20260915,D 一直黑+1.0秒同样打断,1.38,0,0,0,1346,0,0,1360,4,0.0600
20260915,D 一直黑+1.0秒同样打断,1.40,0,0,0,1346,0,0,1360,0,0.0603
20260915,D 一直黑+1.0秒同样打断,1.42,0,0,0,1346,0,0,1360,0,0.0600
20260915,D 一直黑+1.0秒同样打断,1.44,0,0,0,1346,0,0,1360,0,0.0590
20260915,D 一直黑+1.0秒同样打断,1.46,0,0,0,1346,0,0,1360,0,0.0576
20260915,D 一直黑+1.0秒同样打断,1.48,0,0,0,1346,1,1,1360,1,0.0580
20260915,D 一直黑+1.0秒同样打断,1.50,0,0,0,1346,1,1,1360,1,0.0586
20260915,D 一直黑+1.0秒同样打断,1.52,0,0,0,1346,1,1,1360,1,0.0586
20260915,D 一直黑+1.0秒同样打断,1.54,0,0,0,1346,1,1,1360,1,0.0579
20260915,D 一直黑+1.0秒同样打断,1.56,0,0,0,1346,1,1,1360,1,0.0576
20260915,D 一直黑+1.0秒同样打断,1.58,0,0,0,1346,1,1,1360,1,0.0578
20260915,D 一直黑+1.0秒同样打断,1.60,0,0,0,1346,1,1,1360,1,0.0577
20260915,D 一直黑+1.0秒同样打断,1.62,0,0,0,1346,1,1,1360,1,0.0577
20260915,D 一直黑+1.0秒同样打断,1.64,0,0,0,1346,1,1,1360,1,0.0578
20260915,D 一直黑+1.0秒同样打断,1.66,0,0,0,1346,1,2,1360,2,0.0578
20260915,D 一直黑+1.0秒同样打断,1.68,0,0,0,1346,1,2,1360,2,0.0579
20260915,D 一直黑+1.0秒同样打断,1.70,0,0,0,1346,1,2,1360,2,0.0579
20260915,D 一直黑+1.0秒同样打断,1.72,0,0,0,1346,1,2,1360,2,0.0579
20260915,D 一直黑+1.0秒同样打断,1.74,0,0,0,1346,1,2,1360,2,0.0579
20260915,D 一直黑+1.0秒同样打断,1.76,0,0,0,1346,1,2,1360,2,0.0579
20260915,D 一直黑+1.0秒同样打断,1.78,0,0,0,1346,1,2,1360,2,0.0579
20260915,D 一直黑+1.0秒同样打断,1.80,0,0,0,1346,1,2,1360,2,0.0579
20260915,D 一直黑+1.0秒同样打断,1.82,0,0,0,1346,1,2,1360,2,0.0579
20260915,D 一直黑+1.0秒同样打断,1.84,0,0,0,1346,1,2,1360,2,0.0579
20260915,D 一直黑+1.0秒同样打断,1.86,0,0,0,1346,1,2,1360,2,0.0579
20260915,D 一直黑+1.0秒同样打断,1.88,0,0,0,1346,1,2,1360,2,0.0579
20260915,D 一直黑+1.0秒同样打断,1.90,0,0,0,1346,1,2,1360,2,0.0579
20260915,D 一直黑+1.0秒同样打断,1.92,0,0,0,1346,1,2,1360,2,0.0579
20260915,D 一直黑+1.0秒同样打断,1.94,0,0,0,1346,1,2,1360,2,0.0579
20260915,D 一直黑+1.0秒同样打断,1.96,0,0,0,1346,1,2,1360,2,0.0579
20260915,D 一直黑+1.0秒同样打断,1.98,0,0,0,1346,1,2,1360,2,0.0579
20260915,D 一直黑+1.0秒同样打断,2.00,0,0,0,1346,1,2,1360,2,0.0579
20260915,D 一直黑+1.0秒同样打断,2.02,0,0,0,1346,1,3,1360,3,0.0579
20260915,D 一直黑+1.0秒同样打断,2.04,0,0,0,1346,1,3,1360,3,0.0579
20260915,D 一直黑+1.0秒同样打断,2.06,0,0,0,1346,1,3,1360,3,0.0579
20260915,D 一直黑+1.0秒同样打断,2.08,0,0,0,1346,1,3,1360,3,0.0579
20260915,D 一直黑+1.0秒同样打断,2.10,0,0,0,1346,1,3,1360,3,0.0579
20260915,D 一直黑+1.0秒同样打断,2.12,0,0,0,1346,1,3,1360,3,0.0579
20260915,D 一直黑+1.0秒同样打断,2.14,0,0,0,1346,1,3,1360,3,0.0579
20260915,D 一直黑+1.0秒同样打断,2.16,0,0,0,1346,1,3,1360,3,0.0579
20260915,D 一直黑+1.0秒同样打断,2.18,0,0,0,1346,1,3,1360,3,0.0579
20260915,D 一直黑+1.0秒同样打断,2.20,0,0,0,1346,1,3,1360,3,0.0579
20260915,D 一直黑+1.0秒同样打断,2.22,0,0,0,1346,1,3,1360,3,0.0579
20260915,D 一直黑+1.0秒同样打断,2.24,0,0,0,1346,1,3,1360,3,0.0579
20260915,D 一直黑+1.0秒同样打断,2.26,0,0,0,1346,1,3,1360,3,0.0594
20260915,D 一直黑+1.0秒同样打断,2.28,0,0,0,1346,1,3,1360,5,0.0599
20260915,D 一直黑+1.0秒同样打断,2.30,0,0,0,1346,1,3,1360,5,0.0579
20260915,D 一直黑+1.0秒同样打断,2.32,0,0,0,1346,1,3,1360,5,0.0567
20260915,D 一直黑+1.0秒同样打断,2.34,0,0,0,1346,1,3,1360,5,0.0571
20260915,D 一直黑+1.0秒同样打断,2.36,0,0,0,1346,1,3,1360,5,0.0575
20260915,D 一直黑+1.0秒同样打断,2.38,0,0,0,1346,1,3,1360,5,0.0577
20260915,D 一直黑+1.0秒同样打断,2.40,0,0,0,1346,1,3,1360,5,0.0578
20260915,D 一直黑+1.0秒同样打断,2.42,0,0,0,1346,1,3,1360,5,0.0579
20260915,D 一直黑+1.0秒同样打断,2.44,0,0,0,1346,1,3,1360,5,0.0579
20260915,D 一直黑+1.0秒同样打断,2.46,0,0,0,1346,1,3,1360,4,0.0579
20260915,D 一直黑+1.0秒同样打断,2.48,0,0,0,1346,1,3,1360,4,0.0579
20260915,D 一直黑+1.0秒同样打断,2.50,0,0,0,1346,1,3,1360,4,0.0579
20260915,D 一直黑+1.0秒同样打断,2.52,0,0,0,1346,1,3,1360,4,0.0579
20260915,D 一直黑+1.0秒同样打断,2.54,0,0,0,1346,1,3,1360,4,0.0579
20260915,D 一直黑+1.0秒同样打断,2.56,0,0,0,1346,1,3,1360,4,0.0579
20260915,D 一直黑+1.0秒同样打断,2.58,0,0,0,1346,1,3,1360,4,0.0579
20260915,D 一直黑+1.0秒同样打断,2.60,0,0,0,1346,1,3,1360,4,0.0579
20260915,D 一直黑+1.0秒同样打断,2.62,0,0,0,1346,1,3,1360,4,0.0579
20260915,D 一直黑+1.0秒同样打断,2.64,0,0,0,1346,1,3,1360,4,0.0579
20260915,D 一直黑+1.0秒同样打断,2.66,0,0,0,1346,1,3,1360,4,0.0579
20260915,D 一直黑+1.0秒同样打断,2.68,0,0,0,1346,1,3,1360,4,0.0579
20260915,D 一直黑+1.0秒同样打断,2.70,0,0,0,1346,1,3,1360,4,0.0579
20260915,D 一直黑+1.0秒同样打断,2.72,0,0,0,1346,1,3,1360,4,0.0579
20260915,D 一直黑+1.0秒同样打断,2.74,0,0,0,1346,1,3,1360,4,0.0579
20260915,D 一直黑+1.0秒同样打断,2.76,0,0,0,1346,1,3,1360,3,0.0579
20260915,D 一直黑+1.0秒同样打断,2.78,0,0,0,1346,1,3,1360,3,0.0579
20260915,D 一直黑+1.0秒同样打断,2.80,0,0,0,1346,1,3,1360,3,0.0579
20260915,D 一直黑+1.0秒同样打断,2.82,0,0,0,1346,1,3,1360,3,0.0579
20260915,D 一直黑+1.0秒同样打断,2.84,0,0,0,1346,1,3,1360,3,0.0579
20260915,D 一直黑+1.0秒同样打断,2.86,0,0,0,1346,1,3,1360,3,0.0579
20260915,D 一直黑+1.0秒同样打断,2.88,0,0,0,1346,1,3,1360,3,0.0579
20260915,D 一直黑+1.0秒同样打断,2.90,0,0,0,1346,1,3,1360,3,0.0579
20260915,D 一直黑+1.0秒同样打断,2.92,0,0,0,1346,1,3,1360,3,0.0579
20260915,D 一直黑+1.0秒同样打断,2.94,0,0,0,1346,1,3,1360,3,0.0579
20260915,D 一直黑+1.0秒同样打断,2.96,0,0,0,1346,1,3,1360,3,0.0579
20260915,D 一直黑+1.0秒同样打断,2.98,0,0,0,1346,1,3,1360,3,0.0579
20260915,E 一直黑(不给红也不打断),0.00,0,0,0,1346,0,0,1360,0,0.2607
20260915,E 一直黑(不给红也不打断),0.02,0,0,0,1346,0,0,1360,0,0.2561
20260915,E 一直黑(不给红也不打断),0.04,0,0,0,1346,0,0,1360,0,0.2478
20260915,E 一直黑(不给红也不打断),0.06,0,0,0,1346,1,2,1360,2,0.2346
20260915,E 一直黑(不给红也不打断),0.08,0,0,0,1346,0,0,1360,0,0.2185
20260915,E 一直黑(不给红也不打断),0.10,0,0,0,1346,1,2,1360,3,0.2024
20260915,E 一直黑(不给红也不打断),0.12,0,0,0,1346,0,0,1360,0,0.1956
20260915,E 一直黑(不给红也不打断),0.14,0,0,0,1346,0,0,1360,0,0.1992
20260915,E 一直黑(不给红也不打断),0.16,0,0,0,1346,0,0,1360,0,0.2125
20260915,E 一直黑(不给红也不打断),0.18,0,0,0,1346,1,2,1360,5,0.2252
20260915,E 一直黑(不给红也不打断),0.20,0,0,0,1346,0,0,1360,0,0.2363
20260915,E 一直黑(不给红也不打断),0.22,0,0,0,1346,1,2,1360,5,0.2423
20260915,E 一直黑(不给红也不打断),0.24,0,0,0,1346,0,0,1360,0,0.2435
20260915,E 一直黑(不给红也不打断),0.26,0,0,0,1346,0,0,1360,0,0.2407
20260915,E 一直黑(不给红也不打断),0.28,0,0,0,1346,0,0,1360,0,0.2342
20260915,E 一直黑(不给红也不打断),0.30,0,0,0,1346,0,0,1360,0,0.2240
20260915,E 一直黑(不给红也不打断),0.32,0,0,0,1346,0,0,1360,0,0.2141
20260915,E 一直黑(不给红也不打断),0.34,0,0,0,1346,0,0,1360,0,0.2118
20260915,E 一直黑(不给红也不打断),0.36,0,0,0,1346,1,2,1360,2,0.2119
20260915,E 一直黑(不给红也不打断),0.38,0,0,0,1346,0,0,1360,0,0.2102
20260915,E 一直黑(不给红也不打断),0.40,0,0,0,1346,0,0,1360,0,0.2065
20260915,E 一直黑(不给红也不打断),0.42,0,0,0,1346,0,0,1360,0,0.2004
20260915,E 一直黑(不给红也不打断),0.44,0,0,0,1346,0,0,1360,0,0.1942
20260915,E 一直黑(不给红也不打断),0.46,0,0,0,1346,0,0,1360,0,0.1890
20260915,E 一直黑(不给红也不打断),0.48,0,0,0,1346,0,0,1360,0,0.1858
20260915,E 一直黑(不给红也不打断),0.50,0,0,0,1346,0,0,1360,0,0.1822
20260915,E 一直黑(不给红也不打断),0.52,0,0,0,1346,0,0,1360,0,0.1769
20260915,E 一直黑(不给红也不打断),0.54,0,0,0,1346,0,0,1360,0,0.1694
20260915,E 一直黑(不给红也不打断),0.56,0,0,0,1346,0,0,1360,0,0.1595
20260915,E 一直黑(不给红也不打断),0.58,0,0,0,1346,0,0,1360,0,0.1468
20260915,E 一直黑(不给红也不打断),0.60,0,0,0,1346,0,0,1360,0,0.1360
20260915,E 一直黑(不给红也不打断),0.62,0,0,0,1346,0,0,1360,0,0.1389
20260915,E 一直黑(不给红也不打断),0.64,0,0,0,1346,0,0,1360,5,0.1496
20260915,E 一直黑(不给红也不打断),0.66,0,0,0,1346,0,0,1360,1,0.1586
20260915,E 一直黑(不给红也不打断),0.68,0,0,0,1346,0,0,1360,0,0.1637
20260915,E 一直黑(不给红也不打断),0.70,0,0,0,1346,0,0,1360,0,0.1647
20260915,E 一直黑(不给红也不打断),0.72,0,0,0,1346,0,0,1360,0,0.1618
20260915,E 一直黑(不给红也不打断),0.74,0,0,0,1346,0,0,1360,0,0.1552
20260915,E 一直黑(不给红也不打断),0.76,0,0,0,1346,0,0,1360,0,0.1535
20260915,E 一直黑(不给红也不打断),0.78,0,0,0,1346,0,0,1360,0,0.1547
20260915,E 一直黑(不给红也不打断),0.80,0,0,0,1346,0,0,1360,0,0.1550
20260915,E 一直黑(不给红也不打断),0.82,0,0,0,1346,1,3,1360,4,0.1548
20260915,E 一直黑(不给红也不打断),0.84,0,0,0,1346,1,3,1360,4,0.1547
20260915,E 一直黑(不给红也不打断),0.86,0,0,0,1346,1,3,1360,4,0.1545
20260915,E 一直黑(不给红也不打断),0.88,0,0,0,1346,1,3,1360,4,0.1540
20260915,E 一直黑(不给红也不打断),0.90,0,0,0,1346,1,3,1360,4,0.1533
20260915,E 一直黑(不给红也不打断),0.92,0,0,0,1346,1,3,1360,4,0.1523
20260915,E 一直黑(不给红也不打断),0.94,0,0,0,1346,1,3,1360,4,0.1510
20260915,E 一直黑(不给红也不打断),0.96,0,0,0,1346,1,3,1360,4,0.1493
20260915,E 一直黑(不给红也不打断),0.98,0,0,0,1346,1,3,1360,4,0.1472
20260915,E 一直黑(不给红也不打断),1.00,0,0,0,1346,1,3,1360,4,0.1446
20260915,E 一直黑(不给红也不打断),1.02,0,0,0,1346,0,0,1360,0,0.1407
20260915,E 一直黑(不给红也不打断),1.04,0,0,0,1346,1,3,1360,4,0.1365
20260915,E 一直黑(不给红也不打断),1.06,0,0,0,1346,1,1,1360,1,0.1308
20260915,E 一直黑(不给红也不打断),1.08,0,0,0,1346,1,3,1360,4,0.1236
20260915,E 一直黑(不给红也不打断),1.10,0,0,0,1346,1,1,1360,1,0.1146
20260915,E 一直黑(不给红也不打断),1.12,0,0,0,1346,1,1,1360,1,0.1034
20260915,E 一直黑(不给红也不打断),1.14,0,0,0,1346,1,1,1360,1,0.0896
20260915,E 一直黑(不给红也不打断),1.16,0,0,0,1346,1,1,1360,1,0.0726
20260915,E 一直黑(不给红也不打断),1.18,0,0,0,1346,1,1,1360,1,0.0551
20260915,E 一直黑(不给红也不打断),1.20,0,0,0,1346,1,1,1360,1,0.0548
20260915,E 一直黑(不给红也不打断),1.22,0,0,0,1346,1,2,1360,2,0.0601
20260915,E 一直黑(不给红也不打断),1.24,0,0,0,1346,1,2,1360,2,0.0641
20260915,E 一直黑(不给红也不打断),1.26,0,0,0,1346,1,2,1360,2,0.0657
20260915,E 一直黑(不给红也不打断),1.28,0,0,0,1346,1,2,1360,2,0.0649
20260915,E 一直黑(不给红也不打断),1.30,0,0,0,1346,1,2,1360,2,0.0620
20260915,E 一直黑(不给红也不打断),1.32,0,0,0,1346,1,2,1360,2,0.0601
20260915,E 一直黑(不给红也不打断),1.34,0,0,0,1346,1,2,1360,4,0.0582
20260915,E 一直黑(不给红也不打断),1.36,0,0,0,1346,1,2,1360,4,0.0578
20260915,E 一直黑(不给红也不打断),1.38,0,0,0,1346,1,2,1360,2,0.0594
20260915,E 一直黑(不给红也不打断),1.40,0,0,0,1346,1,2,1360,4,0.0608
20260915,E 一直黑(不给红也不打断),1.42,0,0,0,1346,1,2,1360,2,0.0615
20260915,E 一直黑(不给红也不打断),1.44,0,0,0,1346,1,2,1360,2,0.0617
20260915,E 一直黑(不给红也不打断),1.46,0,0,0,1346,1,2,1360,2,0.0614
20260915,E 一直黑(不给红也不打断),1.48,0,0,0,1346,1,2,1360,2,0.0606
20260915,E 一直黑(不给红也不打断),1.50,0,0,0,1346,1,2,1360,2,0.0595
20260915,E 一直黑(不给红也不打断),1.52,0,0,0,1346,1,2,1360,2,0.0579
20260915,E 一直黑(不给红也不打断),1.54,0,0,0,1346,1,2,1360,2,0.0578
20260915,E 一直黑(不给红也不打断),1.56,0,0,0,1346,1,2,1360,2,0.0588
20260915,E 一直黑(不给红也不打断),1.58,0,0,0,1346,1,3,1360,3,0.0594
20260915,E 一直黑(不给红也不打断),1.60,0,0,0,1346,1,3,1360,3,0.0595
20260915,E 一直黑(不给红也不打断),1.62,0,0,0,1346,1,3,1360,3,0.0591
20260915,E 一直黑(不给红也不打断),1.64,0,0,0,1346,1,3,1360,3,0.0582
20260915,E 一直黑(不给红也不打断),1.66,0,0,0,1346,1,3,1360,3,0.0577
20260915,E 一直黑(不给红也不打断),1.68,0,0,0,1346,1,3,1360,3,0.0582
20260915,E 一直黑(不给红也不打断),1.70,0,0,0,1346,1,3,1360,3,0.0584
20260915,E 一直黑(不给红也不打断),1.72,0,0,0,1346,1,3,1360,3,0.0580
20260915,E 一直黑(不给红也不打断),1.74,0,0,0,1346,1,3,1360,3,0.0577
20260915,E 一直黑(不给红也不打断),1.76,0,0,0,1346,1,3,1360,3,0.0578
20260915,E 一直黑(不给红也不打断),1.78,0,0,0,1346,1,3,1360,3,0.0578
20260915,E 一直黑(不给红也不打断),1.80,0,0,0,1346,1,3,1360,3,0.0579
20260915,E 一直黑(不给红也不打断),1.82,0,0,0,1346,1,3,1360,3,0.0594
20260915,E 一直黑(不给红也不打断),1.84,0,0,0,1346,1,3,1360,5,0.0600
20260915,E 一直黑(不给红也不打断),1.86,0,0,0,1346,1,3,1360,5,0.0580
20260915,E 一直黑(不给红也不打断),1.88,0,0,0,1346,1,3,1360,5,0.0568
20260915,E 一直黑(不给红也不打断),1.90,0,0,0,1346,1,3,1360,5,0.0571
20260915,E 一直黑(不给红也不打断),1.92,0,0,0,1346,1,3,1360,5,0.0575
20260915,E 一直黑(不给红也不打断),1.94,0,0,0,1346,1,3,1360,5,0.0577
20260915,E 一直黑(不给红也不打断),1.96,0,0,0,1346,1,3,1360,5,0.0578
20260915,E 一直黑(不给红也不打断),1.98,0,0,0,1346,1,3,1360,5,0.0579
20260915,E 一直黑(不给红也不打断),2.00,0,0,0,1346,1,3,1360,5,0.0579
20260915,E 一直黑(不给红也不打断),2.02,0,0,0,1346,1,3,1360,4,0.0579
20260915,E 一直黑(不给红也不打断),2.04,0,0,0,1346,1,3,1360,4,0.0579
20260915,E 一直黑(不给红也不打断),2.06,0,0,0,1346,1,3,1360,4,0.0579
20260915,E 一直黑(不给红也不打断),2.08,0,0,0,1346,1,3,1360,4,0.0579
20260915,E 一直黑(不给红也不打断),2.10,0,0,0,1346,1,3,1360,4,0.0579
20260915,E 一直黑(不给红也不打断),2.12,0,0,0,1346,1,3,1360,4,0.0579
20260915,E 一直黑(不给红也不打断),2.14,0,0,0,1346,1,3,1360,4,0.0579
20260915,E 一直黑(不给红也不打断),2.16,0,0,0,1346,1,3,1360,4,0.0579
20260915,E 一直黑(不给红也不打断),2.18,0,0,0,1346,1,3,1360,4,0.0579
20260915,E 一直黑(不给红也不打断),2.20,0,0,0,1346,1,3,1360,4,0.0579
20260915,E 一直黑(不给红也不打断),2.22,0,0,0,1346,1,3,1360,4,0.0579
20260915,E 一直黑(不给红也不打断),2.24,0,0,0,1346,1,3,1360,4,0.0579
20260915,E 一直黑(不给红也不打断),2.26,0,0,0,1346,1,3,1360,4,0.0579
20260915,E 一直黑(不给红也不打断),2.28,0,0,0,1346,1,3,1360,4,0.0579
20260915,E 一直黑(不给红也不打断),2.30,0,0,0,1346,1,3,1360,4,0.0579
20260915,E 一直黑(不给红也不打断),2.32,0,0,0,1346,1,3,1360,3,0.0579
20260915,E 一直黑(不给红也不打断),2.34,0,0,0,1346,1,3,1360,3,0.0579
20260915,E 一直黑(不给红也不打断),2.36,0,0,0,1346,1,3,1360,3,0.0579
20260915,E 一直黑(不给红也不打断),2.38,0,0,0,1346,1,3,1360,3,0.0579
20260915,E 一直黑(不给红也不打断),2.40,0,0,0,1346,1,3,1360,3,0.0579
20260915,E 一直黑(不给红也不打断),2.42,0,0,0,1346,1,3,1360,3,0.0579
20260915,E 一直黑(不给红也不打断),2.44,0,0,0,1346,1,3,1360,3,0.0579
20260915,E 一直黑(不给红也不打断),2.46,0,0,0,1346,1,3,1360,3,0.0579
20260915,E 一直黑(不给红也不打断),2.48,0,0,0,1346,1,3,1360,3,0.0579
20260915,E 一直黑(不给红也不打断),2.50,0,0,0,1346,1,3,1360,3,0.0579
20260915,E 一直黑(不给红也不打断),2.52,0,0,0,1346,1,3,1360,3,0.0579
20260915,E 一直黑(不给红也不打断),2.54,0,0,0,1346,1,3,1360,3,0.0579
20260915,E 一直黑(不给红也不打断),2.56,0,0,0,1346,1,3,1360,3,0.0579
20260915,E 一直黑(不给红也不打断),2.58,0,0,0,1346,1,3,1360,3,0.0579
20260915,E 一直黑(不给红也不打断),2.60,0,0,0,1346,1,3,1360,3,0.0579
20260915,E 一直黑(不给红也不打断),2.62,0,0,0,1346,1,3,1360,3,0.0579
20260915,E 一直黑(不给红也不打断),2.64,0,0,0,1346,1,3,1360,3,0.0579
20260915,E 一直黑(不给红也不打断),2.66,0,0,0,1346,1,3,1360,3,0.0579
20260915,E 一直黑(不给红也不打断),2.68,0,0,0,1346,1,3,1360,3,0.0579
20260915,E 一直黑(不给红也不打断),2.70,0,0,0,1346,1,3,1360,3,0.0579
20260915,E 一直黑(不给红也不打断),2.72,0,0,0,1346,1,3,1360,3,0.0579
20260915,E 一直黑(不给红也不打断),2.74,0,0,0,1346,1,3,1360,3,0.0579
20260915,E 一直黑(不给红也不打断),2.76,0,0,0,1346,1,3,1360,3,0.0579
20260915,E 一直黑(不给红也不打断),2.78,0,0,0,1346,1,3,1360,3,0.0579
20260915,E 一直黑(不给红也不打断),2.80,0,0,0,1346,1,3,1360,3,0.0579
20260915,E 一直黑(不给红也不打断),2.82,0,0,0,1346,1,3,1360,3,0.0579
20260915,E 一直黑(不给红也不打断),2.84,0,0,0,1346,1,3,1360,3,0.0579
20260915,E 一直黑(不给红也不打断),2.86,0,0,0,1346,1,3,1360,3,0.0579
20260915,E 一直黑(不给红也不打断),2.88,0,0,0,1346,1,3,1360,3,0.0579
20260915,E 一直黑(不给红也不打断),2.90,0,0,0,1346,1,3,1360,3,0.0579
20260915,E 一直黑(不给红也不打断),2.92,0,0,0,1346,1,3,1360,3,0.0579
20260915,E 一直黑(不给红也不打断),2.94,0,0,0,1346,1,3,1360,3,0.0579
20260915,E 一直黑(不给红也不打断),2.96,0,0,0,1346,1,3,1360,3,0.0579
20260915,E 一直黑(不给红也不打断),2.98,0,0,0,1346,1,3,1360,3,0.0579
20260916,A 一直红,0.00,0,1,1346,1346,1,1357,1360,1357,0.2607
20260916,A 一直红,0.02,1,1,1346,1346,1,1357,1360,1357,0.2565
20260916,A 一直红,0.04,1,1,1346,1346,1,1360,1360,1366,0.2525
20260916,A 一直红,0.06,1,1,1346,1346,1,1360,1360,1366,0.2594
20260916,A 一直红,0.08,1,1,1346,1346,1,1360,1360,1365,0.2739
20260916,A 一直红,0.10,1,1,1346,1346,1,1360,1360,1364,0.2900
20260916,A 一直红,0.12,1,1,1346,1346,1,1360,1360,1364,0.3054
20260916,A 一直红,0.14,1,1,1346,1346,1,1360,1360,1364,0.3204
20260916,A 一直红,0.16,1,1,1346,1346,1,1359,1360,1365,0.3345
20260916,A 一直红,0.18,1,1,1346,1346,1,1360,1360,1368,0.3475
20260916,A 一直红,0.20,1,1,1346,1346,1,1360,1360,1368,0.3597
20260916,A 一直红,0.22,1,1,1346,1346,1,1360,1360,1368,0.3703
20260916,A 一直红,0.24,1,1,1346,1346,1,1360,1360,1368,0.3785
20260916,A 一直红,0.26,1,1,1346,1346,1,1359,1360,1365,0.3842
20260916,A 一直红,0.28,1,1,1346,1346,1,1360,1360,1368,0.3890
20260916,A 一直红,0.30,1,1,1346,1346,1,1360,1360,1366,0.3930
20260916,A 一直红,0.32,1,1,1346,1346,1,1360,1360,1366,0.3960
20260916,A 一直红,0.34,1,1,1346,1346,1,1360,1360,1366,0.3982
20260916,A 一直红,0.36,1,1,1346,1346,1,1360,1360,1366,0.3997
20260916,A 一直红,0.38,1,1,1346,1346,1,1360,1360,1365,0.3991
20260916,A 一直红,0.40,1,1,1346,1346,1,1360,1360,1364,0.3958
20260916,A 一直红,0.42,1,1,1346,1346,1,1360,1360,1364,0.3915
20260916,A 一直红,0.44,1,1,1346,1346,1,1360,1360,1364,0.3871
20260916,A 一直红,0.46,1,1,1346,1346,1,1360,1360,1366,0.3818
20260916,A 一直红,0.48,1,1,1346,1346,1,1360,1360,1368,0.3757
20260916,A 一直红,0.50,1,1,1346,1346,1,1360,1360,1368,0.3693
20260916,A 一直红,0.52,1,1,1346,1346,1,1360,1360,1368,0.3619
20260916,A 一直红,0.54,1,1,1346,1346,1,1360,1360,1368,0.3549
20260916,A 一直红,0.56,1,1,1346,1346,1,1359,1360,1365,0.3528
20260916,A 一直红,0.58,1,1,1346,1346,1,1359,1360,1365,0.3558
20260916,A 一直红,0.60,1,1,1346,1346,1,1360,1360,1368,0.3601
20260916,A 一直红,0.62,1,1,1346,1346,1,1360,1360,1366,0.3636
20260916,A 一直红,0.64,1,1,1346,1346,1,1360,1360,1366,0.3657
20260916,A 一直红,0.66,1,1,1346,1346,1,1360,1360,1366,0.3657
20260916,A 一直红,0.68,1,1,1346,1346,1,1360,1360,1365,0.3635
20260916,A 一直红,0.70,1,1,1346,1346,1,1360,1360,1364,0.3641
20260916,A 一直红,0.72,1,1,1346,1346,1,1360,1360,1364,0.3651
20260916,A 一直红,0.74,1,1,1346,1346,1,1360,1360,1364,0.3662
20260916,A 一直红,0.76,1,1,1346,1346,1,1359,1360,1365,0.3662
20260916,A 一直红,0.78,1,1,1346,1346,1,1360,1360,1368,0.3647
20260916,A 一直红,0.80,1,1,1346,1346,1,1360,1360,1368,0.3618
20260916,A 一直红,0.82,1,1,1346,1346,1,1360,1360,1368,0.3602
20260916,A 一直红,0.84,1,1,1346,1346,1,1360,1360,1368,0.3636
20260916,A 一直红,0.86,1,1,1346,1346,1,1359,1360,1365,0.3676
20260916,A 一直红,0.88,1,1,1346,1346,1,1359,1360,1365,0.3700
20260916,A 一直红,0.90,1,1,1346,1346,1,1360,1360,1366,0.3692
20260916,A 一直红,0.92,1,1,1346,1346,1,1360,1360,1366,0.3653
20260916,A 一直红,0.94,1,1,1346,1346,1,1360,1360,1366,0.3600
20260916,A 一直红,0.96,1,1,1346,1346,1,1360,1360,1366,0.3545
20260916,A 一直红,0.98,1,1,1346,1346,1,1360,1360,1365,0.3516
20260916,A 一直红,1.00,1,1,1346,1346,1,1360,1360,1364,0.3559
20260916,A 一直红,1.02,1,1,1346,1346,1,1360,1360,1364,0.3615
20260916,A 一直红,1.04,1,1,1346,1346,1,1360,1360,1364,0.3660
20260916,A 一直红,1.06,1,1,1346,1346,1,1359,1360,1365,0.3692
20260916,A 一直红,1.08,1,1,1346,1346,1,1360,1360,1368,0.3714
20260916,A 一直红,1.10,1,1,1346,1346,1,1360,1360,1368,0.3720
20260916,A 一直红,1.12,1,1,1346,1346,1,1360,1360,1368,0.3701
20260916,A 一直红,1.14,1,1,1346,1346,1,1360,1360,1368,0.3671
20260916,A 一直红,1.16,1,1,1346,1346,1,1359,1360,1365,0.3657
20260916,A 一直红,1.18,1,1,1346,1346,1,1359,1360,1365,0.3660
20260916,A 一直红,1.20,1,1,1346,1346,1,1360,1360,1366,0.3651
20260916,A 一直红,1.22,1,1,1346,1346,1,1360,1360,1366,0.3641
20260916,A 一直红,1.24,1,1,1346,1346,1,1360,1360,1366,0.3631
20260916,A 一直红,1.26,1,1,1346,1346,1,1360,1360,1366,0.3604
20260916,A 一直红,1.28,1,1,1346,1346,1,1360,1360,1365,0.3560
20260916,A 一直红,1.30,1,1,1346,1346,1,1360,1360,1364,0.3574
20260916,A 一直红,1.32,1,1,1346,1346,1,1360,1360,1364,0.3619
20260916,A 一直红,1.34,1,1,1346,1346,1,1360,1360,1364,0.3659
20260916,A 一直红,1.36,1,1,1346,1346,1,1359,1360,1365,0.3687
20260916,A 一直红,1.38,1,1,1346,1346,1,1360,1360,1368,0.3703
20260916,A 一直红,1.40,1,1,1346,1346,1,1360,1360,1368,0.3703
20260916,A 一直红,1.42,1,1,1346,1346,1,1360,1360,1368,0.3678
20260916,A 一直红,1.44,1,1,1346,1346,1,1360,1360,1368,0.3669
20260916,A 一直红,1.46,1,1,1346,1346,1,1359,1360,1365,0.3684
20260916,A 一直红,1.48,1,1,1346,1346,1,1359,1360,1365,0.3692
20260916,A 一直红,1.50,1,1,1346,1346,1,1360,1360,1366,0.3671
20260916,A 一直红,1.52,1,1,1346,1346,1,1360,1360,1366,0.3631
20260916,A 一直红,1.54,1,1,1346,1346,1,1360,1360,1366,0.3602
20260916,A 一直红,1.56,1,1,1346,1346,1,1360,1360,1366,0.3566
20260916,A 一直红,1.58,1,1,1346,1346,1,1360,1360,1365,0.3522
20260916,A 一直红,1.60,1,1,1346,1346,1,1360,1360,1364,0.3545
20260916,A 一直红,1.62,1,1,1346,1346,1,1360,1360,1364,0.3596
20260916,A 一直红,1.64,1,1,1346,1346,1,1360,1360,1364,0.3645
20260916,A 一直红,1.66,1,1,1346,1346,1,1359,1360,1365,0.3683
20260916,A 一直红,1.68,1,1,1346,1346,1,1360,1360,1368,0.3709
20260916,A 一直红,1.70,1,1,1346,1346,1,1360,1360,1368,0.3718
20260916,A 一直红,1.72,1,1,1346,1346,1,1360,1360,1368,0.3699
20260916,A 一直红,1.74,1,1,1346,1346,1,1360,1360,1368,0.3663
20260916,A 一直红,1.76,1,1,1346,1346,1,1360,1360,1368,0.3651
20260916,A 一直红,1.78,1,1,1346,1346,1,1359,1360,1365,0.3655
20260916,A 一直红,1.80,1,1,1346,1346,1,1360,1360,1366,0.3639
20260916,A 一直红,1.82,1,1,1346,1346,1,1360,1360,1366,0.3603
20260916,A 一直红,1.84,1,1,1346,1346,1,1360,1360,1366,0.3573
20260916,A 一直红,1.86,1,1,1346,1346,1,1360,1360,1366,0.3536
20260916,A 一直红,1.88,1,1,1346,1346,1,1360,1360,1365,0.3518
20260916,A 一直红,1.90,1,1,1346,1346,1,1360,1360,1364,0.3567
20260916,A 一直红,1.92,1,1,1346,1346,1,1360,1360,1364,0.3626
20260916,A 一直红,1.94,1,1,1346,1346,1,1360,1360,1364,0.3674
20260916,A 一直红,1.96,1,1,1346,1346,1,1359,1360,1365,0.3707
20260916,A 一直红,1.98,1,1,1346,1346,1,1360,1360,1368,0.3729
20260916,A 一直红,2.00,1,1,1346,1346,1,1360,1360,1368,0.3735
20260916,A 一直红,2.02,1,1,1346,1346,1,1360,1360,1368,0.3716
20260916,A 一直红,2.04,1,1,1346,1346,1,1360,1360,1368,0.3680
20260916,A 一直红,2.06,1,1,1346,1346,1,1359,1360,1365,0.3642
20260916,A 一直红,2.08,1,1,1346,1346,1,1360,1360,1368,0.3630
20260916,A 一直红,2.10,1,1,1346,1346,1,1360,1360,1366,0.3617
20260916,A 一直红,2.12,1,1,1346,1346,1,1360,1360,1366,0.3600
20260916,A 一直红,2.14,1,1,1346,1346,1,1360,1360,1366,0.3589
20260916,A 一直红,2.16,1,1,1346,1346,1,1360,1360,1366,0.3563
20260916,A 一直红,2.18,1,1,1346,1346,1,1360,1360,1365,0.3536
20260916,A 一直红,2.20,1,1,1346,1346,1,1360,1360,1364,0.3577
20260916,A 一直红,2.22,1,1,1346,1346,1,1360,1360,1364,0.3634
20260916,A 一直红,2.24,1,1,1346,1346,1,1360,1360,1364,0.3681
20260916,A 一直红,2.26,1,1,1346,1346,1,1359,1360,1365,0.3712
20260916,A 一直红,2.28,1,1,1346,1346,1,1360,1360,1368,0.3732
20260916,A 一直红,2.30,1,1,1346,1346,1,1360,1360,1368,0.3734
20260916,A 一直红,2.32,1,1,1346,1346,1,1360,1360,1368,0.3711
20260916,A 一直红,2.34,1,1,1346,1346,1,1360,1360,1368,0.3668
20260916,A 一直红,2.36,1,1,1346,1346,1,1360,1360,1368,0.3648
20260916,A 一直红,2.38,1,1,1346,1346,1,1359,1360,1365,0.3648
20260916,A 一直红,2.40,1,1,1346,1346,1,1360,1360,1366,0.3631
20260916,A 一直红,2.42,1,1,1346,1346,1,1360,1360,1366,0.3598
20260916,A 一直红,2.44,1,1,1346,1346,1,1360,1360,1366,0.3576
20260916,A 一直红,2.46,1,1,1346,1346,1,1360,1360,1366,0.3546
20260916,A 一直红,2.48,1,1,1346,1346,1,1360,1360,1365,0.3523
20260916,A 一直红,2.50,1,1,1346,1346,1,1360,1360,1364,0.3569
20260916,A 一直红,2.52,1,1,1346,1346,1,1360,1360,1364,0.3630
20260916,A 一直红,2.54,1,1,1346,1346,1,1360,1360,1364,0.3679
20260916,A 一直红,2.56,1,1,1346,1346,1,1359,1360,1365,0.3714
20260916,A 一直红,2.58,1,1,1346,1346,1,1360,1360,1368,0.3738
20260916,A 一直红,2.60,1,1,1346,1346,1,1360,1360,1368,0.3746
20260916,A 一直红,2.62,1,1,1346,1346,1,1360,1360,1368,0.3727
20260916,A 一直红,2.64,1,1,1346,1346,1,1360,1360,1368,0.3687
20260916,A 一直红,2.66,1,1,1346,1346,1,1359,1360,1365,0.3644
20260916,A 一直红,2.68,1,1,1346,1346,1,1360,1360,1368,0.3630
20260916,A 一直红,2.70,1,1,1346,1346,1,1360,1360,1366,0.3612
20260916,A 一直红,2.72,1,1,1346,1346,1,1360,1360,1366,0.3593
20260916,A 一直红,2.74,1,1,1346,1346,1,1360,1360,1366,0.3583
20260916,A 一直红,2.76,1,1,1346,1346,1,1360,1360,1366,0.3559
20260916,A 一直红,2.78,1,1,1346,1346,1,1360,1360,1365,0.3533
20260916,A 一直红,2.80,1,1,1346,1346,1,1360,1360,1364,0.3575
20260916,A 一直红,2.82,1,1,1346,1346,1,1360,1360,1364,0.3634
20260916,A 一直红,2.84,1,1,1346,1346,1,1360,1360,1364,0.3681
20260916,A 一直红,2.86,1,1,1346,1346,1,1359,1360,1365,0.3714
20260916,A 一直红,2.88,1,1,1346,1346,1,1360,1360,1368,0.3735
20260916,A 一直红,2.90,1,1,1346,1346,1,1360,1360,1368,0.3740
20260916,A 一直红,2.92,1,1,1346,1346,1,1360,1360,1368,0.3718
20260916,A 一直红,2.94,1,1,1346,1346,1,1360,1360,1368,0.3679
20260916,A 一直红,2.96,1,1,1346,1346,1,1359,1360,1365,0.3646
20260916,A 一直红,2.98,1,1,1346,1346,1,1360,1360,1368,0.3638
20260916,B 红0.5秒后全黑,0.00,0,1,1346,1346,1,1357,1360,1357,0.2607
20260916,B 红0.5秒后全黑,0.02,1,1,1346,1346,1,1357,1360,1357,0.2565
20260916,B 红0.5秒后全黑,0.04,1,1,1346,1346,1,1360,1360,1366,0.2525
20260916,B 红0.5秒后全黑,0.06,1,1,1346,1346,1,1360,1360,1366,0.2594
20260916,B 红0.5秒后全黑,0.08,1,1,1346,1346,1,1360,1360,1365,0.2739
20260916,B 红0.5秒后全黑,0.10,1,1,1346,1346,1,1360,1360,1364,0.2900
20260916,B 红0.5秒后全黑,0.12,1,1,1346,1346,1,1360,1360,1364,0.3054
20260916,B 红0.5秒后全黑,0.14,1,1,1346,1346,1,1360,1360,1364,0.3204
20260916,B 红0.5秒后全黑,0.16,1,1,1346,1346,1,1359,1360,1365,0.3345
20260916,B 红0.5秒后全黑,0.18,1,1,1346,1346,1,1360,1360,1368,0.3475
20260916,B 红0.5秒后全黑,0.20,1,1,1346,1346,1,1360,1360,1368,0.3597
20260916,B 红0.5秒后全黑,0.22,1,1,1346,1346,1,1360,1360,1368,0.3703
20260916,B 红0.5秒后全黑,0.24,1,1,1346,1346,1,1360,1360,1368,0.3785
20260916,B 红0.5秒后全黑,0.26,1,1,1346,1346,1,1359,1360,1365,0.3842
20260916,B 红0.5秒后全黑,0.28,1,1,1346,1346,1,1360,1360,1368,0.3890
20260916,B 红0.5秒后全黑,0.30,1,1,1346,1346,1,1360,1360,1366,0.3930
20260916,B 红0.5秒后全黑,0.32,1,1,1346,1346,1,1360,1360,1366,0.3960
20260916,B 红0.5秒后全黑,0.34,1,1,1346,1346,1,1360,1360,1366,0.3982
20260916,B 红0.5秒后全黑,0.36,1,1,1346,1346,1,1360,1360,1366,0.3997
20260916,B 红0.5秒后全黑,0.38,1,1,1346,1346,1,1360,1360,1365,0.3991
20260916,B 红0.5秒后全黑,0.40,1,1,1346,1346,1,1360,1360,1364,0.3958
20260916,B 红0.5秒后全黑,0.42,1,1,1346,1346,1,1360,1360,1364,0.3915
20260916,B 红0.5秒后全黑,0.44,1,1,1346,1346,1,1360,1360,1364,0.3871
20260916,B 红0.5秒后全黑,0.46,1,1,1346,1346,1,1360,1360,1366,0.3818
20260916,B 红0.5秒后全黑,0.48,1,1,1346,1346,1,1360,1360,1368,0.3757
20260916,B 红0.5秒后全黑,0.50,1,0,0,1346,1,3,1360,11,0.3693
20260916,B 红0.5秒后全黑,0.52,1,0,0,1346,1,3,1360,10,0.3619
20260916,B 红0.5秒后全黑,0.54,1,0,0,1346,1,3,1360,10,0.3549
20260916,B 红0.5秒后全黑,0.56,1,0,0,1346,1,2,1360,6,0.3525
20260916,B 红0.5秒后全黑,0.58,1,0,0,1346,1,3,1360,9,0.3554
20260916,B 红0.5秒后全黑,0.60,1,0,0,1346,1,3,1360,9,0.3595
20260916,B 红0.5秒后全黑,0.62,1,0,0,1346,1,3,1360,9,0.3627
20260916,B 红0.5秒后全黑,0.64,1,0,0,1346,1,3,1360,9,0.3646
20260916,B 红0.5秒后全黑,0.66,1,0,0,1346,1,3,1360,9,0.3645
20260916,B 红0.5秒后全黑,0.68,1,0,0,1346,1,3,1360,7,0.3624
20260916,B 红0.5秒后全黑,0.70,1,0,0,1346,1,3,1360,6,0.3633
20260916,B 红0.5秒后全黑,0.72,1,0,0,1346,1,3,1360,7,0.3645
20260916,B 红0.5秒后全黑,0.74,1,0,0,1346,1,3,1360,6,0.3658
20260916,B 红0.5秒后全黑,0.76,1,0,0,1346,1,2,1360,7,0.3657
20260916,B 红0.5秒后全黑,0.78,1,0,0,1346,1,3,1360,10,0.3645
20260916,B 红0.5秒后全黑,0.80,1,0,0,1346,1,3,1360,10,0.3621
20260916,B 红0.5秒后全黑,0.82,1,0,0,1346,1,3,1360,10,0.3615
20260916,B 红0.5秒后全黑,0.84,1,0,0,1346,1,3,1360,10,0.3652
20260916,B 红0.5秒后全黑,0.86,1,0,0,1346,1,2,1360,6,0.3682
20260916,B 红0.5秒后全黑,0.88,1,0,0,1346,1,3,1360,9,0.3701
20260916,B 红0.5秒后全黑,0.90,1,0,0,1346,1,3,1360,9,0.3691
20260916,B 红0.5秒后全黑,0.92,1,0,0,1346,1,3,1360,9,0.3653
20260916,B 红0.5秒后全黑,0.94,1,0,0,1346,1,3,1360,9,0.3591
20260916,B 红0.5秒后全黑,0.96,1,0,0,1346,1,3,1360,9,0.3512
20260916,B 红0.5秒后全黑,0.98,1,0,0,1346,1,3,1360,7,0.3478
20260916,B 红0.5秒后全黑,1.00,1,0,0,1346,1,3,1360,6,0.3536
20260916,B 红0.5秒后全黑,1.02,1,0,0,1346,1,3,1360,5,0.3601
20260916,B 红0.5秒后全黑,1.04,1,0,0,1346,1,3,1360,6,0.3654
20260916,B 红0.5秒后全黑,1.06,1,0,0,1346,1,2,1360,7,0.3688
20260916,B 红0.5秒后全黑,1.08,1,0,0,1346,1,3,1360,10,0.3711
20260916,B 红0.5秒后全黑,1.10,1,0,0,1346,1,3,1360,10,0.3719
20260916,B 红0.5秒后全黑,1.12,1,0,0,1346,1,3,1360,10,0.3700
20260916,B 红0.5秒后全黑,1.14,1,0,0,1346,1,3,1360,10,0.3669
20260916,B 红0.5秒后全黑,1.16,1,0,0,1346,1,2,1360,6,0.3628
20260916,B 红0.5秒后全黑,1.18,1,0,0,1346,1,3,1360,9,0.3611
20260916,B 红0.5秒后全黑,1.20,1,0,0,1346,1,3,1360,9,0.3593
20260916,B 红0.5秒后全黑,1.22,1,0,0,1346,1,3,1360,9,0.3568
20260916,B 红0.5秒后全黑,1.24,1,0,0,1346,1,3,1360,9,0.3552
20260916,B 红0.5秒后全黑,1.26,1,0,0,1346,1,3,1360,9,0.3526
20260916,B 红0.5秒后全黑,1.28,1,0,0,1346,1,3,1360,7,0.3509
20260916,B 红0.5秒后全黑,1.30,1,0,0,1346,1,3,1360,6,0.3566
20260916,B 红0.5秒后全黑,1.32,1,0,0,1346,1,3,1360,5,0.3631
20260916,B 红0.5秒后全黑,1.34,1,0,0,1346,1,3,1360,6,0.3686
20260916,B 红0.5秒后全黑,1.36,1,0,0,1346,1,2,1360,7,0.3725
20260916,B 红0.5秒后全黑,1.38,1,0,0,1346,1,3,1360,10,0.3746
20260916,B 红0.5秒后全黑,1.40,1,0,0,1346,1,3,1360,10,0.3749
20260916,B 红0.5秒后全黑,1.42,1,0,0,1346,1,3,1360,10,0.3723
20260916,B 红0.5秒后全黑,1.44,1,0,0,1346,1,3,1360,10,0.3684
20260916,B 红0.5秒后全黑,1.46,1,0,0,1346,1,2,1360,6,0.3628
20260916,B 红0.5秒后全黑,1.48,1,0,0,1346,1,3,1360,9,0.3594
20260916,B 红0.5秒后全黑,1.50,1,0,0,1346,1,3,1360,9,0.3576
20260916,B 红0.5秒后全黑,1.52,1,0,0,1346,1,3,1360,9,0.3558
20260916,B 红0.5秒后全黑,1.54,1,0,0,1346,1,3,1360,9,0.3544
20260916,B 红0.5秒后全黑,1.56,1,0,0,1346,1,3,1360,9,0.3521
20260916,B 红0.5秒后全黑,1.58,1,0,0,1346,1,3,1360,7,0.3523
20260916,B 红0.5秒后全黑,1.60,1,0,0,1346,1,3,1360,6,0.3587
20260916,B 红0.5秒后全黑,1.62,1,0,0,1346,1,3,1360,7,0.3648
20260916,B 红0.5秒后全黑,1.64,1,0,0,1346,1,3,1360,6,0.3699
20260916,B 红0.5秒后全黑,1.66,1,0,0,1346,1,2,1360,7,0.3730
20260916,B 红0.5秒后全黑,1.68,1,0,0,1346,1,3,1360,10,0.3744
20260916,B 红0.5秒后全黑,1.70,1,0,0,1346,1,3,1360,10,0.3742
20260916,B 红0.5秒后全黑,1.72,1,0,0,1346,1,3,1360,10,0.3712
20260916,B 红0.5秒后全黑,1.74,1,0,0,1346,1,3,1360,10,0.3671
20260916,B 红0.5秒后全黑,1.76,1,0,0,1346,1,2,1360,6,0.3623
20260916,B 红0.5秒后全黑,1.78,1,0,0,1346,1,3,1360,9,0.3604
20260916,B 红0.5秒后全黑,1.80,1,0,0,1346,1,3,1360,9,0.3586
20260916,B 红0.5秒后全黑,1.82,1,0,0,1346,1,3,1360,9,0.3563
20260916,B 红0.5秒后全黑,1.84,1,0,0,1346,1,3,1360,9,0.3549
20260916,B 红0.5秒后全黑,1.86,1,0,0,1346,1,3,1360,9,0.3525
20260916,B 红0.5秒后全黑,1.88,1,0,0,1346,1,3,1360,7,0.3517
20260916,B 红0.5秒后全黑,1.90,1,0,0,1346,1,3,1360,6,0.3577
20260916,B 红0.5秒后全黑,1.92,1,0,0,1346,1,3,1360,5,0.3640
20260916,B 红0.5秒后全黑,1.94,1,0,0,1346,1,3,1360,6,0.3694
20260916,B 红0.5秒后全黑,1.96,1,0,0,1346,1,2,1360,7,0.3730
20260916,B 红0.5秒后全黑,1.98,1,0,0,1346,1,3,1360,10,0.3750
20260916,B 红0.5秒后全黑,2.00,1,0,0,1346,1,3,1360,10,0.3754
20260916,B 红0.5秒后全黑,2.02,1,0,0,1346,1,3,1360,10,0.3728
20260916,B 红0.5秒后全黑,2.04,1,0,0,1346,1,3,1360,10,0.3686
20260916,B 红0.5秒后全黑,2.06,1,0,0,1346,1,2,1360,6,0.3627
20260916,B 红0.5秒后全黑,2.08,1,0,0,1346,1,3,1360,9,0.3597
20260916,B 红0.5秒后全黑,2.10,1,0,0,1346,1,3,1360,9,0.3575
20260916,B 红0.5秒后全黑,2.12,1,0,0,1346,1,3,1360,9,0.3552
20260916,B 红0.5秒后全黑,2.14,1,0,0,1346,1,3,1360,9,0.3541
20260916,B 红0.5秒后全黑,2.16,1,0,0,1346,1,3,1360,9,0.3520
20260916,B 红0.5秒后全黑,2.18,1,0,0,1346,1,3,1360,7,0.3514
20260916,B 红0.5秒后全黑,2.20,1,0,0,1346,1,3,1360,6,0.3577
20260916,B 红0.5秒后全黑,2.22,1,0,0,1346,1,3,1360,5,0.3641
20260916,B 红0.5秒后全黑,2.24,1,0,0,1346,1,3,1360,6,0.3695
20260916,B 红0.5秒后全黑,2.26,1,0,0,1346,1,2,1360,7,0.3731
20260916,B 红0.5秒后全黑,2.28,1,0,0,1346,1,3,1360,10,0.3751
20260916,B 红0.5秒后全黑,2.30,1,0,0,1346,1,3,1360,10,0.3754
20260916,B 红0.5秒后全黑,2.32,1,0,0,1346,1,3,1360,10,0.3728
20260916,B 红0.5秒后全黑,2.34,1,0,0,1346,1,3,1360,10,0.3686
20260916,B 红0.5秒后全黑,2.36,1,0,0,1346,1,2,1360,6,0.3627
20260916,B 红0.5秒后全黑,2.38,1,0,0,1346,1,3,1360,9,0.3595
20260916,B 红0.5秒后全黑,2.40,1,0,0,1346,1,3,1360,9,0.3573
20260916,B 红0.5秒后全黑,2.42,1,0,0,1346,1,3,1360,9,0.3551
20260916,B 红0.5秒后全黑,2.44,1,0,0,1346,1,3,1360,9,0.3540
20260916,B 红0.5秒后全黑,2.46,1,0,0,1346,1,3,1360,9,0.3518
20260916,B 红0.5秒后全黑,2.48,1,0,0,1346,1,3,1360,7,0.3516
20260916,B 红0.5秒后全黑,2.50,1,0,0,1346,1,3,1360,6,0.3580
20260916,B 红0.5秒后全黑,2.52,1,0,0,1346,1,3,1360,5,0.3644
20260916,B 红0.5秒后全黑,2.54,1,0,0,1346,1,3,1360,6,0.3698
20260916,B 红0.5秒后全黑,2.56,1,0,0,1346,1,2,1360,7,0.3732
20260916,B 红0.5秒后全黑,2.58,1,0,0,1346,1,3,1360,10,0.3751
20260916,B 红0.5秒后全黑,2.60,1,0,0,1346,1,3,1360,10,0.3752
20260916,B 红0.5秒后全黑,2.62,1,0,0,1346,1,3,1360,10,0.3725
20260916,B 红0.5秒后全黑,2.64,1,0,0,1346,1,3,1360,10,0.3683
20260916,B 红0.5秒后全黑,2.66,1,0,0,1346,1,2,1360,6,0.3625
20260916,B 红0.5秒后全黑,2.68,1,0,0,1346,1,3,1360,9,0.3594
20260916,B 红0.5秒后全黑,2.70,1,0,0,1346,1,3,1360,9,0.3573
20260916,B 红0.5秒后全黑,2.72,1,0,0,1346,1,3,1360,9,0.3552
20260916,B 红0.5秒后全黑,2.74,1,0,0,1346,1,3,1360,9,0.3541
20260916,B 红0.5秒后全黑,2.76,1,0,0,1346,1,3,1360,9,0.3519
20260916,B 红0.5秒后全黑,2.78,1,0,0,1346,1,3,1360,7,0.3517
20260916,B 红0.5秒后全黑,2.80,1,0,0,1346,1,3,1360,6,0.3581
20260916,B 红0.5秒后全黑,2.82,1,0,0,1346,1,3,1360,5,0.3645
20260916,B 红0.5秒后全黑,2.84,1,0,0,1346,1,3,1360,6,0.3698
20260916,B 红0.5秒后全黑,2.86,1,0,0,1346,1,2,1360,7,0.3733
20260916,B 红0.5秒后全黑,2.88,1,0,0,1346,1,3,1360,10,0.3752
20260916,B 红0.5秒后全黑,2.90,1,0,0,1346,1,3,1360,10,0.3753
20260916,B 红0.5秒后全黑,2.92,1,0,0,1346,1,3,1360,10,0.3725
20260916,B 红0.5秒后全黑,2.94,1,0,0,1346,1,3,1360,10,0.3683
20260916,B 红0.5秒后全黑,2.96,1,0,0,1346,1,2,1360,6,0.3624
20260916,B 红0.5秒后全黑,2.98,1,0,0,1346,1,3,1360,9,0.3594
20260916,C 同B+1.0秒打断运动记忆,0.00,0,1,1346,1346,1,1357,1360,1357,0.2607
20260916,C 同B+1.0秒打断运动记忆,0.02,1,1,1346,1346,1,1357,1360,1357,0.2565
20260916,C 同B+1.0秒打断运动记忆,0.04,1,1,1346,1346,1,1360,1360,1366,0.2525
20260916,C 同B+1.0秒打断运动记忆,0.06,1,1,1346,1346,1,1360,1360,1366,0.2594
20260916,C 同B+1.0秒打断运动记忆,0.08,1,1,1346,1346,1,1360,1360,1365,0.2739
20260916,C 同B+1.0秒打断运动记忆,0.10,1,1,1346,1346,1,1360,1360,1364,0.2900
20260916,C 同B+1.0秒打断运动记忆,0.12,1,1,1346,1346,1,1360,1360,1364,0.3054
20260916,C 同B+1.0秒打断运动记忆,0.14,1,1,1346,1346,1,1360,1360,1364,0.3204
20260916,C 同B+1.0秒打断运动记忆,0.16,1,1,1346,1346,1,1359,1360,1365,0.3345
20260916,C 同B+1.0秒打断运动记忆,0.18,1,1,1346,1346,1,1360,1360,1368,0.3475
20260916,C 同B+1.0秒打断运动记忆,0.20,1,1,1346,1346,1,1360,1360,1368,0.3597
20260916,C 同B+1.0秒打断运动记忆,0.22,1,1,1346,1346,1,1360,1360,1368,0.3703
20260916,C 同B+1.0秒打断运动记忆,0.24,1,1,1346,1346,1,1360,1360,1368,0.3785
20260916,C 同B+1.0秒打断运动记忆,0.26,1,1,1346,1346,1,1359,1360,1365,0.3842
20260916,C 同B+1.0秒打断运动记忆,0.28,1,1,1346,1346,1,1360,1360,1368,0.3890
20260916,C 同B+1.0秒打断运动记忆,0.30,1,1,1346,1346,1,1360,1360,1366,0.3930
20260916,C 同B+1.0秒打断运动记忆,0.32,1,1,1346,1346,1,1360,1360,1366,0.3960
20260916,C 同B+1.0秒打断运动记忆,0.34,1,1,1346,1346,1,1360,1360,1366,0.3982
20260916,C 同B+1.0秒打断运动记忆,0.36,1,1,1346,1346,1,1360,1360,1366,0.3997
20260916,C 同B+1.0秒打断运动记忆,0.38,1,1,1346,1346,1,1360,1360,1365,0.3991
20260916,C 同B+1.0秒打断运动记忆,0.40,1,1,1346,1346,1,1360,1360,1364,0.3958
20260916,C 同B+1.0秒打断运动记忆,0.42,1,1,1346,1346,1,1360,1360,1364,0.3915
20260916,C 同B+1.0秒打断运动记忆,0.44,1,1,1346,1346,1,1360,1360,1364,0.3871
20260916,C 同B+1.0秒打断运动记忆,0.46,1,1,1346,1346,1,1360,1360,1366,0.3818
20260916,C 同B+1.0秒打断运动记忆,0.48,1,1,1346,1346,1,1360,1360,1368,0.3757
20260916,C 同B+1.0秒打断运动记忆,0.50,1,0,0,1346,1,3,1360,11,0.3693
20260916,C 同B+1.0秒打断运动记忆,0.52,1,0,0,1346,1,3,1360,10,0.3619
20260916,C 同B+1.0秒打断运动记忆,0.54,1,0,0,1346,1,3,1360,10,0.3549
20260916,C 同B+1.0秒打断运动记忆,0.56,1,0,0,1346,1,2,1360,6,0.3525
20260916,C 同B+1.0秒打断运动记忆,0.58,1,0,0,1346,1,3,1360,9,0.3554
20260916,C 同B+1.0秒打断运动记忆,0.60,1,0,0,1346,1,3,1360,9,0.3595
20260916,C 同B+1.0秒打断运动记忆,0.62,1,0,0,1346,1,3,1360,9,0.3627
20260916,C 同B+1.0秒打断运动记忆,0.64,1,0,0,1346,1,3,1360,9,0.3646
20260916,C 同B+1.0秒打断运动记忆,0.66,1,0,0,1346,1,3,1360,9,0.3645
20260916,C 同B+1.0秒打断运动记忆,0.68,1,0,0,1346,1,3,1360,7,0.3624
20260916,C 同B+1.0秒打断运动记忆,0.70,1,0,0,1346,1,3,1360,6,0.3633
20260916,C 同B+1.0秒打断运动记忆,0.72,1,0,0,1346,1,3,1360,7,0.3645
20260916,C 同B+1.0秒打断运动记忆,0.74,1,0,0,1346,1,3,1360,6,0.3658
20260916,C 同B+1.0秒打断运动记忆,0.76,1,0,0,1346,1,2,1360,7,0.3657
20260916,C 同B+1.0秒打断运动记忆,0.78,1,0,0,1346,1,3,1360,10,0.3645
20260916,C 同B+1.0秒打断运动记忆,0.80,1,0,0,1346,1,3,1360,10,0.3621
20260916,C 同B+1.0秒打断运动记忆,0.82,1,0,0,1346,1,3,1360,10,0.3615
20260916,C 同B+1.0秒打断运动记忆,0.84,1,0,0,1346,1,3,1360,10,0.3652
20260916,C 同B+1.0秒打断运动记忆,0.86,1,0,0,1346,1,2,1360,6,0.3682
20260916,C 同B+1.0秒打断运动记忆,0.88,1,0,0,1346,1,3,1360,9,0.3701
20260916,C 同B+1.0秒打断运动记忆,0.90,1,0,0,1346,1,3,1360,9,0.3691
20260916,C 同B+1.0秒打断运动记忆,0.92,1,0,0,1346,1,3,1360,9,0.3653
20260916,C 同B+1.0秒打断运动记忆,0.94,1,0,0,1346,1,3,1360,9,0.3591
20260916,C 同B+1.0秒打断运动记忆,0.96,1,0,0,1346,1,3,1360,9,0.3512
20260916,C 同B+1.0秒打断运动记忆,0.98,1,0,0,1346,1,3,1360,7,0.3478
20260916,C 同B+1.0秒打断运动记忆,1.00,1,0,0,1346,1,3,1360,6,0.3536
20260916,C 同B+1.0秒打断运动记忆,1.02,0,0,0,1346,1,3,1360,5,0.3576
20260916,C 同B+1.0秒打断运动记忆,1.04,0,0,0,1346,1,2,1360,2,0.3585
20260916,C 同B+1.0秒打断运动记忆,1.06,0,0,0,1346,0,0,1360,0,0.3554
20260916,C 同B+1.0秒打断运动记忆,1.08,0,0,0,1346,0,0,1360,0,0.3483
20260916,C 同B+1.0秒打断运动记忆,1.10,0,0,0,1346,1,2,1360,2,0.3369
20260916,C 同B+1.0秒打断运动记忆,1.12,0,0,0,1346,1,2,1360,2,0.3215
20260916,C 同B+1.0秒打断运动记忆,1.14,0,0,0,1346,1,2,1360,2,0.3024
20260916,C 同B+1.0秒打断运动记忆,1.16,0,0,0,1346,0,0,1360,0,0.2800
20260916,C 同B+1.0秒打断运动记忆,1.18,0,0,0,1346,1,2,1360,3,0.2540
20260916,C 同B+1.0秒打断运动记忆,1.20,0,0,0,1346,1,2,1360,2,0.2320
20260916,C 同B+1.0秒打断运动记忆,1.22,0,0,0,1346,1,2,1360,2,0.2167
20260916,C 同B+1.0秒打断运动记忆,1.24,0,0,0,1346,0,0,1360,0,0.2086
20260916,C 同B+1.0秒打断运动记忆,1.26,0,0,0,1346,1,2,1360,3,0.2078
20260916,C 同B+1.0秒打断运动记忆,1.28,0,0,0,1346,0,0,1360,0,0.2103
20260916,C 同B+1.0秒打断运动记忆,1.30,0,0,0,1346,0,0,1360,0,0.2136
20260916,C 同B+1.0秒打断运动记忆,1.32,0,0,0,1346,1,2,1360,5,0.2123
20260916,C 同B+1.0秒打断运动记忆,1.34,0,0,0,1346,0,0,1360,0,0.2100
20260916,C 同B+1.0秒打断运动记忆,1.36,0,0,0,1346,0,0,1360,0,0.2120
20260916,C 同B+1.0秒打断运动记忆,1.38,0,0,0,1346,1,2,1360,5,0.2164
20260916,C 同B+1.0秒打断运动记忆,1.40,0,0,0,1346,0,0,1360,0,0.2198
20260916,C 同B+1.0秒打断运动记忆,1.42,0,0,0,1346,0,0,1360,0,0.2244
20260916,C 同B+1.0秒打断运动记忆,1.44,0,0,0,1346,1,2,1360,5,0.2297
20260916,C 同B+1.0秒打断运动记忆,1.46,0,0,0,1346,1,2,1360,2,0.2314
20260916,C 同B+1.0秒打断运动记忆,1.48,0,0,0,1346,0,0,1360,0,0.2323
20260916,C 同B+1.0秒打断运动记忆,1.50,0,0,0,1346,0,0,1360,0,0.2344
20260916,C 同B+1.0秒打断运动记忆,1.52,0,0,0,1346,1,2,1360,3,0.2320
20260916,C 同B+1.0秒打断运动记忆,1.54,0,0,0,1346,0,0,1360,0,0.2265
20260916,C 同B+1.0秒打断运动记忆,1.56,0,0,0,1346,0,0,1360,0,0.2266
20260916,C 同B+1.0秒打断运动记忆,1.58,0,0,0,1346,1,2,1360,2,0.2281
20260916,C 同B+1.0秒打断运动记忆,1.60,0,0,0,1346,0,0,1360,0,0.2288
20260916,C 同B+1.0秒打断运动记忆,1.62,0,0,0,1346,1,2,1360,3,0.2249
20260916,C 同B+1.0秒打断运动记忆,1.64,0,0,0,1346,0,0,1360,0,0.2221
20260916,C 同B+1.0秒打断运动记忆,1.66,0,0,0,1346,1,2,1360,2,0.2217
20260916,C 同B+1.0秒打断运动记忆,1.68,0,0,0,1346,0,0,1360,0,0.2228
20260916,C 同B+1.0秒打断运动记忆,1.70,0,0,0,1346,1,2,1360,5,0.2220
20260916,C 同B+1.0秒打断运动记忆,1.72,0,0,0,1346,0,0,1360,0,0.2205
20260916,C 同B+1.0秒打断运动记忆,1.74,0,0,0,1346,1,2,1360,5,0.2213
20260916,C 同B+1.0秒打断运动记忆,1.76,0,0,0,1346,0,0,1360,0,0.2240
20260916,C 同B+1.0秒打断运动记忆,1.78,0,0,0,1346,1,2,1360,5,0.2248
20260916,C 同B+1.0秒打断运动记忆,1.80,0,0,0,1346,0,0,1360,0,0.2229
20260916,C 同B+1.0秒打断运动记忆,1.82,0,0,0,1346,0,0,1360,0,0.2220
20260916,C 同B+1.0秒打断运动记忆,1.84,0,0,0,1346,1,2,1360,5,0.2213
20260916,C 同B+1.0秒打断运动记忆,1.86,0,0,0,1346,0,0,1360,0,0.2228
20260916,C 同B+1.0秒打断运动记忆,1.88,0,0,0,1346,1,2,1360,5,0.2200
20260916,C 同B+1.0秒打断运动记忆,1.90,0,0,0,1346,0,0,1360,0,0.2133
20260916,C 同B+1.0秒打断运动记忆,1.92,0,0,0,1346,0,0,1360,0,0.2057
20260916,C 同B+1.0秒打断运动记忆,1.94,0,0,0,1346,0,0,1360,0,0.2055
20260916,C 同B+1.0秒打断运动记忆,1.96,0,0,0,1346,1,2,1360,2,0.2142
20260916,C 同B+1.0秒打断运动记忆,1.98,0,0,0,1346,1,2,1360,5,0.2220
20260916,C 同B+1.0秒打断运动记忆,2.00,0,0,0,1346,0,0,1360,0,0.2277
20260916,C 同B+1.0秒打断运动记忆,2.02,0,0,0,1346,1,2,1360,5,0.2280
20260916,C 同B+1.0秒打断运动记忆,2.04,0,0,0,1346,0,0,1360,0,0.2259
20260916,C 同B+1.0秒打断运动记忆,2.06,0,0,0,1346,1,2,1360,5,0.2192
20260916,C 同B+1.0秒打断运动记忆,2.08,0,0,0,1346,0,0,1360,0,0.2154
20260916,C 同B+1.0秒打断运动记忆,2.10,0,0,0,1346,1,2,1360,5,0.2194
20260916,C 同B+1.0秒打断运动记忆,2.12,0,0,0,1346,1,2,1360,2,0.2248
20260916,C 同B+1.0秒打断运动记忆,2.14,0,0,0,1346,0,0,1360,0,0.2292
20260916,C 同B+1.0秒打断运动记忆,2.16,0,0,0,1346,1,2,1360,3,0.2309
20260916,C 同B+1.0秒打断运动记忆,2.18,0,0,0,1346,0,0,1360,0,0.2312
20260916,C 同B+1.0秒打断运动记忆,2.20,0,0,0,1346,1,2,1360,5,0.2336
20260916,C 同B+1.0秒打断运动记忆,2.22,0,0,0,1346,0,0,1360,0,0.2360
20260916,C 同B+1.0秒打断运动记忆,2.24,0,0,0,1346,1,2,1360,5,0.2340
20260916,C 同B+1.0秒打断运动记忆,2.26,0,0,0,1346,0,0,1360,0,0.2290
20260916,C 同B+1.0秒打断运动记忆,2.28,0,0,0,1346,1,2,1360,3,0.2222
20260916,C 同B+1.0秒打断运动记忆,2.30,0,0,0,1346,0,0,1360,0,0.2238
20260916,C 同B+1.0秒打断运动记忆,2.32,0,0,0,1346,1,2,1360,3,0.2269
20260916,C 同B+1.0秒打断运动记忆,2.34,0,0,0,1346,0,0,1360,0,0.2306
20260916,C 同B+1.0秒打断运动记忆,2.36,0,0,0,1346,1,2,1360,5,0.2316
20260916,C 同B+1.0秒打断运动记忆,2.38,0,0,0,1346,1,2,1360,2,0.2295
20260916,C 同B+1.0秒打断运动记忆,2.40,0,0,0,1346,0,0,1360,0,0.2249
20260916,C 同B+1.0秒打断运动记忆,2.42,0,0,0,1346,1,2,1360,3,0.2170
20260916,C 同B+1.0秒打断运动记忆,2.44,0,0,0,1346,0,0,1360,0,0.2189
20260916,C 同B+1.0秒打断运动记忆,2.46,0,0,0,1346,1,2,1360,3,0.2228
20260916,C 同B+1.0秒打断运动记忆,2.48,0,0,0,1346,0,0,1360,0,0.2255
20260916,C 同B+1.0秒打断运动记忆,2.50,0,0,0,1346,1,2,1360,3,0.2255
20260916,C 同B+1.0秒打断运动记忆,2.52,0,0,0,1346,1,2,1360,2,0.2230
20260916,C 同B+1.0秒打断运动记忆,2.54,0,0,0,1346,0,0,1360,0,0.2195
20260916,C 同B+1.0秒打断运动记忆,2.56,0,0,0,1346,1,2,1360,3,0.2132
20260916,C 同B+1.0秒打断运动记忆,2.58,0,0,0,1346,0,0,1360,0,0.2092
20260916,C 同B+1.0秒打断运动记忆,2.60,0,0,0,1346,1,2,1360,2,0.2059
20260916,C 同B+1.0秒打断运动记忆,2.62,0,0,0,1346,0,0,1360,0,0.2060
20260916,C 同B+1.0秒打断运动记忆,2.64,0,0,0,1346,1,2,1360,3,0.2036
20260916,C 同B+1.0秒打断运动记忆,2.66,0,0,0,1346,0,0,1360,0,0.2055
20260916,C 同B+1.0秒打断运动记忆,2.68,0,0,0,1346,1,2,1360,2,0.2074
20260916,C 同B+1.0秒打断运动记忆,2.70,0,0,0,1346,1,2,1360,2,0.2054
20260916,C 同B+1.0秒打断运动记忆,2.72,0,0,0,1346,0,0,1360,0,0.2069
20260916,C 同B+1.0秒打断运动记忆,2.74,0,0,0,1346,1,2,1360,3,0.2071
20260916,C 同B+1.0秒打断运动记忆,2.76,0,0,0,1346,0,0,1360,0,0.2087
20260916,C 同B+1.0秒打断运动记忆,2.78,0,0,0,1346,1,2,1360,3,0.2090
20260916,C 同B+1.0秒打断运动记忆,2.80,0,0,0,1346,1,2,1360,2,0.2068
20260916,C 同B+1.0秒打断运动记忆,2.82,0,0,0,1346,0,0,1360,0,0.2050
20260916,C 同B+1.0秒打断运动记忆,2.84,0,0,0,1346,1,2,1360,3,0.2033
20260916,C 同B+1.0秒打断运动记忆,2.86,0,0,0,1346,0,0,1360,0,0.2026
20260916,C 同B+1.0秒打断运动记忆,2.88,0,0,0,1346,1,2,1360,3,0.2034
20260916,C 同B+1.0秒打断运动记忆,2.90,0,0,0,1346,1,2,1360,2,0.2059
20260916,C 同B+1.0秒打断运动记忆,2.92,0,0,0,1346,0,0,1360,0,0.2084
20260916,C 同B+1.0秒打断运动记忆,2.94,0,0,0,1346,1,2,1360,3,0.2080
20260916,C 同B+1.0秒打断运动记忆,2.96,0,0,0,1346,0,0,1360,0,0.2076
20260916,C 同B+1.0秒打断运动记忆,2.98,0,0,0,1346,1,2,1360,3,0.2078
20260916,D 一直黑+1.0秒同样打断,0.00,0,0,0,1346,0,0,1360,0,0.2607
20260916,D 一直黑+1.0秒同样打断,0.02,0,0,0,1346,0,0,1360,0,0.2561
20260916,D 一直黑+1.0秒同样打断,0.04,0,0,0,1346,0,0,1360,0,0.2478
20260916,D 一直黑+1.0秒同样打断,0.06,0,0,0,1346,1,2,1360,2,0.2346
20260916,D 一直黑+1.0秒同样打断,0.08,0,0,0,1346,0,0,1360,0,0.2185
20260916,D 一直黑+1.0秒同样打断,0.10,0,0,0,1346,1,2,1360,3,0.2024
20260916,D 一直黑+1.0秒同样打断,0.12,0,0,0,1346,0,0,1360,0,0.1956
20260916,D 一直黑+1.0秒同样打断,0.14,0,0,0,1346,0,0,1360,0,0.1992
20260916,D 一直黑+1.0秒同样打断,0.16,0,0,0,1346,0,0,1360,0,0.2125
20260916,D 一直黑+1.0秒同样打断,0.18,0,0,0,1346,1,2,1360,5,0.2252
20260916,D 一直黑+1.0秒同样打断,0.20,0,0,0,1346,0,0,1360,0,0.2363
20260916,D 一直黑+1.0秒同样打断,0.22,0,0,0,1346,1,2,1360,5,0.2423
20260916,D 一直黑+1.0秒同样打断,0.24,0,0,0,1346,0,0,1360,0,0.2435
20260916,D 一直黑+1.0秒同样打断,0.26,0,0,0,1346,0,0,1360,0,0.2407
20260916,D 一直黑+1.0秒同样打断,0.28,0,0,0,1346,0,0,1360,0,0.2342
20260916,D 一直黑+1.0秒同样打断,0.30,0,0,0,1346,0,0,1360,0,0.2240
20260916,D 一直黑+1.0秒同样打断,0.32,0,0,0,1346,0,0,1360,0,0.2141
20260916,D 一直黑+1.0秒同样打断,0.34,0,0,0,1346,0,0,1360,0,0.2118
20260916,D 一直黑+1.0秒同样打断,0.36,0,0,0,1346,1,2,1360,2,0.2119
20260916,D 一直黑+1.0秒同样打断,0.38,0,0,0,1346,0,0,1360,0,0.2102
20260916,D 一直黑+1.0秒同样打断,0.40,0,0,0,1346,0,0,1360,0,0.2065
20260916,D 一直黑+1.0秒同样打断,0.42,0,0,0,1346,0,0,1360,0,0.2004
20260916,D 一直黑+1.0秒同样打断,0.44,0,0,0,1346,0,0,1360,0,0.1942
20260916,D 一直黑+1.0秒同样打断,0.46,0,0,0,1346,0,0,1360,0,0.1890
20260916,D 一直黑+1.0秒同样打断,0.48,0,0,0,1346,0,0,1360,0,0.1858
20260916,D 一直黑+1.0秒同样打断,0.50,0,0,0,1346,0,0,1360,0,0.1822
20260916,D 一直黑+1.0秒同样打断,0.52,0,0,0,1346,0,0,1360,0,0.1769
20260916,D 一直黑+1.0秒同样打断,0.54,0,0,0,1346,0,0,1360,0,0.1694
20260916,D 一直黑+1.0秒同样打断,0.56,0,0,0,1346,0,0,1360,0,0.1595
20260916,D 一直黑+1.0秒同样打断,0.58,0,0,0,1346,0,0,1360,0,0.1468
20260916,D 一直黑+1.0秒同样打断,0.60,0,0,0,1346,0,0,1360,0,0.1360
20260916,D 一直黑+1.0秒同样打断,0.62,0,0,0,1346,0,0,1360,0,0.1389
20260916,D 一直黑+1.0秒同样打断,0.64,0,0,0,1346,0,0,1360,5,0.1496
20260916,D 一直黑+1.0秒同样打断,0.66,0,0,0,1346,0,0,1360,1,0.1586
20260916,D 一直黑+1.0秒同样打断,0.68,0,0,0,1346,0,0,1360,0,0.1637
20260916,D 一直黑+1.0秒同样打断,0.70,0,0,0,1346,0,0,1360,0,0.1647
20260916,D 一直黑+1.0秒同样打断,0.72,0,0,0,1346,0,0,1360,0,0.1618
20260916,D 一直黑+1.0秒同样打断,0.74,0,0,0,1346,0,0,1360,0,0.1552
20260916,D 一直黑+1.0秒同样打断,0.76,0,0,0,1346,0,0,1360,0,0.1535
20260916,D 一直黑+1.0秒同样打断,0.78,0,0,0,1346,0,0,1360,0,0.1547
20260916,D 一直黑+1.0秒同样打断,0.80,0,0,0,1346,0,0,1360,0,0.1550
20260916,D 一直黑+1.0秒同样打断,0.82,0,0,0,1346,1,3,1360,4,0.1548
20260916,D 一直黑+1.0秒同样打断,0.84,0,0,0,1346,1,3,1360,4,0.1547
20260916,D 一直黑+1.0秒同样打断,0.86,0,0,0,1346,1,3,1360,4,0.1545
20260916,D 一直黑+1.0秒同样打断,0.88,0,0,0,1346,1,3,1360,4,0.1540
20260916,D 一直黑+1.0秒同样打断,0.90,0,0,0,1346,1,3,1360,4,0.1533
20260916,D 一直黑+1.0秒同样打断,0.92,0,0,0,1346,1,3,1360,4,0.1523
20260916,D 一直黑+1.0秒同样打断,0.94,0,0,0,1346,1,3,1360,4,0.1510
20260916,D 一直黑+1.0秒同样打断,0.96,0,0,0,1346,1,3,1360,4,0.1493
20260916,D 一直黑+1.0秒同样打断,0.98,0,0,0,1346,1,3,1360,4,0.1472
20260916,D 一直黑+1.0秒同样打断,1.00,0,0,0,1346,1,3,1360,4,0.1446
20260916,D 一直黑+1.0秒同样打断,1.02,0,0,0,1346,0,0,1360,0,0.1402
20260916,D 一直黑+1.0秒同样打断,1.04,0,0,0,1346,1,2,1360,2,0.1372
20260916,D 一直黑+1.0秒同样打断,1.06,0,0,0,1346,1,3,1360,5,0.1328
20260916,D 一直黑+1.0秒同样打断,1.08,0,0,0,1346,0,0,1360,0,0.1256
20260916,D 一直黑+1.0秒同样打断,1.10,0,0,0,1346,0,0,1360,0,0.1159
20260916,D 一直黑+1.0秒同样打断,1.12,0,0,0,1346,0,0,1360,0,0.1031
20260916,D 一直黑+1.0秒同样打断,1.14,0,0,0,1346,0,0,1360,0,0.0871
20260916,D 一直黑+1.0秒同样打断,1.16,0,0,0,1346,0,0,1360,0,0.0676
20260916,D 一直黑+1.0秒同样打断,1.18,0,0,0,1346,0,0,1360,0,0.0532
20260916,D 一直黑+1.0秒同样打断,1.20,0,0,0,1346,1,3,1360,5,0.0556
20260916,D 一直黑+1.0秒同样打断,1.22,0,0,0,1346,1,3,1360,5,0.0601
20260916,D 一直黑+1.0秒同样打断,1.24,0,0,0,1346,0,0,1360,0,0.0623
20260916,D 一直黑+1.0秒同样打断,1.26,0,0,0,1346,0,0,1360,0,0.0621
20260916,D 一直黑+1.0秒同样打断,1.28,0,0,0,1346,0,0,1360,0,0.0613
20260916,D 一直黑+1.0秒同样打断,1.30,0,0,0,1346,0,0,1360,0,0.0601
20260916,D 一直黑+1.0秒同样打断,1.32,0,0,0,1346,0,0,1360,4,0.0582
20260916,D 一直黑+1.0秒同样打断,1.34,0,0,0,1346,0,0,1360,4,0.0579
20260916,D 一直黑+1.0秒同样打断,1.36,0,0,0,1346,0,0,1360,0,0.0591
20260916,D 一直黑+1.0秒同样打断,1.38,0,0,0,1346,0,0,1360,4,0.0600
20260916,D 一直黑+1.0秒同样打断,1.40,0,0,0,1346,0,0,1360,0,0.0603
20260916,D 一直黑+1.0秒同样打断,1.42,0,0,0,1346,0,0,1360,0,0.0600
20260916,D 一直黑+1.0秒同样打断,1.44,0,0,0,1346,0,0,1360,0,0.0590
20260916,D 一直黑+1.0秒同样打断,1.46,0,0,0,1346,0,0,1360,0,0.0576
20260916,D 一直黑+1.0秒同样打断,1.48,0,0,0,1346,1,1,1360,1,0.0580
20260916,D 一直黑+1.0秒同样打断,1.50,0,0,0,1346,1,1,1360,1,0.0586
20260916,D 一直黑+1.0秒同样打断,1.52,0,0,0,1346,1,1,1360,1,0.0586
20260916,D 一直黑+1.0秒同样打断,1.54,0,0,0,1346,1,1,1360,1,0.0579
20260916,D 一直黑+1.0秒同样打断,1.56,0,0,0,1346,1,1,1360,1,0.0576
20260916,D 一直黑+1.0秒同样打断,1.58,0,0,0,1346,1,1,1360,1,0.0578
20260916,D 一直黑+1.0秒同样打断,1.60,0,0,0,1346,1,1,1360,1,0.0577
20260916,D 一直黑+1.0秒同样打断,1.62,0,0,0,1346,1,1,1360,1,0.0577
20260916,D 一直黑+1.0秒同样打断,1.64,0,0,0,1346,1,1,1360,1,0.0578
20260916,D 一直黑+1.0秒同样打断,1.66,0,0,0,1346,1,2,1360,2,0.0578
20260916,D 一直黑+1.0秒同样打断,1.68,0,0,0,1346,1,2,1360,2,0.0579
20260916,D 一直黑+1.0秒同样打断,1.70,0,0,0,1346,1,2,1360,2,0.0579
20260916,D 一直黑+1.0秒同样打断,1.72,0,0,0,1346,1,2,1360,2,0.0579
20260916,D 一直黑+1.0秒同样打断,1.74,0,0,0,1346,1,2,1360,2,0.0579
20260916,D 一直黑+1.0秒同样打断,1.76,0,0,0,1346,1,2,1360,2,0.0579
20260916,D 一直黑+1.0秒同样打断,1.78,0,0,0,1346,1,2,1360,2,0.0579
20260916,D 一直黑+1.0秒同样打断,1.80,0,0,0,1346,1,2,1360,2,0.0579
20260916,D 一直黑+1.0秒同样打断,1.82,0,0,0,1346,1,2,1360,2,0.0579
20260916,D 一直黑+1.0秒同样打断,1.84,0,0,0,1346,1,2,1360,2,0.0579
20260916,D 一直黑+1.0秒同样打断,1.86,0,0,0,1346,1,2,1360,2,0.0579
20260916,D 一直黑+1.0秒同样打断,1.88,0,0,0,1346,1,2,1360,2,0.0579
20260916,D 一直黑+1.0秒同样打断,1.90,0,0,0,1346,1,2,1360,2,0.0579
20260916,D 一直黑+1.0秒同样打断,1.92,0,0,0,1346,1,2,1360,2,0.0579
20260916,D 一直黑+1.0秒同样打断,1.94,0,0,0,1346,1,2,1360,2,0.0579
20260916,D 一直黑+1.0秒同样打断,1.96,0,0,0,1346,1,2,1360,2,0.0579
20260916,D 一直黑+1.0秒同样打断,1.98,0,0,0,1346,1,2,1360,2,0.0579
20260916,D 一直黑+1.0秒同样打断,2.00,0,0,0,1346,1,2,1360,2,0.0579
20260916,D 一直黑+1.0秒同样打断,2.02,0,0,0,1346,1,3,1360,3,0.0579
20260916,D 一直黑+1.0秒同样打断,2.04,0,0,0,1346,1,3,1360,3,0.0579
20260916,D 一直黑+1.0秒同样打断,2.06,0,0,0,1346,1,3,1360,3,0.0579
20260916,D 一直黑+1.0秒同样打断,2.08,0,0,0,1346,1,3,1360,3,0.0579
20260916,D 一直黑+1.0秒同样打断,2.10,0,0,0,1346,1,3,1360,3,0.0579
20260916,D 一直黑+1.0秒同样打断,2.12,0,0,0,1346,1,3,1360,3,0.0579
20260916,D 一直黑+1.0秒同样打断,2.14,0,0,0,1346,1,3,1360,3,0.0579
20260916,D 一直黑+1.0秒同样打断,2.16,0,0,0,1346,1,3,1360,3,0.0579
20260916,D 一直黑+1.0秒同样打断,2.18,0,0,0,1346,1,3,1360,3,0.0579
20260916,D 一直黑+1.0秒同样打断,2.20,0,0,0,1346,1,3,1360,3,0.0579
20260916,D 一直黑+1.0秒同样打断,2.22,0,0,0,1346,1,3,1360,3,0.0579
20260916,D 一直黑+1.0秒同样打断,2.24,0,0,0,1346,1,3,1360,3,0.0579
20260916,D 一直黑+1.0秒同样打断,2.26,0,0,0,1346,1,3,1360,3,0.0594
20260916,D 一直黑+1.0秒同样打断,2.28,0,0,0,1346,1,3,1360,5,0.0599
20260916,D 一直黑+1.0秒同样打断,2.30,0,0,0,1346,1,3,1360,5,0.0579
20260916,D 一直黑+1.0秒同样打断,2.32,0,0,0,1346,1,3,1360,5,0.0567
20260916,D 一直黑+1.0秒同样打断,2.34,0,0,0,1346,1,3,1360,5,0.0571
20260916,D 一直黑+1.0秒同样打断,2.36,0,0,0,1346,1,3,1360,5,0.0575
20260916,D 一直黑+1.0秒同样打断,2.38,0,0,0,1346,1,3,1360,5,0.0577
20260916,D 一直黑+1.0秒同样打断,2.40,0,0,0,1346,1,3,1360,5,0.0578
20260916,D 一直黑+1.0秒同样打断,2.42,0,0,0,1346,1,3,1360,5,0.0579
20260916,D 一直黑+1.0秒同样打断,2.44,0,0,0,1346,1,3,1360,5,0.0579
20260916,D 一直黑+1.0秒同样打断,2.46,0,0,0,1346,1,3,1360,4,0.0579
20260916,D 一直黑+1.0秒同样打断,2.48,0,0,0,1346,1,3,1360,4,0.0579
20260916,D 一直黑+1.0秒同样打断,2.50,0,0,0,1346,1,3,1360,4,0.0579
20260916,D 一直黑+1.0秒同样打断,2.52,0,0,0,1346,1,3,1360,4,0.0579
20260916,D 一直黑+1.0秒同样打断,2.54,0,0,0,1346,1,3,1360,4,0.0579
20260916,D 一直黑+1.0秒同样打断,2.56,0,0,0,1346,1,3,1360,4,0.0579
20260916,D 一直黑+1.0秒同样打断,2.58,0,0,0,1346,1,3,1360,4,0.0579
20260916,D 一直黑+1.0秒同样打断,2.60,0,0,0,1346,1,3,1360,4,0.0579
20260916,D 一直黑+1.0秒同样打断,2.62,0,0,0,1346,1,3,1360,4,0.0579
20260916,D 一直黑+1.0秒同样打断,2.64,0,0,0,1346,1,3,1360,4,0.0579
20260916,D 一直黑+1.0秒同样打断,2.66,0,0,0,1346,1,3,1360,4,0.0579
20260916,D 一直黑+1.0秒同样打断,2.68,0,0,0,1346,1,3,1360,4,0.0579
20260916,D 一直黑+1.0秒同样打断,2.70,0,0,0,1346,1,3,1360,4,0.0579
20260916,D 一直黑+1.0秒同样打断,2.72,0,0,0,1346,1,3,1360,4,0.0579
20260916,D 一直黑+1.0秒同样打断,2.74,0,0,0,1346,1,3,1360,4,0.0579
20260916,D 一直黑+1.0秒同样打断,2.76,0,0,0,1346,1,3,1360,3,0.0579
20260916,D 一直黑+1.0秒同样打断,2.78,0,0,0,1346,1,3,1360,3,0.0579
20260916,D 一直黑+1.0秒同样打断,2.80,0,0,0,1346,1,3,1360,3,0.0579
20260916,D 一直黑+1.0秒同样打断,2.82,0,0,0,1346,1,3,1360,3,0.0579
20260916,D 一直黑+1.0秒同样打断,2.84,0,0,0,1346,1,3,1360,3,0.0579
20260916,D 一直黑+1.0秒同样打断,2.86,0,0,0,1346,1,3,1360,3,0.0579
20260916,D 一直黑+1.0秒同样打断,2.88,0,0,0,1346,1,3,1360,3,0.0579
20260916,D 一直黑+1.0秒同样打断,2.90,0,0,0,1346,1,3,1360,3,0.0579
20260916,D 一直黑+1.0秒同样打断,2.92,0,0,0,1346,1,3,1360,3,0.0579
20260916,D 一直黑+1.0秒同样打断,2.94,0,0,0,1346,1,3,1360,3,0.0579
20260916,D 一直黑+1.0秒同样打断,2.96,0,0,0,1346,1,3,1360,3,0.0579
20260916,D 一直黑+1.0秒同样打断,2.98,0,0,0,1346,1,3,1360,3,0.0579
20260916,E 一直黑(不给红也不打断),0.00,0,0,0,1346,0,0,1360,0,0.2607
20260916,E 一直黑(不给红也不打断),0.02,0,0,0,1346,0,0,1360,0,0.2561
20260916,E 一直黑(不给红也不打断),0.04,0,0,0,1346,0,0,1360,0,0.2478
20260916,E 一直黑(不给红也不打断),0.06,0,0,0,1346,1,2,1360,2,0.2346
20260916,E 一直黑(不给红也不打断),0.08,0,0,0,1346,0,0,1360,0,0.2185
20260916,E 一直黑(不给红也不打断),0.10,0,0,0,1346,1,2,1360,3,0.2024
20260916,E 一直黑(不给红也不打断),0.12,0,0,0,1346,0,0,1360,0,0.1956
20260916,E 一直黑(不给红也不打断),0.14,0,0,0,1346,0,0,1360,0,0.1992
20260916,E 一直黑(不给红也不打断),0.16,0,0,0,1346,0,0,1360,0,0.2125
20260916,E 一直黑(不给红也不打断),0.18,0,0,0,1346,1,2,1360,5,0.2252
20260916,E 一直黑(不给红也不打断),0.20,0,0,0,1346,0,0,1360,0,0.2363
20260916,E 一直黑(不给红也不打断),0.22,0,0,0,1346,1,2,1360,5,0.2423
20260916,E 一直黑(不给红也不打断),0.24,0,0,0,1346,0,0,1360,0,0.2435
20260916,E 一直黑(不给红也不打断),0.26,0,0,0,1346,0,0,1360,0,0.2407
20260916,E 一直黑(不给红也不打断),0.28,0,0,0,1346,0,0,1360,0,0.2342
20260916,E 一直黑(不给红也不打断),0.30,0,0,0,1346,0,0,1360,0,0.2240
20260916,E 一直黑(不给红也不打断),0.32,0,0,0,1346,0,0,1360,0,0.2141
20260916,E 一直黑(不给红也不打断),0.34,0,0,0,1346,0,0,1360,0,0.2118
20260916,E 一直黑(不给红也不打断),0.36,0,0,0,1346,1,2,1360,2,0.2119
20260916,E 一直黑(不给红也不打断),0.38,0,0,0,1346,0,0,1360,0,0.2102
20260916,E 一直黑(不给红也不打断),0.40,0,0,0,1346,0,0,1360,0,0.2065
20260916,E 一直黑(不给红也不打断),0.42,0,0,0,1346,0,0,1360,0,0.2004
20260916,E 一直黑(不给红也不打断),0.44,0,0,0,1346,0,0,1360,0,0.1942
20260916,E 一直黑(不给红也不打断),0.46,0,0,0,1346,0,0,1360,0,0.1890
20260916,E 一直黑(不给红也不打断),0.48,0,0,0,1346,0,0,1360,0,0.1858
20260916,E 一直黑(不给红也不打断),0.50,0,0,0,1346,0,0,1360,0,0.1822
20260916,E 一直黑(不给红也不打断),0.52,0,0,0,1346,0,0,1360,0,0.1769
20260916,E 一直黑(不给红也不打断),0.54,0,0,0,1346,0,0,1360,0,0.1694
20260916,E 一直黑(不给红也不打断),0.56,0,0,0,1346,0,0,1360,0,0.1595
20260916,E 一直黑(不给红也不打断),0.58,0,0,0,1346,0,0,1360,0,0.1468
20260916,E 一直黑(不给红也不打断),0.60,0,0,0,1346,0,0,1360,0,0.1360
20260916,E 一直黑(不给红也不打断),0.62,0,0,0,1346,0,0,1360,0,0.1389
20260916,E 一直黑(不给红也不打断),0.64,0,0,0,1346,0,0,1360,5,0.1496
20260916,E 一直黑(不给红也不打断),0.66,0,0,0,1346,0,0,1360,1,0.1586
20260916,E 一直黑(不给红也不打断),0.68,0,0,0,1346,0,0,1360,0,0.1637
20260916,E 一直黑(不给红也不打断),0.70,0,0,0,1346,0,0,1360,0,0.1647
20260916,E 一直黑(不给红也不打断),0.72,0,0,0,1346,0,0,1360,0,0.1618
20260916,E 一直黑(不给红也不打断),0.74,0,0,0,1346,0,0,1360,0,0.1552
20260916,E 一直黑(不给红也不打断),0.76,0,0,0,1346,0,0,1360,0,0.1535
20260916,E 一直黑(不给红也不打断),0.78,0,0,0,1346,0,0,1360,0,0.1547
20260916,E 一直黑(不给红也不打断),0.80,0,0,0,1346,0,0,1360,0,0.1550
20260916,E 一直黑(不给红也不打断),0.82,0,0,0,1346,1,3,1360,4,0.1548
20260916,E 一直黑(不给红也不打断),0.84,0,0,0,1346,1,3,1360,4,0.1547
20260916,E 一直黑(不给红也不打断),0.86,0,0,0,1346,1,3,1360,4,0.1545
20260916,E 一直黑(不给红也不打断),0.88,0,0,0,1346,1,3,1360,4,0.1540
20260916,E 一直黑(不给红也不打断),0.90,0,0,0,1346,1,3,1360,4,0.1533
20260916,E 一直黑(不给红也不打断),0.92,0,0,0,1346,1,3,1360,4,0.1523
20260916,E 一直黑(不给红也不打断),0.94,0,0,0,1346,1,3,1360,4,0.1510
20260916,E 一直黑(不给红也不打断),0.96,0,0,0,1346,1,3,1360,4,0.1493
20260916,E 一直黑(不给红也不打断),0.98,0,0,0,1346,1,3,1360,4,0.1472
20260916,E 一直黑(不给红也不打断),1.00,0,0,0,1346,1,3,1360,4,0.1446
20260916,E 一直黑(不给红也不打断),1.02,0,0,0,1346,0,0,1360,0,0.1407
20260916,E 一直黑(不给红也不打断),1.04,0,0,0,1346,1,3,1360,4,0.1365
20260916,E 一直黑(不给红也不打断),1.06,0,0,0,1346,1,1,1360,1,0.1308
20260916,E 一直黑(不给红也不打断),1.08,0,0,0,1346,1,3,1360,4,0.1236
20260916,E 一直黑(不给红也不打断),1.10,0,0,0,1346,1,1,1360,1,0.1146
20260916,E 一直黑(不给红也不打断),1.12,0,0,0,1346,1,1,1360,1,0.1034
20260916,E 一直黑(不给红也不打断),1.14,0,0,0,1346,1,1,1360,1,0.0896
20260916,E 一直黑(不给红也不打断),1.16,0,0,0,1346,1,1,1360,1,0.0726
20260916,E 一直黑(不给红也不打断),1.18,0,0,0,1346,1,1,1360,1,0.0551
20260916,E 一直黑(不给红也不打断),1.20,0,0,0,1346,1,1,1360,1,0.0548
20260916,E 一直黑(不给红也不打断),1.22,0,0,0,1346,1,2,1360,2,0.0601
20260916,E 一直黑(不给红也不打断),1.24,0,0,0,1346,1,2,1360,2,0.0641
20260916,E 一直黑(不给红也不打断),1.26,0,0,0,1346,1,2,1360,2,0.0657
20260916,E 一直黑(不给红也不打断),1.28,0,0,0,1346,1,2,1360,2,0.0649
20260916,E 一直黑(不给红也不打断),1.30,0,0,0,1346,1,2,1360,2,0.0620
20260916,E 一直黑(不给红也不打断),1.32,0,0,0,1346,1,2,1360,2,0.0601
20260916,E 一直黑(不给红也不打断),1.34,0,0,0,1346,1,2,1360,4,0.0582
20260916,E 一直黑(不给红也不打断),1.36,0,0,0,1346,1,2,1360,4,0.0578
20260916,E 一直黑(不给红也不打断),1.38,0,0,0,1346,1,2,1360,2,0.0594
20260916,E 一直黑(不给红也不打断),1.40,0,0,0,1346,1,2,1360,4,0.0608
20260916,E 一直黑(不给红也不打断),1.42,0,0,0,1346,1,2,1360,2,0.0615
20260916,E 一直黑(不给红也不打断),1.44,0,0,0,1346,1,2,1360,2,0.0617
20260916,E 一直黑(不给红也不打断),1.46,0,0,0,1346,1,2,1360,2,0.0614
20260916,E 一直黑(不给红也不打断),1.48,0,0,0,1346,1,2,1360,2,0.0606
20260916,E 一直黑(不给红也不打断),1.50,0,0,0,1346,1,2,1360,2,0.0595
20260916,E 一直黑(不给红也不打断),1.52,0,0,0,1346,1,2,1360,2,0.0579
20260916,E 一直黑(不给红也不打断),1.54,0,0,0,1346,1,2,1360,2,0.0578
20260916,E 一直黑(不给红也不打断),1.56,0,0,0,1346,1,2,1360,2,0.0588
20260916,E 一直黑(不给红也不打断),1.58,0,0,0,1346,1,3,1360,3,0.0594
20260916,E 一直黑(不给红也不打断),1.60,0,0,0,1346,1,3,1360,3,0.0595
20260916,E 一直黑(不给红也不打断),1.62,0,0,0,1346,1,3,1360,3,0.0591
20260916,E 一直黑(不给红也不打断),1.64,0,0,0,1346,1,3,1360,3,0.0582
20260916,E 一直黑(不给红也不打断),1.66,0,0,0,1346,1,3,1360,3,0.0577
20260916,E 一直黑(不给红也不打断),1.68,0,0,0,1346,1,3,1360,3,0.0582
20260916,E 一直黑(不给红也不打断),1.70,0,0,0,1346,1,3,1360,3,0.0584
20260916,E 一直黑(不给红也不打断),1.72,0,0,0,1346,1,3,1360,3,0.0580
20260916,E 一直黑(不给红也不打断),1.74,0,0,0,1346,1,3,1360,3,0.0577
20260916,E 一直黑(不给红也不打断),1.76,0,0,0,1346,1,3,1360,3,0.0578
20260916,E 一直黑(不给红也不打断),1.78,0,0,0,1346,1,3,1360,3,0.0578
20260916,E 一直黑(不给红也不打断),1.80,0,0,0,1346,1,3,1360,3,0.0579
20260916,E 一直黑(不给红也不打断),1.82,0,0,0,1346,1,3,1360,3,0.0594
20260916,E 一直黑(不给红也不打断),1.84,0,0,0,1346,1,3,1360,5,0.0600
20260916,E 一直黑(不给红也不打断),1.86,0,0,0,1346,1,3,1360,5,0.0580
20260916,E 一直黑(不给红也不打断),1.88,0,0,0,1346,1,3,1360,5,0.0568
20260916,E 一直黑(不给红也不打断),1.90,0,0,0,1346,1,3,1360,5,0.0571
20260916,E 一直黑(不给红也不打断),1.92,0,0,0,1346,1,3,1360,5,0.0575
20260916,E 一直黑(不给红也不打断),1.94,0,0,0,1346,1,3,1360,5,0.0577
20260916,E 一直黑(不给红也不打断),1.96,0,0,0,1346,1,3,1360,5,0.0578
20260916,E 一直黑(不给红也不打断),1.98,0,0,0,1346,1,3,1360,5,0.0579
20260916,E 一直黑(不给红也不打断),2.00,0,0,0,1346,1,3,1360,5,0.0579
20260916,E 一直黑(不给红也不打断),2.02,0,0,0,1346,1,3,1360,4,0.0579
20260916,E 一直黑(不给红也不打断),2.04,0,0,0,1346,1,3,1360,4,0.0579
20260916,E 一直黑(不给红也不打断),2.06,0,0,0,1346,1,3,1360,4,0.0579
20260916,E 一直黑(不给红也不打断),2.08,0,0,0,1346,1,3,1360,4,0.0579
20260916,E 一直黑(不给红也不打断),2.10,0,0,0,1346,1,3,1360,4,0.0579
20260916,E 一直黑(不给红也不打断),2.12,0,0,0,1346,1,3,1360,4,0.0579
20260916,E 一直黑(不给红也不打断),2.14,0,0,0,1346,1,3,1360,4,0.0579
20260916,E 一直黑(不给红也不打断),2.16,0,0,0,1346,1,3,1360,4,0.0579
20260916,E 一直黑(不给红也不打断),2.18,0,0,0,1346,1,3,1360,4,0.0579
20260916,E 一直黑(不给红也不打断),2.20,0,0,0,1346,1,3,1360,4,0.0579
20260916,E 一直黑(不给红也不打断),2.22,0,0,0,1346,1,3,1360,4,0.0579
20260916,E 一直黑(不给红也不打断),2.24,0,0,0,1346,1,3,1360,4,0.0579
20260916,E 一直黑(不给红也不打断),2.26,0,0,0,1346,1,3,1360,4,0.0579
20260916,E 一直黑(不给红也不打断),2.28,0,0,0,1346,1,3,1360,4,0.0579
20260916,E 一直黑(不给红也不打断),2.30,0,0,0,1346,1,3,1360,4,0.0579
20260916,E 一直黑(不给红也不打断),2.32,0,0,0,1346,1,3,1360,3,0.0579
20260916,E 一直黑(不给红也不打断),2.34,0,0,0,1346,1,3,1360,3,0.0579
20260916,E 一直黑(不给红也不打断),2.36,0,0,0,1346,1,3,1360,3,0.0579
20260916,E 一直黑(不给红也不打断),2.38,0,0,0,1346,1,3,1360,3,0.0579
20260916,E 一直黑(不给红也不打断),2.40,0,0,0,1346,1,3,1360,3,0.0579
20260916,E 一直黑(不给红也不打断),2.42,0,0,0,1346,1,3,1360,3,0.0579
20260916,E 一直黑(不给红也不打断),2.44,0,0,0,1346,1,3,1360,3,0.0579
20260916,E 一直黑(不给红也不打断),2.46,0,0,0,1346,1,3,1360,3,0.0579
20260916,E 一直黑(不给红也不打断),2.48,0,0,0,1346,1,3,1360,3,0.0579
20260916,E 一直黑(不给红也不打断),2.50,0,0,0,1346,1,3,1360,3,0.0579
20260916,E 一直黑(不给红也不打断),2.52,0,0,0,1346,1,3,1360,3,0.0579
20260916,E 一直黑(不给红也不打断),2.54,0,0,0,1346,1,3,1360,3,0.0579
20260916,E 一直黑(不给红也不打断),2.56,0,0,0,1346,1,3,1360,3,0.0579
20260916,E 一直黑(不给红也不打断),2.58,0,0,0,1346,1,3,1360,3,0.0579
20260916,E 一直黑(不给红也不打断),2.60,0,0,0,1346,1,3,1360,3,0.0579
20260916,E 一直黑(不给红也不打断),2.62,0,0,0,1346,1,3,1360,3,0.0579
20260916,E 一直黑(不给红也不打断),2.64,0,0,0,1346,1,3,1360,3,0.0579
20260916,E 一直黑(不给红也不打断),2.66,0,0,0,1346,1,3,1360,3,0.0579
20260916,E 一直黑(不给红也不打断),2.68,0,0,0,1346,1,3,1360,3,0.0579
20260916,E 一直黑(不给红也不打断),2.70,0,0,0,1346,1,3,1360,3,0.0579
20260916,E 一直黑(不给红也不打断),2.72,0,0,0,1346,1,3,1360,3,0.0579
20260916,E 一直黑(不给红也不打断),2.74,0,0,0,1346,1,3,1360,3,0.0579
20260916,E 一直黑(不给红也不打断),2.76,0,0,0,1346,1,3,1360,3,0.0579
20260916,E 一直黑(不给红也不打断),2.78,0,0,0,1346,1,3,1360,3,0.0579
20260916,E 一直黑(不给红也不打断),2.80,0,0,0,1346,1,3,1360,3,0.0579
20260916,E 一直黑(不给红也不打断),2.82,0,0,0,1346,1,3,1360,3,0.0579
20260916,E 一直黑(不给红也不打断),2.84,0,0,0,1346,1,3,1360,3,0.0579
20260916,E 一直黑(不给红也不打断),2.86,0,0,0,1346,1,3,1360,3,0.0579
20260916,E 一直黑(不给红也不打断),2.88,0,0,0,1346,1,3,1360,3,0.0579
20260916,E 一直黑(不给红也不打断),2.90,0,0,0,1346,1,3,1360,3,0.0579
20260916,E 一直黑(不给红也不打断),2.92,0,0,0,1346,1,3,1360,3,0.0579
20260916,E 一直黑(不给红也不打断),2.94,0,0,0,1346,1,3,1360,3,0.0579
20260916,E 一直黑(不给红也不打断),2.96,0,0,0,1346,1,3,1360,3,0.0579
20260916,E 一直黑(不给红也不打断),2.98,0,0,0,1346,1,3,1360,3,0.0579
20260917,A 一直红,0.00,0,1,1346,1346,1,1357,1360,1357,0.2607
20260917,A 一直红,0.02,1,1,1346,1346,1,1357,1360,1357,0.2565
20260917,A 一直红,0.04,1,1,1346,1346,1,1360,1360,1366,0.2525
20260917,A 一直红,0.06,1,1,1346,1346,1,1360,1360,1366,0.2594
20260917,A 一直红,0.08,1,1,1346,1346,1,1360,1360,1365,0.2739
20260917,A 一直红,0.10,1,1,1346,1346,1,1360,1360,1364,0.2900
20260917,A 一直红,0.12,1,1,1346,1346,1,1360,1360,1364,0.3054
20260917,A 一直红,0.14,1,1,1346,1346,1,1360,1360,1364,0.3204
20260917,A 一直红,0.16,1,1,1346,1346,1,1359,1360,1365,0.3345
20260917,A 一直红,0.18,1,1,1346,1346,1,1360,1360,1368,0.3475
20260917,A 一直红,0.20,1,1,1346,1346,1,1360,1360,1368,0.3597
20260917,A 一直红,0.22,1,1,1346,1346,1,1360,1360,1368,0.3703
20260917,A 一直红,0.24,1,1,1346,1346,1,1360,1360,1368,0.3785
20260917,A 一直红,0.26,1,1,1346,1346,1,1359,1360,1365,0.3842
20260917,A 一直红,0.28,1,1,1346,1346,1,1360,1360,1368,0.3890
20260917,A 一直红,0.30,1,1,1346,1346,1,1360,1360,1366,0.3930
20260917,A 一直红,0.32,1,1,1346,1346,1,1360,1360,1366,0.3960
20260917,A 一直红,0.34,1,1,1346,1346,1,1360,1360,1366,0.3982
20260917,A 一直红,0.36,1,1,1346,1346,1,1360,1360,1366,0.3997
20260917,A 一直红,0.38,1,1,1346,1346,1,1360,1360,1365,0.3991
20260917,A 一直红,0.40,1,1,1346,1346,1,1360,1360,1364,0.3958
20260917,A 一直红,0.42,1,1,1346,1346,1,1360,1360,1364,0.3915
20260917,A 一直红,0.44,1,1,1346,1346,1,1360,1360,1364,0.3872
20260917,A 一直红,0.46,1,1,1346,1346,1,1360,1360,1366,0.3819
20260917,A 一直红,0.48,1,1,1346,1346,1,1360,1360,1368,0.3759
20260917,A 一直红,0.50,1,1,1346,1346,1,1360,1360,1368,0.3694
20260917,A 一直红,0.52,1,1,1346,1346,1,1360,1360,1368,0.3619
20260917,A 一直红,0.54,1,1,1346,1346,1,1360,1360,1368,0.3550
20260917,A 一直红,0.56,1,1,1346,1346,1,1359,1360,1365,0.3530
20260917,A 一直红,0.58,1,1,1346,1346,1,1359,1360,1365,0.3560
20260917,A 一直红,0.60,1,1,1346,1346,1,1360,1360,1366,0.3602
20260917,A 一直红,0.62,1,1,1346,1346,1,1360,1360,1366,0.3636
20260917,A 一直红,0.64,1,1,1346,1346,1,1360,1360,1366,0.3655
20260917,A 一直红,0.66,1,1,1346,1346,1,1360,1360,1366,0.3653
20260917,A 一直红,0.68,1,1,1346,1346,1,1360,1360,1365,0.3631
20260917,A 一直红,0.70,1,1,1346,1346,1,1360,1360,1364,0.3640
20260917,A 一直红,0.72,1,1,1346,1346,1,1360,1360,1364,0.3651
20260917,A 一直红,0.74,1,1,1346,1346,1,1360,1360,1364,0.3664
20260917,A 一直红,0.76,1,1,1346,1346,1,1359,1360,1365,0.3665
20260917,A 一直红,0.78,1,1,1346,1346,1,1360,1360,1368,0.3652
20260917,A 一直红,0.80,1,1,1346,1346,1,1360,1360,1368,0.3624
20260917,A 一直红,0.82,1,1,1346,1346,1,1360,1360,1368,0.3605
20260917,A 一直红,0.84,1,1,1346,1346,1,1360,1360,1368,0.3637
20260917,A 一直红,0.86,1,1,1346,1346,1,1359,1360,1365,0.3678
20260917,A 一直红,0.88,1,1,1346,1346,1,1359,1360,1365,0.3703
20260917,A 一直红,0.90,1,1,1346,1346,1,1360,1360,1366,0.3696
20260917,A 一直红,0.92,1,1,1346,1346,1,1360,1360,1366,0.3658
20260917,A 一直红,0.94,1,1,1346,1346,1,1360,1360,1366,0.3597
20260917,A 一直红,0.96,1,1,1346,1346,1,1360,1360,1366,0.3533
20260917,A 一直红,0.98,1,1,1346,1346,1,1360,1360,1365,0.3507
20260917,A 一直红,1.00,1,1,1346,1346,1,1360,1360,1364,0.3554
20260917,A 一直红,1.02,1,1,1346,1346,1,1360,1360,1364,0.3611
20260917,A 一直红,1.04,1,1,1346,1346,1,1360,1360,1364,0.3659
20260917,A 一直红,1.06,1,1,1346,1346,1,1359,1360,1365,0.3694
20260917,A 一直红,1.08,1,1,1346,1346,1,1360,1360,1368,0.3717
20260917,A 一直红,1.10,1,1,1346,1346,1,1360,1360,1368,0.3725
20260917,A 一直红,1.12,1,1,1346,1346,1,1360,1360,1368,0.3708
20260917,A 一直红,1.14,1,1,1346,1346,1,1360,1360,1368,0.3674
20260917,A 一直红,1.16,1,1,1346,1346,1,1359,1360,1365,0.3644
20260917,A 一直红,1.18,1,1,1346,1346,1,1360,1360,1368,0.3638
20260917,A 一直红,1.20,1,1,1346,1346,1,1360,1360,1366,0.3622
20260917,A 一直红,1.22,1,1,1346,1346,1,1360,1360,1366,0.3586
20260917,A 一直红,1.24,1,1,1346,1346,1,1360,1360,1366,0.3557
20260917,A 一直红,1.26,1,1,1346,1346,1,1360,1360,1366,0.3527
20260917,A 一直红,1.28,1,1,1346,1346,1,1360,1360,1365,0.3510
20260917,A 一直红,1.30,1,1,1346,1346,1,1360,1360,1364,0.3565
20260917,A 一直红,1.32,1,1,1346,1346,1,1360,1360,1364,0.3628
20260917,A 一直红,1.34,1,1,1346,1346,1,1360,1360,1364,0.3682
20260917,A 一直红,1.36,1,1,1346,1346,1,1359,1360,1365,0.3722
20260917,A 一直红,1.38,1,1,1346,1346,1,1360,1360,1368,0.3749
20260917,A 一直红,1.40,1,1,1346,1346,1,1360,1360,1368,0.3759
20260917,A 一直红,1.42,1,1,1346,1346,1,1360,1360,1368,0.3743
20260917,A 一直红,1.44,1,1,1346,1346,1,1360,1360,1368,0.3703
20260917,A 一直红,1.46,1,1,1346,1346,1,1359,1360,1365,0.3647
20260917,A 一直红,1.48,1,1,1346,1346,1,1360,1360,1368,0.3618
20260917,A 一直红,1.50,1,1,1346,1346,1,1360,1360,1366,0.3591
20260917,A 一直红,1.52,1,1,1346,1346,1,1360,1360,1366,0.3556
20260917,A 一直红,1.54,1,1,1346,1346,1,1360,1360,1366,0.3539
20260917,A 一直红,1.56,1,1,1346,1346,1,1360,1360,1366,0.3516
20260917,A 一直红,1.58,1,1,1346,1346,1,1360,1360,1365,0.3511
20260917,A 一直红,1.60,1,1,1346,1346,1,1360,1360,1364,0.3572
20260917,A 一直红,1.62,1,1,1346,1346,1,1360,1360,1364,0.3638
20260917,A 一直红,1.64,1,1,1346,1346,1,1360,1360,1364,0.3692
20260917,A 一直红,1.66,1,1,1346,1346,1,1359,1360,1365,0.3731
20260917,A 一直红,1.68,1,1,1346,1346,1,1360,1360,1368,0.3757
20260917,A 一直红,1.70,1,1,1346,1346,1,1360,1360,1368,0.3766
20260917,A 一直红,1.72,1,1,1346,1346,1,1360,1360,1368,0.3749
20260917,A 一直红,1.74,1,1,1346,1346,1,1360,1360,1368,0.3708
20260917,A 一直红,1.76,1,1,1346,1346,1,1359,1360,1365,0.3648
20260917,A 一直红,1.78,1,1,1346,1346,1,1360,1360,1368,0.3607
20260917,A 一直红,1.80,1,1,1346,1346,1,1360,1360,1366,0.3580
20260917,A 一直红,1.82,1,1,1346,1346,1,1360,1360,1366,0.3549
20260917,A 一直红,1.84,1,1,1346,1346,1,1360,1360,1366,0.3530
20260917,A 一直红,1.86,1,1,1346,1346,1,1360,1360,1366,0.3510
20260917,A 一直红,1.88,1,1,1346,1346,1,1360,1360,1365,0.3519
20260917,A 一直红,1.90,1,1,1346,1346,1,1360,1360,1364,0.3585
20260917,A 一直红,1.92,1,1,1346,1346,1,1360,1360,1364,0.3652
20260917,A 一直红,1.94,1,1,1346,1346,1,1360,1360,1364,0.3706
20260917,A 一直红,1.96,1,1,1346,1346,1,1359,1360,1365,0.3742
20260917,A 一直红,1.98,1,1,1346,1346,1,1360,1360,1368,0.3765
20260917,A 一直红,2.00,1,1,1346,1346,1,1360,1360,1368,0.3772
20260917,A 一直红,2.02,1,1,1346,1346,1,1360,1360,1368,0.3753
20260917,A 一直红,2.04,1,1,1346,1346,1,1360,1360,1368,0.3711
20260917,A 一直红,2.06,1,1,1346,1346,1,1359,1360,1365,0.3655
20260917,A 一直红,2.08,1,1,1346,1346,1,1359,1360,1365,0.3612
20260917,A 一直红,2.10,1,1,1346,1346,1,1360,1360,1368,0.3587
20260917,A 一直红,2.12,1,1,1346,1346,1,1360,1360,1366,0.3568
20260917,A 一直红,2.14,1,1,1346,1346,1,1360,1360,1366,0.3557
20260917,A 一直红,2.16,1,1,1346,1346,1,1360,1360,1366,0.3537
20260917,A 一直红,2.18,1,1,1346,1346,1,1360,1360,1365,0.3533
20260917,A 一直红,2.20,1,1,1346,1346,1,1360,1360,1364,0.3589
20260917,A 一直红,2.22,1,1,1346,1346,1,1360,1360,1364,0.3651
20260917,A 一直红,2.24,1,1,1346,1346,1,1360,1360,1364,0.3701
20260917,A 一直红,2.26,1,1,1346,1346,1,1359,1360,1365,0.3733
20260917,A 一直红,2.28,1,1,1346,1346,1,1360,1360,1368,0.3750
20260917,A 一直红,2.30,1,1,1346,1346,1,1360,1360,1368,0.3751
20260917,A 一直红,2.32,1,1,1346,1346,1,1360,1360,1368,0.3726
20260917,A 一直红,2.34,1,1,1346,1346,1,1360,1360,1368,0.3683
20260917,A 一直红,2.36,1,1,1346,1346,1,1359,1360,1365,0.3634
20260917,A 一直红,2.38,1,1,1346,1346,1,1360,1360,1368,0.3613
20260917,A 一直红,2.40,1,1,1346,1346,1,1360,1360,1366,0.3592
20260917,A 一直红,2.42,1,1,1346,1346,1,1360,1360,1366,0.3560
20260917,A 一直红,2.44,1,1,1346,1346,1,1360,1360,1366,0.3541
20260917,A 一直红,2.46,1,1,1346,1346,1,1360,1360,1366,0.3519
20260917,A 一直红,2.48,1,1,1346,1346,1,1360,1360,1365,0.3518
20260917,A 一直红,2.50,1,1,1346,1346,1,1360,1360,1364,0.3582
20260917,A 一直红,2.52,1,1,1346,1346,1,1360,1360,1364,0.3649
20260917,A 一直红,2.54,1,1,1346,1346,1,1360,1360,1364,0.3704
20260917,A 一直红,2.56,1,1,1346,1346,1,1359,1360,1365,0.3742
20260917,A 一直红,2.58,1,1,1346,1346,1,1360,1360,1368,0.3767
20260917,A 一直红,2.60,1,1,1346,1346,1,1360,1360,1368,0.3775
20260917,A 一直红,2.62,1,1,1346,1346,1,1360,1360,1368,0.3757
20260917,A 一直红,2.64,1,1,1346,1346,1,1360,1360,1368,0.3714
20260917,A 一直红,2.66,1,1,1346,1346,1,1359,1360,1365,0.3650
20260917,A 一直红,2.68,1,1,1346,1346,1,1360,1360,1368,0.3610
20260917,A 一直红,2.70,1,1,1346,1346,1,1360,1360,1366,0.3581
20260917,A 一直红,2.72,1,1,1346,1346,1,1360,1360,1366,0.3548
20260917,A 一直红,2.74,1,1,1346,1346,1,1360,1360,1366,0.3533
20260917,A 一直红,2.76,1,1,1346,1346,1,1360,1360,1366,0.3513
20260917,A 一直红,2.78,1,1,1346,1346,1,1360,1360,1365,0.3516
20260917,A 一直红,2.80,1,1,1346,1346,1,1360,1360,1364,0.3582
20260917,A 一直红,2.82,1,1,1346,1346,1,1360,1360,1364,0.3649
20260917,A 一直红,2.84,1,1,1346,1346,1,1360,1360,1364,0.3704
20260917,A 一直红,2.86,1,1,1346,1346,1,1359,1360,1365,0.3742
20260917,A 一直红,2.88,1,1,1346,1346,1,1360,1360,1368,0.3767
20260917,A 一直红,2.90,1,1,1346,1346,1,1360,1360,1368,0.3776
20260917,A 一直红,2.92,1,1,1346,1346,1,1360,1360,1368,0.3758
20260917,A 一直红,2.94,1,1,1346,1346,1,1360,1360,1368,0.3716
20260917,A 一直红,2.96,1,1,1346,1346,1,1359,1360,1365,0.3653
20260917,A 一直红,2.98,1,1,1346,1346,1,1360,1360,1368,0.3607
20260917,B 红0.5秒后全黑,0.00,0,1,1346,1346,1,1357,1360,1357,0.2607
20260917,B 红0.5秒后全黑,0.02,1,1,1346,1346,1,1357,1360,1357,0.2565
20260917,B 红0.5秒后全黑,0.04,1,1,1346,1346,1,1360,1360,1366,0.2525
20260917,B 红0.5秒后全黑,0.06,1,1,1346,1346,1,1360,1360,1366,0.2594
20260917,B 红0.5秒后全黑,0.08,1,1,1346,1346,1,1360,1360,1365,0.2739
20260917,B 红0.5秒后全黑,0.10,1,1,1346,1346,1,1360,1360,1364,0.2900
20260917,B 红0.5秒后全黑,0.12,1,1,1346,1346,1,1360,1360,1364,0.3054
20260917,B 红0.5秒后全黑,0.14,1,1,1346,1346,1,1360,1360,1364,0.3204
20260917,B 红0.5秒后全黑,0.16,1,1,1346,1346,1,1359,1360,1365,0.3345
20260917,B 红0.5秒后全黑,0.18,1,1,1346,1346,1,1360,1360,1368,0.3475
20260917,B 红0.5秒后全黑,0.20,1,1,1346,1346,1,1360,1360,1368,0.3597
20260917,B 红0.5秒后全黑,0.22,1,1,1346,1346,1,1360,1360,1368,0.3703
20260917,B 红0.5秒后全黑,0.24,1,1,1346,1346,1,1360,1360,1368,0.3785
20260917,B 红0.5秒后全黑,0.26,1,1,1346,1346,1,1359,1360,1365,0.3842
20260917,B 红0.5秒后全黑,0.28,1,1,1346,1346,1,1360,1360,1368,0.3890
20260917,B 红0.5秒后全黑,0.30,1,1,1346,1346,1,1360,1360,1366,0.3930
20260917,B 红0.5秒后全黑,0.32,1,1,1346,1346,1,1360,1360,1366,0.3960
20260917,B 红0.5秒后全黑,0.34,1,1,1346,1346,1,1360,1360,1366,0.3982
20260917,B 红0.5秒后全黑,0.36,1,1,1346,1346,1,1360,1360,1366,0.3997
20260917,B 红0.5秒后全黑,0.38,1,1,1346,1346,1,1360,1360,1365,0.3991
20260917,B 红0.5秒后全黑,0.40,1,1,1346,1346,1,1360,1360,1364,0.3958
20260917,B 红0.5秒后全黑,0.42,1,1,1346,1346,1,1360,1360,1364,0.3915
20260917,B 红0.5秒后全黑,0.44,1,1,1346,1346,1,1360,1360,1364,0.3872
20260917,B 红0.5秒后全黑,0.46,1,1,1346,1346,1,1360,1360,1366,0.3819
20260917,B 红0.5秒后全黑,0.48,1,1,1346,1346,1,1360,1360,1368,0.3759
20260917,B 红0.5秒后全黑,0.50,1,0,0,1346,1,3,1360,11,0.3694
20260917,B 红0.5秒后全黑,0.52,1,0,0,1346,1,3,1360,10,0.3619
20260917,B 红0.5秒后全黑,0.54,1,0,0,1346,1,3,1360,10,0.3550
20260917,B 红0.5秒后全黑,0.56,1,0,0,1346,1,2,1360,6,0.3527
20260917,B 红0.5秒后全黑,0.58,1,0,0,1346,1,3,1360,9,0.3555
20260917,B 红0.5秒后全黑,0.60,1,0,0,1346,1,3,1360,9,0.3595
20260917,B 红0.5秒后全黑,0.62,1,0,0,1346,1,3,1360,9,0.3625
20260917,B 红0.5秒后全黑,0.64,1,0,0,1346,1,3,1360,9,0.3642
20260917,B 红0.5秒后全黑,0.66,1,0,0,1346,1,3,1360,9,0.3638
20260917,B 红0.5秒后全黑,0.68,1,0,0,1346,1,3,1360,7,0.3618
20260917,B 红0.5秒后全黑,0.70,1,0,0,1346,1,3,1360,6,0.3630
20260917,B 红0.5秒后全黑,0.72,1,0,0,1346,1,3,1360,7,0.3645
20260917,B 红0.5秒后全黑,0.74,1,0,0,1346,1,3,1360,6,0.3659
20260917,B 红0.5秒后全黑,0.76,1,0,0,1346,1,2,1360,7,0.3658
20260917,B 红0.5秒后全黑,0.78,1,0,0,1346,1,3,1360,10,0.3646
20260917,B 红0.5秒后全黑,0.80,1,0,0,1346,1,3,1360,10,0.3621
20260917,B 红0.5秒后全黑,0.82,1,0,0,1346,1,3,1360,10,0.3615
20260917,B 红0.5秒后全黑,0.84,1,0,0,1346,1,3,1360,10,0.3651
20260917,B 红0.5秒后全黑,0.86,1,0,0,1346,1,2,1360,6,0.3681
20260917,B 红0.5秒后全黑,0.88,1,0,0,1346,1,3,1360,9,0.3699
20260917,B 红0.5秒后全黑,0.90,1,0,0,1346,1,3,1360,9,0.3689
20260917,B 红0.5秒后全黑,0.92,1,0,0,1346,1,3,1360,9,0.3650
20260917,B 红0.5秒后全黑,0.94,1,0,0,1346,1,3,1360,9,0.3587
20260917,B 红0.5秒后全黑,0.96,1,0,0,1346,1,3,1360,9,0.3510
20260917,B 红0.5秒后全黑,0.98,1,0,0,1346,1,3,1360,7,0.3478
20260917,B 红0.5秒后全黑,1.00,1,0,0,1346,1,3,1360,6,0.3536
20260917,B 红0.5秒后全黑,1.02,1,0,0,1346,1,3,1360,5,0.3601
20260917,B 红0.5秒后全黑,1.04,1,0,0,1346,1,3,1360,6,0.3655
20260917,B 红0.5秒后全黑,1.06,1,0,0,1346,1,2,1360,7,0.3689
20260917,B 红0.5秒后全黑,1.08,1,0,0,1346,1,3,1360,10,0.3712
20260917,B 红0.5秒后全黑,1.10,1,0,0,1346,1,3,1360,10,0.3720
20260917,B 红0.5秒后全黑,1.12,1,0,0,1346,1,3,1360,10,0.3701
20260917,B 红0.5秒后全黑,1.14,1,0,0,1346,1,3,1360,10,0.3671
20260917,B 红0.5秒后全黑,1.16,1,0,0,1346,1,2,1360,6,0.3629
20260917,B 红0.5秒后全黑,1.18,1,0,0,1346,1,3,1360,9,0.3611
20260917,B 红0.5秒后全黑,1.20,1,0,0,1346,1,3,1360,9,0.3592
20260917,B 红0.5秒后全黑,1.22,1,0,0,1346,1,3,1360,9,0.3567
20260917,B 红0.5秒后全黑,1.24,1,0,0,1346,1,3,1360,9,0.3552
20260917,B 红0.5秒后全黑,1.26,1,0,0,1346,1,3,1360,9,0.3526
20260917,B 红0.5秒后全黑,1.28,1,0,0,1346,1,3,1360,7,0.3509
20260917,B 红0.5秒后全黑,1.30,1,0,0,1346,1,3,1360,6,0.3567
20260917,B 红0.5秒后全黑,1.32,1,0,0,1346,1,3,1360,5,0.3631
20260917,B 红0.5秒后全黑,1.34,1,0,0,1346,1,3,1360,6,0.3687
20260917,B 红0.5秒后全黑,1.36,1,0,0,1346,1,2,1360,7,0.3725
20260917,B 红0.5秒后全黑,1.38,1,0,0,1346,1,3,1360,10,0.3746
20260917,B 红0.5秒后全黑,1.40,1,0,0,1346,1,3,1360,10,0.3748
20260917,B 红0.5秒后全黑,1.42,1,0,0,1346,1,3,1360,10,0.3723
20260917,B 红0.5秒后全黑,1.44,1,0,0,1346,1,3,1360,10,0.3684
20260917,B 红0.5秒后全黑,1.46,1,0,0,1346,1,2,1360,6,0.3628
20260917,B 红0.5秒后全黑,1.48,1,0,0,1346,1,3,1360,9,0.3594
20260917,B 红0.5秒后全黑,1.50,1,0,0,1346,1,3,1360,9,0.3576
20260917,B 红0.5秒后全黑,1.52,1,0,0,1346,1,3,1360,9,0.3558
20260917,B 红0.5秒后全黑,1.54,1,0,0,1346,1,3,1360,9,0.3544
20260917,B 红0.5秒后全黑,1.56,1,0,0,1346,1,3,1360,9,0.3522
20260917,B 红0.5秒后全黑,1.58,1,0,0,1346,1,3,1360,7,0.3523
20260917,B 红0.5秒后全黑,1.60,1,0,0,1346,1,3,1360,6,0.3587
20260917,B 红0.5秒后全黑,1.62,1,0,0,1346,1,3,1360,7,0.3648
20260917,B 红0.5秒后全黑,1.64,1,0,0,1346,1,3,1360,6,0.3699
20260917,B 红0.5秒后全黑,1.66,1,0,0,1346,1,2,1360,7,0.3730
20260917,B 红0.5秒后全黑,1.68,1,0,0,1346,1,3,1360,10,0.3744
20260917,B 红0.5秒后全黑,1.70,1,0,0,1346,1,3,1360,10,0.3742
20260917,B 红0.5秒后全黑,1.72,1,0,0,1346,1,3,1360,10,0.3712
20260917,B 红0.5秒后全黑,1.74,1,0,0,1346,1,3,1360,10,0.3670
20260917,B 红0.5秒后全黑,1.76,1,0,0,1346,1,2,1360,6,0.3623
20260917,B 红0.5秒后全黑,1.78,1,0,0,1346,1,3,1360,9,0.3605
20260917,B 红0.5秒后全黑,1.80,1,0,0,1346,1,3,1360,9,0.3587
20260917,B 红0.5秒后全黑,1.82,1,0,0,1346,1,3,1360,9,0.3563
20260917,B 红0.5秒后全黑,1.84,1,0,0,1346,1,3,1360,9,0.3550
20260917,B 红0.5秒后全黑,1.86,1,0,0,1346,1,3,1360,9,0.3526
20260917,B 红0.5秒后全黑,1.88,1,0,0,1346,1,3,1360,7,0.3516
20260917,B 红0.5秒后全黑,1.90,1,0,0,1346,1,3,1360,6,0.3577
20260917,B 红0.5秒后全黑,1.92,1,0,0,1346,1,3,1360,5,0.3640
20260917,B 红0.5秒后全黑,1.94,1,0,0,1346,1,3,1360,6,0.3694
20260917,B 红0.5秒后全黑,1.96,1,0,0,1346,1,2,1360,7,0.3729
20260917,B 红0.5秒后全黑,1.98,1,0,0,1346,1,3,1360,10,0.3750
20260917,B 红0.5秒后全黑,2.00,1,0,0,1346,1,3,1360,10,0.3754
20260917,B 红0.5秒后全黑,2.02,1,0,0,1346,1,3,1360,10,0.3728
20260917,B 红0.5秒后全黑,2.04,1,0,0,1346,1,3,1360,10,0.3686
20260917,B 红0.5秒后全黑,2.06,1,0,0,1346,1,2,1360,6,0.3627
20260917,B 红0.5秒后全黑,2.08,1,0,0,1346,1,3,1360,9,0.3598
20260917,B 红0.5秒后全黑,2.10,1,0,0,1346,1,3,1360,9,0.3575
20260917,B 红0.5秒后全黑,2.12,1,0,0,1346,1,3,1360,9,0.3552
20260917,B 红0.5秒后全黑,2.14,1,0,0,1346,1,3,1360,9,0.3541
20260917,B 红0.5秒后全黑,2.16,1,0,0,1346,1,3,1360,9,0.3520
20260917,B 红0.5秒后全黑,2.18,1,0,0,1346,1,3,1360,7,0.3514
20260917,B 红0.5秒后全黑,2.20,1,0,0,1346,1,3,1360,6,0.3577
20260917,B 红0.5秒后全黑,2.22,1,0,0,1346,1,3,1360,5,0.3641
20260917,B 红0.5秒后全黑,2.24,1,0,0,1346,1,3,1360,6,0.3695
20260917,B 红0.5秒后全黑,2.26,1,0,0,1346,1,2,1360,7,0.3730
20260917,B 红0.5秒后全黑,2.28,1,0,0,1346,1,3,1360,10,0.3751
20260917,B 红0.5秒后全黑,2.30,1,0,0,1346,1,3,1360,10,0.3754
20260917,B 红0.5秒后全黑,2.32,1,0,0,1346,1,3,1360,10,0.3728
20260917,B 红0.5秒后全黑,2.34,1,0,0,1346,1,3,1360,10,0.3686
20260917,B 红0.5秒后全黑,2.36,1,0,0,1346,1,2,1360,6,0.3627
20260917,B 红0.5秒后全黑,2.38,1,0,0,1346,1,3,1360,9,0.3595
20260917,B 红0.5秒后全黑,2.40,1,0,0,1346,1,3,1360,9,0.3573
20260917,B 红0.5秒后全黑,2.42,1,0,0,1346,1,3,1360,9,0.3551
20260917,B 红0.5秒后全黑,2.44,1,0,0,1346,1,3,1360,9,0.3540
20260917,B 红0.5秒后全黑,2.46,1,0,0,1346,1,3,1360,9,0.3518
20260917,B 红0.5秒后全黑,2.48,1,0,0,1346,1,3,1360,7,0.3516
20260917,B 红0.5秒后全黑,2.50,1,0,0,1346,1,3,1360,6,0.3580
20260917,B 红0.5秒后全黑,2.52,1,0,0,1346,1,3,1360,5,0.3644
20260917,B 红0.5秒后全黑,2.54,1,0,0,1346,1,3,1360,6,0.3698
20260917,B 红0.5秒后全黑,2.56,1,0,0,1346,1,2,1360,7,0.3732
20260917,B 红0.5秒后全黑,2.58,1,0,0,1346,1,3,1360,10,0.3751
20260917,B 红0.5秒后全黑,2.60,1,0,0,1346,1,3,1360,10,0.3752
20260917,B 红0.5秒后全黑,2.62,1,0,0,1346,1,3,1360,10,0.3725
20260917,B 红0.5秒后全黑,2.64,1,0,0,1346,1,3,1360,10,0.3683
20260917,B 红0.5秒后全黑,2.66,1,0,0,1346,1,2,1360,6,0.3625
20260917,B 红0.5秒后全黑,2.68,1,0,0,1346,1,3,1360,9,0.3594
20260917,B 红0.5秒后全黑,2.70,1,0,0,1346,1,3,1360,9,0.3573
20260917,B 红0.5秒后全黑,2.72,1,0,0,1346,1,3,1360,9,0.3552
20260917,B 红0.5秒后全黑,2.74,1,0,0,1346,1,3,1360,9,0.3541
20260917,B 红0.5秒后全黑,2.76,1,0,0,1346,1,3,1360,9,0.3519
20260917,B 红0.5秒后全黑,2.78,1,0,0,1346,1,3,1360,7,0.3517
20260917,B 红0.5秒后全黑,2.80,1,0,0,1346,1,3,1360,6,0.3581
20260917,B 红0.5秒后全黑,2.82,1,0,0,1346,1,3,1360,5,0.3645
20260917,B 红0.5秒后全黑,2.84,1,0,0,1346,1,3,1360,6,0.3698
20260917,B 红0.5秒后全黑,2.86,1,0,0,1346,1,2,1360,7,0.3733
20260917,B 红0.5秒后全黑,2.88,1,0,0,1346,1,3,1360,10,0.3752
20260917,B 红0.5秒后全黑,2.90,1,0,0,1346,1,3,1360,10,0.3753
20260917,B 红0.5秒后全黑,2.92,1,0,0,1346,1,3,1360,10,0.3725
20260917,B 红0.5秒后全黑,2.94,1,0,0,1346,1,3,1360,10,0.3683
20260917,B 红0.5秒后全黑,2.96,1,0,0,1346,1,2,1360,6,0.3624
20260917,B 红0.5秒后全黑,2.98,1,0,0,1346,1,3,1360,9,0.3594
20260917,C 同B+1.0秒打断运动记忆,0.00,0,1,1346,1346,1,1357,1360,1357,0.2607
20260917,C 同B+1.0秒打断运动记忆,0.02,1,1,1346,1346,1,1357,1360,1357,0.2565
20260917,C 同B+1.0秒打断运动记忆,0.04,1,1,1346,1346,1,1360,1360,1366,0.2525
20260917,C 同B+1.0秒打断运动记忆,0.06,1,1,1346,1346,1,1360,1360,1366,0.2594
20260917,C 同B+1.0秒打断运动记忆,0.08,1,1,1346,1346,1,1360,1360,1365,0.2739
20260917,C 同B+1.0秒打断运动记忆,0.10,1,1,1346,1346,1,1360,1360,1364,0.2900
20260917,C 同B+1.0秒打断运动记忆,0.12,1,1,1346,1346,1,1360,1360,1364,0.3054
20260917,C 同B+1.0秒打断运动记忆,0.14,1,1,1346,1346,1,1360,1360,1364,0.3204
20260917,C 同B+1.0秒打断运动记忆,0.16,1,1,1346,1346,1,1359,1360,1365,0.3345
20260917,C 同B+1.0秒打断运动记忆,0.18,1,1,1346,1346,1,1360,1360,1368,0.3475
20260917,C 同B+1.0秒打断运动记忆,0.20,1,1,1346,1346,1,1360,1360,1368,0.3597
20260917,C 同B+1.0秒打断运动记忆,0.22,1,1,1346,1346,1,1360,1360,1368,0.3703
20260917,C 同B+1.0秒打断运动记忆,0.24,1,1,1346,1346,1,1360,1360,1368,0.3785
20260917,C 同B+1.0秒打断运动记忆,0.26,1,1,1346,1346,1,1359,1360,1365,0.3842
20260917,C 同B+1.0秒打断运动记忆,0.28,1,1,1346,1346,1,1360,1360,1368,0.3890
20260917,C 同B+1.0秒打断运动记忆,0.30,1,1,1346,1346,1,1360,1360,1366,0.3930
20260917,C 同B+1.0秒打断运动记忆,0.32,1,1,1346,1346,1,1360,1360,1366,0.3960
20260917,C 同B+1.0秒打断运动记忆,0.34,1,1,1346,1346,1,1360,1360,1366,0.3982
20260917,C 同B+1.0秒打断运动记忆,0.36,1,1,1346,1346,1,1360,1360,1366,0.3997
20260917,C 同B+1.0秒打断运动记忆,0.38,1,1,1346,1346,1,1360,1360,1365,0.3991
20260917,C 同B+1.0秒打断运动记忆,0.40,1,1,1346,1346,1,1360,1360,1364,0.3958
20260917,C 同B+1.0秒打断运动记忆,0.42,1,1,1346,1346,1,1360,1360,1364,0.3915
20260917,C 同B+1.0秒打断运动记忆,0.44,1,1,1346,1346,1,1360,1360,1364,0.3872
20260917,C 同B+1.0秒打断运动记忆,0.46,1,1,1346,1346,1,1360,1360,1366,0.3819
20260917,C 同B+1.0秒打断运动记忆,0.48,1,1,1346,1346,1,1360,1360,1368,0.3759
20260917,C 同B+1.0秒打断运动记忆,0.50,1,0,0,1346,1,3,1360,11,0.3694
20260917,C 同B+1.0秒打断运动记忆,0.52,1,0,0,1346,1,3,1360,10,0.3619
20260917,C 同B+1.0秒打断运动记忆,0.54,1,0,0,1346,1,3,1360,10,0.3550
20260917,C 同B+1.0秒打断运动记忆,0.56,1,0,0,1346,1,2,1360,6,0.3527
20260917,C 同B+1.0秒打断运动记忆,0.58,1,0,0,1346,1,3,1360,9,0.3555
20260917,C 同B+1.0秒打断运动记忆,0.60,1,0,0,1346,1,3,1360,9,0.3595
20260917,C 同B+1.0秒打断运动记忆,0.62,1,0,0,1346,1,3,1360,9,0.3625
20260917,C 同B+1.0秒打断运动记忆,0.64,1,0,0,1346,1,3,1360,9,0.3642
20260917,C 同B+1.0秒打断运动记忆,0.66,1,0,0,1346,1,3,1360,9,0.3638
20260917,C 同B+1.0秒打断运动记忆,0.68,1,0,0,1346,1,3,1360,7,0.3618
20260917,C 同B+1.0秒打断运动记忆,0.70,1,0,0,1346,1,3,1360,6,0.3630
20260917,C 同B+1.0秒打断运动记忆,0.72,1,0,0,1346,1,3,1360,7,0.3645
20260917,C 同B+1.0秒打断运动记忆,0.74,1,0,0,1346,1,3,1360,6,0.3659
20260917,C 同B+1.0秒打断运动记忆,0.76,1,0,0,1346,1,2,1360,7,0.3658
20260917,C 同B+1.0秒打断运动记忆,0.78,1,0,0,1346,1,3,1360,10,0.3646
20260917,C 同B+1.0秒打断运动记忆,0.80,1,0,0,1346,1,3,1360,10,0.3621
20260917,C 同B+1.0秒打断运动记忆,0.82,1,0,0,1346,1,3,1360,10,0.3615
20260917,C 同B+1.0秒打断运动记忆,0.84,1,0,0,1346,1,3,1360,10,0.3651
20260917,C 同B+1.0秒打断运动记忆,0.86,1,0,0,1346,1,2,1360,6,0.3681
20260917,C 同B+1.0秒打断运动记忆,0.88,1,0,0,1346,1,3,1360,9,0.3699
20260917,C 同B+1.0秒打断运动记忆,0.90,1,0,0,1346,1,3,1360,9,0.3689
20260917,C 同B+1.0秒打断运动记忆,0.92,1,0,0,1346,1,3,1360,9,0.3650
20260917,C 同B+1.0秒打断运动记忆,0.94,1,0,0,1346,1,3,1360,9,0.3587
20260917,C 同B+1.0秒打断运动记忆,0.96,1,0,0,1346,1,3,1360,9,0.3510
20260917,C 同B+1.0秒打断运动记忆,0.98,1,0,0,1346,1,3,1360,7,0.3478
20260917,C 同B+1.0秒打断运动记忆,1.00,1,0,0,1346,1,3,1360,6,0.3536
20260917,C 同B+1.0秒打断运动记忆,1.02,0,0,0,1346,1,3,1360,5,0.3577
20260917,C 同B+1.0秒打断运动记忆,1.04,0,0,0,1346,1,2,1360,2,0.3585
20260917,C 同B+1.0秒打断运动记忆,1.06,0,0,0,1346,0,0,1360,0,0.3553
20260917,C 同B+1.0秒打断运动记忆,1.08,0,0,0,1346,0,0,1360,0,0.3483
20260917,C 同B+1.0秒打断运动记忆,1.10,0,0,0,1346,1,2,1360,2,0.3368
20260917,C 同B+1.0秒打断运动记忆,1.12,0,0,0,1346,1,2,1360,2,0.3215
20260917,C 同B+1.0秒打断运动记忆,1.14,0,0,0,1346,1,2,1360,2,0.3023
20260917,C 同B+1.0秒打断运动记忆,1.16,0,0,0,1346,0,0,1360,0,0.2799
20260917,C 同B+1.0秒打断运动记忆,1.18,0,0,0,1346,1,2,1360,3,0.2538
20260917,C 同B+1.0秒打断运动记忆,1.20,0,0,0,1346,1,2,1360,2,0.2316
20260917,C 同B+1.0秒打断运动记忆,1.22,0,0,0,1346,1,2,1360,2,0.2164
20260917,C 同B+1.0秒打断运动记忆,1.24,0,0,0,1346,0,0,1360,0,0.2084
20260917,C 同B+1.0秒打断运动记忆,1.26,0,0,0,1346,1,2,1360,3,0.2076
20260917,C 同B+1.0秒打断运动记忆,1.28,0,0,0,1346,0,0,1360,0,0.2102
20260917,C 同B+1.0秒打断运动记忆,1.30,0,0,0,1346,0,0,1360,0,0.2135
20260917,C 同B+1.0秒打断运动记忆,1.32,0,0,0,1346,1,2,1360,5,0.2123
20260917,C 同B+1.0秒打断运动记忆,1.34,0,0,0,1346,0,0,1360,0,0.2102
20260917,C 同B+1.0秒打断运动记忆,1.36,0,0,0,1346,0,0,1360,0,0.2122
20260917,C 同B+1.0秒打断运动记忆,1.38,0,0,0,1346,1,2,1360,5,0.2166
20260917,C 同B+1.0秒打断运动记忆,1.40,0,0,0,1346,0,0,1360,0,0.2201
20260917,C 同B+1.0秒打断运动记忆,1.42,0,0,0,1346,0,0,1360,0,0.2217
20260917,C 同B+1.0秒打断运动记忆,1.44,0,0,0,1346,1,2,1360,5,0.2181
20260917,C 同B+1.0秒打断运动记忆,1.46,0,0,0,1346,0,0,1360,0,0.2218
20260917,C 同B+1.0秒打断运动记忆,1.48,0,0,0,1346,1,2,1360,3,0.2260
20260917,C 同B+1.0秒打断运动记忆,1.50,0,0,0,1346,0,0,1360,0,0.2266
20260917,C 同B+1.0秒打断运动记忆,1.52,0,0,0,1346,0,0,1360,0,0.2269
20260917,C 同B+1.0秒打断运动记忆,1.54,0,0,0,1346,1,2,1360,3,0.2224
20260917,C 同B+1.0秒打断运动记忆,1.56,0,0,0,1346,0,0,1360,0,0.2171
20260917,C 同B+1.0秒打断运动记忆,1.58,0,0,0,1346,0,0,1360,0,0.2203
20260917,C 同B+1.0秒打断运动记忆,1.60,0,0,0,1346,1,2,1360,5,0.2222
20260917,C 同B+1.0秒打断运动记忆,1.62,0,0,0,1346,0,0,1360,0,0.2221
20260917,C 同B+1.0秒打断运动记忆,1.64,0,0,0,1346,1,2,1360,5,0.2194
20260917,C 同B+1.0秒打断运动记忆,1.66,0,0,0,1346,0,0,1360,0,0.2173
20260917,C 同B+1.0秒打断运动记忆,1.68,0,0,0,1346,0,0,1360,0,0.2125
20260917,C 同B+1.0秒打断运动记忆,1.70,0,0,0,1346,0,0,1360,0,0.2045
20260917,C 同B+1.0秒打断运动记忆,1.72,0,0,0,1346,0,0,1360,0,0.1995
20260917,C 同B+1.0秒打断运动记忆,1.74,0,0,0,1346,0,0,1360,0,0.2016
20260917,C 同B+1.0秒打断运动记忆,1.76,0,0,0,1346,1,2,1360,2,0.2107
20260917,C 同B+1.0秒打断运动记忆,1.78,0,0,0,1346,1,2,1360,5,0.2178
20260917,C 同B+1.0秒打断运动记忆,1.80,0,0,0,1346,0,0,1360,0,0.2205
20260917,C 同B+1.0秒打断运动记忆,1.82,0,0,0,1346,0,0,1360,0,0.2195
20260917,C 同B+1.0秒打断运动记忆,1.84,0,0,0,1346,0,0,1360,0,0.2147
20260917,C 同B+1.0秒打断运动记忆,1.86,0,0,0,1346,0,0,1360,0,0.2061
20260917,C 同B+1.0秒打断运动记忆,1.88,0,0,0,1346,0,0,1360,0,0.1958
20260917,C 同B+1.0秒打断运动记忆,1.90,0,0,0,1346,0,0,1360,0,0.1964
20260917,C 同B+1.0秒打断运动记忆,1.92,0,0,0,1346,1,2,1360,5,0.2051
20260917,C 同B+1.0秒打断运动记忆,1.94,0,0,0,1346,1,2,1360,5,0.2133
20260917,C 同B+1.0秒打断运动记忆,1.96,0,0,0,1346,0,0,1360,0,0.2173
20260917,C 同B+1.0秒打断运动记忆,1.98,0,0,0,1346,0,0,1360,0,0.2177
20260917,C 同B+1.0秒打断运动记忆,2.00,0,0,0,1346,0,0,1360,0,0.2144
20260917,C 同B+1.0秒打断运动记忆,2.02,0,0,0,1346,0,0,1360,0,0.2073
20260917,C 同B+1.0秒打断运动记忆,2.04,0,0,0,1346,0,0,1360,0,0.1971
20260917,C 同B+1.0秒打断运动记忆,2.06,0,0,0,1346,0,0,1360,0,0.1897
20260917,C 同B+1.0秒打断运动记忆,2.08,0,0,0,1346,0,0,1360,0,0.1902
20260917,C 同B+1.0秒打断运动记忆,2.10,0,0,0,1346,1,2,1360,2,0.2001
20260917,C 同B+1.0秒打断运动记忆,2.12,0,0,0,1346,1,2,1360,2,0.2135
20260917,C 同B+1.0秒打断运动记忆,2.14,0,0,0,1346,0,0,1360,0,0.2230
20260917,C 同B+1.0秒打断运动记忆,2.16,0,0,0,1346,0,0,1360,0,0.2289
20260917,C 同B+1.0秒打断运动记忆,2.18,0,0,0,1346,0,0,1360,0,0.2310
20260917,C 同B+1.0秒打断运动记忆,2.20,0,0,0,1346,0,0,1360,0,0.2291
20260917,C 同B+1.0秒打断运动记忆,2.22,0,0,0,1346,0,0,1360,0,0.2248
20260917,C 同B+1.0秒打断运动记忆,2.24,0,0,0,1346,1,2,1360,2,0.2155
20260917,C 同B+1.0秒打断运动记忆,2.26,0,0,0,1346,0,0,1360,0,0.2044
20260917,C 同B+1.0秒打断运动记忆,2.28,0,0,0,1346,0,0,1360,0,0.1947
20260917,C 同B+1.0秒打断运动记忆,2.30,0,0,0,1346,0,0,1360,0,0.1884
20260917,C 同B+1.0秒打断运动记忆,2.32,0,0,0,1346,0,0,1360,0,0.1937
20260917,C 同B+1.0秒打断运动记忆,2.34,0,0,0,1346,1,2,1360,3,0.2065
20260917,C 同B+1.0秒打断运动记忆,2.36,0,0,0,1346,1,2,1360,2,0.2166
20260917,C 同B+1.0秒打断运动记忆,2.38,0,0,0,1346,0,0,1360,0,0.2243
20260917,C 同B+1.0秒打断运动记忆,2.40,0,0,0,1346,1,2,1360,5,0.2266
20260917,C 同B+1.0秒打断运动记忆,2.42,0,0,0,1346,0,0,1360,0,0.2272
20260917,C 同B+1.0秒打断运动记忆,2.44,0,0,0,1346,1,2,1360,5,0.2264
20260917,C 同B+1.0秒打断运动记忆,2.46,0,0,0,1346,0,0,1360,0,0.2216
20260917,C 同B+1.0秒打断运动记忆,2.48,0,0,0,1346,0,0,1360,0,0.2155
20260917,C 同B+1.0秒打断运动记忆,2.50,0,0,0,1346,1,2,1360,5,0.2128
20260917,C 同B+1.0秒打断运动记忆,2.52,0,0,0,1346,1,2,1360,5,0.2194
20260917,C 同B+1.0秒打断运动记忆,2.54,0,0,0,1346,0,0,1360,0,0.2281
20260917,C 同B+1.0秒打断运动记忆,2.56,0,0,0,1346,1,2,1360,5,0.2323
20260917,C 同B+1.0秒打断运动记忆,2.58,0,0,0,1346,0,0,1360,0,0.2340
20260917,C 同B+1.0秒打断运动记忆,2.60,0,0,0,1346,1,2,1360,5,0.2303
20260917,C 同B+1.0秒打断运动记忆,2.62,0,0,0,1346,0,0,1360,0,0.2262
20260917,C 同B+1.0秒打断运动记忆,2.64,0,0,0,1346,1,2,1360,2,0.2215
20260917,C 同B+1.0秒打断运动记忆,2.66,0,0,0,1346,0,0,1360,0,0.2143
20260917,C 同B+1.0秒打断运动记忆,2.68,0,0,0,1346,0,0,1360,0,0.2118
20260917,C 同B+1.0秒打断运动记忆,2.70,0,0,0,1346,1,2,1360,5,0.2172
20260917,C 同B+1.0秒打断运动记忆,2.72,0,0,0,1346,1,2,1360,5,0.2232
20260917,C 同B+1.0秒打断运动记忆,2.74,0,0,0,1346,0,0,1360,0,0.2260
20260917,C 同B+1.0秒打断运动记忆,2.76,0,0,0,1346,0,0,1360,0,0.2272
20260917,C 同B+1.0秒打断运动记忆,2.78,0,0,0,1346,1,2,1360,5,0.2268
20260917,C 同B+1.0秒打断运动记忆,2.80,0,0,0,1346,1,2,1360,5,0.2228
20260917,C 同B+1.0秒打断运动记忆,2.82,0,0,0,1346,0,0,1360,0,0.2151
20260917,C 同B+1.0秒打断运动记忆,2.84,0,0,0,1346,0,0,1360,0,0.2141
20260917,C 同B+1.0秒打断运动记忆,2.86,0,0,0,1346,1,2,1360,5,0.2204
20260917,C 同B+1.0秒打断运动记忆,2.88,0,0,0,1346,1,2,1360,5,0.2266
20260917,C 同B+1.0秒打断运动记忆,2.90,0,0,0,1346,0,0,1360,0,0.2292
20260917,C 同B+1.0秒打断运动记忆,2.92,0,0,0,1346,0,0,1360,0,0.2302
20260917,C 同B+1.0秒打断运动记忆,2.94,0,0,0,1346,1,2,1360,5,0.2295
20260917,C 同B+1.0秒打断运动记忆,2.96,0,0,0,1346,1,2,1360,5,0.2263
20260917,C 同B+1.0秒打断运动记忆,2.98,0,0,0,1346,0,0,1360,0,0.2217
20260917,D 一直黑+1.0秒同样打断,0.00,0,0,0,1346,0,0,1360,0,0.2607
20260917,D 一直黑+1.0秒同样打断,0.02,0,0,0,1346,0,0,1360,0,0.2561
20260917,D 一直黑+1.0秒同样打断,0.04,0,0,0,1346,0,0,1360,0,0.2478
20260917,D 一直黑+1.0秒同样打断,0.06,0,0,0,1346,1,2,1360,2,0.2346
20260917,D 一直黑+1.0秒同样打断,0.08,0,0,0,1346,0,0,1360,0,0.2185
20260917,D 一直黑+1.0秒同样打断,0.10,0,0,0,1346,1,2,1360,3,0.2024
20260917,D 一直黑+1.0秒同样打断,0.12,0,0,0,1346,0,0,1360,0,0.1956
20260917,D 一直黑+1.0秒同样打断,0.14,0,0,0,1346,0,0,1360,0,0.1992
20260917,D 一直黑+1.0秒同样打断,0.16,0,0,0,1346,0,0,1360,0,0.2125
20260917,D 一直黑+1.0秒同样打断,0.18,0,0,0,1346,1,2,1360,5,0.2252
20260917,D 一直黑+1.0秒同样打断,0.20,0,0,0,1346,0,0,1360,0,0.2363
20260917,D 一直黑+1.0秒同样打断,0.22,0,0,0,1346,1,2,1360,5,0.2423
20260917,D 一直黑+1.0秒同样打断,0.24,0,0,0,1346,0,0,1360,0,0.2435
20260917,D 一直黑+1.0秒同样打断,0.26,0,0,0,1346,0,0,1360,0,0.2407
20260917,D 一直黑+1.0秒同样打断,0.28,0,0,0,1346,0,0,1360,0,0.2342
20260917,D 一直黑+1.0秒同样打断,0.30,0,0,0,1346,0,0,1360,0,0.2240
20260917,D 一直黑+1.0秒同样打断,0.32,0,0,0,1346,0,0,1360,0,0.2141
20260917,D 一直黑+1.0秒同样打断,0.34,0,0,0,1346,0,0,1360,0,0.2118
20260917,D 一直黑+1.0秒同样打断,0.36,0,0,0,1346,1,2,1360,2,0.2119
20260917,D 一直黑+1.0秒同样打断,0.38,0,0,0,1346,0,0,1360,0,0.2102
20260917,D 一直黑+1.0秒同样打断,0.40,0,0,0,1346,0,0,1360,0,0.2065
20260917,D 一直黑+1.0秒同样打断,0.42,0,0,0,1346,0,0,1360,0,0.2004
20260917,D 一直黑+1.0秒同样打断,0.44,0,0,0,1346,0,0,1360,0,0.1942
20260917,D 一直黑+1.0秒同样打断,0.46,0,0,0,1346,0,0,1360,0,0.1890
20260917,D 一直黑+1.0秒同样打断,0.48,0,0,0,1346,0,0,1360,0,0.1858
20260917,D 一直黑+1.0秒同样打断,0.50,0,0,0,1346,0,0,1360,0,0.1822
20260917,D 一直黑+1.0秒同样打断,0.52,0,0,0,1346,0,0,1360,0,0.1769
20260917,D 一直黑+1.0秒同样打断,0.54,0,0,0,1346,0,0,1360,0,0.1694
20260917,D 一直黑+1.0秒同样打断,0.56,0,0,0,1346,0,0,1360,0,0.1595
20260917,D 一直黑+1.0秒同样打断,0.58,0,0,0,1346,0,0,1360,0,0.1468
20260917,D 一直黑+1.0秒同样打断,0.60,0,0,0,1346,0,0,1360,0,0.1360
20260917,D 一直黑+1.0秒同样打断,0.62,0,0,0,1346,0,0,1360,0,0.1389
20260917,D 一直黑+1.0秒同样打断,0.64,0,0,0,1346,0,0,1360,5,0.1496
20260917,D 一直黑+1.0秒同样打断,0.66,0,0,0,1346,0,0,1360,1,0.1586
20260917,D 一直黑+1.0秒同样打断,0.68,0,0,0,1346,0,0,1360,0,0.1637
20260917,D 一直黑+1.0秒同样打断,0.70,0,0,0,1346,0,0,1360,0,0.1647
20260917,D 一直黑+1.0秒同样打断,0.72,0,0,0,1346,0,0,1360,0,0.1618
20260917,D 一直黑+1.0秒同样打断,0.74,0,0,0,1346,0,0,1360,0,0.1552
20260917,D 一直黑+1.0秒同样打断,0.76,0,0,0,1346,0,0,1360,0,0.1535
20260917,D 一直黑+1.0秒同样打断,0.78,0,0,0,1346,0,0,1360,0,0.1547
20260917,D 一直黑+1.0秒同样打断,0.80,0,0,0,1346,0,0,1360,0,0.1550
20260917,D 一直黑+1.0秒同样打断,0.82,0,0,0,1346,1,3,1360,4,0.1548
20260917,D 一直黑+1.0秒同样打断,0.84,0,0,0,1346,1,3,1360,4,0.1547
20260917,D 一直黑+1.0秒同样打断,0.86,0,0,0,1346,1,3,1360,4,0.1545
20260917,D 一直黑+1.0秒同样打断,0.88,0,0,0,1346,1,3,1360,4,0.1540
20260917,D 一直黑+1.0秒同样打断,0.90,0,0,0,1346,1,3,1360,4,0.1533
20260917,D 一直黑+1.0秒同样打断,0.92,0,0,0,1346,1,3,1360,4,0.1523
20260917,D 一直黑+1.0秒同样打断,0.94,0,0,0,1346,1,3,1360,4,0.1510
20260917,D 一直黑+1.0秒同样打断,0.96,0,0,0,1346,1,3,1360,4,0.1493
20260917,D 一直黑+1.0秒同样打断,0.98,0,0,0,1346,1,3,1360,4,0.1472
20260917,D 一直黑+1.0秒同样打断,1.00,0,0,0,1346,1,3,1360,4,0.1446
20260917,D 一直黑+1.0秒同样打断,1.02,0,0,0,1346,0,0,1360,0,0.1402
20260917,D 一直黑+1.0秒同样打断,1.04,0,0,0,1346,1,2,1360,2,0.1372
20260917,D 一直黑+1.0秒同样打断,1.06,0,0,0,1346,1,3,1360,5,0.1328
20260917,D 一直黑+1.0秒同样打断,1.08,0,0,0,1346,0,0,1360,0,0.1256
20260917,D 一直黑+1.0秒同样打断,1.10,0,0,0,1346,0,0,1360,0,0.1159
20260917,D 一直黑+1.0秒同样打断,1.12,0,0,0,1346,0,0,1360,0,0.1031
20260917,D 一直黑+1.0秒同样打断,1.14,0,0,0,1346,0,0,1360,0,0.0871
20260917,D 一直黑+1.0秒同样打断,1.16,0,0,0,1346,0,0,1360,0,0.0676
20260917,D 一直黑+1.0秒同样打断,1.18,0,0,0,1346,0,0,1360,0,0.0532
20260917,D 一直黑+1.0秒同样打断,1.20,0,0,0,1346,1,3,1360,5,0.0556
20260917,D 一直黑+1.0秒同样打断,1.22,0,0,0,1346,1,3,1360,5,0.0601
20260917,D 一直黑+1.0秒同样打断,1.24,0,0,0,1346,0,0,1360,0,0.0623
20260917,D 一直黑+1.0秒同样打断,1.26,0,0,0,1346,0,0,1360,0,0.0621
20260917,D 一直黑+1.0秒同样打断,1.28,0,0,0,1346,0,0,1360,0,0.0613
20260917,D 一直黑+1.0秒同样打断,1.30,0,0,0,1346,0,0,1360,0,0.0601
20260917,D 一直黑+1.0秒同样打断,1.32,0,0,0,1346,0,0,1360,4,0.0582
20260917,D 一直黑+1.0秒同样打断,1.34,0,0,0,1346,0,0,1360,4,0.0579
20260917,D 一直黑+1.0秒同样打断,1.36,0,0,0,1346,0,0,1360,0,0.0591
20260917,D 一直黑+1.0秒同样打断,1.38,0,0,0,1346,0,0,1360,4,0.0600
20260917,D 一直黑+1.0秒同样打断,1.40,0,0,0,1346,0,0,1360,0,0.0603
20260917,D 一直黑+1.0秒同样打断,1.42,0,0,0,1346,0,0,1360,0,0.0600
20260917,D 一直黑+1.0秒同样打断,1.44,0,0,0,1346,0,0,1360,0,0.0590
20260917,D 一直黑+1.0秒同样打断,1.46,0,0,0,1346,0,0,1360,0,0.0576
20260917,D 一直黑+1.0秒同样打断,1.48,0,0,0,1346,1,1,1360,1,0.0580
20260917,D 一直黑+1.0秒同样打断,1.50,0,0,0,1346,1,1,1360,1,0.0586
20260917,D 一直黑+1.0秒同样打断,1.52,0,0,0,1346,1,1,1360,1,0.0586
20260917,D 一直黑+1.0秒同样打断,1.54,0,0,0,1346,1,1,1360,1,0.0579
20260917,D 一直黑+1.0秒同样打断,1.56,0,0,0,1346,1,1,1360,1,0.0576
20260917,D 一直黑+1.0秒同样打断,1.58,0,0,0,1346,1,1,1360,1,0.0578
20260917,D 一直黑+1.0秒同样打断,1.60,0,0,0,1346,1,1,1360,1,0.0577
20260917,D 一直黑+1.0秒同样打断,1.62,0,0,0,1346,1,1,1360,1,0.0577
20260917,D 一直黑+1.0秒同样打断,1.64,0,0,0,1346,1,1,1360,1,0.0578
20260917,D 一直黑+1.0秒同样打断,1.66,0,0,0,1346,1,2,1360,2,0.0578
20260917,D 一直黑+1.0秒同样打断,1.68,0,0,0,1346,1,2,1360,2,0.0579
20260917,D 一直黑+1.0秒同样打断,1.70,0,0,0,1346,1,2,1360,2,0.0579
20260917,D 一直黑+1.0秒同样打断,1.72,0,0,0,1346,1,2,1360,2,0.0579
20260917,D 一直黑+1.0秒同样打断,1.74,0,0,0,1346,1,2,1360,2,0.0579
20260917,D 一直黑+1.0秒同样打断,1.76,0,0,0,1346,1,2,1360,2,0.0579
20260917,D 一直黑+1.0秒同样打断,1.78,0,0,0,1346,1,2,1360,2,0.0579
20260917,D 一直黑+1.0秒同样打断,1.80,0,0,0,1346,1,2,1360,2,0.0579
20260917,D 一直黑+1.0秒同样打断,1.82,0,0,0,1346,1,2,1360,2,0.0579
20260917,D 一直黑+1.0秒同样打断,1.84,0,0,0,1346,1,2,1360,2,0.0579
20260917,D 一直黑+1.0秒同样打断,1.86,0,0,0,1346,1,2,1360,2,0.0579
20260917,D 一直黑+1.0秒同样打断,1.88,0,0,0,1346,1,2,1360,2,0.0579
20260917,D 一直黑+1.0秒同样打断,1.90,0,0,0,1346,1,2,1360,2,0.0579
20260917,D 一直黑+1.0秒同样打断,1.92,0,0,0,1346,1,2,1360,2,0.0579
20260917,D 一直黑+1.0秒同样打断,1.94,0,0,0,1346,1,2,1360,2,0.0579
20260917,D 一直黑+1.0秒同样打断,1.96,0,0,0,1346,1,2,1360,2,0.0579
20260917,D 一直黑+1.0秒同样打断,1.98,0,0,0,1346,1,2,1360,2,0.0579
20260917,D 一直黑+1.0秒同样打断,2.00,0,0,0,1346,1,2,1360,2,0.0579
20260917,D 一直黑+1.0秒同样打断,2.02,0,0,0,1346,1,3,1360,3,0.0579
20260917,D 一直黑+1.0秒同样打断,2.04,0,0,0,1346,1,3,1360,3,0.0579
20260917,D 一直黑+1.0秒同样打断,2.06,0,0,0,1346,1,3,1360,3,0.0579
20260917,D 一直黑+1.0秒同样打断,2.08,0,0,0,1346,1,3,1360,3,0.0579
20260917,D 一直黑+1.0秒同样打断,2.10,0,0,0,1346,1,3,1360,3,0.0579
20260917,D 一直黑+1.0秒同样打断,2.12,0,0,0,1346,1,3,1360,3,0.0579
20260917,D 一直黑+1.0秒同样打断,2.14,0,0,0,1346,1,3,1360,3,0.0579
20260917,D 一直黑+1.0秒同样打断,2.16,0,0,0,1346,1,3,1360,3,0.0579
20260917,D 一直黑+1.0秒同样打断,2.18,0,0,0,1346,1,3,1360,3,0.0579
20260917,D 一直黑+1.0秒同样打断,2.20,0,0,0,1346,1,3,1360,3,0.0579
20260917,D 一直黑+1.0秒同样打断,2.22,0,0,0,1346,1,3,1360,3,0.0579
20260917,D 一直黑+1.0秒同样打断,2.24,0,0,0,1346,1,3,1360,3,0.0579
20260917,D 一直黑+1.0秒同样打断,2.26,0,0,0,1346,1,3,1360,3,0.0594
20260917,D 一直黑+1.0秒同样打断,2.28,0,0,0,1346,1,3,1360,5,0.0599
20260917,D 一直黑+1.0秒同样打断,2.30,0,0,0,1346,1,3,1360,5,0.0579
20260917,D 一直黑+1.0秒同样打断,2.32,0,0,0,1346,1,3,1360,5,0.0567
20260917,D 一直黑+1.0秒同样打断,2.34,0,0,0,1346,1,3,1360,5,0.0571
20260917,D 一直黑+1.0秒同样打断,2.36,0,0,0,1346,1,3,1360,5,0.0575
20260917,D 一直黑+1.0秒同样打断,2.38,0,0,0,1346,1,3,1360,5,0.0577
20260917,D 一直黑+1.0秒同样打断,2.40,0,0,0,1346,1,3,1360,5,0.0578
20260917,D 一直黑+1.0秒同样打断,2.42,0,0,0,1346,1,3,1360,5,0.0579
20260917,D 一直黑+1.0秒同样打断,2.44,0,0,0,1346,1,3,1360,5,0.0579
20260917,D 一直黑+1.0秒同样打断,2.46,0,0,0,1346,1,3,1360,4,0.0579
20260917,D 一直黑+1.0秒同样打断,2.48,0,0,0,1346,1,3,1360,4,0.0579
20260917,D 一直黑+1.0秒同样打断,2.50,0,0,0,1346,1,3,1360,4,0.0579
20260917,D 一直黑+1.0秒同样打断,2.52,0,0,0,1346,1,3,1360,4,0.0579
20260917,D 一直黑+1.0秒同样打断,2.54,0,0,0,1346,1,3,1360,4,0.0579
20260917,D 一直黑+1.0秒同样打断,2.56,0,0,0,1346,1,3,1360,4,0.0579
20260917,D 一直黑+1.0秒同样打断,2.58,0,0,0,1346,1,3,1360,4,0.0579
20260917,D 一直黑+1.0秒同样打断,2.60,0,0,0,1346,1,3,1360,4,0.0579
20260917,D 一直黑+1.0秒同样打断,2.62,0,0,0,1346,1,3,1360,4,0.0579
20260917,D 一直黑+1.0秒同样打断,2.64,0,0,0,1346,1,3,1360,4,0.0579
20260917,D 一直黑+1.0秒同样打断,2.66,0,0,0,1346,1,3,1360,4,0.0579
20260917,D 一直黑+1.0秒同样打断,2.68,0,0,0,1346,1,3,1360,4,0.0579
20260917,D 一直黑+1.0秒同样打断,2.70,0,0,0,1346,1,3,1360,4,0.0579
20260917,D 一直黑+1.0秒同样打断,2.72,0,0,0,1346,1,3,1360,4,0.0579
20260917,D 一直黑+1.0秒同样打断,2.74,0,0,0,1346,1,3,1360,4,0.0579
20260917,D 一直黑+1.0秒同样打断,2.76,0,0,0,1346,1,3,1360,3,0.0579
20260917,D 一直黑+1.0秒同样打断,2.78,0,0,0,1346,1,3,1360,3,0.0579
20260917,D 一直黑+1.0秒同样打断,2.80,0,0,0,1346,1,3,1360,3,0.0579
20260917,D 一直黑+1.0秒同样打断,2.82,0,0,0,1346,1,3,1360,3,0.0579
20260917,D 一直黑+1.0秒同样打断,2.84,0,0,0,1346,1,3,1360,3,0.0579
20260917,D 一直黑+1.0秒同样打断,2.86,0,0,0,1346,1,3,1360,3,0.0579
20260917,D 一直黑+1.0秒同样打断,2.88,0,0,0,1346,1,3,1360,3,0.0579
20260917,D 一直黑+1.0秒同样打断,2.90,0,0,0,1346,1,3,1360,3,0.0579
20260917,D 一直黑+1.0秒同样打断,2.92,0,0,0,1346,1,3,1360,3,0.0579
20260917,D 一直黑+1.0秒同样打断,2.94,0,0,0,1346,1,3,1360,3,0.0579
20260917,D 一直黑+1.0秒同样打断,2.96,0,0,0,1346,1,3,1360,3,0.0579
20260917,D 一直黑+1.0秒同样打断,2.98,0,0,0,1346,1,3,1360,3,0.0579
20260917,E 一直黑(不给红也不打断),0.00,0,0,0,1346,0,0,1360,0,0.2607
20260917,E 一直黑(不给红也不打断),0.02,0,0,0,1346,0,0,1360,0,0.2561
20260917,E 一直黑(不给红也不打断),0.04,0,0,0,1346,0,0,1360,0,0.2478
20260917,E 一直黑(不给红也不打断),0.06,0,0,0,1346,1,2,1360,2,0.2346
20260917,E 一直黑(不给红也不打断),0.08,0,0,0,1346,0,0,1360,0,0.2185
20260917,E 一直黑(不给红也不打断),0.10,0,0,0,1346,1,2,1360,3,0.2024
20260917,E 一直黑(不给红也不打断),0.12,0,0,0,1346,0,0,1360,0,0.1956
20260917,E 一直黑(不给红也不打断),0.14,0,0,0,1346,0,0,1360,0,0.1992
20260917,E 一直黑(不给红也不打断),0.16,0,0,0,1346,0,0,1360,0,0.2125
20260917,E 一直黑(不给红也不打断),0.18,0,0,0,1346,1,2,1360,5,0.2252
20260917,E 一直黑(不给红也不打断),0.20,0,0,0,1346,0,0,1360,0,0.2363
20260917,E 一直黑(不给红也不打断),0.22,0,0,0,1346,1,2,1360,5,0.2423
20260917,E 一直黑(不给红也不打断),0.24,0,0,0,1346,0,0,1360,0,0.2435
20260917,E 一直黑(不给红也不打断),0.26,0,0,0,1346,0,0,1360,0,0.2407
20260917,E 一直黑(不给红也不打断),0.28,0,0,0,1346,0,0,1360,0,0.2342
20260917,E 一直黑(不给红也不打断),0.30,0,0,0,1346,0,0,1360,0,0.2240
20260917,E 一直黑(不给红也不打断),0.32,0,0,0,1346,0,0,1360,0,0.2141
20260917,E 一直黑(不给红也不打断),0.34,0,0,0,1346,0,0,1360,0,0.2118
20260917,E 一直黑(不给红也不打断),0.36,0,0,0,1346,1,2,1360,2,0.2119
20260917,E 一直黑(不给红也不打断),0.38,0,0,0,1346,0,0,1360,0,0.2102
20260917,E 一直黑(不给红也不打断),0.40,0,0,0,1346,0,0,1360,0,0.2065
20260917,E 一直黑(不给红也不打断),0.42,0,0,0,1346,0,0,1360,0,0.2004
20260917,E 一直黑(不给红也不打断),0.44,0,0,0,1346,0,0,1360,0,0.1942
20260917,E 一直黑(不给红也不打断),0.46,0,0,0,1346,0,0,1360,0,0.1890
20260917,E 一直黑(不给红也不打断),0.48,0,0,0,1346,0,0,1360,0,0.1858
20260917,E 一直黑(不给红也不打断),0.50,0,0,0,1346,0,0,1360,0,0.1822
20260917,E 一直黑(不给红也不打断),0.52,0,0,0,1346,0,0,1360,0,0.1769
20260917,E 一直黑(不给红也不打断),0.54,0,0,0,1346,0,0,1360,0,0.1694
20260917,E 一直黑(不给红也不打断),0.56,0,0,0,1346,0,0,1360,0,0.1595
20260917,E 一直黑(不给红也不打断),0.58,0,0,0,1346,0,0,1360,0,0.1468
20260917,E 一直黑(不给红也不打断),0.60,0,0,0,1346,0,0,1360,0,0.1360
20260917,E 一直黑(不给红也不打断),0.62,0,0,0,1346,0,0,1360,0,0.1389
20260917,E 一直黑(不给红也不打断),0.64,0,0,0,1346,0,0,1360,5,0.1496
20260917,E 一直黑(不给红也不打断),0.66,0,0,0,1346,0,0,1360,1,0.1586
20260917,E 一直黑(不给红也不打断),0.68,0,0,0,1346,0,0,1360,0,0.1637
20260917,E 一直黑(不给红也不打断),0.70,0,0,0,1346,0,0,1360,0,0.1647
20260917,E 一直黑(不给红也不打断),0.72,0,0,0,1346,0,0,1360,0,0.1618
20260917,E 一直黑(不给红也不打断),0.74,0,0,0,1346,0,0,1360,0,0.1552
20260917,E 一直黑(不给红也不打断),0.76,0,0,0,1346,0,0,1360,0,0.1535
20260917,E 一直黑(不给红也不打断),0.78,0,0,0,1346,0,0,1360,0,0.1547
20260917,E 一直黑(不给红也不打断),0.80,0,0,0,1346,0,0,1360,0,0.1550
20260917,E 一直黑(不给红也不打断),0.82,0,0,0,1346,1,3,1360,4,0.1548
20260917,E 一直黑(不给红也不打断),0.84,0,0,0,1346,1,3,1360,4,0.1547
20260917,E 一直黑(不给红也不打断),0.86,0,0,0,1346,1,3,1360,4,0.1545
20260917,E 一直黑(不给红也不打断),0.88,0,0,0,1346,1,3,1360,4,0.1540
20260917,E 一直黑(不给红也不打断),0.90,0,0,0,1346,1,3,1360,4,0.1533
20260917,E 一直黑(不给红也不打断),0.92,0,0,0,1346,1,3,1360,4,0.1523
20260917,E 一直黑(不给红也不打断),0.94,0,0,0,1346,1,3,1360,4,0.1510
20260917,E 一直黑(不给红也不打断),0.96,0,0,0,1346,1,3,1360,4,0.1493
20260917,E 一直黑(不给红也不打断),0.98,0,0,0,1346,1,3,1360,4,0.1472
20260917,E 一直黑(不给红也不打断),1.00,0,0,0,1346,1,3,1360,4,0.1446
20260917,E 一直黑(不给红也不打断),1.02,0,0,0,1346,0,0,1360,0,0.1407
20260917,E 一直黑(不给红也不打断),1.04,0,0,0,1346,1,3,1360,4,0.1365
20260917,E 一直黑(不给红也不打断),1.06,0,0,0,1346,1,1,1360,1,0.1308
20260917,E 一直黑(不给红也不打断),1.08,0,0,0,1346,1,3,1360,4,0.1236
20260917,E 一直黑(不给红也不打断),1.10,0,0,0,1346,1,1,1360,1,0.1146
20260917,E 一直黑(不给红也不打断),1.12,0,0,0,1346,1,1,1360,1,0.1034
20260917,E 一直黑(不给红也不打断),1.14,0,0,0,1346,1,1,1360,1,0.0896
20260917,E 一直黑(不给红也不打断),1.16,0,0,0,1346,1,1,1360,1,0.0726
20260917,E 一直黑(不给红也不打断),1.18,0,0,0,1346,1,1,1360,1,0.0551
20260917,E 一直黑(不给红也不打断),1.20,0,0,0,1346,1,1,1360,1,0.0548
20260917,E 一直黑(不给红也不打断),1.22,0,0,0,1346,1,2,1360,2,0.0601
20260917,E 一直黑(不给红也不打断),1.24,0,0,0,1346,1,2,1360,2,0.0641
20260917,E 一直黑(不给红也不打断),1.26,0,0,0,1346,1,2,1360,2,0.0657
20260917,E 一直黑(不给红也不打断),1.28,0,0,0,1346,1,2,1360,2,0.0649
20260917,E 一直黑(不给红也不打断),1.30,0,0,0,1346,1,2,1360,2,0.0620
20260917,E 一直黑(不给红也不打断),1.32,0,0,0,1346,1,2,1360,2,0.0601
20260917,E 一直黑(不给红也不打断),1.34,0,0,0,1346,1,2,1360,4,0.0582
20260917,E 一直黑(不给红也不打断),1.36,0,0,0,1346,1,2,1360,4,0.0578
20260917,E 一直黑(不给红也不打断),1.38,0,0,0,1346,1,2,1360,2,0.0594
20260917,E 一直黑(不给红也不打断),1.40,0,0,0,1346,1,2,1360,4,0.0608
20260917,E 一直黑(不给红也不打断),1.42,0,0,0,1346,1,2,1360,2,0.0615
20260917,E 一直黑(不给红也不打断),1.44,0,0,0,1346,1,2,1360,2,0.0617
20260917,E 一直黑(不给红也不打断),1.46,0,0,0,1346,1,2,1360,2,0.0614
20260917,E 一直黑(不给红也不打断),1.48,0,0,0,1346,1,2,1360,2,0.0606
20260917,E 一直黑(不给红也不打断),1.50,0,0,0,1346,1,2,1360,2,0.0595
20260917,E 一直黑(不给红也不打断),1.52,0,0,0,1346,1,2,1360,2,0.0579
20260917,E 一直黑(不给红也不打断),1.54,0,0,0,1346,1,2,1360,2,0.0578
20260917,E 一直黑(不给红也不打断),1.56,0,0,0,1346,1,2,1360,2,0.0588
20260917,E 一直黑(不给红也不打断),1.58,0,0,0,1346,1,3,1360,3,0.0594
20260917,E 一直黑(不给红也不打断),1.60,0,0,0,1346,1,3,1360,3,0.0595
20260917,E 一直黑(不给红也不打断),1.62,0,0,0,1346,1,3,1360,3,0.0591
20260917,E 一直黑(不给红也不打断),1.64,0,0,0,1346,1,3,1360,3,0.0582
20260917,E 一直黑(不给红也不打断),1.66,0,0,0,1346,1,3,1360,3,0.0577
20260917,E 一直黑(不给红也不打断),1.68,0,0,0,1346,1,3,1360,3,0.0582
20260917,E 一直黑(不给红也不打断),1.70,0,0,0,1346,1,3,1360,3,0.0584
20260917,E 一直黑(不给红也不打断),1.72,0,0,0,1346,1,3,1360,3,0.0580
20260917,E 一直黑(不给红也不打断),1.74,0,0,0,1346,1,3,1360,3,0.0577
20260917,E 一直黑(不给红也不打断),1.76,0,0,0,1346,1,3,1360,3,0.0578
20260917,E 一直黑(不给红也不打断),1.78,0,0,0,1346,1,3,1360,3,0.0578
20260917,E 一直黑(不给红也不打断),1.80,0,0,0,1346,1,3,1360,3,0.0579
20260917,E 一直黑(不给红也不打断),1.82,0,0,0,1346,1,3,1360,3,0.0594
20260917,E 一直黑(不给红也不打断),1.84,0,0,0,1346,1,3,1360,5,0.0600
20260917,E 一直黑(不给红也不打断),1.86,0,0,0,1346,1,3,1360,5,0.0580
20260917,E 一直黑(不给红也不打断),1.88,0,0,0,1346,1,3,1360,5,0.0568
20260917,E 一直黑(不给红也不打断),1.90,0,0,0,1346,1,3,1360,5,0.0571
20260917,E 一直黑(不给红也不打断),1.92,0,0,0,1346,1,3,1360,5,0.0575
20260917,E 一直黑(不给红也不打断),1.94,0,0,0,1346,1,3,1360,5,0.0577
20260917,E 一直黑(不给红也不打断),1.96,0,0,0,1346,1,3,1360,5,0.0578
20260917,E 一直黑(不给红也不打断),1.98,0,0,0,1346,1,3,1360,5,0.0579
20260917,E 一直黑(不给红也不打断),2.00,0,0,0,1346,1,3,1360,5,0.0579
20260917,E 一直黑(不给红也不打断),2.02,0,0,0,1346,1,3,1360,4,0.0579
20260917,E 一直黑(不给红也不打断),2.04,0,0,0,1346,1,3,1360,4,0.0579
20260917,E 一直黑(不给红也不打断),2.06,0,0,0,1346,1,3,1360,4,0.0579
20260917,E 一直黑(不给红也不打断),2.08,0,0,0,1346,1,3,1360,4,0.0579
20260917,E 一直黑(不给红也不打断),2.10,0,0,0,1346,1,3,1360,4,0.0579
20260917,E 一直黑(不给红也不打断),2.12,0,0,0,1346,1,3,1360,4,0.0579
20260917,E 一直黑(不给红也不打断),2.14,0,0,0,1346,1,3,1360,4,0.0579
20260917,E 一直黑(不给红也不打断),2.16,0,0,0,1346,1,3,1360,4,0.0579
20260917,E 一直黑(不给红也不打断),2.18,0,0,0,1346,1,3,1360,4,0.0579
20260917,E 一直黑(不给红也不打断),2.20,0,0,0,1346,1,3,1360,4,0.0579
20260917,E 一直黑(不给红也不打断),2.22,0,0,0,1346,1,3,1360,4,0.0579
20260917,E 一直黑(不给红也不打断),2.24,0,0,0,1346,1,3,1360,4,0.0579
20260917,E 一直黑(不给红也不打断),2.26,0,0,0,1346,1,3,1360,4,0.0579
20260917,E 一直黑(不给红也不打断),2.28,0,0,0,1346,1,3,1360,4,0.0579
20260917,E 一直黑(不给红也不打断),2.30,0,0,0,1346,1,3,1360,4,0.0579
20260917,E 一直黑(不给红也不打断),2.32,0,0,0,1346,1,3,1360,3,0.0579
20260917,E 一直黑(不给红也不打断),2.34,0,0,0,1346,1,3,1360,3,0.0579
20260917,E 一直黑(不给红也不打断),2.36,0,0,0,1346,1,3,1360,3,0.0579
20260917,E 一直黑(不给红也不打断),2.38,0,0,0,1346,1,3,1360,3,0.0579
20260917,E 一直黑(不给红也不打断),2.40,0,0,0,1346,1,3,1360,3,0.0579
20260917,E 一直黑(不给红也不打断),2.42,0,0,0,1346,1,3,1360,3,0.0579
20260917,E 一直黑(不给红也不打断),2.44,0,0,0,1346,1,3,1360,3,0.0579
20260917,E 一直黑(不给红也不打断),2.46,0,0,0,1346,1,3,1360,3,0.0579
20260917,E 一直黑(不给红也不打断),2.48,0,0,0,1346,1,3,1360,3,0.0579
20260917,E 一直黑(不给红也不打断),2.50,0,0,0,1346,1,3,1360,3,0.0579
20260917,E 一直黑(不给红也不打断),2.52,0,0,0,1346,1,3,1360,3,0.0579
20260917,E 一直黑(不给红也不打断),2.54,0,0,0,1346,1,3,1360,3,0.0579
20260917,E 一直黑(不给红也不打断),2.56,0,0,0,1346,1,3,1360,3,0.0579
20260917,E 一直黑(不给红也不打断),2.58,0,0,0,1346,1,3,1360,3,0.0579
20260917,E 一直黑(不给红也不打断),2.60,0,0,0,1346,1,3,1360,3,0.0579
20260917,E 一直黑(不给红也不打断),2.62,0,0,0,1346,1,3,1360,3,0.0579
20260917,E 一直黑(不给红也不打断),2.64,0,0,0,1346,1,3,1360,3,0.0579
20260917,E 一直黑(不给红也不打断),2.66,0,0,0,1346,1,3,1360,3,0.0579
20260917,E 一直黑(不给红也不打断),2.68,0,0,0,1346,1,3,1360,3,0.0579
20260917,E 一直黑(不给红也不打断),2.70,0,0,0,1346,1,3,1360,3,0.0579
20260917,E 一直黑(不给红也不打断),2.72,0,0,0,1346,1,3,1360,3,0.0579
20260917,E 一直黑(不给红也不打断),2.74,0,0,0,1346,1,3,1360,3,0.0579
20260917,E 一直黑(不给红也不打断),2.76,0,0,0,1346,1,3,1360,3,0.0579
20260917,E 一直黑(不给红也不打断),2.78,0,0,0,1346,1,3,1360,3,0.0579
20260917,E 一直黑(不给红也不打断),2.80,0,0,0,1346,1,3,1360,3,0.0579
20260917,E 一直黑(不给红也不打断),2.82,0,0,0,1346,1,3,1360,3,0.0579
20260917,E 一直黑(不给红也不打断),2.84,0,0,0,1346,1,3,1360,3,0.0579
20260917,E 一直黑(不给红也不打断),2.86,0,0,0,1346,1,3,1360,3,0.0579
20260917,E 一直黑(不给红也不打断),2.88,0,0,0,1346,1,3,1360,3,0.0579
20260917,E 一直黑(不给红也不打断),2.90,0,0,0,1346,1,3,1360,3,0.0579
20260917,E 一直黑(不给红也不打断),2.92,0,0,0,1346,1,3,1360,3,0.0579
20260917,E 一直黑(不给红也不打断),2.94,0,0,0,1346,1,3,1360,3,0.0579
20260917,E 一直黑(不给红也不打断),2.96,0,0,0,1346,1,3,1360,3,0.0579
20260917,E 一直黑(不给红也不打断),2.98,0,0,0,1346,1,3,1360,3,0.0579
20260918,A 一直红,0.00,0,1,1346,1346,1,1357,1360,1357,0.2607
20260918,A 一直红,0.02,1,1,1346,1346,1,1357,1360,1357,0.2565
20260918,A 一直红,0.04,1,1,1346,1346,1,1360,1360,1366,0.2525
20260918,A 一直红,0.06,1,1,1346,1346,1,1360,1360,1366,0.2594
20260918,A 一直红,0.08,1,1,1346,1346,1,1360,1360,1365,0.2739
20260918,A 一直红,0.10,1,1,1346,1346,1,1360,1360,1364,0.2900
20260918,A 一直红,0.12,1,1,1346,1346,1,1360,1360,1364,0.3054
20260918,A 一直红,0.14,1,1,1346,1346,1,1360,1360,1364,0.3204
20260918,A 一直红,0.16,1,1,1346,1346,1,1359,1360,1365,0.3345
20260918,A 一直红,0.18,1,1,1346,1346,1,1360,1360,1368,0.3475
20260918,A 一直红,0.20,1,1,1346,1346,1,1360,1360,1368,0.3597
20260918,A 一直红,0.22,1,1,1346,1346,1,1360,1360,1368,0.3703
20260918,A 一直红,0.24,1,1,1346,1346,1,1360,1360,1368,0.3785
20260918,A 一直红,0.26,1,1,1346,1346,1,1359,1360,1365,0.3842
20260918,A 一直红,0.28,1,1,1346,1346,1,1360,1360,1368,0.3890
20260918,A 一直红,0.30,1,1,1346,1346,1,1360,1360,1366,0.3930
20260918,A 一直红,0.32,1,1,1346,1346,1,1360,1360,1366,0.3960
20260918,A 一直红,0.34,1,1,1346,1346,1,1360,1360,1366,0.3982
20260918,A 一直红,0.36,1,1,1346,1346,1,1360,1360,1366,0.3997
20260918,A 一直红,0.38,1,1,1346,1346,1,1360,1360,1365,0.3991
20260918,A 一直红,0.40,1,1,1346,1346,1,1360,1360,1364,0.3958
20260918,A 一直红,0.42,1,1,1346,1346,1,1360,1360,1364,0.3915
20260918,A 一直红,0.44,1,1,1346,1346,1,1360,1360,1364,0.3871
20260918,A 一直红,0.46,1,1,1346,1346,1,1360,1360,1366,0.3818
20260918,A 一直红,0.48,1,1,1346,1346,1,1360,1360,1368,0.3757
20260918,A 一直红,0.50,1,1,1346,1346,1,1360,1360,1368,0.3693
20260918,A 一直红,0.52,1,1,1346,1346,1,1360,1360,1368,0.3619
20260918,A 一直红,0.54,1,1,1346,1346,1,1360,1360,1368,0.3549
20260918,A 一直红,0.56,1,1,1346,1346,1,1359,1360,1365,0.3528
20260918,A 一直红,0.58,1,1,1346,1346,1,1359,1360,1365,0.3559
20260918,A 一直红,0.60,1,1,1346,1346,1,1360,1360,1366,0.3602
20260918,A 一直红,0.62,1,1,1346,1346,1,1360,1360,1366,0.3637
20260918,A 一直红,0.64,1,1,1346,1346,1,1360,1360,1366,0.3658
20260918,A 一直红,0.66,1,1,1346,1346,1,1360,1360,1366,0.3659
20260918,A 一直红,0.68,1,1,1346,1346,1,1360,1360,1365,0.3636
20260918,A 一直红,0.70,1,1,1346,1346,1,1360,1360,1364,0.3642
20260918,A 一直红,0.72,1,1,1346,1346,1,1360,1360,1364,0.3652
20260918,A 一直红,0.74,1,1,1346,1346,1,1360,1360,1364,0.3663
20260918,A 一直红,0.76,1,1,1346,1346,1,1359,1360,1365,0.3665
20260918,A 一直红,0.78,1,1,1346,1346,1,1360,1360,1368,0.3651
20260918,A 一直红,0.80,1,1,1346,1346,1,1360,1360,1368,0.3623
20260918,A 一直红,0.82,1,1,1346,1346,1,1360,1360,1368,0.3602
20260918,A 一直红,0.84,1,1,1346,1346,1,1360,1360,1368,0.3629
20260918,A 一直红,0.86,1,1,1346,1346,1,1359,1360,1365,0.3666
20260918,A 一直红,0.88,1,1,1346,1346,1,1359,1360,1365,0.3687
20260918,A 一直红,0.90,1,1,1346,1346,1,1360,1360,1366,0.3678
20260918,A 一直红,0.92,1,1,1346,1346,1,1360,1360,1366,0.3639
20260918,A 一直红,0.94,1,1,1346,1346,1,1360,1360,1366,0.3590
20260918,A 一直红,0.96,1,1,1346,1346,1,1360,1360,1366,0.3539
20260918,A 一直红,0.98,1,1,1346,1346,1,1360,1360,1365,0.3516
20260918,A 一直红,1.00,1,1,1346,1346,1,1360,1360,1364,0.3562
20260918,A 一直红,1.02,1,1,1346,1346,1,1360,1360,1364,0.3617
20260918,A 一直红,1.04,1,1,1346,1346,1,1360,1360,1364,0.3663
20260918,A 一直红,1.06,1,1,1346,1346,1,1359,1360,1365,0.3694
20260918,A 一直红,1.08,1,1,1346,1346,1,1360,1360,1368,0.3714
20260918,A 一直红,1.10,1,1,1346,1346,1,1360,1360,1368,0.3719
20260918,A 一直红,1.12,1,1,1346,1346,1,1360,1360,1368,0.3698
20260918,A 一直红,1.14,1,1,1346,1346,1,1360,1360,1368,0.3668
20260918,A 一直红,1.16,1,1,1346,1346,1,1359,1360,1365,0.3658
20260918,A 一直红,1.18,1,1,1346,1346,1,1359,1360,1365,0.3662
20260918,A 一直红,1.20,1,1,1346,1346,1,1360,1360,1366,0.3652
20260918,A 一直红,1.22,1,1,1346,1346,1,1360,1360,1366,0.3641
20260918,A 一直红,1.24,1,1,1346,1346,1,1360,1360,1366,0.3632
20260918,A 一直红,1.26,1,1,1346,1346,1,1360,1360,1366,0.3605
20260918,A 一直红,1.28,1,1,1346,1346,1,1360,1360,1365,0.3560
20260918,A 一直红,1.30,1,1,1346,1346,1,1360,1360,1364,0.3573
20260918,A 一直红,1.32,1,1,1346,1346,1,1360,1360,1364,0.3611
20260918,A 一直红,1.34,1,1,1346,1346,1,1360,1360,1364,0.3651
20260918,A 一直红,1.36,1,1,1346,1346,1,1359,1360,1365,0.3680
20260918,A 一直红,1.38,1,1,1346,1346,1,1360,1360,1368,0.3697
20260918,A 一直红,1.40,1,1,1346,1346,1,1360,1360,1368,0.3697
20260918,A 一直红,1.42,1,1,1346,1346,1,1360,1360,1368,0.3670
20260918,A 一直红,1.44,1,1,1346,1346,1,1360,1360,1368,0.3663
20260918,A 一直红,1.46,1,1,1346,1346,1,1359,1360,1365,0.3677
20260918,A 一直红,1.48,1,1,1346,1346,1,1359,1360,1365,0.3683
20260918,A 一直红,1.50,1,1,1346,1346,1,1360,1360,1366,0.3660
20260918,A 一直红,1.52,1,1,1346,1346,1,1360,1360,1366,0.3621
20260918,A 一直红,1.54,1,1,1346,1346,1,1360,1360,1366,0.3594
20260918,A 一直红,1.56,1,1,1346,1346,1,1360,1360,1366,0.3559
20260918,A 一直红,1.58,1,1,1346,1346,1,1360,1360,1365,0.3515
20260918,A 一直红,1.60,1,1,1346,1346,1,1360,1360,1364,0.3545
20260918,A 一直红,1.62,1,1,1346,1346,1,1360,1360,1364,0.3595
20260918,A 一直红,1.64,1,1,1346,1346,1,1360,1360,1364,0.3644
20260918,A 一直红,1.66,1,1,1346,1346,1,1359,1360,1365,0.3680
20260918,A 一直红,1.68,1,1,1346,1346,1,1360,1360,1368,0.3704
20260918,A 一直红,1.70,1,1,1346,1346,1,1360,1360,1368,0.3709
20260918,A 一直红,1.72,1,1,1346,1346,1,1360,1360,1368,0.3689
20260918,A 一直红,1.74,1,1,1346,1346,1,1360,1360,1368,0.3652
20260918,A 一直红,1.76,1,1,1346,1346,1,1360,1360,1368,0.3644
20260918,A 一直红,1.78,1,1,1346,1346,1,1359,1360,1365,0.3648
20260918,A 一直红,1.80,1,1,1346,1346,1,1360,1360,1366,0.3630
20260918,A 一直红,1.82,1,1,1346,1346,1,1360,1360,1366,0.3596
20260918,A 一直红,1.84,1,1,1346,1346,1,1360,1360,1366,0.3569
20260918,A 一直红,1.86,1,1,1346,1346,1,1360,1360,1366,0.3534
20260918,A 一直红,1.88,1,1,1346,1346,1,1360,1360,1365,0.3512
20260918,A 一直红,1.90,1,1,1346,1346,1,1360,1360,1364,0.3562
20260918,A 一直红,1.92,1,1,1346,1346,1,1360,1360,1364,0.3622
20260918,A 一直红,1.94,1,1,1346,1346,1,1360,1360,1364,0.3671
20260918,A 一直红,1.96,1,1,1346,1346,1,1359,1360,1365,0.3705
20260918,A 一直红,1.98,1,1,1346,1346,1,1360,1360,1368,0.3728
20260918,A 一直红,2.00,1,1,1346,1346,1,1360,1360,1368,0.3735
20260918,A 一直红,2.02,1,1,1346,1346,1,1360,1360,1368,0.3716
20260918,A 一直红,2.04,1,1,1346,1346,1,1360,1360,1368,0.3680
20260918,A 一直红,2.06,1,1,1346,1346,1,1359,1360,1365,0.3639
20260918,A 一直红,2.08,1,1,1346,1346,1,1360,1360,1368,0.3628
20260918,A 一直红,2.10,1,1,1346,1346,1,1360,1360,1366,0.3617
20260918,A 一直红,2.12,1,1,1346,1346,1,1360,1360,1366,0.3603
20260918,A 一直红,2.14,1,1,1346,1346,1,1360,1360,1366,0.3593
20260918,A 一直红,2.16,1,1,1346,1346,1,1360,1360,1366,0.3568
20260918,A 一直红,2.18,1,1,1346,1346,1,1360,1360,1365,0.3539
20260918,A 一直红,2.20,1,1,1346,1346,1,1360,1360,1364,0.3576
20260918,A 一直红,2.22,1,1,1346,1346,1,1360,1360,1364,0.3632
20260918,A 一直红,2.24,1,1,1346,1346,1,1360,1360,1364,0.3676
20260918,A 一直红,2.26,1,1,1346,1346,1,1359,1360,1365,0.3705
20260918,A 一直红,2.28,1,1,1346,1346,1,1360,1360,1368,0.3721
20260918,A 一直红,2.30,1,1,1346,1346,1,1360,1360,1368,0.3720
20260918,A 一直红,2.32,1,1,1346,1346,1,1360,1360,1368,0.3695
20260918,A 一直红,2.34,1,1,1346,1346,1,1360,1360,1368,0.3652
20260918,A 一直红,2.36,1,1,1346,1346,1,1360,1360,1368,0.3638
20260918,A 一直红,2.38,1,1,1346,1346,1,1359,1360,1365,0.3641
20260918,A 一直红,2.40,1,1,1346,1346,1,1360,1360,1366,0.3624
20260918,A 一直红,2.42,1,1,1346,1346,1,1360,1360,1366,0.3597
20260918,A 一直红,2.44,1,1,1346,1346,1,1360,1360,1366,0.3578
20260918,A 一直红,2.46,1,1,1346,1346,1,1360,1360,1366,0.3549
20260918,A 一直红,2.48,1,1,1346,1346,1,1360,1360,1365,0.3523
20260918,A 一直红,2.50,1,1,1346,1346,1,1360,1360,1364,0.3568
20260918,A 一直红,2.52,1,1,1346,1346,1,1360,1360,1364,0.3627
20260918,A 一直红,2.54,1,1,1346,1346,1,1360,1360,1364,0.3675
20260918,A 一直红,2.56,1,1,1346,1346,1,1359,1360,1365,0.3710
20260918,A 一直红,2.58,1,1,1346,1346,1,1360,1360,1368,0.3733
20260918,A 一直红,2.60,1,1,1346,1346,1,1360,1360,1368,0.3740
20260918,A 一直红,2.62,1,1,1346,1346,1,1360,1360,1368,0.3721
20260918,A 一直红,2.64,1,1,1346,1346,1,1360,1360,1368,0.3682
20260918,A 一直红,2.66,1,1,1346,1346,1,1359,1360,1365,0.3641
20260918,A 一直红,2.68,1,1,1346,1346,1,1360,1360,1368,0.3630
20260918,A 一直红,2.70,1,1,1346,1346,1,1360,1360,1366,0.3615
20260918,A 一直红,2.72,1,1,1346,1346,1,1360,1360,1366,0.3598
20260918,A 一直红,2.74,1,1,1346,1346,1,1360,1360,1366,0.3588
20260918,A 一直红,2.76,1,1,1346,1346,1,1360,1360,1366,0.3564
20260918,A 一直红,2.78,1,1,1346,1346,1,1360,1360,1365,0.3535
20260918,A 一直红,2.80,1,1,1346,1346,1,1360,1360,1364,0.3572
20260918,A 一直红,2.82,1,1,1346,1346,1,1360,1360,1364,0.3627
20260918,A 一直红,2.84,1,1,1346,1346,1,1360,1360,1364,0.3671
20260918,A 一直红,2.86,1,1,1346,1346,1,1359,1360,1365,0.3702
20260918,A 一直红,2.88,1,1,1346,1346,1,1360,1360,1368,0.3721
20260918,A 一直红,2.90,1,1,1346,1346,1,1360,1360,1368,0.3723
20260918,A 一直红,2.92,1,1,1346,1346,1,1360,1360,1368,0.3700
20260918,A 一直红,2.94,1,1,1346,1346,1,1360,1360,1368,0.3656
20260918,A 一直红,2.96,1,1,1346,1346,1,1360,1360,1368,0.3634
20260918,A 一直红,2.98,1,1,1346,1346,1,1359,1360,1365,0.3633
20260918,B 红0.5秒后全黑,0.00,0,1,1346,1346,1,1357,1360,1357,0.2607
20260918,B 红0.5秒后全黑,0.02,1,1,1346,1346,1,1357,1360,1357,0.2565
20260918,B 红0.5秒后全黑,0.04,1,1,1346,1346,1,1360,1360,1366,0.2525
20260918,B 红0.5秒后全黑,0.06,1,1,1346,1346,1,1360,1360,1366,0.2594
20260918,B 红0.5秒后全黑,0.08,1,1,1346,1346,1,1360,1360,1365,0.2739
20260918,B 红0.5秒后全黑,0.10,1,1,1346,1346,1,1360,1360,1364,0.2900
20260918,B 红0.5秒后全黑,0.12,1,1,1346,1346,1,1360,1360,1364,0.3054
20260918,B 红0.5秒后全黑,0.14,1,1,1346,1346,1,1360,1360,1364,0.3204
20260918,B 红0.5秒后全黑,0.16,1,1,1346,1346,1,1359,1360,1365,0.3345
20260918,B 红0.5秒后全黑,0.18,1,1,1346,1346,1,1360,1360,1368,0.3475
20260918,B 红0.5秒后全黑,0.20,1,1,1346,1346,1,1360,1360,1368,0.3597
20260918,B 红0.5秒后全黑,0.22,1,1,1346,1346,1,1360,1360,1368,0.3703
20260918,B 红0.5秒后全黑,0.24,1,1,1346,1346,1,1360,1360,1368,0.3785
20260918,B 红0.5秒后全黑,0.26,1,1,1346,1346,1,1359,1360,1365,0.3842
20260918,B 红0.5秒后全黑,0.28,1,1,1346,1346,1,1360,1360,1368,0.3890
20260918,B 红0.5秒后全黑,0.30,1,1,1346,1346,1,1360,1360,1366,0.3930
20260918,B 红0.5秒后全黑,0.32,1,1,1346,1346,1,1360,1360,1366,0.3960
20260918,B 红0.5秒后全黑,0.34,1,1,1346,1346,1,1360,1360,1366,0.3982
20260918,B 红0.5秒后全黑,0.36,1,1,1346,1346,1,1360,1360,1366,0.3997
20260918,B 红0.5秒后全黑,0.38,1,1,1346,1346,1,1360,1360,1365,0.3991
20260918,B 红0.5秒后全黑,0.40,1,1,1346,1346,1,1360,1360,1364,0.3958
20260918,B 红0.5秒后全黑,0.42,1,1,1346,1346,1,1360,1360,1364,0.3915
20260918,B 红0.5秒后全黑,0.44,1,1,1346,1346,1,1360,1360,1364,0.3871
20260918,B 红0.5秒后全黑,0.46,1,1,1346,1346,1,1360,1360,1366,0.3818
20260918,B 红0.5秒后全黑,0.48,1,1,1346,1346,1,1360,1360,1368,0.3757
20260918,B 红0.5秒后全黑,0.50,1,0,0,1346,1,3,1360,11,0.3693
20260918,B 红0.5秒后全黑,0.52,1,0,0,1346,1,3,1360,10,0.3619
20260918,B 红0.5秒后全黑,0.54,1,0,0,1346,1,3,1360,10,0.3549
20260918,B 红0.5秒后全黑,0.56,1,0,0,1346,1,2,1360,6,0.3525
20260918,B 红0.5秒后全黑,0.58,1,0,0,1346,1,3,1360,9,0.3554
20260918,B 红0.5秒后全黑,0.60,1,0,0,1346,1,3,1360,9,0.3595
20260918,B 红0.5秒后全黑,0.62,1,0,0,1346,1,3,1360,9,0.3627
20260918,B 红0.5秒后全黑,0.64,1,0,0,1346,1,3,1360,9,0.3646
20260918,B 红0.5秒后全黑,0.66,1,0,0,1346,1,3,1360,9,0.3645
20260918,B 红0.5秒后全黑,0.68,1,0,0,1346,1,3,1360,7,0.3624
20260918,B 红0.5秒后全黑,0.70,1,0,0,1346,1,3,1360,6,0.3633
20260918,B 红0.5秒后全黑,0.72,1,0,0,1346,1,3,1360,7,0.3645
20260918,B 红0.5秒后全黑,0.74,1,0,0,1346,1,3,1360,6,0.3658
20260918,B 红0.5秒后全黑,0.76,1,0,0,1346,1,2,1360,7,0.3657
20260918,B 红0.5秒后全黑,0.78,1,0,0,1346,1,3,1360,10,0.3645
20260918,B 红0.5秒后全黑,0.80,1,0,0,1346,1,3,1360,10,0.3621
20260918,B 红0.5秒后全黑,0.82,1,0,0,1346,1,3,1360,10,0.3615
20260918,B 红0.5秒后全黑,0.84,1,0,0,1346,1,3,1360,10,0.3652
20260918,B 红0.5秒后全黑,0.86,1,0,0,1346,1,2,1360,6,0.3682
20260918,B 红0.5秒后全黑,0.88,1,0,0,1346,1,3,1360,9,0.3701
20260918,B 红0.5秒后全黑,0.90,1,0,0,1346,1,3,1360,9,0.3691
20260918,B 红0.5秒后全黑,0.92,1,0,0,1346,1,3,1360,9,0.3653
20260918,B 红0.5秒后全黑,0.94,1,0,0,1346,1,3,1360,9,0.3591
20260918,B 红0.5秒后全黑,0.96,1,0,0,1346,1,3,1360,9,0.3512
20260918,B 红0.5秒后全黑,0.98,1,0,0,1346,1,3,1360,7,0.3478
20260918,B 红0.5秒后全黑,1.00,1,0,0,1346,1,3,1360,6,0.3536
20260918,B 红0.5秒后全黑,1.02,1,0,0,1346,1,3,1360,5,0.3601
20260918,B 红0.5秒后全黑,1.04,1,0,0,1346,1,3,1360,6,0.3654
20260918,B 红0.5秒后全黑,1.06,1,0,0,1346,1,2,1360,7,0.3688
20260918,B 红0.5秒后全黑,1.08,1,0,0,1346,1,3,1360,10,0.3711
20260918,B 红0.5秒后全黑,1.10,1,0,0,1346,1,3,1360,10,0.3719
20260918,B 红0.5秒后全黑,1.12,1,0,0,1346,1,3,1360,10,0.3700
20260918,B 红0.5秒后全黑,1.14,1,0,0,1346,1,3,1360,10,0.3669
20260918,B 红0.5秒后全黑,1.16,1,0,0,1346,1,2,1360,6,0.3628
20260918,B 红0.5秒后全黑,1.18,1,0,0,1346,1,3,1360,9,0.3611
20260918,B 红0.5秒后全黑,1.20,1,0,0,1346,1,3,1360,9,0.3593
20260918,B 红0.5秒后全黑,1.22,1,0,0,1346,1,3,1360,9,0.3568
20260918,B 红0.5秒后全黑,1.24,1,0,0,1346,1,3,1360,9,0.3552
20260918,B 红0.5秒后全黑,1.26,1,0,0,1346,1,3,1360,9,0.3526
20260918,B 红0.5秒后全黑,1.28,1,0,0,1346,1,3,1360,7,0.3509
20260918,B 红0.5秒后全黑,1.30,1,0,0,1346,1,3,1360,6,0.3566
20260918,B 红0.5秒后全黑,1.32,1,0,0,1346,1,3,1360,5,0.3631
20260918,B 红0.5秒后全黑,1.34,1,0,0,1346,1,3,1360,6,0.3686
20260918,B 红0.5秒后全黑,1.36,1,0,0,1346,1,2,1360,7,0.3725
20260918,B 红0.5秒后全黑,1.38,1,0,0,1346,1,3,1360,10,0.3746
20260918,B 红0.5秒后全黑,1.40,1,0,0,1346,1,3,1360,10,0.3749
20260918,B 红0.5秒后全黑,1.42,1,0,0,1346,1,3,1360,10,0.3723
20260918,B 红0.5秒后全黑,1.44,1,0,0,1346,1,3,1360,10,0.3684
20260918,B 红0.5秒后全黑,1.46,1,0,0,1346,1,2,1360,6,0.3628
20260918,B 红0.5秒后全黑,1.48,1,0,0,1346,1,3,1360,9,0.3594
20260918,B 红0.5秒后全黑,1.50,1,0,0,1346,1,3,1360,9,0.3576
20260918,B 红0.5秒后全黑,1.52,1,0,0,1346,1,3,1360,9,0.3558
20260918,B 红0.5秒后全黑,1.54,1,0,0,1346,1,3,1360,9,0.3544
20260918,B 红0.5秒后全黑,1.56,1,0,0,1346,1,3,1360,9,0.3521
20260918,B 红0.5秒后全黑,1.58,1,0,0,1346,1,3,1360,7,0.3523
20260918,B 红0.5秒后全黑,1.60,1,0,0,1346,1,3,1360,6,0.3587
20260918,B 红0.5秒后全黑,1.62,1,0,0,1346,1,3,1360,7,0.3648
20260918,B 红0.5秒后全黑,1.64,1,0,0,1346,1,3,1360,6,0.3699
20260918,B 红0.5秒后全黑,1.66,1,0,0,1346,1,2,1360,7,0.3730
20260918,B 红0.5秒后全黑,1.68,1,0,0,1346,1,3,1360,10,0.3744
20260918,B 红0.5秒后全黑,1.70,1,0,0,1346,1,3,1360,10,0.3742
20260918,B 红0.5秒后全黑,1.72,1,0,0,1346,1,3,1360,10,0.3712
20260918,B 红0.5秒后全黑,1.74,1,0,0,1346,1,3,1360,10,0.3671
20260918,B 红0.5秒后全黑,1.76,1,0,0,1346,1,2,1360,6,0.3623
20260918,B 红0.5秒后全黑,1.78,1,0,0,1346,1,3,1360,9,0.3604
20260918,B 红0.5秒后全黑,1.80,1,0,0,1346,1,3,1360,9,0.3586
20260918,B 红0.5秒后全黑,1.82,1,0,0,1346,1,3,1360,9,0.3563
20260918,B 红0.5秒后全黑,1.84,1,0,0,1346,1,3,1360,9,0.3549
20260918,B 红0.5秒后全黑,1.86,1,0,0,1346,1,3,1360,9,0.3525
20260918,B 红0.5秒后全黑,1.88,1,0,0,1346,1,3,1360,7,0.3517
20260918,B 红0.5秒后全黑,1.90,1,0,0,1346,1,3,1360,6,0.3577
20260918,B 红0.5秒后全黑,1.92,1,0,0,1346,1,3,1360,5,0.3640
20260918,B 红0.5秒后全黑,1.94,1,0,0,1346,1,3,1360,6,0.3694
20260918,B 红0.5秒后全黑,1.96,1,0,0,1346,1,2,1360,7,0.3730
20260918,B 红0.5秒后全黑,1.98,1,0,0,1346,1,3,1360,10,0.3750
20260918,B 红0.5秒后全黑,2.00,1,0,0,1346,1,3,1360,10,0.3754
20260918,B 红0.5秒后全黑,2.02,1,0,0,1346,1,3,1360,10,0.3728
20260918,B 红0.5秒后全黑,2.04,1,0,0,1346,1,3,1360,10,0.3686
20260918,B 红0.5秒后全黑,2.06,1,0,0,1346,1,2,1360,6,0.3627
20260918,B 红0.5秒后全黑,2.08,1,0,0,1346,1,3,1360,9,0.3597
20260918,B 红0.5秒后全黑,2.10,1,0,0,1346,1,3,1360,9,0.3575
20260918,B 红0.5秒后全黑,2.12,1,0,0,1346,1,3,1360,9,0.3552
20260918,B 红0.5秒后全黑,2.14,1,0,0,1346,1,3,1360,9,0.3541
20260918,B 红0.5秒后全黑,2.16,1,0,0,1346,1,3,1360,9,0.3520
20260918,B 红0.5秒后全黑,2.18,1,0,0,1346,1,3,1360,7,0.3514
20260918,B 红0.5秒后全黑,2.20,1,0,0,1346,1,3,1360,6,0.3577
20260918,B 红0.5秒后全黑,2.22,1,0,0,1346,1,3,1360,5,0.3641
20260918,B 红0.5秒后全黑,2.24,1,0,0,1346,1,3,1360,6,0.3695
20260918,B 红0.5秒后全黑,2.26,1,0,0,1346,1,2,1360,7,0.3731
20260918,B 红0.5秒后全黑,2.28,1,0,0,1346,1,3,1360,10,0.3751
20260918,B 红0.5秒后全黑,2.30,1,0,0,1346,1,3,1360,10,0.3754
20260918,B 红0.5秒后全黑,2.32,1,0,0,1346,1,3,1360,10,0.3728
20260918,B 红0.5秒后全黑,2.34,1,0,0,1346,1,3,1360,10,0.3686
20260918,B 红0.5秒后全黑,2.36,1,0,0,1346,1,2,1360,6,0.3627
20260918,B 红0.5秒后全黑,2.38,1,0,0,1346,1,3,1360,9,0.3595
20260918,B 红0.5秒后全黑,2.40,1,0,0,1346,1,3,1360,9,0.3573
20260918,B 红0.5秒后全黑,2.42,1,0,0,1346,1,3,1360,9,0.3551
20260918,B 红0.5秒后全黑,2.44,1,0,0,1346,1,3,1360,9,0.3540
20260918,B 红0.5秒后全黑,2.46,1,0,0,1346,1,3,1360,9,0.3518
20260918,B 红0.5秒后全黑,2.48,1,0,0,1346,1,3,1360,7,0.3516
20260918,B 红0.5秒后全黑,2.50,1,0,0,1346,1,3,1360,6,0.3580
20260918,B 红0.5秒后全黑,2.52,1,0,0,1346,1,3,1360,5,0.3644
20260918,B 红0.5秒后全黑,2.54,1,0,0,1346,1,3,1360,6,0.3698
20260918,B 红0.5秒后全黑,2.56,1,0,0,1346,1,2,1360,7,0.3732
20260918,B 红0.5秒后全黑,2.58,1,0,0,1346,1,3,1360,10,0.3751
20260918,B 红0.5秒后全黑,2.60,1,0,0,1346,1,3,1360,10,0.3752
20260918,B 红0.5秒后全黑,2.62,1,0,0,1346,1,3,1360,10,0.3725
20260918,B 红0.5秒后全黑,2.64,1,0,0,1346,1,3,1360,10,0.3683
20260918,B 红0.5秒后全黑,2.66,1,0,0,1346,1,2,1360,6,0.3625
20260918,B 红0.5秒后全黑,2.68,1,0,0,1346,1,3,1360,9,0.3594
20260918,B 红0.5秒后全黑,2.70,1,0,0,1346,1,3,1360,9,0.3573
20260918,B 红0.5秒后全黑,2.72,1,0,0,1346,1,3,1360,9,0.3552
20260918,B 红0.5秒后全黑,2.74,1,0,0,1346,1,3,1360,9,0.3541
20260918,B 红0.5秒后全黑,2.76,1,0,0,1346,1,3,1360,9,0.3519
20260918,B 红0.5秒后全黑,2.78,1,0,0,1346,1,3,1360,7,0.3517
20260918,B 红0.5秒后全黑,2.80,1,0,0,1346,1,3,1360,6,0.3581
20260918,B 红0.5秒后全黑,2.82,1,0,0,1346,1,3,1360,5,0.3645
20260918,B 红0.5秒后全黑,2.84,1,0,0,1346,1,3,1360,6,0.3698
20260918,B 红0.5秒后全黑,2.86,1,0,0,1346,1,2,1360,7,0.3733
20260918,B 红0.5秒后全黑,2.88,1,0,0,1346,1,3,1360,10,0.3752
20260918,B 红0.5秒后全黑,2.90,1,0,0,1346,1,3,1360,10,0.3753
20260918,B 红0.5秒后全黑,2.92,1,0,0,1346,1,3,1360,10,0.3725
20260918,B 红0.5秒后全黑,2.94,1,0,0,1346,1,3,1360,10,0.3683
20260918,B 红0.5秒后全黑,2.96,1,0,0,1346,1,2,1360,6,0.3624
20260918,B 红0.5秒后全黑,2.98,1,0,0,1346,1,3,1360,9,0.3594
20260918,C 同B+1.0秒打断运动记忆,0.00,0,1,1346,1346,1,1357,1360,1357,0.2607
20260918,C 同B+1.0秒打断运动记忆,0.02,1,1,1346,1346,1,1357,1360,1357,0.2565
20260918,C 同B+1.0秒打断运动记忆,0.04,1,1,1346,1346,1,1360,1360,1366,0.2525
20260918,C 同B+1.0秒打断运动记忆,0.06,1,1,1346,1346,1,1360,1360,1366,0.2594
20260918,C 同B+1.0秒打断运动记忆,0.08,1,1,1346,1346,1,1360,1360,1365,0.2739
20260918,C 同B+1.0秒打断运动记忆,0.10,1,1,1346,1346,1,1360,1360,1364,0.2900
20260918,C 同B+1.0秒打断运动记忆,0.12,1,1,1346,1346,1,1360,1360,1364,0.3054
20260918,C 同B+1.0秒打断运动记忆,0.14,1,1,1346,1346,1,1360,1360,1364,0.3204
20260918,C 同B+1.0秒打断运动记忆,0.16,1,1,1346,1346,1,1359,1360,1365,0.3345
20260918,C 同B+1.0秒打断运动记忆,0.18,1,1,1346,1346,1,1360,1360,1368,0.3475
20260918,C 同B+1.0秒打断运动记忆,0.20,1,1,1346,1346,1,1360,1360,1368,0.3597
20260918,C 同B+1.0秒打断运动记忆,0.22,1,1,1346,1346,1,1360,1360,1368,0.3703
20260918,C 同B+1.0秒打断运动记忆,0.24,1,1,1346,1346,1,1360,1360,1368,0.3785
20260918,C 同B+1.0秒打断运动记忆,0.26,1,1,1346,1346,1,1359,1360,1365,0.3842
20260918,C 同B+1.0秒打断运动记忆,0.28,1,1,1346,1346,1,1360,1360,1368,0.3890
20260918,C 同B+1.0秒打断运动记忆,0.30,1,1,1346,1346,1,1360,1360,1366,0.3930
20260918,C 同B+1.0秒打断运动记忆,0.32,1,1,1346,1346,1,1360,1360,1366,0.3960
20260918,C 同B+1.0秒打断运动记忆,0.34,1,1,1346,1346,1,1360,1360,1366,0.3982
20260918,C 同B+1.0秒打断运动记忆,0.36,1,1,1346,1346,1,1360,1360,1366,0.3997
20260918,C 同B+1.0秒打断运动记忆,0.38,1,1,1346,1346,1,1360,1360,1365,0.3991
20260918,C 同B+1.0秒打断运动记忆,0.40,1,1,1346,1346,1,1360,1360,1364,0.3958
20260918,C 同B+1.0秒打断运动记忆,0.42,1,1,1346,1346,1,1360,1360,1364,0.3915
20260918,C 同B+1.0秒打断运动记忆,0.44,1,1,1346,1346,1,1360,1360,1364,0.3871
20260918,C 同B+1.0秒打断运动记忆,0.46,1,1,1346,1346,1,1360,1360,1366,0.3818
20260918,C 同B+1.0秒打断运动记忆,0.48,1,1,1346,1346,1,1360,1360,1368,0.3757
20260918,C 同B+1.0秒打断运动记忆,0.50,1,0,0,1346,1,3,1360,11,0.3693
20260918,C 同B+1.0秒打断运动记忆,0.52,1,0,0,1346,1,3,1360,10,0.3619
20260918,C 同B+1.0秒打断运动记忆,0.54,1,0,0,1346,1,3,1360,10,0.3549
20260918,C 同B+1.0秒打断运动记忆,0.56,1,0,0,1346,1,2,1360,6,0.3525
20260918,C 同B+1.0秒打断运动记忆,0.58,1,0,0,1346,1,3,1360,9,0.3554
20260918,C 同B+1.0秒打断运动记忆,0.60,1,0,0,1346,1,3,1360,9,0.3595
20260918,C 同B+1.0秒打断运动记忆,0.62,1,0,0,1346,1,3,1360,9,0.3627
20260918,C 同B+1.0秒打断运动记忆,0.64,1,0,0,1346,1,3,1360,9,0.3646
20260918,C 同B+1.0秒打断运动记忆,0.66,1,0,0,1346,1,3,1360,9,0.3645
20260918,C 同B+1.0秒打断运动记忆,0.68,1,0,0,1346,1,3,1360,7,0.3624
20260918,C 同B+1.0秒打断运动记忆,0.70,1,0,0,1346,1,3,1360,6,0.3633
20260918,C 同B+1.0秒打断运动记忆,0.72,1,0,0,1346,1,3,1360,7,0.3645
20260918,C 同B+1.0秒打断运动记忆,0.74,1,0,0,1346,1,3,1360,6,0.3658
20260918,C 同B+1.0秒打断运动记忆,0.76,1,0,0,1346,1,2,1360,7,0.3657
20260918,C 同B+1.0秒打断运动记忆,0.78,1,0,0,1346,1,3,1360,10,0.3645
20260918,C 同B+1.0秒打断运动记忆,0.80,1,0,0,1346,1,3,1360,10,0.3621
20260918,C 同B+1.0秒打断运动记忆,0.82,1,0,0,1346,1,3,1360,10,0.3615
20260918,C 同B+1.0秒打断运动记忆,0.84,1,0,0,1346,1,3,1360,10,0.3652
20260918,C 同B+1.0秒打断运动记忆,0.86,1,0,0,1346,1,2,1360,6,0.3682
20260918,C 同B+1.0秒打断运动记忆,0.88,1,0,0,1346,1,3,1360,9,0.3701
20260918,C 同B+1.0秒打断运动记忆,0.90,1,0,0,1346,1,3,1360,9,0.3691
20260918,C 同B+1.0秒打断运动记忆,0.92,1,0,0,1346,1,3,1360,9,0.3653
20260918,C 同B+1.0秒打断运动记忆,0.94,1,0,0,1346,1,3,1360,9,0.3591
20260918,C 同B+1.0秒打断运动记忆,0.96,1,0,0,1346,1,3,1360,9,0.3512
20260918,C 同B+1.0秒打断运动记忆,0.98,1,0,0,1346,1,3,1360,7,0.3478
20260918,C 同B+1.0秒打断运动记忆,1.00,1,0,0,1346,1,3,1360,6,0.3536
20260918,C 同B+1.0秒打断运动记忆,1.02,0,0,0,1346,1,3,1360,5,0.3576
20260918,C 同B+1.0秒打断运动记忆,1.04,0,0,0,1346,1,2,1360,2,0.3585
20260918,C 同B+1.0秒打断运动记忆,1.06,0,0,0,1346,0,0,1360,0,0.3554
20260918,C 同B+1.0秒打断运动记忆,1.08,0,0,0,1346,0,0,1360,0,0.3483
20260918,C 同B+1.0秒打断运动记忆,1.10,0,0,0,1346,1,2,1360,2,0.3369
20260918,C 同B+1.0秒打断运动记忆,1.12,0,0,0,1346,1,2,1360,2,0.3215
20260918,C 同B+1.0秒打断运动记忆,1.14,0,0,0,1346,1,2,1360,2,0.3024
20260918,C 同B+1.0秒打断运动记忆,1.16,0,0,0,1346,0,0,1360,0,0.2800
20260918,C 同B+1.0秒打断运动记忆,1.18,0,0,0,1346,1,2,1360,3,0.2540
20260918,C 同B+1.0秒打断运动记忆,1.20,0,0,0,1346,1,2,1360,2,0.2320
20260918,C 同B+1.0秒打断运动记忆,1.22,0,0,0,1346,1,2,1360,2,0.2167
20260918,C 同B+1.0秒打断运动记忆,1.24,0,0,0,1346,0,0,1360,0,0.2086
20260918,C 同B+1.0秒打断运动记忆,1.26,0,0,0,1346,1,2,1360,3,0.2078
20260918,C 同B+1.0秒打断运动记忆,1.28,0,0,0,1346,0,0,1360,0,0.2103
20260918,C 同B+1.0秒打断运动记忆,1.30,0,0,0,1346,0,0,1360,0,0.2136
20260918,C 同B+1.0秒打断运动记忆,1.32,0,0,0,1346,1,2,1360,5,0.2123
20260918,C 同B+1.0秒打断运动记忆,1.34,0,0,0,1346,0,0,1360,0,0.2100
20260918,C 同B+1.0秒打断运动记忆,1.36,0,0,0,1346,0,0,1360,0,0.2120
20260918,C 同B+1.0秒打断运动记忆,1.38,0,0,0,1346,1,2,1360,5,0.2164
20260918,C 同B+1.0秒打断运动记忆,1.40,0,0,0,1346,0,0,1360,0,0.2198
20260918,C 同B+1.0秒打断运动记忆,1.42,0,0,0,1346,0,0,1360,0,0.2244
20260918,C 同B+1.0秒打断运动记忆,1.44,0,0,0,1346,1,2,1360,5,0.2297
20260918,C 同B+1.0秒打断运动记忆,1.46,0,0,0,1346,1,2,1360,2,0.2314
20260918,C 同B+1.0秒打断运动记忆,1.48,0,0,0,1346,0,0,1360,0,0.2323
20260918,C 同B+1.0秒打断运动记忆,1.50,0,0,0,1346,0,0,1360,0,0.2344
20260918,C 同B+1.0秒打断运动记忆,1.52,0,0,0,1346,1,2,1360,3,0.2320
20260918,C 同B+1.0秒打断运动记忆,1.54,0,0,0,1346,0,0,1360,0,0.2265
20260918,C 同B+1.0秒打断运动记忆,1.56,0,0,0,1346,0,0,1360,0,0.2266
20260918,C 同B+1.0秒打断运动记忆,1.58,0,0,0,1346,1,2,1360,2,0.2281
20260918,C 同B+1.0秒打断运动记忆,1.60,0,0,0,1346,0,0,1360,0,0.2288
20260918,C 同B+1.0秒打断运动记忆,1.62,0,0,0,1346,1,2,1360,3,0.2249
20260918,C 同B+1.0秒打断运动记忆,1.64,0,0,0,1346,0,0,1360,0,0.2221
20260918,C 同B+1.0秒打断运动记忆,1.66,0,0,0,1346,1,2,1360,2,0.2217
20260918,C 同B+1.0秒打断运动记忆,1.68,0,0,0,1346,0,0,1360,0,0.2228
20260918,C 同B+1.0秒打断运动记忆,1.70,0,0,0,1346,1,2,1360,5,0.2220
20260918,C 同B+1.0秒打断运动记忆,1.72,0,0,0,1346,0,0,1360,0,0.2205
20260918,C 同B+1.0秒打断运动记忆,1.74,0,0,0,1346,1,2,1360,5,0.2213
20260918,C 同B+1.0秒打断运动记忆,1.76,0,0,0,1346,0,0,1360,0,0.2240
20260918,C 同B+1.0秒打断运动记忆,1.78,0,0,0,1346,1,2,1360,5,0.2248
20260918,C 同B+1.0秒打断运动记忆,1.80,0,0,0,1346,0,0,1360,0,0.2229
20260918,C 同B+1.0秒打断运动记忆,1.82,0,0,0,1346,0,0,1360,0,0.2220
20260918,C 同B+1.0秒打断运动记忆,1.84,0,0,0,1346,1,2,1360,5,0.2213
20260918,C 同B+1.0秒打断运动记忆,1.86,0,0,0,1346,0,0,1360,0,0.2228
20260918,C 同B+1.0秒打断运动记忆,1.88,0,0,0,1346,1,2,1360,5,0.2200
20260918,C 同B+1.0秒打断运动记忆,1.90,0,0,0,1346,0,0,1360,0,0.2133
20260918,C 同B+1.0秒打断运动记忆,1.92,0,0,0,1346,0,0,1360,0,0.2057
20260918,C 同B+1.0秒打断运动记忆,1.94,0,0,0,1346,0,0,1360,0,0.2055
20260918,C 同B+1.0秒打断运动记忆,1.96,0,0,0,1346,1,2,1360,2,0.2142
20260918,C 同B+1.0秒打断运动记忆,1.98,0,0,0,1346,1,2,1360,5,0.2220
20260918,C 同B+1.0秒打断运动记忆,2.00,0,0,0,1346,0,0,1360,0,0.2277
20260918,C 同B+1.0秒打断运动记忆,2.02,0,0,0,1346,1,2,1360,5,0.2280
20260918,C 同B+1.0秒打断运动记忆,2.04,0,0,0,1346,0,0,1360,0,0.2259
20260918,C 同B+1.0秒打断运动记忆,2.06,0,0,0,1346,1,2,1360,5,0.2192
20260918,C 同B+1.0秒打断运动记忆,2.08,0,0,0,1346,0,0,1360,0,0.2154
20260918,C 同B+1.0秒打断运动记忆,2.10,0,0,0,1346,1,2,1360,5,0.2194
20260918,C 同B+1.0秒打断运动记忆,2.12,0,0,0,1346,1,2,1360,2,0.2248
20260918,C 同B+1.0秒打断运动记忆,2.14,0,0,0,1346,0,0,1360,0,0.2292
20260918,C 同B+1.0秒打断运动记忆,2.16,0,0,0,1346,1,2,1360,3,0.2309
20260918,C 同B+1.0秒打断运动记忆,2.18,0,0,0,1346,0,0,1360,0,0.2312
20260918,C 同B+1.0秒打断运动记忆,2.20,0,0,0,1346,1,2,1360,5,0.2336
20260918,C 同B+1.0秒打断运动记忆,2.22,0,0,0,1346,0,0,1360,0,0.2360
20260918,C 同B+1.0秒打断运动记忆,2.24,0,0,0,1346,1,2,1360,5,0.2340
20260918,C 同B+1.0秒打断运动记忆,2.26,0,0,0,1346,0,0,1360,0,0.2290
20260918,C 同B+1.0秒打断运动记忆,2.28,0,0,0,1346,1,2,1360,3,0.2222
20260918,C 同B+1.0秒打断运动记忆,2.30,0,0,0,1346,0,0,1360,0,0.2238
20260918,C 同B+1.0秒打断运动记忆,2.32,0,0,0,1346,1,2,1360,3,0.2269
20260918,C 同B+1.0秒打断运动记忆,2.34,0,0,0,1346,0,0,1360,0,0.2306
20260918,C 同B+1.0秒打断运动记忆,2.36,0,0,0,1346,1,2,1360,5,0.2316
20260918,C 同B+1.0秒打断运动记忆,2.38,0,0,0,1346,1,2,1360,2,0.2295
20260918,C 同B+1.0秒打断运动记忆,2.40,0,0,0,1346,0,0,1360,0,0.2249
20260918,C 同B+1.0秒打断运动记忆,2.42,0,0,0,1346,1,2,1360,3,0.2170
20260918,C 同B+1.0秒打断运动记忆,2.44,0,0,0,1346,0,0,1360,0,0.2189
20260918,C 同B+1.0秒打断运动记忆,2.46,0,0,0,1346,1,2,1360,3,0.2228
20260918,C 同B+1.0秒打断运动记忆,2.48,0,0,0,1346,0,0,1360,0,0.2255
20260918,C 同B+1.0秒打断运动记忆,2.50,0,0,0,1346,1,2,1360,3,0.2255
20260918,C 同B+1.0秒打断运动记忆,2.52,0,0,0,1346,1,2,1360,2,0.2230
20260918,C 同B+1.0秒打断运动记忆,2.54,0,0,0,1346,0,0,1360,0,0.2195
20260918,C 同B+1.0秒打断运动记忆,2.56,0,0,0,1346,1,2,1360,3,0.2132
20260918,C 同B+1.0秒打断运动记忆,2.58,0,0,0,1346,0,0,1360,0,0.2092
20260918,C 同B+1.0秒打断运动记忆,2.60,0,0,0,1346,1,2,1360,2,0.2059
20260918,C 同B+1.0秒打断运动记忆,2.62,0,0,0,1346,0,0,1360,0,0.2060
20260918,C 同B+1.0秒打断运动记忆,2.64,0,0,0,1346,1,2,1360,3,0.2036
20260918,C 同B+1.0秒打断运动记忆,2.66,0,0,0,1346,0,0,1360,0,0.2055
20260918,C 同B+1.0秒打断运动记忆,2.68,0,0,0,1346,1,2,1360,2,0.2074
20260918,C 同B+1.0秒打断运动记忆,2.70,0,0,0,1346,1,2,1360,2,0.2054
20260918,C 同B+1.0秒打断运动记忆,2.72,0,0,0,1346,0,0,1360,0,0.2069
20260918,C 同B+1.0秒打断运动记忆,2.74,0,0,0,1346,1,2,1360,3,0.2071
20260918,C 同B+1.0秒打断运动记忆,2.76,0,0,0,1346,0,0,1360,0,0.2087
20260918,C 同B+1.0秒打断运动记忆,2.78,0,0,0,1346,1,2,1360,3,0.2090
20260918,C 同B+1.0秒打断运动记忆,2.80,0,0,0,1346,1,2,1360,2,0.2068
20260918,C 同B+1.0秒打断运动记忆,2.82,0,0,0,1346,0,0,1360,0,0.2050
20260918,C 同B+1.0秒打断运动记忆,2.84,0,0,0,1346,1,2,1360,3,0.2033
20260918,C 同B+1.0秒打断运动记忆,2.86,0,0,0,1346,0,0,1360,0,0.2026
20260918,C 同B+1.0秒打断运动记忆,2.88,0,0,0,1346,1,2,1360,3,0.2034
20260918,C 同B+1.0秒打断运动记忆,2.90,0,0,0,1346,1,2,1360,2,0.2059
20260918,C 同B+1.0秒打断运动记忆,2.92,0,0,0,1346,0,0,1360,0,0.2084
20260918,C 同B+1.0秒打断运动记忆,2.94,0,0,0,1346,1,2,1360,3,0.2080
20260918,C 同B+1.0秒打断运动记忆,2.96,0,0,0,1346,0,0,1360,0,0.2076
20260918,C 同B+1.0秒打断运动记忆,2.98,0,0,0,1346,1,2,1360,3,0.2078
20260918,D 一直黑+1.0秒同样打断,0.00,0,0,0,1346,0,0,1360,0,0.2607
20260918,D 一直黑+1.0秒同样打断,0.02,0,0,0,1346,0,0,1360,0,0.2561
20260918,D 一直黑+1.0秒同样打断,0.04,0,0,0,1346,0,0,1360,0,0.2478
20260918,D 一直黑+1.0秒同样打断,0.06,0,0,0,1346,1,2,1360,2,0.2346
20260918,D 一直黑+1.0秒同样打断,0.08,0,0,0,1346,0,0,1360,0,0.2185
20260918,D 一直黑+1.0秒同样打断,0.10,0,0,0,1346,1,2,1360,3,0.2024
20260918,D 一直黑+1.0秒同样打断,0.12,0,0,0,1346,0,0,1360,0,0.1956
20260918,D 一直黑+1.0秒同样打断,0.14,0,0,0,1346,0,0,1360,0,0.1992
20260918,D 一直黑+1.0秒同样打断,0.16,0,0,0,1346,0,0,1360,0,0.2125
20260918,D 一直黑+1.0秒同样打断,0.18,0,0,0,1346,1,2,1360,5,0.2252
20260918,D 一直黑+1.0秒同样打断,0.20,0,0,0,1346,0,0,1360,0,0.2363
20260918,D 一直黑+1.0秒同样打断,0.22,0,0,0,1346,1,2,1360,5,0.2423
20260918,D 一直黑+1.0秒同样打断,0.24,0,0,0,1346,0,0,1360,0,0.2435
20260918,D 一直黑+1.0秒同样打断,0.26,0,0,0,1346,0,0,1360,0,0.2407
20260918,D 一直黑+1.0秒同样打断,0.28,0,0,0,1346,0,0,1360,0,0.2342
20260918,D 一直黑+1.0秒同样打断,0.30,0,0,0,1346,0,0,1360,0,0.2240
20260918,D 一直黑+1.0秒同样打断,0.32,0,0,0,1346,0,0,1360,0,0.2141
20260918,D 一直黑+1.0秒同样打断,0.34,0,0,0,1346,0,0,1360,0,0.2118
20260918,D 一直黑+1.0秒同样打断,0.36,0,0,0,1346,1,2,1360,2,0.2119
20260918,D 一直黑+1.0秒同样打断,0.38,0,0,0,1346,0,0,1360,0,0.2102
20260918,D 一直黑+1.0秒同样打断,0.40,0,0,0,1346,0,0,1360,0,0.2065
20260918,D 一直黑+1.0秒同样打断,0.42,0,0,0,1346,0,0,1360,0,0.2004
20260918,D 一直黑+1.0秒同样打断,0.44,0,0,0,1346,0,0,1360,0,0.1942
20260918,D 一直黑+1.0秒同样打断,0.46,0,0,0,1346,0,0,1360,0,0.1890
20260918,D 一直黑+1.0秒同样打断,0.48,0,0,0,1346,0,0,1360,0,0.1858
20260918,D 一直黑+1.0秒同样打断,0.50,0,0,0,1346,0,0,1360,0,0.1822
20260918,D 一直黑+1.0秒同样打断,0.52,0,0,0,1346,0,0,1360,0,0.1769
20260918,D 一直黑+1.0秒同样打断,0.54,0,0,0,1346,0,0,1360,0,0.1694
20260918,D 一直黑+1.0秒同样打断,0.56,0,0,0,1346,0,0,1360,0,0.1595
20260918,D 一直黑+1.0秒同样打断,0.58,0,0,0,1346,0,0,1360,0,0.1468
20260918,D 一直黑+1.0秒同样打断,0.60,0,0,0,1346,0,0,1360,0,0.1360
20260918,D 一直黑+1.0秒同样打断,0.62,0,0,0,1346,0,0,1360,0,0.1389
20260918,D 一直黑+1.0秒同样打断,0.64,0,0,0,1346,0,0,1360,5,0.1496
20260918,D 一直黑+1.0秒同样打断,0.66,0,0,0,1346,0,0,1360,1,0.1586
20260918,D 一直黑+1.0秒同样打断,0.68,0,0,0,1346,0,0,1360,0,0.1637
20260918,D 一直黑+1.0秒同样打断,0.70,0,0,0,1346,0,0,1360,0,0.1647
20260918,D 一直黑+1.0秒同样打断,0.72,0,0,0,1346,0,0,1360,0,0.1618
20260918,D 一直黑+1.0秒同样打断,0.74,0,0,0,1346,0,0,1360,0,0.1552
20260918,D 一直黑+1.0秒同样打断,0.76,0,0,0,1346,0,0,1360,0,0.1535
20260918,D 一直黑+1.0秒同样打断,0.78,0,0,0,1346,0,0,1360,0,0.1547
20260918,D 一直黑+1.0秒同样打断,0.80,0,0,0,1346,0,0,1360,0,0.1550
20260918,D 一直黑+1.0秒同样打断,0.82,0,0,0,1346,1,3,1360,4,0.1548
20260918,D 一直黑+1.0秒同样打断,0.84,0,0,0,1346,1,3,1360,4,0.1547
20260918,D 一直黑+1.0秒同样打断,0.86,0,0,0,1346,1,3,1360,4,0.1545
20260918,D 一直黑+1.0秒同样打断,0.88,0,0,0,1346,1,3,1360,4,0.1540
20260918,D 一直黑+1.0秒同样打断,0.90,0,0,0,1346,1,3,1360,4,0.1533
20260918,D 一直黑+1.0秒同样打断,0.92,0,0,0,1346,1,3,1360,4,0.1523
20260918,D 一直黑+1.0秒同样打断,0.94,0,0,0,1346,1,3,1360,4,0.1510
20260918,D 一直黑+1.0秒同样打断,0.96,0,0,0,1346,1,3,1360,4,0.1493
20260918,D 一直黑+1.0秒同样打断,0.98,0,0,0,1346,1,3,1360,4,0.1472
20260918,D 一直黑+1.0秒同样打断,1.00,0,0,0,1346,1,3,1360,4,0.1446
20260918,D 一直黑+1.0秒同样打断,1.02,0,0,0,1346,0,0,1360,0,0.1402
20260918,D 一直黑+1.0秒同样打断,1.04,0,0,0,1346,1,2,1360,2,0.1372
20260918,D 一直黑+1.0秒同样打断,1.06,0,0,0,1346,1,3,1360,5,0.1328
20260918,D 一直黑+1.0秒同样打断,1.08,0,0,0,1346,0,0,1360,0,0.1256
20260918,D 一直黑+1.0秒同样打断,1.10,0,0,0,1346,0,0,1360,0,0.1159
20260918,D 一直黑+1.0秒同样打断,1.12,0,0,0,1346,0,0,1360,0,0.1031
20260918,D 一直黑+1.0秒同样打断,1.14,0,0,0,1346,0,0,1360,0,0.0871
20260918,D 一直黑+1.0秒同样打断,1.16,0,0,0,1346,0,0,1360,0,0.0676
20260918,D 一直黑+1.0秒同样打断,1.18,0,0,0,1346,0,0,1360,0,0.0532
20260918,D 一直黑+1.0秒同样打断,1.20,0,0,0,1346,1,3,1360,5,0.0556
20260918,D 一直黑+1.0秒同样打断,1.22,0,0,0,1346,1,3,1360,5,0.0601
20260918,D 一直黑+1.0秒同样打断,1.24,0,0,0,1346,0,0,1360,0,0.0623
20260918,D 一直黑+1.0秒同样打断,1.26,0,0,0,1346,0,0,1360,0,0.0621
20260918,D 一直黑+1.0秒同样打断,1.28,0,0,0,1346,0,0,1360,0,0.0613
20260918,D 一直黑+1.0秒同样打断,1.30,0,0,0,1346,0,0,1360,0,0.0601
20260918,D 一直黑+1.0秒同样打断,1.32,0,0,0,1346,0,0,1360,4,0.0582
20260918,D 一直黑+1.0秒同样打断,1.34,0,0,0,1346,0,0,1360,4,0.0579
20260918,D 一直黑+1.0秒同样打断,1.36,0,0,0,1346,0,0,1360,0,0.0591
20260918,D 一直黑+1.0秒同样打断,1.38,0,0,0,1346,0,0,1360,4,0.0600
20260918,D 一直黑+1.0秒同样打断,1.40,0,0,0,1346,0,0,1360,0,0.0603
20260918,D 一直黑+1.0秒同样打断,1.42,0,0,0,1346,0,0,1360,0,0.0600
20260918,D 一直黑+1.0秒同样打断,1.44,0,0,0,1346,0,0,1360,0,0.0590
20260918,D 一直黑+1.0秒同样打断,1.46,0,0,0,1346,0,0,1360,0,0.0576
20260918,D 一直黑+1.0秒同样打断,1.48,0,0,0,1346,1,1,1360,1,0.0580
20260918,D 一直黑+1.0秒同样打断,1.50,0,0,0,1346,1,1,1360,1,0.0586
20260918,D 一直黑+1.0秒同样打断,1.52,0,0,0,1346,1,1,1360,1,0.0586
20260918,D 一直黑+1.0秒同样打断,1.54,0,0,0,1346,1,1,1360,1,0.0579
20260918,D 一直黑+1.0秒同样打断,1.56,0,0,0,1346,1,1,1360,1,0.0576
20260918,D 一直黑+1.0秒同样打断,1.58,0,0,0,1346,1,1,1360,1,0.0578
20260918,D 一直黑+1.0秒同样打断,1.60,0,0,0,1346,1,1,1360,1,0.0577
20260918,D 一直黑+1.0秒同样打断,1.62,0,0,0,1346,1,1,1360,1,0.0577
20260918,D 一直黑+1.0秒同样打断,1.64,0,0,0,1346,1,1,1360,1,0.0578
20260918,D 一直黑+1.0秒同样打断,1.66,0,0,0,1346,1,2,1360,2,0.0578
20260918,D 一直黑+1.0秒同样打断,1.68,0,0,0,1346,1,2,1360,2,0.0579
20260918,D 一直黑+1.0秒同样打断,1.70,0,0,0,1346,1,2,1360,2,0.0579
20260918,D 一直黑+1.0秒同样打断,1.72,0,0,0,1346,1,2,1360,2,0.0579
20260918,D 一直黑+1.0秒同样打断,1.74,0,0,0,1346,1,2,1360,2,0.0579
20260918,D 一直黑+1.0秒同样打断,1.76,0,0,0,1346,1,2,1360,2,0.0579
20260918,D 一直黑+1.0秒同样打断,1.78,0,0,0,1346,1,2,1360,2,0.0579
20260918,D 一直黑+1.0秒同样打断,1.80,0,0,0,1346,1,2,1360,2,0.0579
20260918,D 一直黑+1.0秒同样打断,1.82,0,0,0,1346,1,2,1360,2,0.0579
20260918,D 一直黑+1.0秒同样打断,1.84,0,0,0,1346,1,2,1360,2,0.0579
20260918,D 一直黑+1.0秒同样打断,1.86,0,0,0,1346,1,2,1360,2,0.0579
20260918,D 一直黑+1.0秒同样打断,1.88,0,0,0,1346,1,2,1360,2,0.0579
20260918,D 一直黑+1.0秒同样打断,1.90,0,0,0,1346,1,2,1360,2,0.0579
20260918,D 一直黑+1.0秒同样打断,1.92,0,0,0,1346,1,2,1360,2,0.0579
20260918,D 一直黑+1.0秒同样打断,1.94,0,0,0,1346,1,2,1360,2,0.0579
20260918,D 一直黑+1.0秒同样打断,1.96,0,0,0,1346,1,2,1360,2,0.0579
20260918,D 一直黑+1.0秒同样打断,1.98,0,0,0,1346,1,2,1360,2,0.0579
20260918,D 一直黑+1.0秒同样打断,2.00,0,0,0,1346,1,2,1360,2,0.0579
20260918,D 一直黑+1.0秒同样打断,2.02,0,0,0,1346,1,3,1360,3,0.0579
20260918,D 一直黑+1.0秒同样打断,2.04,0,0,0,1346,1,3,1360,3,0.0579
20260918,D 一直黑+1.0秒同样打断,2.06,0,0,0,1346,1,3,1360,3,0.0579
20260918,D 一直黑+1.0秒同样打断,2.08,0,0,0,1346,1,3,1360,3,0.0579
20260918,D 一直黑+1.0秒同样打断,2.10,0,0,0,1346,1,3,1360,3,0.0579
20260918,D 一直黑+1.0秒同样打断,2.12,0,0,0,1346,1,3,1360,3,0.0579
20260918,D 一直黑+1.0秒同样打断,2.14,0,0,0,1346,1,3,1360,3,0.0579
20260918,D 一直黑+1.0秒同样打断,2.16,0,0,0,1346,1,3,1360,3,0.0579
20260918,D 一直黑+1.0秒同样打断,2.18,0,0,0,1346,1,3,1360,3,0.0579
20260918,D 一直黑+1.0秒同样打断,2.20,0,0,0,1346,1,3,1360,3,0.0579
20260918,D 一直黑+1.0秒同样打断,2.22,0,0,0,1346,1,3,1360,3,0.0579
20260918,D 一直黑+1.0秒同样打断,2.24,0,0,0,1346,1,3,1360,3,0.0579
20260918,D 一直黑+1.0秒同样打断,2.26,0,0,0,1346,1,3,1360,3,0.0594
20260918,D 一直黑+1.0秒同样打断,2.28,0,0,0,1346,1,3,1360,5,0.0599
20260918,D 一直黑+1.0秒同样打断,2.30,0,0,0,1346,1,3,1360,5,0.0579
20260918,D 一直黑+1.0秒同样打断,2.32,0,0,0,1346,1,3,1360,5,0.0567
20260918,D 一直黑+1.0秒同样打断,2.34,0,0,0,1346,1,3,1360,5,0.0571
20260918,D 一直黑+1.0秒同样打断,2.36,0,0,0,1346,1,3,1360,5,0.0575
20260918,D 一直黑+1.0秒同样打断,2.38,0,0,0,1346,1,3,1360,5,0.0577
20260918,D 一直黑+1.0秒同样打断,2.40,0,0,0,1346,1,3,1360,5,0.0578
20260918,D 一直黑+1.0秒同样打断,2.42,0,0,0,1346,1,3,1360,5,0.0579
20260918,D 一直黑+1.0秒同样打断,2.44,0,0,0,1346,1,3,1360,5,0.0579
20260918,D 一直黑+1.0秒同样打断,2.46,0,0,0,1346,1,3,1360,4,0.0579
20260918,D 一直黑+1.0秒同样打断,2.48,0,0,0,1346,1,3,1360,4,0.0579
20260918,D 一直黑+1.0秒同样打断,2.50,0,0,0,1346,1,3,1360,4,0.0579
20260918,D 一直黑+1.0秒同样打断,2.52,0,0,0,1346,1,3,1360,4,0.0579
20260918,D 一直黑+1.0秒同样打断,2.54,0,0,0,1346,1,3,1360,4,0.0579
20260918,D 一直黑+1.0秒同样打断,2.56,0,0,0,1346,1,3,1360,4,0.0579
20260918,D 一直黑+1.0秒同样打断,2.58,0,0,0,1346,1,3,1360,4,0.0579
20260918,D 一直黑+1.0秒同样打断,2.60,0,0,0,1346,1,3,1360,4,0.0579
20260918,D 一直黑+1.0秒同样打断,2.62,0,0,0,1346,1,3,1360,4,0.0579
20260918,D 一直黑+1.0秒同样打断,2.64,0,0,0,1346,1,3,1360,4,0.0579
20260918,D 一直黑+1.0秒同样打断,2.66,0,0,0,1346,1,3,1360,4,0.0579
20260918,D 一直黑+1.0秒同样打断,2.68,0,0,0,1346,1,3,1360,4,0.0579
20260918,D 一直黑+1.0秒同样打断,2.70,0,0,0,1346,1,3,1360,4,0.0579
20260918,D 一直黑+1.0秒同样打断,2.72,0,0,0,1346,1,3,1360,4,0.0579
20260918,D 一直黑+1.0秒同样打断,2.74,0,0,0,1346,1,3,1360,4,0.0579
20260918,D 一直黑+1.0秒同样打断,2.76,0,0,0,1346,1,3,1360,3,0.0579
20260918,D 一直黑+1.0秒同样打断,2.78,0,0,0,1346,1,3,1360,3,0.0579
20260918,D 一直黑+1.0秒同样打断,2.80,0,0,0,1346,1,3,1360,3,0.0579
20260918,D 一直黑+1.0秒同样打断,2.82,0,0,0,1346,1,3,1360,3,0.0579
20260918,D 一直黑+1.0秒同样打断,2.84,0,0,0,1346,1,3,1360,3,0.0579
20260918,D 一直黑+1.0秒同样打断,2.86,0,0,0,1346,1,3,1360,3,0.0579
20260918,D 一直黑+1.0秒同样打断,2.88,0,0,0,1346,1,3,1360,3,0.0579
20260918,D 一直黑+1.0秒同样打断,2.90,0,0,0,1346,1,3,1360,3,0.0579
20260918,D 一直黑+1.0秒同样打断,2.92,0,0,0,1346,1,3,1360,3,0.0579
20260918,D 一直黑+1.0秒同样打断,2.94,0,0,0,1346,1,3,1360,3,0.0579
20260918,D 一直黑+1.0秒同样打断,2.96,0,0,0,1346,1,3,1360,3,0.0579
20260918,D 一直黑+1.0秒同样打断,2.98,0,0,0,1346,1,3,1360,3,0.0579
20260918,E 一直黑(不给红也不打断),0.00,0,0,0,1346,0,0,1360,0,0.2607
20260918,E 一直黑(不给红也不打断),0.02,0,0,0,1346,0,0,1360,0,0.2561
20260918,E 一直黑(不给红也不打断),0.04,0,0,0,1346,0,0,1360,0,0.2478
20260918,E 一直黑(不给红也不打断),0.06,0,0,0,1346,1,2,1360,2,0.2346
20260918,E 一直黑(不给红也不打断),0.08,0,0,0,1346,0,0,1360,0,0.2185
20260918,E 一直黑(不给红也不打断),0.10,0,0,0,1346,1,2,1360,3,0.2024
20260918,E 一直黑(不给红也不打断),0.12,0,0,0,1346,0,0,1360,0,0.1956
20260918,E 一直黑(不给红也不打断),0.14,0,0,0,1346,0,0,1360,0,0.1992
20260918,E 一直黑(不给红也不打断),0.16,0,0,0,1346,0,0,1360,0,0.2125
20260918,E 一直黑(不给红也不打断),0.18,0,0,0,1346,1,2,1360,5,0.2252
20260918,E 一直黑(不给红也不打断),0.20,0,0,0,1346,0,0,1360,0,0.2363
20260918,E 一直黑(不给红也不打断),0.22,0,0,0,1346,1,2,1360,5,0.2423
20260918,E 一直黑(不给红也不打断),0.24,0,0,0,1346,0,0,1360,0,0.2435
20260918,E 一直黑(不给红也不打断),0.26,0,0,0,1346,0,0,1360,0,0.2407
20260918,E 一直黑(不给红也不打断),0.28,0,0,0,1346,0,0,1360,0,0.2342
20260918,E 一直黑(不给红也不打断),0.30,0,0,0,1346,0,0,1360,0,0.2240
20260918,E 一直黑(不给红也不打断),0.32,0,0,0,1346,0,0,1360,0,0.2141
20260918,E 一直黑(不给红也不打断),0.34,0,0,0,1346,0,0,1360,0,0.2118
20260918,E 一直黑(不给红也不打断),0.36,0,0,0,1346,1,2,1360,2,0.2119
20260918,E 一直黑(不给红也不打断),0.38,0,0,0,1346,0,0,1360,0,0.2102
20260918,E 一直黑(不给红也不打断),0.40,0,0,0,1346,0,0,1360,0,0.2065
20260918,E 一直黑(不给红也不打断),0.42,0,0,0,1346,0,0,1360,0,0.2004
20260918,E 一直黑(不给红也不打断),0.44,0,0,0,1346,0,0,1360,0,0.1942
20260918,E 一直黑(不给红也不打断),0.46,0,0,0,1346,0,0,1360,0,0.1890
20260918,E 一直黑(不给红也不打断),0.48,0,0,0,1346,0,0,1360,0,0.1858
20260918,E 一直黑(不给红也不打断),0.50,0,0,0,1346,0,0,1360,0,0.1822
20260918,E 一直黑(不给红也不打断),0.52,0,0,0,1346,0,0,1360,0,0.1769
20260918,E 一直黑(不给红也不打断),0.54,0,0,0,1346,0,0,1360,0,0.1694
20260918,E 一直黑(不给红也不打断),0.56,0,0,0,1346,0,0,1360,0,0.1595
20260918,E 一直黑(不给红也不打断),0.58,0,0,0,1346,0,0,1360,0,0.1468
20260918,E 一直黑(不给红也不打断),0.60,0,0,0,1346,0,0,1360,0,0.1360
20260918,E 一直黑(不给红也不打断),0.62,0,0,0,1346,0,0,1360,0,0.1389
20260918,E 一直黑(不给红也不打断),0.64,0,0,0,1346,0,0,1360,5,0.1496
20260918,E 一直黑(不给红也不打断),0.66,0,0,0,1346,0,0,1360,1,0.1586
20260918,E 一直黑(不给红也不打断),0.68,0,0,0,1346,0,0,1360,0,0.1637
20260918,E 一直黑(不给红也不打断),0.70,0,0,0,1346,0,0,1360,0,0.1647
20260918,E 一直黑(不给红也不打断),0.72,0,0,0,1346,0,0,1360,0,0.1618
20260918,E 一直黑(不给红也不打断),0.74,0,0,0,1346,0,0,1360,0,0.1552
20260918,E 一直黑(不给红也不打断),0.76,0,0,0,1346,0,0,1360,0,0.1535
20260918,E 一直黑(不给红也不打断),0.78,0,0,0,1346,0,0,1360,0,0.1547
20260918,E 一直黑(不给红也不打断),0.80,0,0,0,1346,0,0,1360,0,0.1550
20260918,E 一直黑(不给红也不打断),0.82,0,0,0,1346,1,3,1360,4,0.1548
20260918,E 一直黑(不给红也不打断),0.84,0,0,0,1346,1,3,1360,4,0.1547
20260918,E 一直黑(不给红也不打断),0.86,0,0,0,1346,1,3,1360,4,0.1545
20260918,E 一直黑(不给红也不打断),0.88,0,0,0,1346,1,3,1360,4,0.1540
20260918,E 一直黑(不给红也不打断),0.90,0,0,0,1346,1,3,1360,4,0.1533
20260918,E 一直黑(不给红也不打断),0.92,0,0,0,1346,1,3,1360,4,0.1523
20260918,E 一直黑(不给红也不打断),0.94,0,0,0,1346,1,3,1360,4,0.1510
20260918,E 一直黑(不给红也不打断),0.96,0,0,0,1346,1,3,1360,4,0.1493
20260918,E 一直黑(不给红也不打断),0.98,0,0,0,1346,1,3,1360,4,0.1472
20260918,E 一直黑(不给红也不打断),1.00,0,0,0,1346,1,3,1360,4,0.1446
20260918,E 一直黑(不给红也不打断),1.02,0,0,0,1346,0,0,1360,0,0.1407
20260918,E 一直黑(不给红也不打断),1.04,0,0,0,1346,1,3,1360,4,0.1365
20260918,E 一直黑(不给红也不打断),1.06,0,0,0,1346,1,1,1360,1,0.1308
20260918,E 一直黑(不给红也不打断),1.08,0,0,0,1346,1,3,1360,4,0.1236
20260918,E 一直黑(不给红也不打断),1.10,0,0,0,1346,1,1,1360,1,0.1146
20260918,E 一直黑(不给红也不打断),1.12,0,0,0,1346,1,1,1360,1,0.1034
20260918,E 一直黑(不给红也不打断),1.14,0,0,0,1346,1,1,1360,1,0.0896
20260918,E 一直黑(不给红也不打断),1.16,0,0,0,1346,1,1,1360,1,0.0726
20260918,E 一直黑(不给红也不打断),1.18,0,0,0,1346,1,1,1360,1,0.0551
20260918,E 一直黑(不给红也不打断),1.20,0,0,0,1346,1,1,1360,1,0.0548
20260918,E 一直黑(不给红也不打断),1.22,0,0,0,1346,1,2,1360,2,0.0601
20260918,E 一直黑(不给红也不打断),1.24,0,0,0,1346,1,2,1360,2,0.0641
20260918,E 一直黑(不给红也不打断),1.26,0,0,0,1346,1,2,1360,2,0.0657
20260918,E 一直黑(不给红也不打断),1.28,0,0,0,1346,1,2,1360,2,0.0649
20260918,E 一直黑(不给红也不打断),1.30,0,0,0,1346,1,2,1360,2,0.0620
20260918,E 一直黑(不给红也不打断),1.32,0,0,0,1346,1,2,1360,2,0.0601
20260918,E 一直黑(不给红也不打断),1.34,0,0,0,1346,1,2,1360,4,0.0582
20260918,E 一直黑(不给红也不打断),1.36,0,0,0,1346,1,2,1360,4,0.0578
20260918,E 一直黑(不给红也不打断),1.38,0,0,0,1346,1,2,1360,2,0.0594
20260918,E 一直黑(不给红也不打断),1.40,0,0,0,1346,1,2,1360,4,0.0608
20260918,E 一直黑(不给红也不打断),1.42,0,0,0,1346,1,2,1360,2,0.0615
20260918,E 一直黑(不给红也不打断),1.44,0,0,0,1346,1,2,1360,2,0.0617
20260918,E 一直黑(不给红也不打断),1.46,0,0,0,1346,1,2,1360,2,0.0614
20260918,E 一直黑(不给红也不打断),1.48,0,0,0,1346,1,2,1360,2,0.0606
20260918,E 一直黑(不给红也不打断),1.50,0,0,0,1346,1,2,1360,2,0.0595
20260918,E 一直黑(不给红也不打断),1.52,0,0,0,1346,1,2,1360,2,0.0579
20260918,E 一直黑(不给红也不打断),1.54,0,0,0,1346,1,2,1360,2,0.0578
20260918,E 一直黑(不给红也不打断),1.56,0,0,0,1346,1,2,1360,2,0.0588
20260918,E 一直黑(不给红也不打断),1.58,0,0,0,1346,1,3,1360,3,0.0594
20260918,E 一直黑(不给红也不打断),1.60,0,0,0,1346,1,3,1360,3,0.0595
20260918,E 一直黑(不给红也不打断),1.62,0,0,0,1346,1,3,1360,3,0.0591
20260918,E 一直黑(不给红也不打断),1.64,0,0,0,1346,1,3,1360,3,0.0582
20260918,E 一直黑(不给红也不打断),1.66,0,0,0,1346,1,3,1360,3,0.0577
20260918,E 一直黑(不给红也不打断),1.68,0,0,0,1346,1,3,1360,3,0.0582
20260918,E 一直黑(不给红也不打断),1.70,0,0,0,1346,1,3,1360,3,0.0584
20260918,E 一直黑(不给红也不打断),1.72,0,0,0,1346,1,3,1360,3,0.0580
20260918,E 一直黑(不给红也不打断),1.74,0,0,0,1346,1,3,1360,3,0.0577
20260918,E 一直黑(不给红也不打断),1.76,0,0,0,1346,1,3,1360,3,0.0578
20260918,E 一直黑(不给红也不打断),1.78,0,0,0,1346,1,3,1360,3,0.0578
20260918,E 一直黑(不给红也不打断),1.80,0,0,0,1346,1,3,1360,3,0.0579
20260918,E 一直黑(不给红也不打断),1.82,0,0,0,1346,1,3,1360,3,0.0594
20260918,E 一直黑(不给红也不打断),1.84,0,0,0,1346,1,3,1360,5,0.0600
20260918,E 一直黑(不给红也不打断),1.86,0,0,0,1346,1,3,1360,5,0.0580
20260918,E 一直黑(不给红也不打断),1.88,0,0,0,1346,1,3,1360,5,0.0568
20260918,E 一直黑(不给红也不打断),1.90,0,0,0,1346,1,3,1360,5,0.0571
20260918,E 一直黑(不给红也不打断),1.92,0,0,0,1346,1,3,1360,5,0.0575
20260918,E 一直黑(不给红也不打断),1.94,0,0,0,1346,1,3,1360,5,0.0577
20260918,E 一直黑(不给红也不打断),1.96,0,0,0,1346,1,3,1360,5,0.0578
20260918,E 一直黑(不给红也不打断),1.98,0,0,0,1346,1,3,1360,5,0.0579
20260918,E 一直黑(不给红也不打断),2.00,0,0,0,1346,1,3,1360,5,0.0579
20260918,E 一直黑(不给红也不打断),2.02,0,0,0,1346,1,3,1360,4,0.0579
20260918,E 一直黑(不给红也不打断),2.04,0,0,0,1346,1,3,1360,4,0.0579
20260918,E 一直黑(不给红也不打断),2.06,0,0,0,1346,1,3,1360,4,0.0579
20260918,E 一直黑(不给红也不打断),2.08,0,0,0,1346,1,3,1360,4,0.0579
20260918,E 一直黑(不给红也不打断),2.10,0,0,0,1346,1,3,1360,4,0.0579
20260918,E 一直黑(不给红也不打断),2.12,0,0,0,1346,1,3,1360,4,0.0579
20260918,E 一直黑(不给红也不打断),2.14,0,0,0,1346,1,3,1360,4,0.0579
20260918,E 一直黑(不给红也不打断),2.16,0,0,0,1346,1,3,1360,4,0.0579
20260918,E 一直黑(不给红也不打断),2.18,0,0,0,1346,1,3,1360,4,0.0579
20260918,E 一直黑(不给红也不打断),2.20,0,0,0,1346,1,3,1360,4,0.0579
20260918,E 一直黑(不给红也不打断),2.22,0,0,0,1346,1,3,1360,4,0.0579
20260918,E 一直黑(不给红也不打断),2.24,0,0,0,1346,1,3,1360,4,0.0579
20260918,E 一直黑(不给红也不打断),2.26,0,0,0,1346,1,3,1360,4,0.0579
20260918,E 一直黑(不给红也不打断),2.28,0,0,0,1346,1,3,1360,4,0.0579
20260918,E 一直黑(不给红也不打断),2.30,0,0,0,1346,1,3,1360,4,0.0579
20260918,E 一直黑(不给红也不打断),2.32,0,0,0,1346,1,3,1360,3,0.0579
20260918,E 一直黑(不给红也不打断),2.34,0,0,0,1346,1,3,1360,3,0.0579
20260918,E 一直黑(不给红也不打断),2.36,0,0,0,1346,1,3,1360,3,0.0579
20260918,E 一直黑(不给红也不打断),2.38,0,0,0,1346,1,3,1360,3,0.0579
20260918,E 一直黑(不给红也不打断),2.40,0,0,0,1346,1,3,1360,3,0.0579
20260918,E 一直黑(不给红也不打断),2.42,0,0,0,1346,1,3,1360,3,0.0579
20260918,E 一直黑(不给红也不打断),2.44,0,0,0,1346,1,3,1360,3,0.0579
20260918,E 一直黑(不给红也不打断),2.46,0,0,0,1346,1,3,1360,3,0.0579
20260918,E 一直黑(不给红也不打断),2.48,0,0,0,1346,1,3,1360,3,0.0579
20260918,E 一直黑(不给红也不打断),2.50,0,0,0,1346,1,3,1360,3,0.0579
20260918,E 一直黑(不给红也不打断),2.52,0,0,0,1346,1,3,1360,3,0.0579
20260918,E 一直黑(不给红也不打断),2.54,0,0,0,1346,1,3,1360,3,0.0579
20260918,E 一直黑(不给红也不打断),2.56,0,0,0,1346,1,3,1360,3,0.0579
20260918,E 一直黑(不给红也不打断),2.58,0,0,0,1346,1,3,1360,3,0.0579
20260918,E 一直黑(不给红也不打断),2.60,0,0,0,1346,1,3,1360,3,0.0579
20260918,E 一直黑(不给红也不打断),2.62,0,0,0,1346,1,3,1360,3,0.0579
20260918,E 一直黑(不给红也不打断),2.64,0,0,0,1346,1,3,1360,3,0.0579
20260918,E 一直黑(不给红也不打断),2.66,0,0,0,1346,1,3,1360,3,0.0579
20260918,E 一直黑(不给红也不打断),2.68,0,0,0,1346,1,3,1360,3,0.0579
20260918,E 一直黑(不给红也不打断),2.70,0,0,0,1346,1,3,1360,3,0.0579
20260918,E 一直黑(不给红也不打断),2.72,0,0,0,1346,1,3,1360,3,0.0579
20260918,E 一直黑(不给红也不打断),2.74,0,0,0,1346,1,3,1360,3,0.0579
20260918,E 一直黑(不给红也不打断),2.76,0,0,0,1346,1,3,1360,3,0.0579
20260918,E 一直黑(不给红也不打断),2.78,0,0,0,1346,1,3,1360,3,0.0579
20260918,E 一直黑(不给红也不打断),2.80,0,0,0,1346,1,3,1360,3,0.0579
20260918,E 一直黑(不给红也不打断),2.82,0,0,0,1346,1,3,1360,3,0.0579
20260918,E 一直黑(不给红也不打断),2.84,0,0,0,1346,1,3,1360,3,0.0579
20260918,E 一直黑(不给红也不打断),2.86,0,0,0,1346,1,3,1360,3,0.0579
20260918,E 一直黑(不给红也不打断),2.88,0,0,0,1346,1,3,1360,3,0.0579
20260918,E 一直黑(不给红也不打断),2.90,0,0,0,1346,1,3,1360,3,0.0579
20260918,E 一直黑(不给红也不打断),2.92,0,0,0,1346,1,3,1360,3,0.0579
20260918,E 一直黑(不给红也不打断),2.94,0,0,0,1346,1,3,1360,3,0.0579
20260918,E 一直黑(不给红也不打断),2.96,0,0,0,1346,1,3,1360,3,0.0579
20260918,E 一直黑(不给红也不打断),2.98,0,0,0,1346,1,3,1360,3,0.0579
