父代 64 只，来自筛选台账（走得最远那只 1.608 米）
要跑 5000 只：每只固定 10 秒、open 场地、8 个进程；写进 artifacts\题1f_十秒赛5000.jsonl
    0  走满窗口      1.348 米 /  10.0 秒  0.135 米/秒  直立最低 0.998  本机 26 秒
    1  走满窗口      1.305 米 /  10.0 秒  0.130 米/秒  直立最低 0.995  本机 25 秒
    2  走满窗口      1.393 米 /  10.0 秒  0.139 米/秒  直立最低 0.998  本机 25 秒
    3  走满窗口      1.333 米 /  10.0 秒  0.133 米/秒  直立最低 0.996  本机 26 秒
    4  走满窗口      1.144 米 /  10.0 秒  0.114 米/秒  直立最低 0.991  本机 26 秒
    5  走满窗口      1.140 米 /  10.0 秒  0.114 米/秒  直立最低 0.998  本机 26 秒
    6  走满窗口      1.347 米 /  10.0 秒  0.135 米/秒  直立最低 0.996  本机 26 秒
    7  走满窗口      1.285 米 /  10.0 秒  0.128 米/秒  直立最低 0.998  本机 25 秒
    8  走满窗口      1.288 米 /  10.0 秒  0.129 米/秒  直立最低 0.997  本机 23 秒
    9  走满窗口      1.327 米 /  10.0 秒  0.133 米/秒  直立最低 0.998  本机 22 秒
   10  走满窗口      0.645 米 /  10.0 秒  0.064 米/秒  直立最低 0.992  本机 22 秒
   11  走满窗口      1.142 米 /  10.0 秒  0.114 米/秒  直立最低 0.998  本机 22 秒
   12  走满窗口      1.263 米 /  10.0 秒  0.126 米/秒  直立最低 0.995  本机 22 秒
   13  走满窗口      1.286 米 /  10.0 秒  0.129 米/秒  直立最低 0.994  本机 22 秒
   14  走满窗口      1.271 米 /  10.0 秒  0.127 米/秒  直立最低 0.995  本机 23 秒
   15  走满窗口      1.258 米 /  10.0 秒  0.126 米/秒  直立最低 0.996  本机 22 秒
   16  走满窗口      1.364 米 /  10.0 秒  0.136 米/秒  直立最低 0.998  本机 23 秒
   17  走满窗口      1.206 米 /  10.0 秒  0.121 米/秒  直立最低 0.996  本机 22 秒
   18  走满窗口      1.045 米 /  10.0 秒  0.104 米/秒  直立最低 0.992  本机 23 秒
   19  走满窗口      1.086 米 /  10.0 秒  0.109 米/秒  直立最低 0.997  本机 23 秒
   20  走满窗口      1.374 米 /  10.0 秒  0.137 米/秒  直立最低 0.997  本机 22 秒
   21  走满窗口      1.330 米 /  10.0 秒  0.133 米/秒  直立最低 0.998  本机 23 秒
   22  走满窗口      1.059 米 /  10.0 秒  0.106 米/秒  直立最低 0.998  本机 22 秒
   23  走满窗口      1.104 米 /  10.0 秒  0.110 米/秒  直立最低 0.995  本机 22 秒
   24  走满窗口      1.366 米 /  10.0 秒  0.137 米/秒  直立最低 0.997  本机 22 秒
   25  走满窗口      1.208 米 /  10.0 秒  0.121 米/秒  直立最低 0.998  本机 22 秒
   26  走满窗口      1.293 米 /  10.0 秒  0.129 米/秒  直立最低 0.996  本机 23 秒
   27  走满窗口      1.374 米 /  10.0 秒  0.137 米/秒  直立最低 0.998  本机 23 秒
   28  走满窗口      1.240 米 /  10.0 秒  0.124 米/秒  直立最低 0.998  本机 22 秒
   29  走满窗口      1.129 米 /  10.0 秒  0.113 米/秒  直立最低 0.995  本机 22 秒
   30  走满窗口      1.371 米 /  10.0 秒  0.137 米/秒  直立最低 0.996  本机 22 秒
   31  走满窗口      1.306 米 /  10.0 秒  0.131 米/秒  直立最低 0.998  本机 22 秒
   32  走满窗口      1.205 米 /  10.0 秒  0.120 米/秒  直立最低 0.996  本机 22 秒
   33  走满窗口      1.243 米 /  10.0 秒  0.124 米/秒  直立最低 0.994  本机 23 秒
   34  走满窗口      1.212 米 /  10.0 秒  0.121 米/秒  直立最低 0.996  本机 22 秒
   35  走满窗口      1.323 米 /  10.0 秒  0.132 米/秒  直立最低 0.992  本机 22 秒
   36  走满窗口      1.129 米 /  10.0 秒  0.113 米/秒  直立最低 0.998  本机 22 秒
   37  走满窗口      1.116 米 /  10.0 秒  0.112 米/秒  直立最低 0.992  本机 23 秒
   38  走满窗口      1.325 米 /  10.0 秒  0.132 米/秒  直立最低 0.998  本机 23 秒
   39  走满窗口      0.939 米 /  10.0 秒  0.094 米/秒  直立最低 0.995  本机 22 秒
   40  走满窗口      0.884 米 /  10.0 秒  0.088 米/秒  直立最低 0.994  本机 22 秒
   41  走满窗口      1.386 米 /  10.0 秒  0.139 米/秒  直立最低 0.998  本机 22 秒
   42  走满窗口      1.134 米 /  10.0 秒  0.113 米/秒  直立最低 0.994  本机 22 秒
   43  走满窗口      1.288 米 /  10.0 秒  0.129 米/秒  直立最低 0.995  本机 23 秒
   44  走满窗口      1.347 米 /  10.0 秒  0.135 米/秒  直立最低 0.998  本机 22 秒
   45  走满窗口      1.281 米 /  10.0 秒  0.128 米/秒  直立最低 0.994  本机 23 秒
   46  走满窗口      1.263 米 /  10.0 秒  0.126 米/秒  直立最低 0.994  本机 23 秒
   47  走满窗口      1.305 米 /  10.0 秒  0.131 米/秒  直立最低 0.998  本机 23 秒
   48  走满窗口      1.346 米 /  10.0 秒  0.135 米/秒  直立最低 0.996  本机 23 秒
   49  走满窗口      1.234 米 /  10.0 秒  0.123 米/秒  直立最低 0.997  本机 23 秒
   50  走满窗口      1.389 米 /  10.0 秒  0.139 米/秒  直立最低 0.998  本机 23 秒
   51  走满窗口      1.361 米 /  10.0 秒  0.136 米/秒  直立最低 0.995  本机 23 秒
   52  走满窗口      1.350 米 /  10.0 秒  0.135 米/秒  直立最低 0.998  本机 23 秒
   53  走满窗口      1.256 米 /  10.0 秒  0.126 米/秒  直立最低 0.995  本机 22 秒
   54  走满窗口      1.015 米 /  10.0 秒  0.102 米/秒  直立最低 0.998  本机 23 秒
   55  走满窗口      0.600 米 /  10.0 秒  0.060 米/秒  直立最低 0.993  本机 23 秒
   56  走满窗口      1.236 米 /  10.0 秒  0.124 米/秒  直立最低 0.995  本机 23 秒
   57  走满窗口      1.400 米 /  10.0 秒  0.140 米/秒  直立最低 0.998  本机 23 秒
   58  走满窗口      1.287 米 /  10.0 秒  0.129 米/秒  直立最低 0.994  本机 23 秒
   59  走满窗口      1.243 米 /  10.0 秒  0.124 米/秒  直立最低 0.995  本机 23 秒
   60  走满窗口      1.109 米 /  10.0 秒  0.111 米/秒  直立最低 0.995  本机 23 秒
   61  走满窗口      1.257 米 /  10.0 秒  0.126 米/秒  直立最低 0.994  本机 23 秒
   62  走满窗口      1.301 米 /  10.0 秒  0.130 米/秒  直立最低 0.994  本机 23 秒
   63  走满窗口      1.348 米 /  10.0 秒  0.135 米/秒  直立最低 0.998  本机 23 秒
   64  走满窗口      1.590 米 /  10.0 秒  0.159 米/秒  直立最低 0.997  本机 22 秒
   65  走满窗口      1.362 米 /  10.0 秒  0.136 米/秒  直立最低 0.998  本机 23 秒
   66  走满窗口      0.551 米 /  10.0 秒  0.055 米/秒  直立最低 0.996  本机 22 秒
   67  走满窗口      1.309 米 /  10.0 秒  0.131 米/秒  直立最低 0.998  本机 23 秒
   68  走满窗口      1.309 米 /  10.0 秒  0.131 米/秒  直立最低 0.997  本机 23 秒
   69  走满窗口      1.264 米 /  10.0 秒  0.126 米/秒  直立最低 0.995  本机 22 秒
   70  走满窗口      1.317 米 /  10.0 秒  0.132 米/秒  直立最低 0.998  本机 22 秒
   71  走满窗口      1.297 米 /  10.0 秒  0.130 米/秒  直立最低 0.998  本机 23 秒
   72  走满窗口      1.033 米 /  10.0 秒  0.103 米/秒  直立最低 0.998  本机 23 秒
   73  走满窗口      1.194 米 /  10.0 秒  0.119 米/秒  直立最低 0.996  本机 22 秒
   74  走满窗口      1.094 米 /  10.0 秒  0.109 米/秒  直立最低 0.997  本机 22 秒
   75  走满窗口      1.072 米 /  10.0 秒  0.107 米/秒  直立最低 0.998  本机 22 秒
   76  走满窗口      1.084 米 /  10.0 秒  0.108 米/秒  直立最低 0.995  本机 22 秒
   77  走满窗口      1.384 米 /  10.0 秒  0.138 米/秒  直立最低 0.998  本机 22 秒
   78  走满窗口      1.267 米 /  10.0 秒  0.127 米/秒  直立最低 0.998  本机 22 秒
   79  走满窗口      1.257 米 /  10.0 秒  0.126 米/秒  直立最低 0.998  本机 23 秒
   80  走满窗口      1.454 米 /  10.0 秒  0.145 米/秒  直立最低 0.998  本机 22 秒
   81  走满窗口      1.374 米 /  10.0 秒  0.137 米/秒  直立最低 0.998  本机 22 秒
   82  走满窗口      1.269 米 /  10.0 秒  0.127 米/秒  直立最低 0.997  本机 22 秒
   83  走满窗口      1.353 米 /  10.0 秒  0.135 米/秒  直立最低 0.998  本机 22 秒
   84  走满窗口      0.854 米 /  10.0 秒  0.085 米/秒  直立最低 0.993  本机 23 秒
   85  走满窗口      1.276 米 /  10.0 秒  0.128 米/秒  直立最低 0.998  本机 23 秒
   86  走满窗口      1.117 米 /  10.0 秒  0.112 米/秒  直立最低 0.998  本机 23 秒
   87  走满窗口      1.274 米 /  10.0 秒  0.127 米/秒  直立最低 0.995  本机 23 秒
   88  走满窗口      1.257 米 /  10.0 秒  0.126 米/秒  直立最低 0.995  本机 22 秒
   89  走满窗口      1.294 米 /  10.0 秒  0.129 米/秒  直立最低 0.994  本机 22 秒
   90  走满窗口      1.023 米 /  10.0 秒  0.102 米/秒  直立最低 0.998  本机 22 秒
   91  走满窗口      0.747 米 /  10.0 秒  0.075 米/秒  直立最低 0.995  本机 22 秒
   92  走满窗口      1.342 米 /  10.0 秒  0.134 米/秒  直立最低 0.998  本机 22 秒
   93  走满窗口      0.974 米 /  10.0 秒  0.097 米/秒  直立最低 0.997  本机 22 秒
   94  走满窗口      1.316 米 /  10.0 秒  0.132 米/秒  直立最低 0.998  本机 22 秒
   95  走满窗口      0.374 米 /  10.0 秒  0.037 米/秒  直立最低 1.000  本机 23 秒
   96  走满窗口      1.259 米 /  10.0 秒  0.126 米/秒  直立最低 0.995  本机 23 秒
   97  走满窗口      1.251 米 /  10.0 秒  0.125 米/秒  直立最低 0.994  本机 23 秒
   98  走满窗口      1.264 米 /  10.0 秒  0.126 米/秒  直立最低 0.995  本机 23 秒
   99  走满窗口      1.111 米 /  10.0 秒  0.111 米/秒  直立最低 0.996  本机 23 秒
  100  走满窗口      1.045 米 /  10.0 秒  0.105 米/秒  直立最低 0.998  本机 23 秒
  101  走满窗口      1.089 米 /  10.0 秒  0.109 米/秒  直立最低 0.998  本机 23 秒
  102  走满窗口      1.246 米 /  10.0 秒  0.125 米/秒  直立最低 0.998  本机 23 秒
  103  走满窗口      0.471 米 /  10.0 秒  0.047 米/秒  直立最低 0.992  本机 23 秒
  104  走满窗口      1.385 米 /  10.0 秒  0.139 米/秒  直立最低 0.998  本机 23 秒
  105  走满窗口      1.279 米 /  10.0 秒  0.128 米/秒  直立最低 0.994  本机 23 秒
  106  走满窗口      1.360 米 /  10.0 秒  0.136 米/秒  直立最低 0.998  本机 23 秒
  107  走满窗口      1.327 米 /  10.0 秒  0.133 米/秒  直立最低 0.994  本机 23 秒
  108  走满窗口      1.169 米 /  10.0 秒  0.117 米/秒  直立最低 0.997  本机 23 秒
  109  走满窗口      1.248 米 /  10.0 秒  0.125 米/秒  直立最低 0.995  本机 23 秒
  110  走满窗口      1.331 米 /  10.0 秒  0.133 米/秒  直立最低 0.998  本机 23 秒
  111  走满窗口      1.294 米 /  10.0 秒  0.129 米/秒  直立最低 0.997  本机 22 秒
  112  走满窗口      1.182 米 /  10.0 秒  0.118 米/秒  直立最低 0.998  本机 23 秒
  113  走满窗口      0.459 米 /  10.0 秒  0.046 米/秒  直立最低 0.994  本机 23 秒
  114  走满窗口      1.274 米 /  10.0 秒  0.127 米/秒  直立最低 0.998  本机 23 秒
  115  走满窗口      1.291 米 /  10.0 秒  0.129 米/秒  直立最低 0.997  本机 23 秒
  116  走满窗口      0.748 米 /  10.0 秒  0.075 米/秒  直立最低 0.992  本机 23 秒
  117  走满窗口      1.003 米 /  10.0 秒  0.100 米/秒  直立最低 0.998  本机 22 秒
  118  走满窗口      1.364 米 /  10.0 秒  0.136 米/秒  直立最低 0.998  本机 23 秒
  119  走满窗口      1.261 米 /  10.0 秒  0.126 米/秒  直立最低 0.995  本机 23 秒
  120  走满窗口      1.312 米 /  10.0 秒  0.131 米/秒  直立最低 0.998  本机 22 秒
  121  走满窗口      1.283 米 /  10.0 秒  0.128 米/秒  直立最低 0.996  本机 23 秒
  122  走满窗口      1.340 米 /  10.0 秒  0.134 米/秒  直立最低 0.998  本机 23 秒
  123  走满窗口      1.263 米 /  10.0 秒  0.126 米/秒  直立最低 0.998  本机 22 秒
  124  走满窗口      1.167 米 /  10.0 秒  0.117 米/秒  直立最低 0.998  本机 23 秒
  125  走满窗口      1.272 米 /  10.0 秒  0.127 米/秒  直立最低 0.998  本机 23 秒
  126  走满窗口      1.225 米 /  10.0 秒  0.123 米/秒  直立最低 0.998  本机 23 秒
  127  走满窗口      1.127 米 /  10.0 秒  0.113 米/秒  直立最低 0.998  本机 23 秒
  128  走满窗口      1.296 米 /  10.0 秒  0.130 米/秒  直立最低 0.994  本机 23 秒
  129  走满窗口      1.246 米 /  10.0 秒  0.125 米/秒  直立最低 0.995  本机 23 秒
  130  走满窗口      1.305 米 /  10.0 秒  0.130 米/秒  直立最低 0.998  本机 23 秒
  131  走满窗口      1.325 米 /  10.0 秒  0.133 米/秒  直立最低 0.998  本机 22 秒
  132  走满窗口      1.343 米 /  10.0 秒  0.134 米/秒  直立最低 0.998  本机 22 秒
  133  走满窗口      1.279 米 /  10.0 秒  0.128 米/秒  直立最低 0.998  本机 22 秒
  134  走满窗口      1.292 米 /  10.0 秒  0.129 米/秒  直立最低 0.994  本机 23 秒
  135  走满窗口      1.076 米 /  10.0 秒  0.108 米/秒  直立最低 0.998  本机 22 秒
  136  没建出来：ValueError: structural lower bounds exceed an incoming budget
  137  走满窗口      1.259 米 /  10.0 秒  0.126 米/秒  直立最低 0.995  本机 23 秒
  138  走满窗口      1.184 米 /  10.0 秒  0.118 米/秒  直立最低 0.998  本机 22 秒
  139  走满窗口      1.251 米 /  10.0 秒  0.125 米/秒  直立最低 0.995  本机 23 秒
  140  走满窗口      1.555 米 /  10.0 秒  0.156 米/秒  直立最低 0.997  本机 22 秒
  141  走满窗口      1.483 米 /  10.0 秒  0.148 米/秒  直立最低 0.997  本机 22 秒
  142  走满窗口      1.357 米 /  10.0 秒  0.136 米/秒  直立最低 0.998  本机 22 秒
  143  走满窗口      1.240 米 /  10.0 秒  0.124 米/秒  直立最低 0.998  本机 23 秒
  144  没建出来：ValueError: structural lower bounds exceed an incoming budget
  145  走满窗口      1.440 米 /  10.0 秒  0.144 米/秒  直立最低 0.997  本机 22 秒
  146  走满窗口      1.241 米 /  10.0 秒  0.124 米/秒  直立最低 0.995  本机 23 秒
  147  走满窗口      1.386 米 /  10.0 秒  0.139 米/秒  直立最低 0.998  本机 23 秒
  148  走满窗口      1.333 米 /  10.0 秒  0.133 米/秒  直立最低 0.998  本机 23 秒
  149  走满窗口      1.311 米 /  10.0 秒  0.131 米/秒  直立最低 0.998  本机 23 秒
  150  走满窗口      1.246 米 /  10.0 秒  0.125 米/秒  直立最低 0.995  本机 22 秒
  151  走满窗口      1.096 米 /  10.0 秒  0.110 米/秒  直立最低 0.993  本机 22 秒
  152  走满窗口      1.099 米 /  10.0 秒  0.110 米/秒  直立最低 0.997  本机 22 秒
  153  走满窗口      1.356 米 /  10.0 秒  0.136 米/秒  直立最低 0.998  本机 22 秒
  154  走满窗口      1.581 米 /  10.0 秒  0.158 米/秒  直立最低 0.997  本机 23 秒
  155  走满窗口      1.256 米 /  10.0 秒  0.126 米/秒  直立最低 0.994  本机 22 秒
  156  走满窗口      1.252 米 /  10.0 秒  0.125 米/秒  直立最低 0.996  本机 22 秒
  157  走满窗口      0.981 米 /  10.0 秒  0.098 米/秒  直立最低 0.997  本机 22 秒
  158  走满窗口      1.268 米 /  10.0 秒  0.127 米/秒  直立最低 0.994  本机 22 秒
  159  走满窗口      1.311 米 /  10.0 秒  0.131 米/秒  直立最低 0.991  本机 23 秒
  160  走满窗口      1.049 米 /  10.0 秒  0.105 米/秒  直立最低 0.998  本机 23 秒
  161  走满窗口      1.340 米 /  10.0 秒  0.134 米/秒  直立最低 0.998  本机 23 秒
  162  走满窗口      1.248 米 /  10.0 秒  0.125 米/秒  直立最低 0.995  本机 22 秒
  163  走满窗口      1.304 米 /  10.0 秒  0.130 米/秒  直立最低 0.996  本机 23 秒
  164  走满窗口      1.551 米 /  10.0 秒  0.155 米/秒  直立最低 0.997  本机 23 秒
  165  走满窗口      1.558 米 /  10.0 秒  0.156 米/秒  直立最低 0.998  本机 22 秒
  166  走满窗口      1.277 米 /  10.0 秒  0.128 米/秒  直立最低 0.998  本机 22 秒
  167  走满窗口      0.703 米 /  10.0 秒  0.070 米/秒  直立最低 0.997  本机 23 秒
  168  走满窗口      1.256 米 /  10.0 秒  0.126 米/秒  直立最低 0.995  本机 22 秒
  169  走满窗口      1.475 米 /  10.0 秒  0.147 米/秒  直立最低 0.991  本机 23 秒
  170  走满窗口      1.334 米 /  10.0 秒  0.133 米/秒  直立最低 0.998  本机 23 秒
  171  走满窗口      1.345 米 /  10.0 秒  0.134 米/秒  直立最低 0.998  本机 22 秒
  172  走满窗口      1.298 米 /  10.0 秒  0.130 米/秒  直立最低 0.995  本机 23 秒
  173  走满窗口      1.277 米 /  10.0 秒  0.128 米/秒  直立最低 0.997  本机 22 秒
  174  走满窗口      1.337 米 /  10.0 秒  0.134 米/秒  直立最低 0.998  本机 23 秒
  175  走满窗口      1.195 米 /  10.0 秒  0.119 米/秒  直立最低 0.996  本机 22 秒
  176  走满窗口      1.258 米 /  10.0 秒  0.126 米/秒  直立最低 0.995  本机 23 秒
  177  走满窗口      1.251 米 /  10.0 秒  0.125 米/秒  直立最低 0.995  本机 23 秒
  178  走满窗口      1.045 米 /  10.0 秒  0.104 米/秒  直立最低 0.998  本机 23 秒
  179  走满窗口      1.361 米 /  10.0 秒  0.136 米/秒  直立最低 0.998  本机 22 秒
  180  走满窗口      1.228 米 /  10.0 秒  0.123 米/秒  直立最低 0.998  本机 23 秒
  181  走满窗口      1.113 米 /  10.0 秒  0.111 米/秒  直立最低 0.998  本机 22 秒
  182  走满窗口      1.300 米 /  10.0 秒  0.130 米/秒  直立最低 0.995  本机 22 秒
  183  走满窗口      1.274 米 /  10.0 秒  0.127 米/秒  直立最低 0.994  本机 23 秒
  184  走满窗口      1.340 米 /  10.0 秒  0.134 米/秒  直立最低 0.998  本机 22 秒
  185  走满窗口      1.355 米 /  10.0 秒  0.135 米/秒  直立最低 0.998  本机 22 秒
  186  走满窗口      1.147 米 /  10.0 秒  0.115 米/秒  直立最低 0.993  本机 22 秒
  187  走满窗口      1.042 米 /  10.0 秒  0.104 米/秒  直立最低 0.998  本机 22 秒
  188  走满窗口      1.239 米 /  10.0 秒  0.124 米/秒  直立最低 0.991  本机 23 秒
  189  走满窗口      1.261 米 /  10.0 秒  0.126 米/秒  直立最低 0.998  本机 22 秒
  190  走满窗口      1.278 米 /  10.0 秒  0.128 米/秒  直立最低 0.994  本机 22 秒
  191  走满窗口      1.089 米 /  10.0 秒  0.109 米/秒  直立最低 0.998  本机 23 秒
  192  走满窗口      1.348 米 /  10.0 秒  0.135 米/秒  直立最低 0.998  本机 23 秒
  193  走满窗口      1.333 米 /  10.0 秒  0.133 米/秒  直立最低 0.998  本机 23 秒
  194  走满窗口      0.534 米 /  10.0 秒  0.053 米/秒  直立最低 0.997  本机 23 秒
  195  走满窗口      1.245 米 /  10.0 秒  0.124 米/秒  直立最低 0.995  本机 23 秒
  196  走满窗口      1.247 米 /  10.0 秒  0.125 米/秒  直立最低 0.995  本机 23 秒
  197  走满窗口      1.136 米 /  10.0 秒  0.114 米/秒  直立最低 0.997  本机 23 秒
  198  走满窗口      1.357 米 /  10.0 秒  0.136 米/秒  直立最低 0.998  本机 23 秒
  199  走满窗口      1.093 米 /  10.0 秒  0.109 米/秒  直立最低 0.993  本机 23 秒
  200  走满窗口      1.235 米 /  10.0 秒  0.124 米/秒  直立最低 0.995  本机 23 秒
  201  走满窗口      1.013 米 /  10.0 秒  0.101 米/秒  直立最低 0.998  本机 23 秒
  202  走满窗口      1.015 米 /  10.0 秒  0.101 米/秒  直立最低 0.997  本机 23 秒
  203  走满窗口      1.385 米 /  10.0 秒  0.139 米/秒  直立最低 0.998  本机 23 秒
  204  走满窗口      1.272 米 /  10.0 秒  0.127 米/秒  直立最低 0.995  本机 23 秒
  205  走满窗口      1.289 米 /  10.0 秒  0.129 米/秒  直立最低 0.994  本机 23 秒
  206  走满窗口      1.327 米 /  10.0 秒  0.133 米/秒  直立最低 0.998  本机 23 秒
  207  走满窗口      1.632 米 /  10.0 秒  0.163 米/秒  直立最低 0.997  本机 23 秒
  208  走满窗口      1.320 米 /  10.0 秒  0.132 米/秒  直立最低 0.998  本机 22 秒
  209  走满窗口      1.251 米 /  10.0 秒  0.125 米/秒  直立最低 0.995  本机 23 秒
  210  走满窗口      1.300 米 /  10.0 秒  0.130 米/秒  直立最低 0.998  本机 23 秒
  211  走满窗口      0.488 米 /  10.0 秒  0.049 米/秒  直立最低 0.992  本机 22 秒
  212  走满窗口      1.386 米 /  10.0 秒  0.139 米/秒  直立最低 0.997  本机 22 秒
  213  走满窗口      1.326 米 /  10.0 秒  0.133 米/秒  直立最低 0.997  本机 23 秒
  214  走满窗口      1.348 米 /  10.0 秒  0.135 米/秒  直立最低 0.994  本机 22 秒
  215  走满窗口      1.371 米 /  10.0 秒  0.137 米/秒  直立最低 0.998  本机 23 秒
  216  走满窗口      1.319 米 /  10.0 秒  0.132 米/秒  直立最低 0.998  本机 23 秒
  217  走满窗口      0.660 米 /  10.0 秒  0.066 米/秒  直立最低 0.992  本机 23 秒
  218  走满窗口      1.148 米 /  10.0 秒  0.115 米/秒  直立最低 0.995  本机 23 秒
  219  走满窗口      1.256 米 /  10.0 秒  0.126 米/秒  直立最低 0.994  本机 22 秒
  220  走满窗口      0.934 米 /  10.0 秒  0.093 米/秒  直立最低 0.994  本机 23 秒
  221  走满窗口      1.299 米 /  10.0 秒  0.130 米/秒  直立最低 0.998  本机 22 秒
  222  走满窗口      0.546 米 /  10.0 秒  0.055 米/秒  直立最低 0.996  本机 22 秒
  223  走满窗口      1.343 米 /  10.0 秒  0.134 米/秒  直立最低 0.998  本机 23 秒
  224  走满窗口      0.859 米 /  10.0 秒  0.086 米/秒  直立最低 0.994  本机 23 秒
  225  走满窗口      1.389 米 /  10.0 秒  0.139 米/秒  直立最低 0.997  本机 22 秒
  226  走满窗口      1.108 米 /  10.0 秒  0.111 米/秒  直立最低 0.998  本机 22 秒
  227  走满窗口      1.092 米 /  10.0 秒  0.109 米/秒  直立最低 0.998  本机 22 秒
  228  走满窗口      1.322 米 /  10.0 秒  0.132 米/秒  直立最低 0.998  本机 23 秒
  229  走满窗口      1.346 米 /  10.0 秒  0.135 米/秒  直立最低 0.998  本机 23 秒
  230  走满窗口      1.182 米 /  10.0 秒  0.118 米/秒  直立最低 0.996  本机 22 秒
  231  走满窗口      1.219 米 /  10.0 秒  0.122 米/秒  直立最低 0.996  本机 23 秒
  232  走满窗口      1.336 米 /  10.0 秒  0.134 米/秒  直立最低 0.998  本机 22 秒
  233  走满窗口      1.279 米 /  10.0 秒  0.128 米/秒  直立最低 0.997  本机 22 秒
  234  走满窗口      1.292 米 /  10.0 秒  0.129 米/秒  直立最低 0.995  本机 23 秒
  235  走满窗口      1.287 米 /  10.0 秒  0.129 米/秒  直立最低 0.994  本机 23 秒
  236  走满窗口      1.325 米 /  10.0 秒  0.133 米/秒  直立最低 0.994  本机 22 秒
  237  走满窗口      1.164 米 /  10.0 秒  0.116 米/秒  直立最低 0.998  本机 23 秒
  238  走满窗口      1.260 米 /  10.0 秒  0.126 米/秒  直立最低 0.995  本机 23 秒
  239  走满窗口      0.785 米 /  10.0 秒  0.079 米/秒  直立最低 0.994  本机 23 秒
  240  走满窗口      1.258 米 /  10.0 秒  0.126 米/秒  直立最低 0.995  本机 23 秒
  241  走满窗口      1.064 米 /  10.0 秒  0.106 米/秒  直立最低 0.998  本机 23 秒
  242  走满窗口      1.347 米 /  10.0 秒  0.135 米/秒  直立最低 0.997  本机 22 秒
  243  走满窗口      1.322 米 /  10.0 秒  0.132 米/秒  直立最低 0.996  本机 22 秒
  244  走满窗口      1.185 米 /  10.0 秒  0.119 米/秒  直立最低 0.998  本机 22 秒
  245  走满窗口      1.085 米 /  10.0 秒  0.109 米/秒  直立最低 0.998  本机 22 秒
  246  走满窗口      1.273 米 /  10.0 秒  0.127 米/秒  直立最低 0.994  本机 23 秒
  247  走满窗口      1.361 米 /  10.0 秒  0.136 米/秒  直立最低 0.998  本机 23 秒
  248  走满窗口      1.090 米 /  10.0 秒  0.109 米/秒  直立最低 0.997  本机 22 秒
  249  倒过        2.490 米 /  10.0 秒  0.249 米/秒  直立最低 -1.000  本机 22 秒
  250  走满窗口      1.335 米 /  10.0 秒  0.134 米/秒  直立最低 0.998  本机 23 秒
  251  走满窗口      1.108 米 /  10.0 秒  0.111 米/秒  直立最低 0.998  本机 22 秒
  252  走满窗口      1.326 米 /  10.0 秒  0.133 米/秒  直立最低 0.998  本机 23 秒
  253  走满窗口      1.300 米 /  10.0 秒  0.130 米/秒  直立最低 0.994  本机 23 秒
  254  走满窗口      1.340 米 /  10.0 秒  0.134 米/秒  直立最低 0.998  本机 23 秒
  255  走满窗口      1.266 米 /  10.0 秒  0.127 米/秒  直立最低 0.995  本机 22 秒
  256  走满窗口      1.292 米 /  10.0 秒  0.129 米/秒  直立最低 0.995  本机 22 秒
  257  走满窗口      1.165 米 /  10.0 秒  0.116 米/秒  直立最低 0.998  本机 23 秒
  258  走满窗口      1.289 米 /  10.0 秒  0.129 米/秒  直立最低 0.997  本机 22 秒
  259  走满窗口      0.991 米 /  10.0 秒  0.099 米/秒  直立最低 0.992  本机 22 秒
  260  走满窗口      1.269 米 /  10.0 秒  0.127 米/秒  直立最低 0.996  本机 22 秒
  261  走满窗口      1.322 米 /  10.0 秒  0.132 米/秒  直立最低 0.998  本机 23 秒
  262  走满窗口      1.292 米 /  10.0 秒  0.129 米/秒  直立最低 0.996  本机 23 秒
  263  走满窗口      0.636 米 /  10.0 秒  0.064 米/秒  直立最低 0.996  本机 22 秒
  264  走满窗口      1.293 米 /  10.0 秒  0.129 米/秒  直立最低 0.994  本机 23 秒
  265  走满窗口      0.785 米 /  10.0 秒  0.079 米/秒  直立最低 0.994  本机 23 秒
  266  走满窗口      1.279 米 /  10.0 秒  0.128 米/秒  直立最低 0.998  本机 22 秒
  267  走满窗口      1.328 米 /  10.0 秒  0.133 米/秒  直立最低 0.998  本机 22 秒
  268  走满窗口      1.360 米 /  10.0 秒  0.136 米/秒  直立最低 0.998  本机 23 秒
  269  走满窗口      1.375 米 /  10.0 秒  0.137 米/秒  直立最低 0.998  本机 23 秒
  270  走满窗口      1.254 米 /  10.0 秒  0.125 米/秒  直立最低 0.999  本机 23 秒
  271  走满窗口      1.248 米 /  10.0 秒  0.125 米/秒  直立最低 0.998  本机 23 秒
  272  走满窗口      0.846 米 /  10.0 秒  0.085 米/秒  直立最低 0.994  本机 22 秒
  273  走满窗口      1.322 米 /  10.0 秒  0.132 米/秒  直立最低 0.998  本机 23 秒
  274  走满窗口      1.253 米 /  10.0 秒  0.125 米/秒  直立最低 0.994  本机 22 秒
  275  走满窗口      1.301 米 /  10.0 秒  0.130 米/秒  直立最低 0.995  本机 22 秒
  276  走满窗口      1.286 米 /  10.0 秒  0.129 米/秒  直立最低 0.996  本机 23 秒
  277  走满窗口      1.345 米 /  10.0 秒  0.135 米/秒  直立最低 0.998  本机 22 秒
  278  走满窗口      1.255 米 /  10.0 秒  0.125 米/秒  直立最低 0.995  本机 23 秒
  279  走满窗口      1.224 米 /  10.0 秒  0.122 米/秒  直立最低 0.998  本机 22 秒
  280  走满窗口      1.331 米 /  10.0 秒  0.133 米/秒  直立最低 0.995  本机 23 秒
  281  走满窗口      1.205 米 /  10.0 秒  0.121 米/秒  直立最低 0.995  本机 22 秒
  282  走满窗口      1.111 米 /  10.0 秒  0.111 米/秒  直立最低 0.998  本机 22 秒
  283  走满窗口      1.286 米 /  10.0 秒  0.129 米/秒  直立最低 0.995  本机 22 秒
  284  走满窗口      1.320 米 /  10.0 秒  0.132 米/秒  直立最低 0.998  本机 23 秒
  285  走满窗口      1.180 米 /  10.0 秒  0.118 米/秒  直立最低 0.998  本机 23 秒
  286  走满窗口      1.374 米 /  10.0 秒  0.137 米/秒  直立最低 0.998  本机 23 秒
  287  走满窗口      1.164 米 /  10.0 秒  0.116 米/秒  直立最低 0.998  本机 23 秒
  288  走满窗口      0.770 米 /  10.0 秒  0.077 米/秒  直立最低 0.994  本机 22 秒
  289  走满窗口      1.240 米 /  10.0 秒  0.124 米/秒  直立最低 0.996  本机 23 秒
  290  走满窗口      1.310 米 /  10.0 秒  0.131 米/秒  直立最低 0.998  本机 23 秒
  291  走满窗口      1.312 米 /  10.0 秒  0.131 米/秒  直立最低 0.998  本机 23 秒
  292  走满窗口      1.333 米 /  10.0 秒  0.133 米/秒  直立最低 0.998  本机 23 秒
  293  走满窗口      1.290 米 /  10.0 秒  0.129 米/秒  直立最低 0.997  本机 23 秒
  294  走满窗口      1.240 米 /  10.0 秒  0.124 米/秒  直立最低 0.995  本机 23 秒
  295  走满窗口      1.129 米 /  10.0 秒  0.113 米/秒  直立最低 0.994  本机 23 秒
  296  走满窗口      1.275 米 /  10.0 秒  0.127 米/秒  直立最低 0.994  本机 23 秒
  297  走满窗口      1.624 米 /  10.0 秒  0.162 米/秒  直立最低 0.997  本机 23 秒
  298  走满窗口      1.314 米 /  10.0 秒  0.131 米/秒  直立最低 0.998  本机 22 秒
  299  走满窗口      1.257 米 /  10.0 秒  0.126 米/秒  直立最低 0.995  本机 23 秒
  300  走满窗口      1.298 米 /  10.0 秒  0.130 米/秒  直立最低 0.997  本机 23 秒
  301  走满窗口      0.886 米 /  10.0 秒  0.089 米/秒  直立最低 0.993  本机 23 秒
  302  走满窗口      1.082 米 /  10.0 秒  0.108 米/秒  直立最低 0.995  本机 24 秒
  303  走满窗口      1.338 米 /  10.0 秒  0.134 米/秒  直立最低 0.998  本机 23 秒
  304  走满窗口      1.354 米 /  10.0 秒  0.135 米/秒  直立最低 0.998  本机 23 秒
  305  走满窗口      1.332 米 /  10.0 秒  0.133 米/秒  直立最低 0.994  本机 23 秒
  306  走满窗口      1.352 米 /  10.0 秒  0.135 米/秒  直立最低 0.998  本机 23 秒
  307  走满窗口      1.068 米 /  10.0 秒  0.107 米/秒  直立最低 0.996  本机 23 秒
  308  走满窗口      1.239 米 /  10.0 秒  0.124 米/秒  直立最低 0.994  本机 23 秒
  309  走满窗口      1.371 米 /  10.0 秒  0.137 米/秒  直立最低 0.996  本机 23 秒
  310  走满窗口      1.363 米 /  10.0 秒  0.136 米/秒  直立最低 0.998  本机 23 秒
  311  走满窗口      1.357 米 /  10.0 秒  0.136 米/秒  直立最低 0.998  本机 23 秒
  312  走满窗口      1.338 米 /  10.0 秒  0.134 米/秒  直立最低 0.998  本机 23 秒
  313  走满窗口      1.227 米 /  10.0 秒  0.123 米/秒  直立最低 0.995  本机 23 秒
  314  走满窗口      1.287 米 /  10.0 秒  0.129 米/秒  直立最低 0.998  本机 23 秒
  315  走满窗口      1.251 米 /  10.0 秒  0.125 米/秒  直立最低 0.995  本机 23 秒
  316  走满窗口      1.273 米 /  10.0 秒  0.127 米/秒  直立最低 0.998  本机 23 秒
  317  走满窗口      1.271 米 /  10.0 秒  0.127 米/秒  直立最低 0.996  本机 22 秒
  318  走满窗口      1.094 米 /  10.0 秒  0.109 米/秒  直立最低 0.997  本机 23 秒
  319  走满窗口      0.923 米 /  10.0 秒  0.092 米/秒  直立最低 0.994  本机 23 秒
  320  走满窗口      1.302 米 /  10.0 秒  0.130 米/秒  直立最低 0.998  本机 23 秒
  321  走满窗口      0.477 米 /  10.0 秒  0.048 米/秒  直立最低 0.992  本机 23 秒
  322  走满窗口      1.191 米 /  10.0 秒  0.119 米/秒  直立最低 0.998  本机 23 秒
  323  走满窗口      0.748 米 /  10.0 秒  0.075 米/秒  直立最低 0.994  本机 23 秒
  324  走满窗口      1.118 米 /  10.0 秒  0.112 米/秒  直立最低 0.998  本机 22 秒
  325  走满窗口      1.298 米 /  10.0 秒  0.130 米/秒  直立最低 0.994  本机 23 秒
  326  走满窗口      1.348 米 /  10.0 秒  0.135 米/秒  直立最低 0.998  本机 22 秒
  327  走满窗口      1.291 米 /  10.0 秒  0.129 米/秒  直立最低 0.997  本机 23 秒
  328  走满窗口      1.543 米 /  10.0 秒  0.154 米/秒  直立最低 0.998  本机 23 秒
  329  走满窗口      1.308 米 /  10.0 秒  0.131 米/秒  直立最低 0.996  本机 23 秒
  330  走满窗口      1.354 米 /  10.0 秒  0.135 米/秒  直立最低 0.998  本机 23 秒
  331  走满窗口      1.250 米 /  10.0 秒  0.125 米/秒  直立最低 0.995  本机 23 秒
  332  走满窗口      1.388 米 /  10.0 秒  0.139 米/秒  直立最低 0.998  本机 23 秒
  333  走满窗口      1.238 米 /  10.0 秒  0.124 米/秒  直立最低 0.995  本机 22 秒
  334  走满窗口      1.253 米 /  10.0 秒  0.125 米/秒  直立最低 0.995  本机 23 秒
  335  走满窗口      0.921 米 /  10.0 秒  0.092 米/秒  直立最低 0.996  本机 23 秒
  336  走满窗口      1.161 米 /  10.0 秒  0.116 米/秒  直立最低 0.996  本机 23 秒
  337  走满窗口      1.235 米 /  10.0 秒  0.123 米/秒  直立最低 0.998  本机 23 秒
  338  走满窗口      1.213 米 /  10.0 秒  0.121 米/秒  直立最低 0.997  本机 23 秒
  339  走满窗口      1.351 米 /  10.0 秒  0.135 米/秒  直立最低 0.998  本机 23 秒
  340  走满窗口      1.245 米 /  10.0 秒  0.124 米/秒  直立最低 0.997  本机 23 秒
  341  走满窗口      0.547 米 /  10.0 秒  0.055 米/秒  直立最低 0.994  本机 23 秒
  342  走满窗口      1.276 米 /  10.0 秒  0.128 米/秒  直立最低 0.996  本机 23 秒
  343  走满窗口      1.368 米 /  10.0 秒  0.137 米/秒  直立最低 0.998  本机 23 秒
  344  走满窗口      1.421 米 /  10.0 秒  0.142 米/秒  直立最低 0.997  本机 23 秒
  345  走满窗口      1.235 米 /  10.0 秒  0.124 米/秒  直立最低 0.997  本机 23 秒
  346  走满窗口      1.249 米 /  10.0 秒  0.125 米/秒  直立最低 0.995  本机 23 秒
  347  走满窗口      1.305 米 /  10.0 秒  0.131 米/秒  直立最低 0.994  本机 23 秒
  348  走满窗口      1.096 米 /  10.0 秒  0.110 米/秒  直立最低 0.993  本机 23 秒
  349  走满窗口      1.404 米 /  10.0 秒  0.140 米/秒  直立最低 0.998  本机 23 秒
  350  走满窗口      0.550 米 /  10.0 秒  0.055 米/秒  直立最低 0.995  本机 23 秒
  351  走满窗口      1.078 米 /  10.0 秒  0.108 米/秒  直立最低 0.998  本机 22 秒
  352  走满窗口      1.279 米 /  10.0 秒  0.128 米/秒  直立最低 0.996  本机 22 秒
  353  走满窗口      1.228 米 /  10.0 秒  0.123 米/秒  直立最低 0.994  本机 23 秒
  354  走满窗口      1.289 米 /  10.0 秒  0.129 米/秒  直立最低 0.994  本机 23 秒
  355  走满窗口      1.277 米 /  10.0 秒  0.128 米/秒  直立最低 0.994  本机 23 秒
  356  走满窗口      1.393 米 /  10.0 秒  0.139 米/秒  直立最低 0.997  本机 23 秒
  357  走满窗口      1.306 米 /  10.0 秒  0.131 米/秒  直立最低 0.998  本机 23 秒
  358  走满窗口      1.170 米 /  10.0 秒  0.117 米/秒  直立最低 0.998  本机 23 秒
  359  走满窗口      1.256 米 /  10.0 秒  0.126 米/秒  直立最低 0.995  本机 23 秒
  360  走满窗口      1.317 米 /  10.0 秒  0.132 米/秒  直立最低 0.998  本机 23 秒
  361  走满窗口      1.333 米 /  10.0 秒  0.133 米/秒  直立最低 0.998  本机 23 秒
  362  走满窗口      1.264 米 /  10.0 秒  0.126 米/秒  直立最低 0.998  本机 22 秒
  363  倒过        1.912 米 /  10.0 秒  0.191 米/秒  直立最低 -0.989  本机 22 秒
  364  走满窗口      1.282 米 /  10.0 秒  0.128 米/秒  直立最低 0.994  本机 23 秒
  365  走满窗口      1.189 米 /  10.0 秒  0.119 米/秒  直立最低 0.997  本机 23 秒
  366  走满窗口      1.292 米 /  10.0 秒  0.129 米/秒  直立最低 0.998  本机 23 秒
  367  走满窗口      1.352 米 /  10.0 秒  0.135 米/秒  直立最低 0.998  本机 23 秒
  368  走满窗口      1.259 米 /  10.0 秒  0.126 米/秒  直立最低 0.996  本机 23 秒
  369  走满窗口      0.510 米 /  10.0 秒  0.051 米/秒  直立最低 0.995  本机 23 秒
  370  走满窗口      1.440 米 /  10.0 秒  0.144 米/秒  直立最低 0.998  本机 23 秒
  371  走满窗口      1.329 米 /  10.0 秒  0.133 米/秒  直立最低 0.998  本机 23 秒
  372  走满窗口      1.291 米 /  10.0 秒  0.129 米/秒  直立最低 0.997  本机 23 秒
  373  走满窗口      1.368 米 /  10.0 秒  0.137 米/秒  直立最低 0.998  本机 23 秒
  374  走满窗口      1.091 米 /  10.0 秒  0.109 米/秒  直立最低 0.997  本机 23 秒
  375  走满窗口      1.013 米 /  10.0 秒  0.101 米/秒  直立最低 0.997  本机 23 秒
  376  走满窗口      1.117 米 /  10.0 秒  0.112 米/秒  直立最低 0.992  本机 23 秒
  377  走满窗口      1.212 米 /  10.0 秒  0.121 米/秒  直立最低 0.992  本机 23 秒
  378  走满窗口      1.360 米 /  10.0 秒  0.136 米/秒  直立最低 0.998  本机 23 秒
  379  走满窗口      1.313 米 /  10.0 秒  0.131 米/秒  直立最低 0.998  本机 23 秒
  380  走满窗口      1.344 米 /  10.0 秒  0.134 米/秒  直立最低 0.998  本机 23 秒
  381  走满窗口      0.882 米 /  10.0 秒  0.088 米/秒  直立最低 0.994  本机 23 秒
  382  走满窗口      1.408 米 /  10.0 秒  0.141 米/秒  直立最低 0.998  本机 23 秒
  383  走满窗口      0.747 米 /  10.0 秒  0.075 米/秒  直立最低 0.995  本机 23 秒
  384  走满窗口      1.262 米 /  10.0 秒  0.126 米/秒  直立最低 0.996  本机 23 秒
  385  走满窗口      1.323 米 /  10.0 秒  0.132 米/秒  直立最低 0.998  本机 23 秒
  386  走满窗口      1.261 米 /  10.0 秒  0.126 米/秒  直立最低 0.996  本机 23 秒
  387  走满窗口      1.247 米 /  10.0 秒  0.125 米/秒  直立最低 0.994  本机 23 秒
  388  走满窗口      1.333 米 /  10.0 秒  0.133 米/秒  直立最低 0.998  本机 23 秒
  389  走满窗口      1.315 米 /  10.0 秒  0.132 米/秒  直立最低 0.997  本机 23 秒
  390  走满窗口      1.291 米 /  10.0 秒  0.129 米/秒  直立最低 0.994  本机 23 秒
  391  走满窗口      1.296 米 /  10.0 秒  0.130 米/秒  直立最低 0.998  本机 23 秒
  392  走满窗口      1.015 米 /  10.0 秒  0.102 米/秒  直立最低 0.995  本机 23 秒
  393  走满窗口      1.263 米 /  10.0 秒  0.126 米/秒  直立最低 0.994  本机 22 秒
  394  走满窗口      0.990 米 /  10.0 秒  0.099 米/秒  直立最低 0.998  本机 22 秒
  395  走满窗口      1.345 米 /  10.0 秒  0.134 米/秒  直立最低 0.998  本机 23 秒
  396  走满窗口      0.710 米 /  10.0 秒  0.071 米/秒  直立最低 0.995  本机 23 秒
  397  走满窗口      1.347 米 /  10.0 秒  0.135 米/秒  直立最低 0.998  本机 23 秒
  398  走满窗口      1.327 米 /  10.0 秒  0.133 米/秒  直立最低 0.995  本机 23 秒
  399  走满窗口      1.174 米 /  10.0 秒  0.117 米/秒  直立最低 0.996  本机 23 秒
  400  走满窗口      1.269 米 /  10.0 秒  0.127 米/秒  直立最低 0.995  本机 23 秒
  401  走满窗口      1.297 米 /  10.0 秒  0.130 米/秒  直立最低 0.996  本机 22 秒
  402  走满窗口      1.359 米 /  10.0 秒  0.136 米/秒  直立最低 0.998  本机 23 秒
  403  没建出来：ValueError: structural lower bounds exceed an incoming budget
  404  走满窗口      1.088 米 /  10.0 秒  0.109 米/秒  直立最低 0.998  本机 23 秒
  405  走满窗口      1.047 米 /  10.0 秒  0.105 米/秒  直立最低 0.998  本机 23 秒
  406  走满窗口      0.548 米 /  10.0 秒  0.055 米/秒  直立最低 0.994  本机 23 秒
  407  走满窗口      0.925 米 /  10.0 秒  0.093 米/秒  直立最低 0.994  本机 23 秒
  408  走满窗口      0.415 米 /  10.0 秒  0.041 米/秒  直立最低 0.989  本机 23 秒
  409  走满窗口      1.263 米 /  10.0 秒  0.126 米/秒  直立最低 0.996  本机 23 秒
  410  走满窗口      1.314 米 /  10.0 秒  0.131 米/秒  直立最低 0.998  本机 24 秒
  411  走满窗口      1.321 米 /  10.0 秒  0.132 米/秒  直立最低 0.998  本机 23 秒
  412  走满窗口      1.040 米 /  10.0 秒  0.104 米/秒  直立最低 0.995  本机 22 秒
  413  走满窗口      1.235 米 /  10.0 秒  0.123 米/秒  直立最低 0.995  本机 23 秒
  414  走满窗口      1.260 米 /  10.0 秒  0.126 米/秒  直立最低 0.996  本机 22 秒
  415  走满窗口      0.941 米 /  10.0 秒  0.094 米/秒  直立最低 0.995  本机 23 秒
  416  走满窗口      1.268 米 /  10.0 秒  0.127 米/秒  直立最低 0.995  本机 22 秒
  417  走满窗口      1.253 米 /  10.0 秒  0.125 米/秒  直立最低 0.995  本机 23 秒
  418  走满窗口      1.258 米 /  10.0 秒  0.126 米/秒  直立最低 0.993  本机 23 秒
  419  走满窗口      1.302 米 /  10.0 秒  0.130 米/秒  直立最低 0.998  本机 23 秒
  420  走满窗口      0.875 米 /  10.0 秒  0.087 米/秒  直立最低 0.994  本机 23 秒
  421  走满窗口      1.143 米 /  10.0 秒  0.114 米/秒  直立最低 0.998  本机 23 秒
  422  走满窗口      1.640 米 /  10.0 秒  0.164 米/秒  直立最低 0.997  本机 23 秒
  423  走满窗口      1.252 米 /  10.0 秒  0.125 米/秒  直立最低 0.995  本机 23 秒
  424  走满窗口      1.366 米 /  10.0 秒  0.137 米/秒  直立最低 0.998  本机 23 秒
  425  走满窗口      0.652 米 /  10.0 秒  0.065 米/秒  直立最低 0.991  本机 23 秒
  426  走满窗口      1.035 米 /  10.0 秒  0.104 米/秒  直立最低 0.998  本机 23 秒
  427  走满窗口      1.162 米 /  10.0 秒  0.116 米/秒  直立最低 0.998  本机 23 秒
  428  走满窗口      0.608 米 /  10.0 秒  0.061 米/秒  直立最低 0.992  本机 23 秒
  429  走满窗口      1.385 米 /  10.0 秒  0.138 米/秒  直立最低 0.997  本机 23 秒
  430  走满窗口      1.305 米 /  10.0 秒  0.131 米/秒  直立最低 0.998  本机 22 秒
  431  走满窗口      1.232 米 /  10.0 秒  0.123 米/秒  直立最低 0.996  本机 23 秒
  432  走满窗口      0.704 米 /  10.0 秒  0.070 米/秒  直立最低 0.991  本机 23 秒
  433  走满窗口      1.414 米 /  10.0 秒  0.141 米/秒  直立最低 0.998  本机 23 秒
  434  走满窗口      0.951 米 /  10.0 秒  0.095 米/秒  直立最低 0.997  本机 23 秒
  435  走满窗口      1.090 米 /  10.0 秒  0.109 米/秒  直立最低 0.995  本机 23 秒
  436  走满窗口      1.034 米 /  10.0 秒  0.103 米/秒  直立最低 0.998  本机 23 秒
  437  走满窗口      1.269 米 /  10.0 秒  0.127 米/秒  直立最低 0.996  本机 23 秒
  438  走满窗口      1.336 米 /  10.0 秒  0.134 米/秒  直立最低 0.998  本机 23 秒
  439  倒过        0.674 米 /  10.0 秒  0.067 米/秒  直立最低 0.482  本机 23 秒
  440  走满窗口      1.038 米 /  10.0 秒  0.104 米/秒  直立最低 0.994  本机 22 秒
  441  走满窗口      1.121 米 /  10.0 秒  0.112 米/秒  直立最低 0.996  本机 23 秒
  442  走满窗口      1.336 米 /  10.0 秒  0.134 米/秒  直立最低 0.998  本机 23 秒
  443  走满窗口      1.248 米 /  10.0 秒  0.125 米/秒  直立最低 0.995  本机 23 秒
  444  走满窗口      1.402 米 /  10.0 秒  0.140 米/秒  直立最低 0.998  本机 23 秒
  445  走满窗口      1.277 米 /  10.0 秒  0.128 米/秒  直立最低 0.994  本机 23 秒
  446  走满窗口      1.398 米 /  10.0 秒  0.140 米/秒  直立最低 0.998  本机 23 秒
  447  走满窗口      1.724 米 /  10.0 秒  0.172 米/秒  直立最低 0.995  本机 23 秒
  448  走满窗口      1.269 米 /  10.0 秒  0.127 米/秒  直立最低 0.995  本机 23 秒
  449  走满窗口      0.603 米 /  10.0 秒  0.060 米/秒  直立最低 0.991  本机 23 秒
  450  走满窗口      0.504 米 /  10.0 秒  0.050 米/秒  直立最低 0.983  本机 23 秒
  451  走满窗口      1.043 米 /  10.0 秒  0.104 米/秒  直立最低 0.994  本机 22 秒
  452  走满窗口      0.787 米 /  10.0 秒  0.079 米/秒  直立最低 0.994  本机 22 秒
  453  走满窗口      1.310 米 /  10.0 秒  0.131 米/秒  直立最低 0.995  本机 23 秒
  454  走满窗口      1.430 米 /  10.0 秒  0.143 米/秒  直立最低 0.997  本机 23 秒
  455  走满窗口      1.329 米 /  10.0 秒  0.133 米/秒  直立最低 0.998  本机 23 秒
  456  走满窗口      1.339 米 /  10.0 秒  0.134 米/秒  直立最低 0.998  本机 22 秒
  457  走满窗口      1.314 米 /  10.0 秒  0.131 米/秒  直立最低 0.998  本机 23 秒
  458  走满窗口      1.008 米 /  10.0 秒  0.101 米/秒  直立最低 0.994  本机 23 秒
  459  走满窗口      1.295 米 /  10.0 秒  0.129 米/秒  直立最低 0.997  本机 23 秒
  460  走满窗口      1.270 米 /  10.0 秒  0.127 米/秒  直立最低 0.995  本机 23 秒
  461  走满窗口      1.302 米 /  10.0 秒  0.130 米/秒  直立最低 0.997  本机 22 秒
  462  走满窗口      1.331 米 /  10.0 秒  0.133 米/秒  直立最低 0.997  本机 22 秒
  463  没建出来：ValueError: structural lower bounds exceed an incoming budget
  464  走满窗口      1.290 米 /  10.0 秒  0.129 米/秒  直立最低 0.997  本机 23 秒
  465  走满窗口      1.448 米 /  10.0 秒  0.145 米/秒  直立最低 0.998  本机 23 秒
  466  走满窗口      1.304 米 /  10.0 秒  0.130 米/秒  直立最低 0.998  本机 23 秒
  467  走满窗口      1.329 米 /  10.0 秒  0.133 米/秒  直立最低 0.998  本机 22 秒
  468  走满窗口      1.118 米 /  10.0 秒  0.112 米/秒  直立最低 0.995  本机 23 秒
  469  走满窗口      0.915 米 /  10.0 秒  0.092 米/秒  直立最低 0.995  本机 23 秒
  470  走满窗口      1.069 米 /  10.0 秒  0.107 米/秒  直立最低 0.996  本机 22 秒
  471  走满窗口      1.046 米 /  10.0 秒  0.105 米/秒  直立最低 0.998  本机 23 秒
  472  走满窗口      1.008 米 /  10.0 秒  0.101 米/秒  直立最低 0.998  本机 23 秒
  473  走满窗口      1.113 米 /  10.0 秒  0.111 米/秒  直立最低 0.994  本机 23 秒
  474  走满窗口      1.334 米 /  10.0 秒  0.133 米/秒  直立最低 0.998  本机 23 秒
  475  走满窗口      1.188 米 /  10.0 秒  0.119 米/秒  直立最低 0.993  本机 23 秒
  476  走满窗口      1.278 米 /  10.0 秒  0.128 米/秒  直立最低 0.995  本机 23 秒
  477  走满窗口      1.294 米 /  10.0 秒  0.129 米/秒  直立最低 0.994  本机 23 秒
  478  走满窗口      0.544 米 /  10.0 秒  0.054 米/秒  直立最低 0.996  本机 23 秒
  479  走满窗口      0.920 米 /  10.0 秒  0.092 米/秒  直立最低 0.994  本机 23 秒
  480  走满窗口      0.696 米 /  10.0 秒  0.070 米/秒  直立最低 0.993  本机 23 秒
  481  走满窗口      1.311 米 /  10.0 秒  0.131 米/秒  直立最低 0.994  本机 23 秒
  482  走满窗口      1.341 米 /  10.0 秒  0.134 米/秒  直立最低 0.998  本机 23 秒
  483  走满窗口      1.359 米 /  10.0 秒  0.136 米/秒  直立最低 0.997  本机 23 秒
  484  走满窗口      1.025 米 /  10.0 秒  0.103 米/秒  直立最低 0.997  本机 23 秒
  485  走满窗口      1.372 米 /  10.0 秒  0.137 米/秒  直立最低 0.998  本机 23 秒
  486  走满窗口      1.055 米 /  10.0 秒  0.105 米/秒  直立最低 0.996  本机 22 秒
  487  走满窗口      1.039 米 /  10.0 秒  0.104 米/秒  直立最低 0.994  本机 23 秒
  488  走满窗口      1.328 米 /  10.0 秒  0.133 米/秒  直立最低 0.998  本机 23 秒
  489  走满窗口      1.284 米 /  10.0 秒  0.128 米/秒  直立最低 0.998  本机 23 秒
  490  走满窗口      1.279 米 /  10.0 秒  0.128 米/秒  直立最低 0.997  本机 23 秒
  491  走满窗口      1.181 米 /  10.0 秒  0.118 米/秒  直立最低 0.996  本机 23 秒
  492  走满窗口      1.346 米 /  10.0 秒  0.135 米/秒  直立最低 0.998  本机 23 秒
  493  倒过        2.343 米 /  10.0 秒  0.234 米/秒  直立最低 -0.998  本机 23 秒
  494  走满窗口      1.249 米 /  10.0 秒  0.125 米/秒  直立最低 0.997  本机 23 秒
  495  走满窗口      1.356 米 /  10.0 秒  0.136 米/秒  直立最低 0.998  本机 23 秒
  496  走满窗口      1.249 米 /  10.0 秒  0.125 米/秒  直立最低 0.996  本机 22 秒
  497  走满窗口      0.735 米 /  10.0 秒  0.074 米/秒  直立最低 0.995  本机 23 秒
  498  走满窗口      1.087 米 /  10.0 秒  0.109 米/秒  直立最低 0.998  本机 23 秒
  499  走满窗口      1.372 米 /  10.0 秒  0.137 米/秒  直立最低 0.998  本机 23 秒
  500  走满窗口      1.384 米 /  10.0 秒  0.138 米/秒  直立最低 0.998  本机 23 秒
  501  走满窗口      0.715 米 /  10.0 秒  0.072 米/秒  直立最低 0.998  本机 23 秒
  502  走满窗口      1.309 米 /  10.0 秒  0.131 米/秒  直立最低 0.998  本机 23 秒
  503  走满窗口      1.284 米 /  10.0 秒  0.128 米/秒  直立最低 0.994  本机 23 秒
  504  走满窗口      0.980 米 /  10.0 秒  0.098 米/秒  直立最低 0.997  本机 23 秒
  505  走满窗口      1.299 米 /  10.0 秒  0.130 米/秒  直立最低 0.997  本机 23 秒
  506  走满窗口      1.346 米 /  10.0 秒  0.135 米/秒  直立最低 0.998  本机 23 秒
  507  走满窗口      1.173 米 /  10.0 秒  0.117 米/秒  直立最低 0.991  本机 23 秒
  508  走满窗口      1.079 米 /  10.0 秒  0.108 米/秒  直立最低 0.996  本机 23 秒
  509  走满窗口      1.321 米 /  10.0 秒  0.132 米/秒  直立最低 0.998  本机 23 秒
  510  走满窗口      1.348 米 /  10.0 秒  0.135 米/秒  直立最低 0.995  本机 23 秒
  511  走满窗口      1.280 米 /  10.0 秒  0.128 米/秒  直立最低 0.994  本机 23 秒
  512  走满窗口      1.259 米 /  10.0 秒  0.126 米/秒  直立最低 0.994  本机 23 秒
  513  走满窗口      1.348 米 /  10.0 秒  0.135 米/秒  直立最低 0.994  本机 23 秒
  514  走满窗口      1.349 米 /  10.0 秒  0.135 米/秒  直立最低 0.998  本机 23 秒
  515  走满窗口      1.231 米 /  10.0 秒  0.123 米/秒  直立最低 0.997  本机 23 秒
  516  走满窗口      1.260 米 /  10.0 秒  0.126 米/秒  直立最低 0.995  本机 23 秒
  517  走满窗口      1.211 米 /  10.0 秒  0.121 米/秒  直立最低 0.998  本机 23 秒
  518  走满窗口      1.332 米 /  10.0 秒  0.133 米/秒  直立最低 0.996  本机 23 秒
  519  走满窗口      1.224 米 /  10.0 秒  0.122 米/秒  直立最低 0.995  本机 22 秒
  520  走满窗口      1.070 米 /  10.0 秒  0.107 米/秒  直立最低 0.998  本机 23 秒
  521  走满窗口      1.302 米 /  10.0 秒  0.130 米/秒  直立最低 0.996  本机 23 秒
  522  走满窗口      1.284 米 /  10.0 秒  0.128 米/秒  直立最低 0.998  本机 23 秒
  523  倒过        2.862 米 /  10.0 秒  0.286 米/秒  直立最低 -0.994  本机 23 秒
  524  走满窗口      1.357 米 /  10.0 秒  0.136 米/秒  直立最低 0.998  本机 22 秒
  525  走满窗口      1.336 米 /  10.0 秒  0.134 米/秒  直立最低 0.998  本机 23 秒
  526  走满窗口      1.304 米 /  10.0 秒  0.130 米/秒  直立最低 0.998  本机 23 秒
  527  走满窗口      1.314 米 /  10.0 秒  0.131 米/秒  直立最低 0.998  本机 23 秒
  528  走满窗口      1.374 米 /  10.0 秒  0.137 米/秒  直立最低 0.994  本机 23 秒
  529  走满窗口      1.159 米 /  10.0 秒  0.116 米/秒  直立最低 0.998  本机 23 秒
  530  走满窗口      1.365 米 /  10.0 秒  0.136 米/秒  直立最低 0.998  本机 23 秒
  531  走满窗口      1.675 米 /  10.0 秒  0.168 米/秒  直立最低 0.996  本机 23 秒
  532  走满窗口      1.237 米 /  10.0 秒  0.124 米/秒  直立最低 0.995  本机 23 秒
  533  走满窗口      1.321 米 /  10.0 秒  0.132 米/秒  直立最低 0.998  本机 23 秒
  534  走满窗口      1.259 米 /  10.0 秒  0.126 米/秒  直立最低 0.995  本机 23 秒
  535  走满窗口      1.125 米 /  10.0 秒  0.112 米/秒  直立最低 0.998  本机 23 秒
  536  走满窗口      1.372 米 /  10.0 秒  0.137 米/秒  直立最低 0.998  本机 22 秒
  537  走满窗口      1.282 米 /  10.0 秒  0.128 米/秒  直立最低 0.996  本机 23 秒
  538  走满窗口      1.244 米 /  10.0 秒  0.124 米/秒  直立最低 0.996  本机 22 秒
  539  走满窗口      1.064 米 /  10.0 秒  0.106 米/秒  直立最低 0.998  本机 23 秒
  540  走满窗口      1.320 米 /  10.0 秒  0.132 米/秒  直立最低 0.997  本机 23 秒
  541  走满窗口      1.359 米 /  10.0 秒  0.136 米/秒  直立最低 0.998  本机 23 秒
  542  走满窗口      1.359 米 /  10.0 秒  0.136 米/秒  直立最低 0.994  本机 23 秒
  543  走满窗口      1.261 米 /  10.0 秒  0.126 米/秒  直立最低 0.996  本机 23 秒
  544  走满窗口      1.362 米 /  10.0 秒  0.136 米/秒  直立最低 0.997  本机 22 秒
  545  走满窗口      0.836 米 /  10.0 秒  0.084 米/秒  直立最低 0.995  本机 22 秒
  546  走满窗口      1.399 米 /  10.0 秒  0.140 米/秒  直立最低 0.998  本机 23 秒
  547  走满窗口      1.295 米 /  10.0 秒  0.129 米/秒  直立最低 0.994  本机 23 秒
  548  走满窗口      1.044 米 /  10.0 秒  0.104 米/秒  直立最低 0.995  本机 23 秒
  549  走满窗口      1.113 米 /  10.0 秒  0.111 米/秒  直立最低 0.995  本机 23 秒
  550  走满窗口      1.337 米 /  10.0 秒  0.134 米/秒  直立最低 0.998  本机 23 秒
  551  走满窗口      0.456 米 /  10.0 秒  0.046 米/秒  直立最低 0.992  本机 23 秒
  552  走满窗口      1.259 米 /  10.0 秒  0.126 米/秒  直立最低 0.998  本机 23 秒
  553  走满窗口      1.281 米 /  10.0 秒  0.128 米/秒  直立最低 0.994  本机 23 秒
  554  走满窗口      1.255 米 /  10.0 秒  0.126 米/秒  直立最低 0.995  本机 23 秒
  555  走满窗口      1.190 米 /  10.0 秒  0.119 米/秒  直立最低 0.994  本机 23 秒
  556  走满窗口      1.254 米 /  10.0 秒  0.125 米/秒  直立最低 0.995  本机 22 秒
  557  走满窗口      1.332 米 /  10.0 秒  0.133 米/秒  直立最低 0.998  本机 23 秒
  558  走满窗口      0.468 米 /  10.0 秒  0.047 米/秒  直立最低 0.993  本机 22 秒
  559  走满窗口      1.084 米 /  10.0 秒  0.108 米/秒  直立最低 0.998  本机 22 秒
  560  走满窗口      0.803 米 /  10.0 秒  0.080 米/秒  直立最低 0.994  本机 22 秒
  561  走满窗口      1.107 米 /  10.0 秒  0.111 米/秒  直立最低 0.998  本机 22 秒
  562  走满窗口      1.323 米 /  10.0 秒  0.132 米/秒  直立最低 0.998  本机 23 秒
  563  走满窗口      1.269 米 /  10.0 秒  0.127 米/秒  直立最低 0.996  本机 23 秒
  564  走满窗口      1.291 米 /  10.0 秒  0.129 米/秒  直立最低 0.995  本机 22 秒
  565  走满窗口      0.924 米 /  10.0 秒  0.092 米/秒  直立最低 0.998  本机 22 秒
  566  走满窗口      1.289 米 /  10.0 秒  0.129 米/秒  直立最低 0.997  本机 22 秒
  567  走满窗口      1.102 米 /  10.0 秒  0.110 米/秒  直立最低 0.995  本机 23 秒
  568  走满窗口      1.027 米 /  10.0 秒  0.103 米/秒  直立最低 0.998  本机 23 秒
  569  走满窗口      1.342 米 /  10.0 秒  0.134 米/秒  直立最低 0.998  本机 23 秒
  570  走满窗口      1.375 米 /  10.0 秒  0.138 米/秒  直立最低 0.998  本机 22 秒
  571  走满窗口      1.279 米 /  10.0 秒  0.128 米/秒  直立最低 0.996  本机 23 秒
  572  走满窗口      1.290 米 /  10.0 秒  0.129 米/秒  直立最低 0.998  本机 23 秒
  573  走满窗口      1.372 米 /  10.0 秒  0.137 米/秒  直立最低 0.998  本机 23 秒
  574  走满窗口      0.652 米 /  10.0 秒  0.065 米/秒  直立最低 0.994  本机 23 秒
  575  走满窗口      1.348 米 /  10.0 秒  0.135 米/秒  直立最低 0.998  本机 22 秒
  576  走满窗口      1.244 米 /  10.0 秒  0.124 米/秒  直立最低 0.995  本机 22 秒
  577  走满窗口      1.227 米 /  10.0 秒  0.123 米/秒  直立最低 0.998  本机 22 秒
  578  走满窗口      1.256 米 /  10.0 秒  0.126 米/秒  直立最低 0.995  本机 22 秒
  579  走满窗口      1.107 米 /  10.0 秒  0.111 米/秒  直立最低 0.994  本机 22 秒
  580  走满窗口      1.358 米 /  10.0 秒  0.136 米/秒  直立最低 0.998  本机 22 秒
  581  走满窗口      1.067 米 /  10.0 秒  0.107 米/秒  直立最低 0.995  本机 23 秒
  582  走满窗口      1.293 米 /  10.0 秒  0.129 米/秒  直立最低 0.994  本机 22 秒
  583  走满窗口      0.650 米 /  10.0 秒  0.065 米/秒  直立最低 0.995  本机 22 秒
  584  走满窗口      1.245 米 /  10.0 秒  0.124 米/秒  直立最低 0.996  本机 23 秒
  585  走满窗口      0.844 米 /  10.0 秒  0.084 米/秒  直立最低 0.995  本机 23 秒
  586  走满窗口      1.088 米 /  10.0 秒  0.109 米/秒  直立最低 0.996  本机 23 秒
  587  走满窗口      1.346 米 /  10.0 秒  0.135 米/秒  直立最低 0.998  本机 22 秒
  588  走满窗口      1.251 米 /  10.0 秒  0.125 米/秒  直立最低 0.995  本机 22 秒
  589  走满窗口      1.338 米 /  10.0 秒  0.134 米/秒  直立最低 0.998  本机 23 秒
  590  走满窗口      1.323 米 /  10.0 秒  0.132 米/秒  直立最低 0.998  本机 22 秒
  591  走满窗口      1.269 米 /  10.0 秒  0.127 米/秒  直立最低 0.998  本机 23 秒
  592  走满窗口      0.948 米 /  10.0 秒  0.095 米/秒  直立最低 0.992  本机 23 秒
  593  走满窗口      1.323 米 /  10.0 秒  0.132 米/秒  直立最低 0.998  本机 23 秒
  594  走满窗口      0.860 米 /  10.0 秒  0.086 米/秒  直立最低 0.999  本机 23 秒
  595  走满窗口      1.117 米 /  10.0 秒  0.112 米/秒  直立最低 0.993  本机 22 秒
  596  倒过        2.529 米 /  10.0 秒  0.253 米/秒  直立最低 -0.991  本机 22 秒
  597  走满窗口      1.359 米 /  10.0 秒  0.136 米/秒  直立最低 0.995  本机 23 秒
  598  走满窗口      1.241 米 /  10.0 秒  0.124 米/秒  直立最低 0.997  本机 22 秒
  599  走满窗口      1.292 米 /  10.0 秒  0.129 米/秒  直立最低 0.995  本机 23 秒
  600  走满窗口      1.358 米 /  10.0 秒  0.136 米/秒  直立最低 0.998  本机 23 秒
  601  走满窗口      1.282 米 /  10.0 秒  0.128 米/秒  直立最低 0.993  本机 23 秒
  602  走满窗口      0.980 米 /  10.0 秒  0.098 米/秒  直立最低 0.995  本机 23 秒
  603  走满窗口      1.339 米 /  10.0 秒  0.134 米/秒  直立最低 0.998  本机 23 秒
  604  走满窗口      1.421 米 /  10.0 秒  0.142 米/秒  直立最低 0.998  本机 23 秒
  605  走满窗口      1.350 米 /  10.0 秒  0.135 米/秒  直立最低 0.998  本机 23 秒
  606  走满窗口      1.261 米 /  10.0 秒  0.126 米/秒  直立最低 0.995  本机 23 秒
  607  走满窗口      1.271 米 /  10.0 秒  0.127 米/秒  直立最低 0.995  本机 22 秒
  608  走满窗口      1.350 米 /  10.0 秒  0.135 米/秒  直立最低 0.998  本机 23 秒
  609  走满窗口      1.359 米 /  10.0 秒  0.136 米/秒  直立最低 0.998  本机 22 秒
  610  走满窗口      1.299 米 /  10.0 秒  0.130 米/秒  直立最低 0.996  本机 23 秒
  611  走满窗口      1.440 米 /  10.0 秒  0.144 米/秒  直立最低 0.999  本机 23 秒
  612  走满窗口      1.325 米 /  10.0 秒  0.132 米/秒  直立最低 0.998  本机 22 秒
  613  走满窗口      1.250 米 /  10.0 秒  0.125 米/秒  直立最低 0.995  本机 23 秒
  614  走满窗口      1.403 米 /  10.0 秒  0.140 米/秒  直立最低 0.998  本机 23 秒
  615  走满窗口      1.276 米 /  10.0 秒  0.128 米/秒  直立最低 0.997  本机 22 秒
  616  走满窗口      0.683 米 /  10.0 秒  0.068 米/秒  直立最低 0.996  本机 22 秒
  617  走满窗口      1.095 米 /  10.0 秒  0.110 米/秒  直立最低 0.998  本机 23 秒
  618  走满窗口      1.257 米 /  10.0 秒  0.126 米/秒  直立最低 0.995  本机 22 秒
  619  走满窗口      1.261 米 /  10.0 秒  0.126 米/秒  直立最低 0.995  本机 23 秒
  620  走满窗口      1.284 米 /  10.0 秒  0.128 米/秒  直立最低 0.994  本机 23 秒
  621  走满窗口      1.304 米 /  10.0 秒  0.130 米/秒  直立最低 0.998  本机 23 秒
  622  走满窗口      1.627 米 /  10.0 秒  0.163 米/秒  直立最低 0.997  本机 22 秒
  623  走满窗口      1.732 米 /  10.0 秒  0.173 米/秒  直立最低 0.996  本机 22 秒
  624  走满窗口      1.290 米 /  10.0 秒  0.129 米/秒  直立最低 0.997  本机 23 秒
  625  走满窗口      1.007 米 /  10.0 秒  0.101 米/秒  直立最低 0.996  本机 22 秒
  626  走满窗口      0.333 米 /  10.0 秒  0.033 米/秒  直立最低 0.991  本机 23 秒
  627  走满窗口      0.984 米 /  10.0 秒  0.098 米/秒  直立最低 0.995  本机 22 秒
  628  走满窗口      1.301 米 /  10.0 秒  0.130 米/秒  直立最低 0.997  本机 21 秒
  629  走满窗口      1.412 米 /  10.0 秒  0.141 米/秒  直立最低 0.998  本机 23 秒
  630  走满窗口      1.340 米 /  10.0 秒  0.134 米/秒  直立最低 0.998  本机 23 秒
  631  走满窗口      1.178 米 /  10.0 秒  0.118 米/秒  直立最低 0.997  本机 22 秒
  632  走满窗口      1.211 米 /  10.0 秒  0.121 米/秒  直立最低 0.991  本机 23 秒
  633  走满窗口      1.264 米 /  10.0 秒  0.126 米/秒  直立最低 0.994  本机 22 秒
  634  走满窗口      1.338 米 /  10.0 秒  0.134 米/秒  直立最低 0.998  本机 23 秒
  635  走满窗口      0.771 米 /  10.0 秒  0.077 米/秒  直立最低 0.994  本机 23 秒
  636  走满窗口      1.355 米 /  10.0 秒  0.135 米/秒  直立最低 0.998  本机 22 秒
  637  走满窗口      1.355 米 /  10.0 秒  0.136 米/秒  直立最低 0.998  本机 23 秒
  638  走满窗口      1.263 米 /  10.0 秒  0.126 米/秒  直立最低 0.995  本机 23 秒
  639  走满窗口      0.648 米 /  10.0 秒  0.065 米/秒  直立最低 0.992  本机 23 秒
  640  走满窗口      1.382 米 /  10.0 秒  0.138 米/秒  直立最低 0.998  本机 23 秒
  641  走满窗口      1.320 米 /  10.0 秒  0.132 米/秒  直立最低 0.998  本机 22 秒
  642  走满窗口      1.345 米 /  10.0 秒  0.134 米/秒  直立最低 0.998  本机 23 秒
  643  走满窗口      1.206 米 /  10.0 秒  0.121 米/秒  直立最低 0.997  本机 22 秒
  644  走满窗口      1.396 米 /  10.0 秒  0.140 米/秒  直立最低 0.998  本机 22 秒
  645  走满窗口      1.364 米 /  10.0 秒  0.136 米/秒  直立最低 0.998  本机 22 秒
  646  走满窗口      1.218 米 /  10.0 秒  0.122 米/秒  直立最低 0.994  本机 22 秒
  647  走满窗口      1.409 米 /  10.0 秒  0.141 米/秒  直立最低 0.998  本机 22 秒
  648  走满窗口      1.355 米 /  10.0 秒  0.136 米/秒  直立最低 0.998  本机 23 秒
  649  走满窗口      1.574 米 /  10.0 秒  0.157 米/秒  直立最低 0.997  本机 23 秒
  650  走满窗口      1.257 米 /  10.0 秒  0.126 米/秒  直立最低 0.994  本机 23 秒
  651  走满窗口      1.037 米 /  10.0 秒  0.104 米/秒  直立最低 0.994  本机 23 秒
  652  走满窗口      1.101 米 /  10.0 秒  0.110 米/秒  直立最低 0.998  本机 22 秒
  653  走满窗口      1.093 米 /  10.0 秒  0.109 米/秒  直立最低 0.997  本机 22 秒
  654  走满窗口      1.257 米 /  10.0 秒  0.126 米/秒  直立最低 0.995  本机 23 秒
  655  走满窗口      1.287 米 /  10.0 秒  0.129 米/秒  直立最低 0.998  本机 22 秒
  656  走满窗口      0.946 米 /  10.0 秒  0.095 米/秒  直立最低 0.994  本机 22 秒
  657  走满窗口      0.621 米 /  10.0 秒  0.062 米/秒  直立最低 0.990  本机 23 秒
  658  走满窗口      1.257 米 /  10.0 秒  0.126 米/秒  直立最低 0.995  本机 22 秒
  659  走满窗口      1.397 米 /  10.0 秒  0.140 米/秒  直立最低 0.998  本机 23 秒
  660  走满窗口      1.197 米 /  10.0 秒  0.120 米/秒  直立最低 0.995  本机 23 秒
  661  走满窗口      1.315 米 /  10.0 秒  0.132 米/秒  直立最低 0.998  本机 23 秒
  662  走满窗口      1.302 米 /  10.0 秒  0.130 米/秒  直立最低 0.996  本机 23 秒
  663  走满窗口      1.248 米 /  10.0 秒  0.125 米/秒  直立最低 0.995  本机 23 秒
  664  走满窗口      1.564 米 /  10.0 秒  0.156 米/秒  直立最低 0.997  本机 23 秒
  665  走满窗口      1.433 米 /  10.0 秒  0.143 米/秒  直立最低 0.998  本机 23 秒
  666  走满窗口      1.361 米 /  10.0 秒  0.136 米/秒  直立最低 0.998  本机 23 秒
  667  走满窗口      1.089 米 /  10.0 秒  0.109 米/秒  直立最低 0.998  本机 23 秒
  668  走满窗口      1.377 米 /  10.0 秒  0.138 米/秒  直立最低 0.998  本机 22 秒
  669  走满窗口      1.267 米 /  10.0 秒  0.127 米/秒  直立最低 0.995  本机 22 秒
  670  走满窗口      1.347 米 /  10.0 秒  0.135 米/秒  直立最低 0.998  本机 23 秒
  671  走满窗口      1.282 米 /  10.0 秒  0.128 米/秒  直立最低 0.998  本机 23 秒
  672  走满窗口      1.270 米 /  10.0 秒  0.127 米/秒  直立最低 0.998  本机 23 秒
  673  走满窗口      1.325 米 /  10.0 秒  0.132 米/秒  直立最低 0.994  本机 23 秒
  674  走满窗口      1.395 米 /  10.0 秒  0.139 米/秒  直立最低 0.998  本机 23 秒
  675  走满窗口      1.095 米 /  10.0 秒  0.110 米/秒  直立最低 0.997  本机 24 秒
  676  走满窗口      1.317 米 /  10.0 秒  0.132 米/秒  直立最低 0.998  本机 25 秒
  677  走满窗口      1.254 米 /  10.0 秒  0.125 米/秒  直立最低 0.996  本机 24 秒
  678  走满窗口      1.091 米 /  10.0 秒  0.109 米/秒  直立最低 0.998  本机 25 秒
  679  走满窗口      1.325 米 /  10.0 秒  0.133 米/秒  直立最低 0.998  本机 25 秒
  680  走满窗口      1.381 米 /  10.0 秒  0.138 米/秒  直立最低 0.997  本机 24 秒
  681  走满窗口      1.113 米 /  10.0 秒  0.111 米/秒  直立最低 0.998  本机 24 秒
  682  走满窗口      1.240 米 /  10.0 秒  0.124 米/秒  直立最低 0.995  本机 25 秒
  683  走满窗口      1.526 米 /  10.0 秒  0.153 米/秒  直立最低 0.998  本机 24 秒
  684  走满窗口      1.226 米 /  10.0 秒  0.123 米/秒  直立最低 0.997  本机 25 秒
  685  走满窗口      1.353 米 /  10.0 秒  0.135 米/秒  直立最低 0.998  本机 25 秒
  686  走满窗口      1.544 米 /  10.0 秒  0.154 米/秒  直立最低 0.997  本机 25 秒
  687  走满窗口      1.117 米 /  10.0 秒  0.112 米/秒  直立最低 0.997  本机 24 秒
  688  没建出来：ValueError: structural lower bounds exceed an incoming budget
  689  走满窗口      1.338 米 /  10.0 秒  0.134 米/秒  直立最低 0.998  本机 25 秒
  690  走满窗口      1.242 米 /  10.0 秒  0.124 米/秒  直立最低 0.995  本机 25 秒
  691  走满窗口      1.550 米 /  10.0 秒  0.155 米/秒  直立最低 0.996  本机 25 秒
  692  走满窗口      1.260 米 /  10.0 秒  0.126 米/秒  直立最低 0.995  本机 25 秒
  693  走满窗口      0.948 米 /  10.0 秒  0.095 米/秒  直立最低 0.995  本机 24 秒
  694  走满窗口      1.270 米 /  10.0 秒  0.127 米/秒  直立最低 0.994  本机 24 秒
  695  走满窗口      1.028 米 /  10.0 秒  0.103 米/秒  直立最低 0.998  本机 25 秒
  696  走满窗口      1.102 米 /  10.0 秒  0.110 米/秒  直立最低 0.998  本机 24 秒
  697  走满窗口      1.253 米 /  10.0 秒  0.125 米/秒  直立最低 0.996  本机 25 秒
  698  走满窗口      1.387 米 /  10.0 秒  0.139 米/秒  直立最低 0.998  本机 24 秒
  699  走满窗口      0.872 米 /  10.0 秒  0.087 米/秒  直立最低 0.994  本机 24 秒
  700  走满窗口      1.308 米 /  10.0 秒  0.131 米/秒  直立最低 0.996  本机 24 秒
  701  走满窗口      1.354 米 /  10.0 秒  0.135 米/秒  直立最低 0.998  本机 25 秒
  702  走满窗口      0.477 米 /  10.0 秒  0.048 米/秒  直立最低 0.995  本机 25 秒
  703  走满窗口      0.974 米 /  10.0 秒  0.097 米/秒  直立最低 0.995  本机 24 秒
  704  走满窗口      1.082 米 /  10.0 秒  0.108 米/秒  直立最低 0.998  本机 25 秒
  705  走满窗口      1.340 米 /  10.0 秒  0.134 米/秒  直立最低 0.998  本机 25 秒
  706  走满窗口      1.320 米 /  10.0 秒  0.132 米/秒  直立最低 0.998  本机 24 秒
  707  走满窗口      1.388 米 /  10.0 秒  0.139 米/秒  直立最低 0.998  本机 25 秒
  708  走满窗口      1.324 米 /  10.0 秒  0.132 米/秒  直立最低 0.998  本机 24 秒
  709  走满窗口      1.178 米 /  10.0 秒  0.118 米/秒  直立最低 0.995  本机 24 秒
  710  走满窗口      1.292 米 /  10.0 秒  0.129 米/秒  直立最低 0.995  本机 25 秒
  711  走满窗口      1.376 米 /  10.0 秒  0.138 米/秒  直立最低 0.998  本机 25 秒
  712  走满窗口      1.349 米 /  10.0 秒  0.135 米/秒  直立最低 0.992  本机 25 秒
  713  走满窗口      1.268 米 /  10.0 秒  0.127 米/秒  直立最低 0.994  本机 25 秒
  714  走满窗口      1.346 米 /  10.0 秒  0.135 米/秒  直立最低 0.998  本机 25 秒
  715  走满窗口      1.364 米 /  10.0 秒  0.136 米/秒  直立最低 0.998  本机 25 秒
  716  走满窗口      1.226 米 /  10.0 秒  0.123 米/秒  直立最低 0.996  本机 25 秒
  717  走满窗口      1.382 米 /  10.0 秒  0.138 米/秒  直立最低 0.998  本机 25 秒
  718  走满窗口      1.330 米 /  10.0 秒  0.133 米/秒  直立最低 0.998  本机 25 秒
  719  走满窗口      1.255 米 /  10.0 秒  0.125 米/秒  直立最低 0.995  本机 25 秒
  720  走满窗口      1.309 米 /  10.0 秒  0.131 米/秒  直立最低 0.998  本机 24 秒
  721  走满窗口      1.283 米 /  10.0 秒  0.128 米/秒  直立最低 0.995  本机 24 秒
  722  走满窗口      1.102 米 /  10.0 秒  0.110 米/秒  直立最低 0.994  本机 24 秒
  723  走满窗口      1.160 米 /  10.0 秒  0.116 米/秒  直立最低 0.998  本机 24 秒
  724  走满窗口      1.144 米 /  10.0 秒  0.114 米/秒  直立最低 0.998  本机 24 秒
  725  走满窗口      1.002 米 /  10.0 秒  0.100 米/秒  直立最低 0.998  本机 24 秒
  726  走满窗口      1.650 米 /  10.0 秒  0.165 米/秒  直立最低 0.997  本机 25 秒
  727  走满窗口      1.037 米 /  10.0 秒  0.104 米/秒  直立最低 0.998  本机 24 秒
  728  走满窗口      1.435 米 /  10.0 秒  0.144 米/秒  直立最低 0.998  本机 25 秒
  729  走满窗口      1.154 米 /  10.0 秒  0.115 米/秒  直立最低 0.998  本机 24 秒
  730  走满窗口      0.918 米 /  10.0 秒  0.092 米/秒  直立最低 0.999  本机 25 秒
  731  走满窗口      1.365 米 /  10.0 秒  0.137 米/秒  直立最低 0.998  本机 25 秒
  732  走满窗口      1.252 米 /  10.0 秒  0.125 米/秒  直立最低 0.995  本机 24 秒
  733  走满窗口      1.204 米 /  10.0 秒  0.120 米/秒  直立最低 0.997  本机 25 秒
  734  走满窗口      1.303 米 /  10.0 秒  0.130 米/秒  直立最低 0.998  本机 25 秒
  735  走满窗口      1.397 米 /  10.0 秒  0.140 米/秒  直立最低 0.998  本机 24 秒
  736  走满窗口      1.314 米 /  10.0 秒  0.131 米/秒  直立最低 0.998  本机 24 秒
  737  走满窗口      1.097 米 /  10.0 秒  0.110 米/秒  直立最低 0.997  本机 25 秒
  738  走满窗口      1.345 米 /  10.0 秒  0.135 米/秒  直立最低 0.998  本机 25 秒
  739  走满窗口      1.308 米 /  10.0 秒  0.131 米/秒  直立最低 0.998  本机 25 秒
  740  走满窗口      1.348 米 /  10.0 秒  0.135 米/秒  直立最低 0.998  本机 25 秒
  741  走满窗口      0.974 米 /  10.0 秒  0.097 米/秒  直立最低 0.998  本机 25 秒
  742  走满窗口      1.260 米 /  10.0 秒  0.126 米/秒  直立最低 0.998  本机 24 秒
  743  走满窗口      0.448 米 /  10.0 秒  0.045 米/秒  直立最低 0.991  本机 24 秒
  744  走满窗口      1.011 米 /  10.0 秒  0.101 米/秒  直立最低 0.998  本机 24 秒
  745  走满窗口      1.289 米 /  10.0 秒  0.129 米/秒  直立最低 0.998  本机 24 秒
  746  走满窗口      0.769 米 /  10.0 秒  0.077 米/秒  直立最低 0.995  本机 24 秒
  747  走满窗口      1.197 米 /  10.0 秒  0.120 米/秒  直立最低 0.993  本机 24 秒
  748  走满窗口      1.276 米 /  10.0 秒  0.128 米/秒  直立最低 0.994  本机 24 秒
  749  走满窗口      1.279 米 /  10.0 秒  0.128 米/秒  直立最低 0.998  本机 24 秒
  750  走满窗口      1.097 米 /  10.0 秒  0.110 米/秒  直立最低 0.997  本机 25 秒
  751  走满窗口      1.354 米 /  10.0 秒  0.135 米/秒  直立最低 0.998  本机 24 秒
  752  走满窗口      1.154 米 /  10.0 秒  0.115 米/秒  直立最低 0.994  本机 25 秒
  753  走满窗口      1.321 米 /  10.0 秒  0.132 米/秒  直立最低 0.998  本机 24 秒
  754  走满窗口      0.696 米 /  10.0 秒  0.070 米/秒  直立最低 0.992  本机 24 秒
  755  走满窗口      0.804 米 /  10.0 秒  0.080 米/秒  直立最低 0.997  本机 24 秒
  756  走满窗口      1.295 米 /  10.0 秒  0.130 米/秒  直立最低 0.994  本机 25 秒
  757  走满窗口      1.331 米 /  10.0 秒  0.133 米/秒  直立最低 0.998  本机 24 秒
  758  走满窗口      1.371 米 /  10.0 秒  0.137 米/秒  直立最低 0.997  本机 25 秒
  759  走满窗口      1.261 米 /  10.0 秒  0.126 米/秒  直立最低 0.998  本机 25 秒
  760  走满窗口      1.266 米 /  10.0 秒  0.127 米/秒  直立最低 0.996  本机 25 秒
  761  走满窗口      1.274 米 /  10.0 秒  0.127 米/秒  直立最低 0.995  本机 25 秒
  762  走满窗口      1.247 米 /  10.0 秒  0.125 米/秒  直立最低 0.995  本机 25 秒
  763  走满窗口      1.295 米 /  10.0 秒  0.129 米/秒  直立最低 0.998  本机 25 秒
  764  走满窗口      1.079 米 /  10.0 秒  0.108 米/秒  直立最低 0.998  本机 25 秒
  765  走满窗口      1.624 米 /  10.0 秒  0.162 米/秒  直立最低 0.998  本机 24 秒
  766  走满窗口      1.238 米 /  10.0 秒  0.124 米/秒  直立最低 0.995  本机 24 秒
  767  走满窗口      1.373 米 /  10.0 秒  0.137 米/秒  直立最低 0.998  本机 24 秒
  768  走满窗口      1.265 米 /  10.0 秒  0.126 米/秒  直立最低 0.995  本机 24 秒
  769  走满窗口      1.324 米 /  10.0 秒  0.132 米/秒  直立最低 0.998  本机 23 秒
  770  走满窗口      1.302 米 /  10.0 秒  0.130 米/秒  直立最低 0.998  本机 23 秒
  771  走满窗口      1.269 米 /  10.0 秒  0.127 米/秒  直立最低 0.994  本机 23 秒
  772  走满窗口      1.054 米 /  10.0 秒  0.105 米/秒  直立最低 0.999  本机 23 秒
  773  走满窗口      1.316 米 /  10.0 秒  0.132 米/秒  直立最低 0.998  本机 23 秒
  774  走满窗口      1.425 米 /  10.0 秒  0.143 米/秒  直立最低 0.998  本机 23 秒
  775  走满窗口      1.331 米 /  10.0 秒  0.133 米/秒  直立最低 0.998  本机 23 秒
  776  走满窗口      0.847 米 /  10.0 秒  0.085 米/秒  直立最低 0.995  本机 23 秒
  777  走满窗口      0.933 米 /  10.0 秒  0.093 米/秒  直立最低 0.995  本机 23 秒
  778  走满窗口      1.303 米 /  10.0 秒  0.130 米/秒  直立最低 0.995  本机 22 秒
  779  没建出来：ValueError: structural lower bounds exceed an incoming budget
  780  没建出来：ValueError: structural lower bounds exceed an incoming budget
  781  走满窗口      1.283 米 /  10.0 秒  0.128 米/秒  直立最低 0.994  本机 23 秒
  782  走满窗口      1.238 米 /  10.0 秒  0.124 米/秒  直立最低 0.998  本机 23 秒
  783  走满窗口      1.293 米 /  10.0 秒  0.129 米/秒  直立最低 0.994  本机 23 秒
  784  走满窗口      1.060 米 /  10.0 秒  0.106 米/秒  直立最低 0.998  本机 23 秒
  785  走满窗口      1.627 米 /  10.0 秒  0.163 米/秒  直立最低 0.997  本机 23 秒
  786  走满窗口      1.097 米 /  10.0 秒  0.110 米/秒  直立最低 0.997  本机 23 秒
  787  走满窗口      1.238 米 /  10.0 秒  0.124 米/秒  直立最低 0.995  本机 23 秒
  788  走满窗口      0.989 米 /  10.0 秒  0.099 米/秒  直立最低 0.998  本机 23 秒
  789  走满窗口      1.276 米 /  10.0 秒  0.128 米/秒  直立最低 0.998  本机 23 秒
  790  走满窗口      1.219 米 /  10.0 秒  0.122 米/秒  直立最低 0.994  本机 22 秒
  791  走满窗口      1.190 米 /  10.0 秒  0.119 米/秒  直立最低 0.992  本机 23 秒
  792  走满窗口      1.414 米 /  10.0 秒  0.141 米/秒  直立最低 0.998  本机 22 秒
  793  走满窗口      1.130 米 /  10.0 秒  0.113 米/秒  直立最低 0.994  本机 23 秒
  794  走满窗口      1.051 米 /  10.0 秒  0.105 米/秒  直立最低 0.998  本机 23 秒
  795  走满窗口      1.373 米 /  10.0 秒  0.137 米/秒  直立最低 0.998  本机 23 秒
  796  走满窗口      1.303 米 /  10.0 秒  0.130 米/秒  直立最低 0.998  本机 23 秒
  797  走满窗口      1.247 米 /  10.0 秒  0.125 米/秒  直立最低 0.997  本机 23 秒
  798  走满窗口      0.413 米 /  10.0 秒  0.041 米/秒  直立最低 0.992  本机 23 秒
  799  走满窗口      1.117 米 /  10.0 秒  0.112 米/秒  直立最低 0.998  本机 23 秒
  800  走满窗口      1.351 米 /  10.0 秒  0.135 米/秒  直立最低 0.998  本机 23 秒
  801  走满窗口      1.272 米 /  10.0 秒  0.127 米/秒  直立最低 0.998  本机 23 秒
  802  走满窗口      1.173 米 /  10.0 秒  0.117 米/秒  直立最低 0.990  本机 23 秒
  803  走满窗口      1.381 米 /  10.0 秒  0.138 米/秒  直立最低 0.998  本机 23 秒
  804  走满窗口      1.284 米 /  10.0 秒  0.128 米/秒  直立最低 0.994  本机 23 秒
  805  走满窗口      1.252 米 /  10.0 秒  0.125 米/秒  直立最低 0.995  本机 23 秒
  806  走满窗口      0.720 米 /  10.0 秒  0.072 米/秒  直立最低 0.992  本机 23 秒
  807  走满窗口      0.973 米 /  10.0 秒  0.097 米/秒  直立最低 0.996  本机 23 秒
  808  走满窗口      1.244 米 /  10.0 秒  0.124 米/秒  直立最低 0.996  本机 22 秒
  809  走满窗口      1.299 米 /  10.0 秒  0.130 米/秒  直立最低 0.998  本机 22 秒
  810  走满窗口      0.437 米 /  10.0 秒  0.044 米/秒  直立最低 0.995  本机 22 秒
  811  走满窗口      1.338 米 /  10.0 秒  0.134 米/秒  直立最低 0.998  本机 22 秒
  812  走满窗口      1.374 米 /  10.0 秒  0.137 米/秒  直立最低 0.997  本机 22 秒
  813  走满窗口      1.248 米 /  10.0 秒  0.125 米/秒  直立最低 0.994  本机 23 秒
  814  走满窗口      0.378 米 /  10.0 秒  0.038 米/秒  直立最低 0.991  本机 22 秒
  815  走满窗口      1.276 米 /  10.0 秒  0.128 米/秒  直立最低 0.994  本机 23 秒
  816  走满窗口      1.298 米 /  10.0 秒  0.130 米/秒  直立最低 0.998  本机 23 秒
  817  走满窗口      1.249 米 /  10.0 秒  0.125 米/秒  直立最低 0.995  本机 23 秒
  818  走满窗口      0.972 米 /  10.0 秒  0.097 米/秒  直立最低 0.994  本机 23 秒
  819  走满窗口      1.335 米 /  10.0 秒  0.134 米/秒  直立最低 0.998  本机 23 秒
  820  走满窗口      1.338 米 /  10.0 秒  0.134 米/秒  直立最低 0.998  本机 23 秒
  821  走满窗口      1.250 米 /  10.0 秒  0.125 米/秒  直立最低 0.994  本机 23 秒
  822  走满窗口      1.343 米 /  10.0 秒  0.134 米/秒  直立最低 0.998  本机 23 秒
  823  走满窗口      1.278 米 /  10.0 秒  0.128 米/秒  直立最低 0.995  本机 23 秒
  824  走满窗口      1.129 米 /  10.0 秒  0.113 米/秒  直立最低 0.994  本机 23 秒
  825  走满窗口      1.362 米 /  10.0 秒  0.136 米/秒  直立最低 0.998  本机 23 秒
  826  走满窗口      1.239 米 /  10.0 秒  0.124 米/秒  直立最低 0.995  本机 22 秒
  827  走满窗口      1.316 米 /  10.0 秒  0.132 米/秒  直立最低 0.998  本机 23 秒
  828  走满窗口      1.291 米 /  10.0 秒  0.129 米/秒  直立最低 0.995  本机 23 秒
  829  走满窗口      1.239 米 /  10.0 秒  0.124 米/秒  直立最低 0.998  本机 23 秒
  830  走满窗口      1.376 米 /  10.0 秒  0.138 米/秒  直立最低 0.995  本机 23 秒
  831  走满窗口      1.164 米 /  10.0 秒  0.116 米/秒  直立最低 0.995  本机 22 秒
  832  走满窗口      1.183 米 /  10.0 秒  0.118 米/秒  直立最低 0.996  本机 22 秒
  833  走满窗口      1.353 米 /  10.0 秒  0.135 米/秒  直立最低 0.997  本机 22 秒
  834  走满窗口      1.187 米 /  10.0 秒  0.119 米/秒  直立最低 0.996  本机 22 秒
  835  走满窗口      1.293 米 /  10.0 秒  0.129 米/秒  直立最低 0.994  本机 23 秒
  836  走满窗口      1.258 米 /  10.0 秒  0.126 米/秒  直立最低 0.995  本机 23 秒
  837  走满窗口      1.317 米 /  10.0 秒  0.132 米/秒  直立最低 0.998  本机 22 秒
  838  走满窗口      1.474 米 /  10.0 秒  0.147 米/秒  直立最低 0.997  本机 22 秒
  839  走满窗口      1.256 米 /  10.0 秒  0.126 米/秒  直立最低 0.995  本机 23 秒
  840  走满窗口      1.310 米 /  10.0 秒  0.131 米/秒  直立最低 0.994  本机 22 秒
  841  走满窗口      1.085 米 /  10.0 秒  0.109 米/秒  直立最低 0.998  本机 23 秒
  842  走满窗口      1.327 米 /  10.0 秒  0.133 米/秒  直立最低 0.998  本机 23 秒
  843  走满窗口      1.286 米 /  10.0 秒  0.129 米/秒  直立最低 0.997  本机 23 秒
  844  走满窗口      1.330 米 /  10.0 秒  0.133 米/秒  直立最低 0.998  本机 23 秒
  845  走满窗口      1.247 米 /  10.0 秒  0.125 米/秒  直立最低 0.996  本机 23 秒
  846  走满窗口      1.333 米 /  10.0 秒  0.133 米/秒  直立最低 0.998  本机 23 秒
  847  走满窗口      1.253 米 /  10.0 秒  0.125 米/秒  直立最低 0.998  本机 22 秒
  848  走满窗口      1.372 米 /  10.0 秒  0.137 米/秒  直立最低 0.998  本机 22 秒
  849  走满窗口      1.291 米 /  10.0 秒  0.129 米/秒  直立最低 0.998  本机 23 秒
  850  走满窗口      1.326 米 /  10.0 秒  0.133 米/秒  直立最低 0.997  本机 22 秒
  851  走满窗口      1.353 米 /  10.0 秒  0.135 米/秒  直立最低 0.998  本机 23 秒
  852  走满窗口      1.312 米 /  10.0 秒  0.131 米/秒  直立最低 0.994  本机 22 秒
  853  走满窗口      1.265 米 /  10.0 秒  0.126 米/秒  直立最低 0.995  本机 23 秒
  854  走满窗口      1.252 米 /  10.0 秒  0.125 米/秒  直立最低 0.998  本机 23 秒
  855  走满窗口      1.245 米 /  10.0 秒  0.124 米/秒  直立最低 0.998  本机 22 秒
  856  走满窗口      1.330 米 /  10.0 秒  0.133 米/秒  直立最低 0.998  本机 23 秒
  857  走满窗口      1.349 米 /  10.0 秒  0.135 米/秒  直立最低 0.994  本机 23 秒
  858  走满窗口      1.344 米 /  10.0 秒  0.134 米/秒  直立最低 0.998  本机 22 秒
  859  走满窗口      1.243 米 /  10.0 秒  0.124 米/秒  直立最低 0.995  本机 23 秒
  860  走满窗口      1.416 米 /  10.0 秒  0.142 米/秒  直立最低 0.998  本机 22 秒
  861  走满窗口      1.294 米 /  10.0 秒  0.129 米/秒  直立最低 0.995  本机 22 秒
  862  走满窗口      1.617 米 /  10.0 秒  0.162 米/秒  直立最低 0.998  本机 22 秒
  863  走满窗口      1.298 米 /  10.0 秒  0.130 米/秒  直立最低 0.998  本机 22 秒
  864  走满窗口      1.275 米 /  10.0 秒  0.128 米/秒  直立最低 0.996  本机 23 秒
  865  走满窗口      1.396 米 /  10.0 秒  0.140 米/秒  直立最低 0.998  本机 23 秒
  866  走满窗口      1.329 米 /  10.0 秒  0.133 米/秒  直立最低 0.998  本机 23 秒
  867  走满窗口      1.242 米 /  10.0 秒  0.124 米/秒  直立最低 0.996  本机 23 秒
  868  走满窗口      1.264 米 /  10.0 秒  0.126 米/秒  直立最低 0.994  本机 23 秒
  869  走满窗口      1.337 米 /  10.0 秒  0.134 米/秒  直立最低 0.998  本机 23 秒
  870  走满窗口      1.256 米 /  10.0 秒  0.126 米/秒  直立最低 0.995  本机 23 秒
  871  走满窗口      0.683 米 /  10.0 秒  0.068 米/秒  直立最低 0.994  本机 22 秒
  872  走满窗口      1.231 米 /  10.0 秒  0.123 米/秒  直立最低 0.995  本机 23 秒
  873  走满窗口      1.349 米 /  10.0 秒  0.135 米/秒  直立最低 0.998  本机 23 秒
  874  走满窗口      1.163 米 /  10.0 秒  0.116 米/秒  直立最低 0.998  本机 22 秒
  875  走满窗口      1.240 米 /  10.0 秒  0.124 米/秒  直立最低 0.995  本机 23 秒
  876  走满窗口      1.306 米 /  10.0 秒  0.131 米/秒  直立最低 0.998  本机 22 秒
  877  走满窗口      1.346 米 /  10.0 秒  0.135 米/秒  直立最低 0.998  本机 23 秒
  878  走满窗口      1.309 米 /  10.0 秒  0.131 米/秒  直立最低 0.998  本机 23 秒
  879  走满窗口      1.324 米 /  10.0 秒  0.132 米/秒  直立最低 0.998  本机 23 秒
  880  走满窗口      1.097 米 /  10.0 秒  0.110 米/秒  直立最低 0.997  本机 22 秒
  881  走满窗口      1.210 米 /  10.0 秒  0.121 米/秒  直立最低 0.998  本机 22 秒
  882  没建出来：ValueError: structural lower bounds exceed an incoming budget
  883  走满窗口      1.267 米 /  10.0 秒  0.127 米/秒  直立最低 0.995  本机 23 秒
  884  走满窗口      1.304 米 /  10.0 秒  0.130 米/秒  直立最低 0.998  本机 22 秒
  885  走满窗口      1.262 米 /  10.0 秒  0.126 米/秒  直立最低 0.994  本机 23 秒
  886  走满窗口      1.260 米 /  10.0 秒  0.126 米/秒  直立最低 0.994  本机 23 秒
  887  走满窗口      1.114 米 /  10.0 秒  0.111 米/秒  直立最低 0.998  本机 23 秒
  888  走满窗口      1.346 米 /  10.0 秒  0.135 米/秒  直立最低 0.998  本机 23 秒
  889  走满窗口      1.015 米 /  10.0 秒  0.101 米/秒  直立最低 0.998  本机 24 秒
  890  走满窗口      1.742 米 /  10.0 秒  0.174 米/秒  直立最低 0.997  本机 24 秒
  891  走满窗口      1.233 米 /  10.0 秒  0.123 米/秒  直立最低 0.995  本机 24 秒
  892  走满窗口      1.340 米 /  10.0 秒  0.134 米/秒  直立最低 0.998  本机 24 秒
  893  走满窗口      1.357 米 /  10.0 秒  0.136 米/秒  直立最低 0.998  本机 25 秒
  894  走满窗口      1.303 米 /  10.0 秒  0.130 米/秒  直立最低 0.998  本机 25 秒
  895  走满窗口      1.167 米 /  10.0 秒  0.117 米/秒  直立最低 0.992  本机 25 秒
  896  走满窗口      1.278 米 /  10.0 秒  0.128 米/秒  直立最低 0.995  本机 25 秒
  897  走满窗口      1.339 米 /  10.0 秒  0.134 米/秒  直立最低 0.998  本机 24 秒
  898  走满窗口      1.243 米 /  10.0 秒  0.124 米/秒  直立最低 0.998  本机 25 秒
  899  走满窗口      1.208 米 /  10.0 秒  0.121 米/秒  直立最低 0.998  本机 24 秒
  900  走满窗口      1.261 米 /  10.0 秒  0.126 米/秒  直立最低 0.995  本机 24 秒
  901  走满窗口      1.268 米 /  10.0 秒  0.127 米/秒  直立最低 0.995  本机 24 秒
  902  走满窗口      1.072 米 /  10.0 秒  0.107 米/秒  直立最低 0.998  本机 24 秒
  903  走满窗口      1.336 米 /  10.0 秒  0.134 米/秒  直立最低 0.997  本机 24 秒
  904  走满窗口      1.187 米 /  10.0 秒  0.119 米/秒  直立最低 0.997  本机 24 秒
  905  走满窗口      1.375 米 /  10.0 秒  0.137 米/秒  直立最低 0.998  本机 24 秒
  906  走满窗口      1.281 米 /  10.0 秒  0.128 米/秒  直立最低 0.997  本机 24 秒
  907  走满窗口      1.423 米 /  10.0 秒  0.142 米/秒  直立最低 0.998  本机 24 秒
  908  走满窗口      1.322 米 /  10.0 秒  0.132 米/秒  直立最低 0.995  本机 24 秒
  909  走满窗口      1.074 米 /  10.0 秒  0.107 米/秒  直立最低 0.992  本机 24 秒
  910  走满窗口      1.291 米 /  10.0 秒  0.129 米/秒  直立最低 0.998  本机 25 秒
  911  走满窗口      1.116 米 /  10.0 秒  0.112 米/秒  直立最低 0.995  本机 25 秒
  912  走满窗口      1.273 米 /  10.0 秒  0.127 米/秒  直立最低 0.997  本机 24 秒
  913  走满窗口      1.106 米 /  10.0 秒  0.111 米/秒  直立最低 0.998  本机 24 秒
  914  走满窗口      1.309 米 /  10.0 秒  0.131 米/秒  直立最低 0.997  本机 24 秒
  915  走满窗口      1.249 米 /  10.0 秒  0.125 米/秒  直立最低 0.995  本机 25 秒
  916  走满窗口      1.278 米 /  10.0 秒  0.128 米/秒  直立最低 0.998  本机 24 秒
  917  走满窗口      1.277 米 /  10.0 秒  0.128 米/秒  直立最低 0.997  本机 24 秒
  918  走满窗口      1.374 米 /  10.0 秒  0.137 米/秒  直立最低 0.998  本机 24 秒
  919  走满窗口      1.373 米 /  10.0 秒  0.137 米/秒  直立最低 0.998  本机 24 秒
  920  走满窗口      1.280 米 /  10.0 秒  0.128 米/秒  直立最低 0.998  本机 24 秒
  921  走满窗口      1.245 米 /  10.0 秒  0.124 米/秒  直立最低 0.995  本机 24 秒
  922  走满窗口      1.272 米 /  10.0 秒  0.127 米/秒  直立最低 0.998  本机 24 秒
  923  走满窗口      1.329 米 /  10.0 秒  0.133 米/秒  直立最低 0.998  本机 24 秒
  924  走满窗口      1.308 米 /  10.0 秒  0.131 米/秒  直立最低 0.998  本机 24 秒
  925  走满窗口      1.313 米 /  10.0 秒  0.131 米/秒  直立最低 0.998  本机 25 秒
  926  走满窗口      1.341 米 /  10.0 秒  0.134 米/秒  直立最低 0.998  本机 24 秒
  927  走满窗口      1.369 米 /  10.0 秒  0.137 米/秒  直立最低 0.998  本机 24 秒
  928  走满窗口      1.548 米 /  10.0 秒  0.155 米/秒  直立最低 0.995  本机 24 秒
  929  走满窗口      1.340 米 /  10.0 秒  0.134 米/秒  直立最低 0.998  本机 24 秒
  930  走满窗口      1.601 米 /  10.0 秒  0.160 米/秒  直立最低 0.997  本机 25 秒
  931  走满窗口      1.368 米 /  10.0 秒  0.137 米/秒  直立最低 0.995  本机 24 秒
  932  走满窗口      1.564 米 /  10.0 秒  0.156 米/秒  直立最低 0.995  本机 25 秒
  933  走满窗口      1.272 米 /  10.0 秒  0.127 米/秒  直立最低 0.995  本机 25 秒
  934  走满窗口      1.252 米 /  10.0 秒  0.125 米/秒  直立最低 0.997  本机 25 秒
  935  走满窗口      1.431 米 /  10.0 秒  0.143 米/秒  直立最低 0.998  本机 24 秒
  936  走满窗口      1.276 米 /  10.0 秒  0.128 米/秒  直立最低 0.996  本机 24 秒
  937  走满窗口      1.287 米 /  10.0 秒  0.129 米/秒  直立最低 0.998  本机 24 秒
  938  走满窗口      1.347 米 /  10.0 秒  0.135 米/秒  直立最低 0.998  本机 24 秒
  939  走满窗口      1.252 米 /  10.0 秒  0.125 米/秒  直立最低 0.995  本机 24 秒
  940  走满窗口      1.289 米 /  10.0 秒  0.129 米/秒  直立最低 0.994  本机 24 秒
  941  走满窗口      1.271 米 /  10.0 秒  0.127 米/秒  直立最低 0.994  本机 24 秒
  942  走满窗口      1.341 米 /  10.0 秒  0.134 米/秒  直立最低 0.998  本机 25 秒
  943  走满窗口      1.245 米 /  10.0 秒  0.124 米/秒  直立最低 0.995  本机 24 秒
  944  走满窗口      1.375 米 /  10.0 秒  0.138 米/秒  直立最低 0.998  本机 24 秒
  945  走满窗口      1.355 米 /  10.0 秒  0.135 米/秒  直立最低 0.998  本机 24 秒
  946  走满窗口      1.341 米 /  10.0 秒  0.134 米/秒  直立最低 0.997  本机 24 秒
  947  走满窗口      1.380 米 /  10.0 秒  0.138 米/秒  直立最低 0.998  本机 24 秒
  948  走满窗口      1.224 米 /  10.0 秒  0.122 米/秒  直立最低 0.996  本机 24 秒
  949  倒过        2.212 米 /  10.0 秒  0.221 米/秒  直立最低 -0.947  本机 25 秒
  950  走满窗口      1.400 米 /  10.0 秒  0.140 米/秒  直立最低 0.998  本机 24 秒
  951  走满窗口      0.699 米 /  10.0 秒  0.070 米/秒  直立最低 0.994  本机 25 秒
  952  走满窗口      1.283 米 /  10.0 秒  0.128 米/秒  直立最低 0.998  本机 24 秒
  953  走满窗口      1.340 米 /  10.0 秒  0.134 米/秒  直立最低 0.998  本机 24 秒
  954  走满窗口      1.370 米 /  10.0 秒  0.137 米/秒  直立最低 0.998  本机 25 秒
  955  走满窗口      1.285 米 /  10.0 秒  0.129 米/秒  直立最低 0.996  本机 24 秒
  956  走满窗口      1.313 米 /  10.0 秒  0.131 米/秒  直立最低 0.998  本机 25 秒
  957  走满窗口      1.389 米 /  10.0 秒  0.139 米/秒  直立最低 0.998  本机 25 秒
  958  走满窗口      1.523 米 /  10.0 秒  0.152 米/秒  直立最低 0.997  本机 25 秒
  959  走满窗口      0.953 米 /  10.0 秒  0.095 米/秒  直立最低 0.991  本机 25 秒
  960  走满窗口      1.236 米 /  10.0 秒  0.124 米/秒  直立最低 0.995  本机 25 秒
  961  走满窗口      1.309 米 /  10.0 秒  0.131 米/秒  直立最低 0.998  本机 25 秒
  962  走满窗口      1.319 米 /  10.0 秒  0.132 米/秒  直立最低 0.997  本机 25 秒
  963  走满窗口      1.249 米 /  10.0 秒  0.125 米/秒  直立最低 0.995  本机 25 秒
  964  走满窗口      1.199 米 /  10.0 秒  0.120 米/秒  直立最低 0.998  本机 25 秒
  965  走满窗口      1.340 米 /  10.0 秒  0.134 米/秒  直立最低 0.998  本机 25 秒
  966  走满窗口      1.277 米 /  10.0 秒  0.128 米/秒  直立最低 0.998  本机 25 秒
  967  走满窗口      1.293 米 /  10.0 秒  0.129 米/秒  直立最低 0.997  本机 25 秒
  968  走满窗口      1.021 米 /  10.0 秒  0.102 米/秒  直立最低 0.996  本机 24 秒
  969  走满窗口      1.330 米 /  10.0 秒  0.133 米/秒  直立最低 0.998  本机 25 秒
  970  走满窗口      1.328 米 /  10.0 秒  0.133 米/秒  直立最低 0.998  本机 24 秒
  971  走满窗口      1.392 米 /  10.0 秒  0.139 米/秒  直立最低 0.997  本机 25 秒
  972  走满窗口      1.107 米 /  10.0 秒  0.111 米/秒  直立最低 0.997  本机 24 秒
  973  走满窗口      1.173 米 /  10.0 秒  0.117 米/秒  直立最低 0.998  本机 24 秒
  974  走满窗口      1.338 米 /  10.0 秒  0.134 米/秒  直立最低 0.998  本机 25 秒
  975  走满窗口      1.331 米 /  10.0 秒  0.133 米/秒  直立最低 0.998  本机 24 秒
  976  走满窗口      0.731 米 /  10.0 秒  0.073 米/秒  直立最低 0.997  本机 25 秒
  977  走满窗口      1.413 米 /  10.0 秒  0.141 米/秒  直立最低 0.997  本机 25 秒
  978  走满窗口      1.244 米 /  10.0 秒  0.124 米/秒  直立最低 0.995  本机 24 秒
  979  走满窗口      1.258 米 /  10.0 秒  0.126 米/秒  直立最低 0.995  本机 24 秒
  980  走满窗口      1.367 米 /  10.0 秒  0.137 米/秒  直立最低 0.998  本机 24 秒
  981  走满窗口      1.323 米 /  10.0 秒  0.132 米/秒  直立最低 0.997  本机 24 秒
  982  走满窗口      1.417 米 /  10.0 秒  0.142 米/秒  直立最低 0.998  本机 24 秒
  983  走满窗口      1.090 米 /  10.0 秒  0.109 米/秒  直立最低 0.997  本机 24 秒
  984  走满窗口      1.103 米 /  10.0 秒  0.110 米/秒  直立最低 0.995  本机 25 秒
  985  走满窗口      1.060 米 /  10.0 秒  0.106 米/秒  直立最低 0.998  本机 24 秒
  986  走满窗口      1.348 米 /  10.0 秒  0.135 米/秒  直立最低 0.995  本机 24 秒
  987  走满窗口      1.142 米 /  10.0 秒  0.114 米/秒  直立最低 0.998  本机 24 秒
  988  走满窗口      1.184 米 /  10.0 秒  0.118 米/秒  直立最低 0.998  本机 24 秒
  989  走满窗口      1.103 米 /  10.0 秒  0.110 米/秒  直立最低 0.998  本机 24 秒
  990  走满窗口      1.228 米 /  10.0 秒  0.123 米/秒  直立最低 0.998  本机 25 秒
  991  走满窗口      1.322 米 /  10.0 秒  0.132 米/秒  直立最低 0.998  本机 24 秒
  992  走满窗口      1.294 米 /  10.0 秒  0.129 米/秒  直立最低 0.997  本机 25 秒
  993  走满窗口      1.371 米 /  10.0 秒  0.137 米/秒  直立最低 0.998  本机 24 秒
  994  走满窗口      1.333 米 /  10.0 秒  0.133 米/秒  直立最低 0.998  本机 24 秒
  995  走满窗口      1.300 米 /  10.0 秒  0.130 米/秒  直立最低 0.992  本机 24 秒
  996  走满窗口      1.330 米 /  10.0 秒  0.133 米/秒  直立最低 0.998  本机 25 秒
  997  走满窗口      1.698 米 /  10.0 秒  0.170 米/秒  直立最低 0.996  本机 25 秒
  998  走满窗口      1.309 米 /  10.0 秒  0.131 米/秒  直立最低 0.998  本机 24 秒
  999  走满窗口      1.378 米 /  10.0 秒  0.138 米/秒  直立最低 0.996  本机 24 秒
 1000  走满窗口      1.237 米 /  10.0 秒  0.124 米/秒  直立最低 0.998  本机 25 秒
 1001  走满窗口      1.359 米 /  10.0 秒  0.136 米/秒  直立最低 0.998  本机 25 秒
 1002  走满窗口      1.483 米 /  10.0 秒  0.148 米/秒  直立最低 0.995  本机 25 秒
 1003  走满窗口      1.351 米 /  10.0 秒  0.135 米/秒  直立最低 0.998  本机 25 秒
 1004  走满窗口      1.232 米 /  10.0 秒  0.123 米/秒  直立最低 0.995  本机 25 秒
 1005  走满窗口      1.310 米 /  10.0 秒  0.131 米/秒  直立最低 0.998  本机 25 秒
 1006  走满窗口      1.272 米 /  10.0 秒  0.127 米/秒  直立最低 0.995  本机 25 秒
 1007  走满窗口      0.472 米 /  10.0 秒  0.047 米/秒  直立最低 0.995  本机 25 秒
 1008  走满窗口      1.331 米 /  10.0 秒  0.133 米/秒  直立最低 0.998  本机 24 秒
 1009  走满窗口      1.016 米 /  10.0 秒  0.102 米/秒  直立最低 0.998  本机 24 秒
 1010  走满窗口      1.530 米 /  10.0 秒  0.153 米/秒  直立最低 0.995  本机 24 秒
 1011  走满窗口      1.248 米 /  10.0 秒  0.125 米/秒  直立最低 0.995  本机 25 秒
 1012  走满窗口      1.084 米 /  10.0 秒  0.108 米/秒  直立最低 0.994  本机 24 秒
 1013  走满窗口      0.914 米 /  10.0 秒  0.091 米/秒  直立最低 0.997  本机 24 秒
 1014  走满窗口      1.238 米 /  10.0 秒  0.124 米/秒  直立最低 0.995  本机 24 秒
 1015  走满窗口      1.286 米 /  10.0 秒  0.129 米/秒  直立最低 0.996  本机 24 秒
 1016  走满窗口      1.308 米 /  10.0 秒  0.131 米/秒  直立最低 0.998  本机 24 秒
 1017  走满窗口      1.249 米 /  10.0 秒  0.125 米/秒  直立最低 0.995  本机 24 秒
 1018  走满窗口      1.151 米 /  10.0 秒  0.115 米/秒  直立最低 0.998  本机 24 秒
 1019  走满窗口      1.349 米 /  10.0 秒  0.135 米/秒  直立最低 0.998  本机 24 秒
 1020  走满窗口      1.324 米 /  10.0 秒  0.132 米/秒  直立最低 0.998  本机 24 秒
 1021  走满窗口      1.354 米 /  10.0 秒  0.135 米/秒  直立最低 0.992  本机 24 秒
 1022  走满窗口      1.278 米 /  10.0 秒  0.128 米/秒  直立最低 0.998  本机 25 秒
 1023  走满窗口      1.368 米 /  10.0 秒  0.137 米/秒  直立最低 0.998  本机 25 秒
 1024  走满窗口      1.139 米 /  10.0 秒  0.114 米/秒  直立最低 0.995  本机 24 秒
 1025  走满窗口      0.512 米 /  10.0 秒  0.051 米/秒  直立最低 0.993  本机 25 秒
 1026  走满窗口      1.401 米 /  10.0 秒  0.140 米/秒  直立最低 0.998  本机 24 秒
 1027  走满窗口      1.308 米 /  10.0 秒  0.131 米/秒  直立最低 0.998  本机 24 秒
 1028  走满窗口      1.381 米 /  10.0 秒  0.138 米/秒  直立最低 0.998  本机 24 秒
 1029  走满窗口      0.961 米 /  10.0 秒  0.096 米/秒  直立最低 0.997  本机 24 秒
 1030  走满窗口      1.003 米 /  10.0 秒  0.100 米/秒  直立最低 0.998  本机 24 秒
 1031  走满窗口      1.317 米 /  10.0 秒  0.132 米/秒  直立最低 0.994  本机 25 秒
 1032  走满窗口      1.482 米 /  10.0 秒  0.148 米/秒  直立最低 0.997  本机 23 秒
 1033  走满窗口      1.246 米 /  10.0 秒  0.125 米/秒  直立最低 0.995  本机 23 秒
 1034  走满窗口      0.481 米 /  10.0 秒  0.048 米/秒  直立最低 0.995  本机 23 秒
 1035  走满窗口      1.384 米 /  10.0 秒  0.138 米/秒  直立最低 0.998  本机 23 秒
 1036  走满窗口      1.088 米 /  10.0 秒  0.109 米/秒  直立最低 0.998  本机 23 秒
 1037  走满窗口      1.314 米 /  10.0 秒  0.131 米/秒  直立最低 0.998  本机 23 秒
 1038  走满窗口      1.238 米 /  10.0 秒  0.124 米/秒  直立最低 0.995  本机 23 秒
 1039  走满窗口      1.206 米 /  10.0 秒  0.121 米/秒  直立最低 0.998  本机 23 秒
 1040  走满窗口      1.285 米 /  10.0 秒  0.128 米/秒  直立最低 0.998  本机 22 秒
 1041  走满窗口      1.321 米 /  10.0 秒  0.132 米/秒  直立最低 0.997  本机 22 秒
 1042  走满窗口      1.291 米 /  10.0 秒  0.129 米/秒  直立最低 0.995  本机 23 秒
 1043  走满窗口      1.325 米 /  10.0 秒  0.133 米/秒  直立最低 0.998  本机 22 秒
 1044  走满窗口      1.281 米 /  10.0 秒  0.128 米/秒  直立最低 0.998  本机 23 秒
 1045  走满窗口      1.348 米 /  10.0 秒  0.135 米/秒  直立最低 0.998  本机 22 秒
 1046  走满窗口      1.266 米 /  10.0 秒  0.127 米/秒  直立最低 0.995  本机 23 秒
 1047  走满窗口      1.258 米 /  10.0 秒  0.126 米/秒  直立最低 0.995  本机 22 秒
 1048  走满窗口      1.327 米 /  10.0 秒  0.133 米/秒  直立最低 0.998  本机 22 秒
 1049  走满窗口      1.344 米 /  10.0 秒  0.134 米/秒  直立最低 0.998  本机 22 秒
 1050  走满窗口      1.255 米 /  10.0 秒  0.125 米/秒  直立最低 0.995  本机 22 秒
 1051  走满窗口      1.387 米 /  10.0 秒  0.139 米/秒  直立最低 0.996  本机 23 秒
 1052  走满窗口      1.191 米 /  10.0 秒  0.119 米/秒  直立最低 0.998  本机 22 秒
 1053  走满窗口      1.297 米 /  10.0 秒  0.130 米/秒  直立最低 0.994  本机 23 秒
 1054  走满窗口      1.299 米 /  10.0 秒  0.130 米/秒  直立最低 0.998  本机 22 秒
 1055  走满窗口      1.343 米 /  10.0 秒  0.134 米/秒  直立最低 0.998  本机 22 秒
 1056  走满窗口      1.229 米 /  10.0 秒  0.123 米/秒  直立最低 0.998  本机 22 秒
 1057  走满窗口      0.955 米 /  10.0 秒  0.095 米/秒  直立最低 0.994  本机 22 秒
 1058  走满窗口      1.136 米 /  10.0 秒  0.114 米/秒  直立最低 0.996  本机 22 秒
 1059  走满窗口      0.572 米 /  10.0 秒  0.057 米/秒  直立最低 0.995  本机 23 秒
 1060  走满窗口      1.248 米 /  10.0 秒  0.125 米/秒  直立最低 0.992  本机 22 秒
 1061  走满窗口      1.362 米 /  10.0 秒  0.136 米/秒  直立最低 0.998  本机 22 秒
 1062  走满窗口      1.097 米 /  10.0 秒  0.110 米/秒  直立最低 0.998  本机 22 秒
 1063  走满窗口      1.332 米 /  10.0 秒  0.133 米/秒  直立最低 0.992  本机 22 秒
 1064  走满窗口      1.268 米 /  10.0 秒  0.127 米/秒  直立最低 0.998  本机 23 秒
 1065  走满窗口      0.998 米 /  10.0 秒  0.100 米/秒  直立最低 0.996  本机 22 秒
 1066  走满窗口      1.334 米 /  10.0 秒  0.133 米/秒  直立最低 0.998  本机 23 秒
 1067  走满窗口      1.273 米 /  10.0 秒  0.127 米/秒  直立最低 0.994  本机 23 秒
 1068  走满窗口      1.358 米 /  10.0 秒  0.136 米/秒  直立最低 0.992  本机 23 秒
 1069  走满窗口      1.292 米 /  10.0 秒  0.129 米/秒  直立最低 0.998  本机 22 秒
 1070  走满窗口      0.682 米 /  10.0 秒  0.068 米/秒  直立最低 1.000  本机 23 秒
 1071  走满窗口      1.373 米 /  10.0 秒  0.137 米/秒  直立最低 0.998  本机 23 秒
 1072  走满窗口      0.663 米 /  10.0 秒  0.066 米/秒  直立最低 0.996  本机 22 秒
 1073  走满窗口      1.281 米 /  10.0 秒  0.128 米/秒  直立最低 0.997  本机 22 秒
 1074  没建出来：ValueError: structural lower bounds exceed an incoming budget
 1075  走满窗口      1.285 米 /  10.0 秒  0.128 米/秒  直立最低 0.996  本机 22 秒
 1076  走满窗口      1.302 米 /  10.0 秒  0.130 米/秒  直立最低 0.994  本机 22 秒
 1077  走满窗口      1.141 米 /  10.0 秒  0.114 米/秒  直立最低 0.998  本机 22 秒
 1078  走满窗口      0.873 米 /  10.0 秒  0.087 米/秒  直立最低 0.994  本机 22 秒
 1079  走满窗口      1.348 米 /  10.0 秒  0.135 米/秒  直立最低 0.998  本机 22 秒
 1080  走满窗口      0.969 米 /  10.0 秒  0.097 米/秒  直立最低 0.995  本机 23 秒
 1081  走满窗口      1.327 米 /  10.0 秒  0.133 米/秒  直立最低 0.997  本机 22 秒
 1082  走满窗口      0.782 米 /  10.0 秒  0.078 米/秒  直立最低 0.995  本机 22 秒
 1083  走满窗口      1.031 米 /  10.0 秒  0.103 米/秒  直立最低 0.994  本机 23 秒
 1084  走满窗口      1.219 米 /  10.0 秒  0.122 米/秒  直立最低 0.998  本机 22 秒
 1085  走满窗口      1.253 米 /  10.0 秒  0.125 米/秒  直立最低 0.995  本机 22 秒
 1086  走满窗口      1.155 米 /  10.0 秒  0.116 米/秒  直立最低 0.992  本机 23 秒
 1087  走满窗口      1.291 米 /  10.0 秒  0.129 米/秒  直立最低 0.996  本机 22 秒
 1088  走满窗口      1.138 米 /  10.0 秒  0.114 米/秒  直立最低 0.991  本机 23 秒
 1089  走满窗口      1.239 米 /  10.0 秒  0.124 米/秒  直立最低 0.996  本机 22 秒
 1090  走满窗口      1.371 米 /  10.0 秒  0.137 米/秒  直立最低 0.998  本机 23 秒
 1091  走满窗口      1.318 米 /  10.0 秒  0.132 米/秒  直立最低 0.998  本机 23 秒
 1092  走满窗口      1.164 米 /  10.0 秒  0.116 米/秒  直立最低 0.992  本机 23 秒
 1093  走满窗口      1.366 米 /  10.0 秒  0.137 米/秒  直立最低 0.998  本机 22 秒
 1094  走满窗口      1.340 米 /  10.0 秒  0.134 米/秒  直立最低 0.998  本机 22 秒
 1095  走满窗口      1.348 米 /  10.0 秒  0.135 米/秒  直立最低 0.998  本机 22 秒
 1096  走满窗口      1.340 米 /  10.0 秒  0.134 米/秒  直立最低 0.998  本机 23 秒
 1097  走满窗口      0.977 米 /  10.0 秒  0.098 米/秒  直立最低 0.997  本机 22 秒
 1098  走满窗口      1.356 米 /  10.0 秒  0.136 米/秒  直立最低 0.998  本机 22 秒
 1099  走满窗口      1.351 米 /  10.0 秒  0.135 米/秒  直立最低 0.998  本机 22 秒
 1100  走满窗口      1.346 米 /  10.0 秒  0.135 米/秒  直立最低 0.998  本机 22 秒
 1101  走满窗口      1.292 米 /  10.0 秒  0.129 米/秒  直立最低 0.997  本机 22 秒
 1102  走满窗口      1.376 米 /  10.0 秒  0.138 米/秒  直立最低 0.998  本机 22 秒
 1103  走满窗口      1.313 米 /  10.0 秒  0.131 米/秒  直立最低 0.998  本机 22 秒
 1104  走满窗口      1.401 米 /  10.0 秒  0.140 米/秒  直立最低 0.998  本机 23 秒
 1105  走满窗口      1.337 米 /  10.0 秒  0.134 米/秒  直立最低 0.998  本机 22 秒
 1106  走满窗口      1.458 米 /  10.0 秒  0.146 米/秒  直立最低 0.998  本机 22 秒
 1107  走满窗口      0.712 米 /  10.0 秒  0.071 米/秒  直立最低 0.994  本机 23 秒
 1108  走满窗口      1.382 米 /  10.0 秒  0.138 米/秒  直立最低 0.998  本机 22 秒
 1109  走满窗口      1.252 米 /  10.0 秒  0.125 米/秒  直立最低 0.994  本机 23 秒
 1110  走满窗口      1.357 米 /  10.0 秒  0.136 米/秒  直立最低 0.998  本机 23 秒
 1111  走满窗口      1.154 米 /  10.0 秒  0.115 米/秒  直立最低 0.995  本机 23 秒
 1112  走满窗口      1.035 米 /  10.0 秒  0.104 米/秒  直立最低 0.996  本机 23 秒
 1113  走满窗口      1.277 米 /  10.0 秒  0.128 米/秒  直立最低 0.997  本机 22 秒
 1114  走满窗口      1.266 米 /  10.0 秒  0.127 米/秒  直立最低 0.995  本机 22 秒
 1115  走满窗口      1.146 米 /  10.0 秒  0.115 米/秒  直立最低 0.998  本机 23 秒
 1116  走满窗口      1.356 米 /  10.0 秒  0.136 米/秒  直立最低 0.998  本机 22 秒
 1117  走满窗口      1.145 米 /  10.0 秒  0.115 米/秒  直立最低 0.996  本机 23 秒
 1118  走满窗口      1.264 米 /  10.0 秒  0.126 米/秒  直立最低 0.995  本机 22 秒
 1119  走满窗口      1.297 米 /  10.0 秒  0.130 米/秒  直立最低 0.998  本机 23 秒
 1120  走满窗口      1.260 米 /  10.0 秒  0.126 米/秒  直立最低 0.997  本机 22 秒
 1121  走满窗口      1.120 米 /  10.0 秒  0.112 米/秒  直立最低 0.998  本机 23 秒
 1122  走满窗口      1.325 米 /  10.0 秒  0.132 米/秒  直立最低 0.998  本机 23 秒
 1123  走满窗口      1.337 米 /  10.0 秒  0.134 米/秒  直立最低 0.998  本机 22 秒
 1124  走满窗口      1.400 米 /  10.0 秒  0.140 米/秒  直立最低 0.998  本机 22 秒
 1125  走满窗口      0.957 米 /  10.0 秒  0.096 米/秒  直立最低 0.994  本机 22 秒
 1126  没建出来：ValueError: structural lower bounds exceed an incoming budget
 1127  走满窗口      0.494 米 /  10.0 秒  0.049 米/秒  直立最低 0.996  本机 23 秒
 1128  走满窗口      1.412 米 /  10.0 秒  0.141 米/秒  直立最低 0.995  本机 22 秒
 1129  走满窗口      1.244 米 /  10.0 秒  0.124 米/秒  直立最低 0.994  本机 23 秒
 1130  走满窗口      1.391 米 /  10.0 秒  0.139 米/秒  直立最低 0.997  本机 22 秒
 1131  走满窗口      1.330 米 /  10.0 秒  0.133 米/秒  直立最低 0.998  本机 22 秒
 1132  走满窗口      1.257 米 /  10.0 秒  0.126 米/秒  直立最低 0.995  本机 23 秒
 1133  走满窗口      1.251 米 /  10.0 秒  0.125 米/秒  直立最低 0.995  本机 23 秒
 1134  走满窗口      1.182 米 /  10.0 秒  0.118 米/秒  直立最低 0.998  本机 23 秒
 1135  走满窗口      1.341 米 /  10.0 秒  0.134 米/秒  直立最低 0.998  本机 22 秒
 1136  走满窗口      1.332 米 /  10.0 秒  0.133 米/秒  直立最低 0.993  本机 23 秒
 1137  走满窗口      1.360 米 /  10.0 秒  0.136 米/秒  直立最低 0.998  本机 22 秒
 1138  走满窗口      1.272 米 /  10.0 秒  0.127 米/秒  直立最低 0.997  本机 23 秒
 1139  走满窗口      1.253 米 /  10.0 秒  0.125 米/秒  直立最低 0.995  本机 23 秒
 1140  走满窗口      1.344 米 /  10.0 秒  0.134 米/秒  直立最低 0.994  本机 23 秒
 1141  走满窗口      1.240 米 /  10.0 秒  0.124 米/秒  直立最低 0.994  本机 23 秒
 1142  走满窗口      1.349 米 /  10.0 秒  0.135 米/秒  直立最低 0.998  本机 23 秒
 1143  走满窗口      1.176 米 /  10.0 秒  0.118 米/秒  直立最低 0.994  本机 23 秒
 1144  走满窗口      1.034 米 /  10.0 秒  0.103 米/秒  直立最低 0.995  本机 23 秒
 1145  走满窗口      1.339 米 /  10.0 秒  0.134 米/秒  直立最低 0.998  本机 23 秒
 1146  走满窗口      0.912 米 /  10.0 秒  0.091 米/秒  直立最低 0.994  本机 23 秒
 1147  走满窗口      1.295 米 /  10.0 秒  0.130 米/秒  直立最低 0.996  本机 23 秒
 1148  走满窗口      1.482 米 /  10.0 秒  0.148 米/秒  直立最低 0.999  本机 22 秒
 1149  走满窗口      1.348 米 /  10.0 秒  0.135 米/秒  直立最低 0.998  本机 22 秒
 1150  走满窗口      1.251 米 /  10.0 秒  0.125 米/秒  直立最低 0.995  本机 22 秒
 1151  走满窗口      0.961 米 /  10.0 秒  0.096 米/秒  直立最低 0.994  本机 23 秒
 1152  走满窗口      1.507 米 /  10.0 秒  0.151 米/秒  直立最低 0.995  本机 23 秒
 1153  走满窗口      0.980 米 /  10.0 秒  0.098 米/秒  直立最低 0.997  本机 23 秒
 1154  走满窗口      1.278 米 /  10.0 秒  0.128 米/秒  直立最低 0.995  本机 22 秒
 1155  走满窗口      1.266 米 /  10.0 秒  0.127 米/秒  直立最低 0.998  本机 23 秒
 1156  走满窗口      1.087 米 /  10.0 秒  0.109 米/秒  直立最低 0.997  本机 22 秒
 1157  走满窗口      1.296 米 /  10.0 秒  0.130 米/秒  直立最低 0.996  本机 22 秒
 1158  走满窗口      1.287 米 /  10.0 秒  0.129 米/秒  直立最低 0.994  本机 23 秒
 1159  走满窗口      0.816 米 /  10.0 秒  0.082 米/秒  直立最低 0.994  本机 23 秒
 1160  走满窗口      1.363 米 /  10.0 秒  0.136 米/秒  直立最低 0.998  本机 23 秒
 1161  走满窗口      1.352 米 /  10.0 秒  0.135 米/秒  直立最低 0.998  本机 23 秒
 1162  走满窗口      1.056 米 /  10.0 秒  0.106 米/秒  直立最低 0.997  本机 23 秒
 1163  走满窗口      1.241 米 /  10.0 秒  0.124 米/秒  直立最低 0.995  本机 22 秒
 1164  走满窗口      1.257 米 /  10.0 秒  0.126 米/秒  直立最低 0.995  本机 22 秒
 1165  走满窗口      0.860 米 /  10.0 秒  0.086 米/秒  直立最低 0.997  本机 22 秒
 1166  走满窗口      1.241 米 /  10.0 秒  0.124 米/秒  直立最低 0.994  本机 22 秒
 1167  走满窗口      1.262 米 /  10.0 秒  0.126 米/秒  直立最低 0.994  本机 23 秒
 1168  走满窗口      1.104 米 /  10.0 秒  0.110 米/秒  直立最低 0.992  本机 23 秒
 1169  走满窗口      1.412 米 /  10.0 秒  0.141 米/秒  直立最低 0.996  本机 22 秒
 1170  没建出来：ValueError: structural lower bounds exceed an incoming budget
 1171  走满窗口      1.378 米 /  10.0 秒  0.138 米/秒  直立最低 0.998  本机 22 秒
 1172  走满窗口      1.126 米 /  10.0 秒  0.113 米/秒  直立最低 0.997  本机 22 秒
 1173  走满窗口      1.324 米 /  10.0 秒  0.132 米/秒  直立最低 0.998  本机 22 秒
 1174  走满窗口      0.875 米 /  10.0 秒  0.088 米/秒  直立最低 0.996  本机 23 秒
 1175  走满窗口      0.546 米 /  10.0 秒  0.055 米/秒  直立最低 0.992  本机 23 秒
 1176  走满窗口      1.047 米 /  10.0 秒  0.105 米/秒  直立最低 0.995  本机 22 秒
 1177  走满窗口      1.293 米 /  10.0 秒  0.129 米/秒  直立最低 0.996  本机 22 秒
 1178  走满窗口      1.401 米 /  10.0 秒  0.140 米/秒  直立最低 0.998  本机 23 秒
 1179  没建出来：ValueError: structural lower bounds exceed an incoming budget
 1180  走满窗口      1.273 米 /  10.0 秒  0.127 米/秒  直立最低 0.995  本机 22 秒
 1181  走满窗口      1.299 米 /  10.0 秒  0.130 米/秒  直立最低 0.995  本机 22 秒
 1182  倒过        1.584 米 /  10.0 秒  0.158 米/秒  直立最低 -0.960  本机 23 秒
 1183  走满窗口      1.365 米 /  10.0 秒  0.136 米/秒  直立最低 0.998  本机 23 秒
 1184  走满窗口      1.316 米 /  10.0 秒  0.132 米/秒  直立最低 0.997  本机 23 秒
 1185  走满窗口      0.978 米 /  10.0 秒  0.098 米/秒  直立最低 0.998  本机 22 秒
 1186  走满窗口      1.076 米 /  10.0 秒  0.108 米/秒  直立最低 0.993  本机 23 秒
 1187  走满窗口      1.611 米 /  10.0 秒  0.161 米/秒  直立最低 0.995  本机 23 秒
 1188  走满窗口      1.380 米 /  10.0 秒  0.138 米/秒  直立最低 0.995  本机 22 秒
 1189  走满窗口      1.382 米 /  10.0 秒  0.138 米/秒  直立最低 0.998  本机 23 秒
 1190  走满窗口      1.197 米 /  10.0 秒  0.120 米/秒  直立最低 0.998  本机 23 秒
 1191  走满窗口      1.343 米 /  10.0 秒  0.134 米/秒  直立最低 0.998  本机 22 秒
 1192  走满窗口      1.320 米 /  10.0 秒  0.132 米/秒  直立最低 0.998  本机 23 秒
 1193  走满窗口      1.221 米 /  10.0 秒  0.122 米/秒  直立最低 0.998  本机 23 秒
 1194  走满窗口      1.292 米 /  10.0 秒  0.129 米/秒  直立最低 0.998  本机 22 秒
 1195  走满窗口      1.322 米 /  10.0 秒  0.132 米/秒  直立最低 0.998  本机 22 秒
 1196  走满窗口      1.297 米 /  10.0 秒  0.130 米/秒  直立最低 0.997  本机 22 秒
 1197  走满窗口      1.214 米 /  10.0 秒  0.121 米/秒  直立最低 0.998  本机 22 秒
 1198  走满窗口      1.340 米 /  10.0 秒  0.134 米/秒  直立最低 0.998  本机 22 秒
 1199  走满窗口      1.303 米 /  10.0 秒  0.130 米/秒  直立最低 0.998  本机 22 秒
 1200  走满窗口      1.132 米 /  10.0 秒  0.113 米/秒  直立最低 0.998  本机 22 秒
 1201  走满窗口      1.364 米 /  10.0 秒  0.136 米/秒  直立最低 0.998  本机 23 秒
 1202  走满窗口      1.252 米 /  10.0 秒  0.125 米/秒  直立最低 0.997  本机 23 秒
 1203  走满窗口      0.956 米 /  10.0 秒  0.096 米/秒  直立最低 0.990  本机 23 秒
 1204  走满窗口      1.084 米 /  10.0 秒  0.108 米/秒  直立最低 0.998  本机 22 秒
 1205  走满窗口      1.283 米 /  10.0 秒  0.128 米/秒  直立最低 0.998  本机 23 秒
 1206  走满窗口      1.348 米 /  10.0 秒  0.135 米/秒  直立最低 0.998  本机 22 秒
 1207  走满窗口      1.208 米 /  10.0 秒  0.121 米/秒  直立最低 0.991  本机 23 秒
 1208  走满窗口      1.258 米 /  10.0 秒  0.126 米/秒  直立最低 0.995  本机 23 秒
 1209  走满窗口      1.290 米 /  10.0 秒  0.129 米/秒  直立最低 0.998  本机 23 秒
 1210  走满窗口      1.297 米 /  10.0 秒  0.130 米/秒  直立最低 0.994  本机 22 秒
 1211  走满窗口      1.130 米 /  10.0 秒  0.113 米/秒  直立最低 0.994  本机 23 秒
 1212  走满窗口      1.038 米 /  10.0 秒  0.104 米/秒  直立最低 0.998  本机 22 秒
 1213  走满窗口      1.287 米 /  10.0 秒  0.129 米/秒  直立最低 0.995  本机 23 秒
 1214  走满窗口      1.342 米 /  10.0 秒  0.134 米/秒  直立最低 0.996  本机 22 秒
 1215  走满窗口      1.289 米 /  10.0 秒  0.129 米/秒  直立最低 0.994  本机 22 秒
 1216  走满窗口      1.286 米 /  10.0 秒  0.129 米/秒  直立最低 0.994  本机 23 秒
 1217  走满窗口      1.246 米 /  10.0 秒  0.125 米/秒  直立最低 0.995  本机 22 秒
 1218  走满窗口      1.298 米 /  10.0 秒  0.130 米/秒  直立最低 0.998  本机 23 秒
 1219  走满窗口      1.294 米 /  10.0 秒  0.129 米/秒  直立最低 0.997  本机 23 秒
 1220  走满窗口      1.286 米 /  10.0 秒  0.129 米/秒  直立最低 0.998  本机 22 秒
 1221  走满窗口      1.299 米 /  10.0 秒  0.130 米/秒  直立最低 0.998  本机 23 秒
 1222  走满窗口      1.273 米 /  10.0 秒  0.127 米/秒  直立最低 0.994  本机 22 秒
 1223  走满窗口      1.248 米 /  10.0 秒  0.125 米/秒  直立最低 0.998  本机 23 秒
 1224  走满窗口      0.687 米 /  10.0 秒  0.069 米/秒  直立最低 0.994  本机 23 秒
 1225  走满窗口      1.347 米 /  10.0 秒  0.135 米/秒  直立最低 0.998  本机 22 秒
 1226  走满窗口      0.523 米 /  10.0 秒  0.052 米/秒  直立最低 0.992  本机 23 秒
 1227  走满窗口      1.428 米 /  10.0 秒  0.143 米/秒  直立最低 0.998  本机 22 秒
 1228  走满窗口      1.172 米 /  10.0 秒  0.117 米/秒  直立最低 0.998  本机 23 秒
 1229  走满窗口      1.019 米 /  10.0 秒  0.102 米/秒  直立最低 0.995  本机 22 秒
 1230  走满窗口      1.326 米 /  10.0 秒  0.133 米/秒  直立最低 0.994  本机 23 秒
 1231  走满窗口      1.325 米 /  10.0 秒  0.133 米/秒  直立最低 0.998  本机 22 秒
 1232  走满窗口      1.339 米 /  10.0 秒  0.134 米/秒  直立最低 0.998  本机 22 秒
 1233  走满窗口      1.255 米 /  10.0 秒  0.125 米/秒  直立最低 0.995  本机 23 秒
 1234  走满窗口      1.351 米 /  10.0 秒  0.135 米/秒  直立最低 0.998  本机 23 秒
 1235  走满窗口      0.991 米 /  10.0 秒  0.099 米/秒  直立最低 0.994  本机 23 秒
 1236  走满窗口      0.790 米 /  10.0 秒  0.079 米/秒  直立最低 0.995  本机 23 秒
 1237  走满窗口      1.310 米 /  10.0 秒  0.131 米/秒  直立最低 0.993  本机 22 秒
 1238  走满窗口      1.367 米 /  10.0 秒  0.137 米/秒  直立最低 0.998  本机 22 秒
 1239  走满窗口      1.263 米 /  10.0 秒  0.126 米/秒  直立最低 0.994  本机 23 秒
 1240  走满窗口      1.296 米 /  10.0 秒  0.130 米/秒  直立最低 0.994  本机 22 秒
 1241  走满窗口      1.077 米 /  10.0 秒  0.108 米/秒  直立最低 0.996  本机 23 秒
 1242  走满窗口      1.090 米 /  10.0 秒  0.109 米/秒  直立最低 0.998  本机 23 秒
 1243  走满窗口      1.245 米 /  10.0 秒  0.125 米/秒  直立最低 0.995  本机 22 秒
 1244  走满窗口      1.144 米 /  10.0 秒  0.114 米/秒  直立最低 0.997  本机 23 秒
 1245  走满窗口      1.350 米 /  10.0 秒  0.135 米/秒  直立最低 0.998  本机 23 秒
 1246  走满窗口      1.462 米 /  10.0 秒  0.146 米/秒  直立最低 0.998  本机 23 秒
 1247  走满窗口      1.347 米 /  10.0 秒  0.135 米/秒  直立最低 0.998  本机 22 秒
 1248  走满窗口      1.264 米 /  10.0 秒  0.126 米/秒  直立最低 0.994  本机 22 秒
 1249  走满窗口      1.301 米 /  10.0 秒  0.130 米/秒  直立最低 0.995  本机 23 秒
 1250  走满窗口      1.309 米 /  10.0 秒  0.131 米/秒  直立最低 0.993  本机 23 秒
 1251  走满窗口      0.865 米 /  10.0 秒  0.087 米/秒  直立最低 0.994  本机 22 秒
 1252  走满窗口      1.139 米 /  10.0 秒  0.114 米/秒  直立最低 0.997  本机 22 秒
 1253  走满窗口      1.358 米 /  10.0 秒  0.136 米/秒  直立最低 0.998  本机 22 秒
 1254  走满窗口      1.254 米 /  10.0 秒  0.125 米/秒  直立最低 0.991  本机 22 秒
 1255  走满窗口      1.337 米 /  10.0 秒  0.134 米/秒  直立最低 0.998  本机 22 秒
 1256  走满窗口      1.268 米 /  10.0 秒  0.127 米/秒  直立最低 0.994  本机 23 秒
 1257  走满窗口      1.261 米 /  10.0 秒  0.126 米/秒  直立最低 0.995  本机 22 秒
 1258  走满窗口      1.316 米 /  10.0 秒  0.132 米/秒  直立最低 0.995  本机 22 秒
 1259  走满窗口      1.390 米 /  10.0 秒  0.139 米/秒  直立最低 0.998  本机 22 秒
 1260  走满窗口      1.358 米 /  10.0 秒  0.136 米/秒  直立最低 0.998  本机 22 秒
 1261  走满窗口      1.282 米 /  10.0 秒  0.128 米/秒  直立最低 0.994  本机 22 秒
 1262  走满窗口      1.354 米 /  10.0 秒  0.135 米/秒  直立最低 0.998  本机 23 秒
 1263  走满窗口      1.250 米 /  10.0 秒  0.125 米/秒  直立最低 0.995  本机 23 秒
 1264  走满窗口      0.720 米 /  10.0 秒  0.072 米/秒  直立最低 1.000  本机 22 秒
 1265  走满窗口      1.328 米 /  10.0 秒  0.133 米/秒  直立最低 0.998  本机 22 秒
 1266  走满窗口      0.735 米 /  10.0 秒  0.073 米/秒  直立最低 0.995  本机 23 秒
 1267  走满窗口      1.295 米 /  10.0 秒  0.130 米/秒  直立最低 0.994  本机 23 秒
 1268  走满窗口      0.454 米 /  10.0 秒  0.045 米/秒  直立最低 0.992  本机 23 秒
 1269  走满窗口      1.287 米 /  10.0 秒  0.129 米/秒  直立最低 0.998  本机 22 秒
 1270  走满窗口      1.257 米 /  10.0 秒  0.126 米/秒  直立最低 0.995  本机 23 秒
 1271  走满窗口      1.228 米 /  10.0 秒  0.123 米/秒  直立最低 0.996  本机 23 秒
 1272  走满窗口      1.364 米 /  10.0 秒  0.136 米/秒  直立最低 0.998  本机 22 秒
 1273  走满窗口      1.102 米 /  10.0 秒  0.110 米/秒  直立最低 0.997  本机 23 秒
 1274  走满窗口      0.651 米 /  10.0 秒  0.065 米/秒  直立最低 0.990  本机 22 秒
 1275  走满窗口      1.323 米 /  10.0 秒  0.132 米/秒  直立最低 0.998  本机 23 秒
 1276  走满窗口      1.271 米 /  10.0 秒  0.127 米/秒  直立最低 0.996  本机 22 秒
 1277  走满窗口      1.217 米 /  10.0 秒  0.122 米/秒  直立最低 0.996  本机 22 秒
 1278  走满窗口      0.999 米 /  10.0 秒  0.100 米/秒  直立最低 0.996  本机 22 秒
 1279  走满窗口      1.284 米 /  10.0 秒  0.128 米/秒  直立最低 0.997  本机 22 秒
 1280  走满窗口      1.405 米 /  10.0 秒  0.141 米/秒  直立最低 0.998  本机 23 秒
 1281  走满窗口      1.253 米 /  10.0 秒  0.125 米/秒  直立最低 0.995  本机 22 秒
 1282  走满窗口      1.019 米 /  10.0 秒  0.102 米/秒  直立最低 0.998  本机 23 秒
 1283  走满窗口      1.257 米 /  10.0 秒  0.126 米/秒  直立最低 0.998  本机 23 秒
 1284  走满窗口      1.230 米 /  10.0 秒  0.123 米/秒  直立最低 0.998  本机 23 秒
 1285  走满窗口      1.297 米 /  10.0 秒  0.130 米/秒  直立最低 0.994  本机 22 秒
 1286  走满窗口      1.291 米 /  10.0 秒  0.129 米/秒  直立最低 0.994  本机 22 秒
 1287  走满窗口      1.294 米 /  10.0 秒  0.129 米/秒  直立最低 0.998  本机 22 秒
 1288  走满窗口      1.361 米 /  10.0 秒  0.136 米/秒  直立最低 0.998  本机 23 秒
 1289  走满窗口      1.378 米 /  10.0 秒  0.138 米/秒  直立最低 0.998  本机 23 秒
 1290  走满窗口      1.279 米 /  10.0 秒  0.128 米/秒  直立最低 0.992  本机 23 秒
 1291  走满窗口      1.293 米 /  10.0 秒  0.129 米/秒  直立最低 0.998  本机 23 秒
 1292  走满窗口      1.283 米 /  10.0 秒  0.128 米/秒  直立最低 0.994  本机 22 秒
 1293  走满窗口      1.370 米 /  10.0 秒  0.137 米/秒  直立最低 0.997  本机 22 秒
 1294  走满窗口      1.263 米 /  10.0 秒  0.126 米/秒  直立最低 0.995  本机 23 秒
 1295  走满窗口      1.365 米 /  10.0 秒  0.136 米/秒  直立最低 0.998  本机 22 秒
 1296  走满窗口      1.345 米 /  10.0 秒  0.134 米/秒  直立最低 0.998  本机 22 秒
 1297  走满窗口      1.227 米 /  10.0 秒  0.123 米/秒  直立最低 0.992  本机 23 秒
 1298  走满窗口      1.361 米 /  10.0 秒  0.136 米/秒  直立最低 0.998  本机 22 秒
 1299  走满窗口      1.258 米 /  10.0 秒  0.126 米/秒  直立最低 0.995  本机 22 秒
 1300  走满窗口      0.875 米 /  10.0 秒  0.088 米/秒  直立最低 0.994  本机 22 秒
 1301  走满窗口      1.035 米 /  10.0 秒  0.103 米/秒  直立最低 0.998  本机 22 秒
 1302  走满窗口      1.298 米 /  10.0 秒  0.130 米/秒  直立最低 0.998  本机 22 秒
 1303  走满窗口      1.261 米 /  10.0 秒  0.126 米/秒  直立最低 0.995  本机 23 秒
 1304  走满窗口      1.241 米 /  10.0 秒  0.124 米/秒  直立最低 0.995  本机 22 秒
 1305  走满窗口      1.423 米 /  10.0 秒  0.142 米/秒  直立最低 0.997  本机 23 秒
 1306  走满窗口      1.273 米 /  10.0 秒  0.127 米/秒  直立最低 0.994  本机 23 秒
 1307  走满窗口      1.087 米 /  10.0 秒  0.109 米/秒  直立最低 0.994  本机 22 秒
 1308  走满窗口      1.326 米 /  10.0 秒  0.133 米/秒  直立最低 0.998  本机 22 秒
 1309  走满窗口      1.381 米 /  10.0 秒  0.138 米/秒  直立最低 0.998  本机 23 秒
 1310  走满窗口      1.245 米 /  10.0 秒  0.124 米/秒  直立最低 0.995  本机 23 秒
 1311  走满窗口      1.139 米 /  10.0 秒  0.114 米/秒  直立最低 0.998  本机 23 秒
 1312  走满窗口      1.324 米 /  10.0 秒  0.132 米/秒  直立最低 0.998  本机 22 秒
 1313  走满窗口      0.714 米 /  10.0 秒  0.071 米/秒  直立最低 0.995  本机 23 秒
 1314  走满窗口      1.232 米 /  10.0 秒  0.123 米/秒  直立最低 0.996  本机 23 秒
 1315  走满窗口      1.356 米 /  10.0 秒  0.136 米/秒  直立最低 0.997  本机 23 秒
 1316  走满窗口      1.365 米 /  10.0 秒  0.137 米/秒  直立最低 0.998  本机 23 秒
 1317  走满窗口      1.299 米 /  10.0 秒  0.130 米/秒  直立最低 0.994  本机 22 秒
 1318  走满窗口      1.293 米 /  10.0 秒  0.129 米/秒  直立最低 0.994  本机 22 秒
 1319  走满窗口      1.257 米 /  10.0 秒  0.126 米/秒  直立最低 0.996  本机 22 秒
 1320  走满窗口      1.317 米 /  10.0 秒  0.132 米/秒  直立最低 0.996  本机 22 秒
 1321  走满窗口      1.289 米 /  10.0 秒  0.129 米/秒  直立最低 0.994  本机 22 秒
 1322  走满窗口      1.268 米 /  10.0 秒  0.127 米/秒  直立最低 0.996  本机 22 秒
 1323  走满窗口      1.318 米 /  10.0 秒  0.132 米/秒  直立最低 0.998  本机 22 秒
 1324  走满窗口      1.153 米 /  10.0 秒  0.115 米/秒  直立最低 0.998  本机 23 秒
 1325  走满窗口      1.257 米 /  10.0 秒  0.126 米/秒  直立最低 0.995  本机 23 秒
 1326  走满窗口      1.050 米 /  10.0 秒  0.105 米/秒  直立最低 0.997  本机 23 秒
 1327  走满窗口      0.688 米 /  10.0 秒  0.069 米/秒  直立最低 0.996  本机 22 秒
 1328  走满窗口      0.615 米 /  10.0 秒  0.061 米/秒  直立最低 0.993  本机 23 秒
 1329  走满窗口      0.800 米 /  10.0 秒  0.080 米/秒  直立最低 0.994  本机 23 秒
 1330  走满窗口      1.233 米 /  10.0 秒  0.123 米/秒  直立最低 0.995  本机 23 秒
 1331  走满窗口      0.583 米 /  10.0 秒  0.058 米/秒  直立最低 0.992  本机 22 秒
 1332  走满窗口      1.320 米 /  10.0 秒  0.132 米/秒  直立最低 0.998  本机 23 秒
 1333  走满窗口      1.337 米 /  10.0 秒  0.134 米/秒  直立最低 0.994  本机 22 秒
 1334  走满窗口      1.401 米 /  10.0 秒  0.140 米/秒  直立最低 0.998  本机 22 秒
 1335  走满窗口      1.021 米 /  10.0 秒  0.102 米/秒  直立最低 0.991  本机 22 秒
 1336  走满窗口      1.295 米 /  10.0 秒  0.129 米/秒  直立最低 0.994  本机 22 秒
 1337  走满窗口      1.314 米 /  10.0 秒  0.131 米/秒  直立最低 0.996  本机 22 秒
 1338  走满窗口      0.892 米 /  10.0 秒  0.089 米/秒  直立最低 0.994  本机 22 秒
 1339  走满窗口      1.373 米 /  10.0 秒  0.137 米/秒  直立最低 0.998  本机 23 秒
 1340  走满窗口      1.268 米 /  10.0 秒  0.127 米/秒  直立最低 0.996  本机 23 秒
 1341  走满窗口      1.332 米 /  10.0 秒  0.133 米/秒  直立最低 0.998  本机 22 秒
 1342  走满窗口      1.234 米 /  10.0 秒  0.123 米/秒  直立最低 0.995  本机 23 秒
 1343  走满窗口      1.215 米 /  10.0 秒  0.121 米/秒  直立最低 0.997  本机 23 秒
 1344  走满窗口      1.277 米 /  10.0 秒  0.128 米/秒  直立最低 0.994  本机 22 秒
 1345  走满窗口      1.331 米 /  10.0 秒  0.133 米/秒  直立最低 0.998  本机 23 秒
 1346  走满窗口      0.621 米 /  10.0 秒  0.062 米/秒  直立最低 0.991  本机 23 秒
 1347  走满窗口      0.795 米 /  10.0 秒  0.079 米/秒  直立最低 0.997  本机 23 秒
 1348  走满窗口      1.263 米 /  10.0 秒  0.126 米/秒  直立最低 0.994  本机 23 秒
 1349  走满窗口      1.276 米 /  10.0 秒  0.128 米/秒  直立最低 0.994  本机 22 秒
 1350  走满窗口      1.371 米 /  10.0 秒  0.137 米/秒  直立最低 0.998  本机 23 秒
 1351  走满窗口      1.342 米 /  10.0 秒  0.134 米/秒  直立最低 0.998  本机 23 秒
 1352  走满窗口      1.313 米 /  10.0 秒  0.131 米/秒  直立最低 0.998  本机 23 秒
 1353  走满窗口      1.412 米 /  10.0 秒  0.141 米/秒  直立最低 0.998  本机 22 秒
 1354  走满窗口      1.441 米 /  10.0 秒  0.144 米/秒  直立最低 0.993  本机 22 秒
 1355  走满窗口      1.123 米 /  10.0 秒  0.112 米/秒  直立最低 0.996  本机 22 秒
 1356  走满窗口      1.247 米 /  10.0 秒  0.125 米/秒  直立最低 0.997  本机 22 秒
 1357  走满窗口      0.492 米 /  10.0 秒  0.049 米/秒  直立最低 0.991  本机 22 秒
 1358  走满窗口      0.672 米 /  10.0 秒  0.067 米/秒  直立最低 0.997  本机 23 秒
 1359  走满窗口      1.325 米 /  10.0 秒  0.132 米/秒  直立最低 0.997  本机 23 秒
 1360  走满窗口      1.335 米 /  10.0 秒  0.134 米/秒  直立最低 0.998  本机 22 秒
 1361  走满窗口      0.713 米 /  10.0 秒  0.071 米/秒  直立最低 0.998  本机 23 秒
 1362  走满窗口      1.345 米 /  10.0 秒  0.134 米/秒  直立最低 0.998  本机 23 秒
 1363  走满窗口      0.760 米 /  10.0 秒  0.076 米/秒  直立最低 0.996  本机 23 秒
 1364  走满窗口      1.373 米 /  10.0 秒  0.137 米/秒  直立最低 0.998  本机 22 秒
 1365  走满窗口      1.304 米 /  10.0 秒  0.130 米/秒  直立最低 0.997  本机 23 秒
 1366  走满窗口      0.626 米 /  10.0 秒  0.063 米/秒  直立最低 0.992  本机 22 秒
 1367  走满窗口      0.977 米 /  10.0 秒  0.098 米/秒  直立最低 0.998  本机 22 秒
 1368  走满窗口      1.123 米 /  10.0 秒  0.112 米/秒  直立最低 0.992  本机 23 秒
 1369  走满窗口      1.345 米 /  10.0 秒  0.135 米/秒  直立最低 0.998  本机 22 秒
 1370  走满窗口      1.160 米 /  10.0 秒  0.116 米/秒  直立最低 0.998  本机 22 秒
 1371  走满窗口      1.235 米 /  10.0 秒  0.123 米/秒  直立最低 0.995  本机 22 秒
 1372  走满窗口      1.337 米 /  10.0 秒  0.134 米/秒  直立最低 0.998  本机 23 秒
 1373  走满窗口      0.772 米 /  10.0 秒  0.077 米/秒  直立最低 0.994  本机 22 秒
 1374  走满窗口      1.244 米 /  10.0 秒  0.124 米/秒  直立最低 0.995  本机 22 秒
 1375  走满窗口      1.421 米 /  10.0 秒  0.142 米/秒  直立最低 0.997  本机 22 秒
 1376  走满窗口      1.384 米 /  10.0 秒  0.138 米/秒  直立最低 0.997  本机 23 秒
 1377  走满窗口      1.010 米 /  10.0 秒  0.101 米/秒  直立最低 0.998  本机 23 秒
 1378  走满窗口      1.229 米 /  10.0 秒  0.123 米/秒  直立最低 0.994  本机 22 秒
 1379  走满窗口      1.345 米 /  10.0 秒  0.134 米/秒  直立最低 0.998  本机 22 秒
 1380  走满窗口      1.088 米 /  10.0 秒  0.109 米/秒  直立最低 0.994  本机 22 秒
 1381  走满窗口      1.188 米 /  10.0 秒  0.119 米/秒  直立最低 0.994  本机 23 秒
 1382  走满窗口      1.178 米 /  10.0 秒  0.118 米/秒  直立最低 0.994  本机 23 秒
 1383  走满窗口      1.292 米 /  10.0 秒  0.129 米/秒  直立最低 0.994  本机 22 秒
 1384  走满窗口      1.265 米 /  10.0 秒  0.127 米/秒  直立最低 0.994  本机 23 秒
 1385  走满窗口      1.460 米 /  10.0 秒  0.146 米/秒  直立最低 0.998  本机 22 秒
 1386  走满窗口      1.093 米 /  10.0 秒  0.109 米/秒  直立最低 0.993  本机 23 秒
 1387  走满窗口      1.289 米 /  10.0 秒  0.129 米/秒  直立最低 0.994  本机 22 秒
 1388  走满窗口      0.552 米 /  10.0 秒  0.055 米/秒  直立最低 0.992  本机 22 秒
 1389  走满窗口      0.697 米 /  10.0 秒  0.070 米/秒  直立最低 0.992  本机 22 秒
 1390  走满窗口      1.253 米 /  10.0 秒  0.125 米/秒  直立最低 0.995  本机 22 秒
 1391  走满窗口      1.365 米 /  10.0 秒  0.136 米/秒  直立最低 0.998  本机 23 秒
 1392  走满窗口      1.307 米 /  10.0 秒  0.131 米/秒  直立最低 0.998  本机 22 秒
 1393  走满窗口      1.089 米 /  10.0 秒  0.109 米/秒  直立最低 0.998  本机 22 秒
 1394  走满窗口      1.212 米 /  10.0 秒  0.121 米/秒  直立最低 0.994  本机 23 秒
 1395  走满窗口      0.531 米 /  10.0 秒  0.053 米/秒  直立最低 0.996  本机 23 秒
 1396  走满窗口      1.307 米 /  10.0 秒  0.131 米/秒  直立最低 0.998  本机 22 秒
 1397  走满窗口      1.353 米 /  10.0 秒  0.135 米/秒  直立最低 0.998  本机 22 秒
 1398  走满窗口      1.275 米 /  10.0 秒  0.128 米/秒  直立最低 0.995  本机 22 秒
 1399  走满窗口      1.111 米 /  10.0 秒  0.111 米/秒  直立最低 0.997  本机 22 秒
 1400  走满窗口      0.909 米 /  10.0 秒  0.091 米/秒  直立最低 0.998  本机 23 秒
 1401  走满窗口      1.350 米 /  10.0 秒  0.135 米/秒  直立最低 0.998  本机 23 秒
 1402  走满窗口      1.390 米 /  10.0 秒  0.139 米/秒  直立最低 0.998  本机 23 秒
 1403  走满窗口      1.233 米 /  10.0 秒  0.123 米/秒  直立最低 0.998  本机 22 秒
 1404  走满窗口      1.288 米 /  10.0 秒  0.129 米/秒  直立最低 0.998  本机 22 秒
 1405  走满窗口      1.412 米 /  10.0 秒  0.141 米/秒  直立最低 0.998  本机 22 秒
 1406  走满窗口      0.717 米 /  10.0 秒  0.072 米/秒  直立最低 0.994  本机 22 秒
 1407  走满窗口      1.283 米 /  10.0 秒  0.128 米/秒  直立最低 0.994  本机 22 秒
 1408  走满窗口      1.114 米 /  10.0 秒  0.111 米/秒  直立最低 0.997  本机 22 秒
 1409  走满窗口      1.357 米 /  10.0 秒  0.136 米/秒  直立最低 0.998  本机 22 秒
 1410  走满窗口      0.669 米 /  10.0 秒  0.067 米/秒  直立最低 0.993  本机 23 秒
 1411  走满窗口      0.845 米 /  10.0 秒  0.085 米/秒  直立最低 0.994  本机 23 秒
 1412  走满窗口      1.438 米 /  10.0 秒  0.144 米/秒  直立最低 0.998  本机 23 秒
 1413  走满窗口      1.252 米 /  10.0 秒  0.125 米/秒  直立最低 0.995  本机 22 秒
 1414  走满窗口      1.107 米 /  10.0 秒  0.111 米/秒  直立最低 0.998  本机 22 秒
 1415  走满窗口      1.307 米 /  10.0 秒  0.131 米/秒  直立最低 0.996  本机 22 秒
 1416  走满窗口      1.298 米 /  10.0 秒  0.130 米/秒  直立最低 0.998  本机 23 秒
 1417  走满窗口      1.261 米 /  10.0 秒  0.126 米/秒  直立最低 0.994  本机 22 秒
 1418  走满窗口      1.400 米 /  10.0 秒  0.140 米/秒  直立最低 0.998  本机 22 秒
 1419  走满窗口      1.371 米 /  10.0 秒  0.137 米/秒  直立最低 0.998  本机 22 秒
 1420  走满窗口      1.288 米 /  10.0 秒  0.129 米/秒  直立最低 0.994  本机 23 秒
 1421  走满窗口      1.290 米 /  10.0 秒  0.129 米/秒  直立最低 0.998  本机 22 秒
 1422  走满窗口      0.939 米 /  10.0 秒  0.094 米/秒  直立最低 0.994  本机 23 秒
 1423  走满窗口      1.179 米 /  10.0 秒  0.118 米/秒  直立最低 0.998  本机 23 秒
 1424  走满窗口      1.297 米 /  10.0 秒  0.130 米/秒  直立最低 0.994  本机 22 秒
 1425  走满窗口      1.291 米 /  10.0 秒  0.129 米/秒  直立最低 0.998  本机 22 秒
 1426  走满窗口      1.296 米 /  10.0 秒  0.130 米/秒  直立最低 0.998  本机 23 秒
 1427  走满窗口      1.264 米 /  10.0 秒  0.126 米/秒  直立最低 0.995  本机 22 秒
 1428  走满窗口      1.325 米 /  10.0 秒  0.132 米/秒  直立最低 0.997  本机 22 秒
 1429  走满窗口      1.099 米 /  10.0 秒  0.110 米/秒  直立最低 0.997  本机 22 秒
 1430  走满窗口      1.247 米 /  10.0 秒  0.125 米/秒  直立最低 0.995  本机 22 秒
 1431  走满窗口      1.245 米 /  10.0 秒  0.125 米/秒  直立最低 0.998  本机 22 秒
 1432  走满窗口      1.508 米 /  10.0 秒  0.151 米/秒  直立最低 0.993  本机 23 秒
 1433  走满窗口      1.344 米 /  10.0 秒  0.134 米/秒  直立最低 0.998  本机 22 秒
 1434  走满窗口      1.248 米 /  10.0 秒  0.125 米/秒  直立最低 0.995  本机 22 秒
 1435  走满窗口      1.304 米 /  10.0 秒  0.130 米/秒  直立最低 0.998  本机 22 秒
 1436  走满窗口      1.111 米 /  10.0 秒  0.111 米/秒  直立最低 0.997  本机 22 秒
 1437  走满窗口      1.314 米 /  10.0 秒  0.131 米/秒  直立最低 0.997  本机 23 秒
 1438  走满窗口      1.267 米 /  10.0 秒  0.127 米/秒  直立最低 0.997  本机 23 秒
 1439  走满窗口      1.098 米 /  10.0 秒  0.110 米/秒  直立最低 0.997  本机 23 秒
 1440  走满窗口      1.163 米 /  10.0 秒  0.116 米/秒  直立最低 0.991  本机 23 秒
 1441  走满窗口      1.306 米 /  10.0 秒  0.131 米/秒  直立最低 0.998  本机 22 秒
 1442  走满窗口      1.240 米 /  10.0 秒  0.124 米/秒  直立最低 0.995  本机 22 秒
 1443  走满窗口      1.252 米 /  10.0 秒  0.125 米/秒  直立最低 0.996  本机 23 秒
 1444  走满窗口      1.247 米 /  10.0 秒  0.125 米/秒  直立最低 0.994  本机 22 秒
 1445  走满窗口      1.334 米 /  10.0 秒  0.133 米/秒  直立最低 0.998  本机 22 秒
 1446  走满窗口      1.270 米 /  10.0 秒  0.127 米/秒  直立最低 0.995  本机 22 秒
 1447  走满窗口      1.030 米 /  10.0 秒  0.103 米/秒  直立最低 0.995  本机 23 秒
 1448  走满窗口      0.967 米 /  10.0 秒  0.097 米/秒  直立最低 0.994  本机 23 秒
 1449  走满窗口      1.235 米 /  10.0 秒  0.123 米/秒  直立最低 0.995  本机 22 秒
 1450  走满窗口      1.269 米 /  10.0 秒  0.127 米/秒  直立最低 0.994  本机 22 秒
 1451  走满窗口      1.171 米 /  10.0 秒  0.117 米/秒  直立最低 0.998  本机 23 秒
 1452  走满窗口      1.197 米 /  10.0 秒  0.120 米/秒  直立最低 0.998  本机 22 秒
 1453  走满窗口      1.142 米 /  10.0 秒  0.114 米/秒  直立最低 0.996  本机 22 秒
 1454  走满窗口      0.474 米 /  10.0 秒  0.047 米/秒  直立最低 0.991  本机 23 秒
 1455  走满窗口      1.312 米 /  10.0 秒  0.131 米/秒  直立最低 0.998  本机 22 秒
 1456  走满窗口      1.301 米 /  10.0 秒  0.130 米/秒  直立最低 0.997  本机 23 秒
 1457  走满窗口      1.270 米 /  10.0 秒  0.127 米/秒  直立最低 0.998  本机 23 秒
 1458  走满窗口      1.257 米 /  10.0 秒  0.126 米/秒  直立最低 0.995  本机 23 秒
 1459  走满窗口      1.242 米 /  10.0 秒  0.124 米/秒  直立最低 0.996  本机 22 秒
 1460  走满窗口      1.332 米 /  10.0 秒  0.133 米/秒  直立最低 0.998  本机 23 秒
 1461  走满窗口      0.891 米 /  10.0 秒  0.089 米/秒  直立最低 0.999  本机 22 秒
 1462  倒过        2.011 米 /  10.0 秒  0.201 米/秒  直立最低 -0.992  本机 22 秒
 1463  走满窗口      0.427 米 /  10.0 秒  0.043 米/秒  直立最低 0.982  本机 22 秒
 1464  走满窗口      1.305 米 /  10.0 秒  0.131 米/秒  直立最低 0.997  本机 23 秒
 1465  走满窗口      1.305 米 /  10.0 秒  0.130 米/秒  直立最低 0.998  本机 23 秒
 1466  走满窗口      1.343 米 /  10.0 秒  0.134 米/秒  直立最低 0.991  本机 23 秒
 1467  走满窗口      1.172 米 /  10.0 秒  0.117 米/秒  直立最低 0.998  本机 23 秒
 1468  走满窗口      1.294 米 /  10.0 秒  0.129 米/秒  直立最低 0.994  本机 23 秒
 1469  走满窗口      1.341 米 /  10.0 秒  0.134 米/秒  直立最低 0.998  本机 23 秒
 1470  走满窗口      1.336 米 /  10.0 秒  0.134 米/秒  直立最低 0.998  本机 23 秒
 1471  走满窗口      1.289 米 /  10.0 秒  0.129 米/秒  直立最低 0.997  本机 23 秒
 1472  走满窗口      1.237 米 /  10.0 秒  0.124 米/秒  直立最低 0.995  本机 22 秒
 1473  走满窗口      1.303 米 /  10.0 秒  0.130 米/秒  直立最低 0.998  本机 23 秒
 1474  走满窗口      0.741 米 /  10.0 秒  0.074 米/秒  直立最低 0.994  本机 22 秒
 1475  走满窗口      1.501 米 /  10.0 秒  0.150 米/秒  直立最低 0.997  本机 23 秒
 1476  走满窗口      1.352 米 /  10.0 秒  0.135 米/秒  直立最低 0.998  本机 23 秒
 1477  走满窗口      1.333 米 /  10.0 秒  0.133 米/秒  直立最低 0.998  本机 23 秒
 1478  走满窗口      1.309 米 /  10.0 秒  0.131 米/秒  直立最低 0.994  本机 22 秒
 1479  走满窗口      0.947 米 /  10.0 秒  0.095 米/秒  直立最低 0.999  本机 23 秒
 1480  走满窗口      1.088 米 /  10.0 秒  0.109 米/秒  直立最低 0.997  本机 23 秒
 1481  走满窗口      1.423 米 /  10.0 秒  0.142 米/秒  直立最低 0.998  本机 23 秒
 1482  走满窗口      1.128 米 /  10.0 秒  0.113 米/秒  直立最低 0.997  本机 22 秒
 1483  走满窗口      1.265 米 /  10.0 秒  0.127 米/秒  直立最低 0.995  本机 22 秒
 1484  走满窗口      1.355 米 /  10.0 秒  0.135 米/秒  直立最低 0.998  本机 23 秒
 1485  走满窗口      1.170 米 /  10.0 秒  0.117 米/秒  直立最低 0.998  本机 22 秒
 1486  走满窗口      1.091 米 /  10.0 秒  0.109 米/秒  直立最低 0.997  本机 23 秒
 1487  走满窗口      0.988 米 /  10.0 秒  0.099 米/秒  直立最低 0.995  本机 22 秒
 1488  走满窗口      1.322 米 /  10.0 秒  0.132 米/秒  直立最低 0.998  本机 22 秒
 1489  走满窗口      1.415 米 /  10.0 秒  0.141 米/秒  直立最低 0.998  本机 22 秒
 1490  走满窗口      1.032 米 /  10.0 秒  0.103 米/秒  直立最低 0.998  本机 23 秒
 1491  走满窗口      1.339 米 /  10.0 秒  0.134 米/秒  直立最低 0.998  本机 23 秒
 1492  走满窗口      1.410 米 /  10.0 秒  0.141 米/秒  直立最低 0.998  本机 22 秒
 1493  走满窗口      1.000 米 /  10.0 秒  0.100 米/秒  直立最低 0.998  本机 22 秒
 1494  走满窗口      1.328 米 /  10.0 秒  0.133 米/秒  直立最低 0.998  本机 22 秒
 1495  走满窗口      1.021 米 /  10.0 秒  0.102 米/秒  直立最低 0.995  本机 22 秒
 1496  走满窗口      1.335 米 /  10.0 秒  0.133 米/秒  直立最低 0.998  本机 23 秒
 1497  走满窗口      0.911 米 /  10.0 秒  0.091 米/秒  直立最低 0.995  本机 23 秒
 1498  走满窗口      1.260 米 /  10.0 秒  0.126 米/秒  直立最低 0.996  本机 23 秒
 1499  走满窗口      1.155 米 /  10.0 秒  0.115 米/秒  直立最低 0.997  本机 22 秒
 1500  走满窗口      1.090 米 /  10.0 秒  0.109 米/秒  直立最低 0.996  本机 23 秒
 1501  走满窗口      1.281 米 /  10.0 秒  0.128 米/秒  直立最低 0.998  本机 23 秒
 1502  走满窗口      1.241 米 /  10.0 秒  0.124 米/秒  直立最低 0.995  本机 22 秒
 1503  走满窗口      1.379 米 /  10.0 秒  0.138 米/秒  直立最低 0.998  本机 23 秒
 1504  走满窗口      1.031 米 /  10.0 秒  0.103 米/秒  直立最低 0.995  本机 22 秒
 1505  走满窗口      1.402 米 /  10.0 秒  0.140 米/秒  直立最低 0.998  本机 22 秒
 1506  走满窗口      1.246 米 /  10.0 秒  0.125 米/秒  直立最低 0.995  本机 22 秒
 1507  走满窗口      1.054 米 /  10.0 秒  0.105 米/秒  直立最低 0.998  本机 22 秒
 1508  走满窗口      1.370 米 /  10.0 秒  0.137 米/秒  直立最低 0.998  本机 23 秒
 1509  走满窗口      1.349 米 /  10.0 秒  0.135 米/秒  直立最低 0.998  本机 23 秒
 1510  走满窗口      1.306 米 /  10.0 秒  0.131 米/秒  直立最低 0.995  本机 22 秒
 1511  走满窗口      1.426 米 /  10.0 秒  0.143 米/秒  直立最低 0.998  本机 23 秒
 1512  走满窗口      1.341 米 /  10.0 秒  0.134 米/秒  直立最低 0.998  本机 23 秒
 1513  走满窗口      0.608 米 /  10.0 秒  0.061 米/秒  直立最低 0.993  本机 22 秒
 1514  走满窗口      1.087 米 /  10.0 秒  0.109 米/秒  直立最低 0.995  本机 22 秒
 1515  走满窗口      0.931 米 /  10.0 秒  0.093 米/秒  直立最低 0.999  本机 22 秒
 1516  走满窗口      1.328 米 /  10.0 秒  0.133 米/秒  直立最低 0.998  本机 23 秒
 1517  走满窗口      1.250 米 /  10.0 秒  0.125 米/秒  直立最低 0.994  本机 23 秒
 1518  走满窗口      0.769 米 /  10.0 秒  0.077 米/秒  直立最低 0.995  本机 22 秒
 1519  走满窗口      1.244 米 /  10.0 秒  0.124 米/秒  直立最低 0.996  本机 22 秒
 1520  走满窗口      1.307 米 /  10.0 秒  0.131 米/秒  直立最低 0.998  本机 23 秒
 1521  走满窗口      1.344 米 /  10.0 秒  0.134 米/秒  直立最低 0.998  本机 23 秒
 1522  走满窗口      1.315 米 /  10.0 秒  0.131 米/秒  直立最低 0.998  本机 23 秒
 1523  走满窗口      1.406 米 /  10.0 秒  0.141 米/秒  直立最低 0.998  本机 23 秒
 1524  走满窗口      1.355 米 /  10.0 秒  0.135 米/秒  直立最低 0.998  本机 23 秒
 1525  走满窗口      1.333 米 /  10.0 秒  0.133 米/秒  直立最低 0.994  本机 22 秒
 1526  走满窗口      0.765 米 /  10.0 秒  0.076 米/秒  直立最低 0.995  本机 23 秒
 1527  走满窗口      1.231 米 /  10.0 秒  0.123 米/秒  直立最低 0.995  本机 22 秒
 1528  走满窗口      1.341 米 /  10.0 秒  0.134 米/秒  直立最低 0.998  本机 22 秒
 1529  走满窗口      1.257 米 /  10.0 秒  0.126 米/秒  直立最低 0.995  本机 22 秒
 1530  走满窗口      0.323 米 /  10.0 秒  0.032 米/秒  直立最低 0.993  本机 22 秒
 1531  走满窗口      1.262 米 /  10.0 秒  0.126 米/秒  直立最低 0.996  本机 22 秒
 1532  走满窗口      1.597 米 /  10.0 秒  0.160 米/秒  直立最低 0.996  本机 23 秒
 1533  走满窗口      1.326 米 /  10.0 秒  0.133 米/秒  直立最低 0.998  本机 22 秒
 1534  走满窗口      1.288 米 /  10.0 秒  0.129 米/秒  直立最低 0.998  本机 23 秒
 1535  走满窗口      1.258 米 /  10.0 秒  0.126 米/秒  直立最低 0.994  本机 23 秒
 1536  走满窗口      1.171 米 /  10.0 秒  0.117 米/秒  直立最低 0.998  本机 22 秒
 1537  走满窗口      1.254 米 /  10.0 秒  0.125 米/秒  直立最低 0.995  本机 22 秒
 1538  走满窗口      1.247 米 /  10.0 秒  0.125 米/秒  直立最低 0.998  本机 22 秒
 1539  走满窗口      1.264 米 /  10.0 秒  0.126 米/秒  直立最低 0.998  本机 23 秒
 1540  走满窗口      0.578 米 /  10.0 秒  0.058 米/秒  直立最低 0.995  本机 22 秒
 1541  走满窗口      1.242 米 /  10.0 秒  0.124 米/秒  直立最低 0.994  本机 23 秒
 1542  走满窗口      1.252 米 /  10.0 秒  0.125 米/秒  直立最低 0.996  本机 23 秒
 1543  走满窗口      1.258 米 /  10.0 秒  0.126 米/秒  直立最低 0.996  本机 23 秒
 1544  走满窗口      0.491 米 /  10.0 秒  0.049 米/秒  直立最低 0.995  本机 22 秒
 1545  走满窗口      1.365 米 /  10.0 秒  0.137 米/秒  直立最低 0.998  本机 22 秒
 1546  走满窗口      1.345 米 /  10.0 秒  0.135 米/秒  直立最低 0.998  本机 22 秒
 1547  走满窗口      1.275 米 /  10.0 秒  0.128 米/秒  直立最低 0.998  本机 23 秒
 1548  走满窗口      1.328 米 /  10.0 秒  0.133 米/秒  直立最低 0.998  本机 23 秒
 1549  走满窗口      0.793 米 /  10.0 秒  0.079 米/秒  直立最低 0.995  本机 23 秒
 1550  走满窗口      1.253 米 /  10.0 秒  0.125 米/秒  直立最低 0.996  本机 23 秒
 1551  走满窗口      1.025 米 /  10.0 秒  0.103 米/秒  直立最低 0.998  本机 22 秒
 1552  走满窗口      1.217 米 /  10.0 秒  0.122 米/秒  直立最低 0.996  本机 22 秒
 1553  走满窗口      1.171 米 /  10.0 秒  0.117 米/秒  直立最低 0.998  本机 22 秒
 1554  走满窗口      1.356 米 /  10.0 秒  0.136 米/秒  直立最低 0.998  本机 22 秒
 1555  走满窗口      1.261 米 /  10.0 秒  0.126 米/秒  直立最低 0.995  本机 22 秒
 1556  走满窗口      1.293 米 /  10.0 秒  0.129 米/秒  直立最低 0.994  本机 22 秒
 1557  走满窗口      1.234 米 /  10.0 秒  0.123 米/秒  直立最低 0.995  本机 23 秒
 1558  倒过        1.214 米 /  10.0 秒  0.121 米/秒  直立最低 -0.999  本机 23 秒
 1559  走满窗口      1.361 米 /  10.0 秒  0.136 米/秒  直立最低 0.998  本机 22 秒
 1560  走满窗口      1.274 米 /  10.0 秒  0.127 米/秒  直立最低 0.995  本机 23 秒
 1561  走满窗口      1.238 米 /  10.0 秒  0.124 米/秒  直立最低 0.995  本机 22 秒
 1562  走满窗口      1.335 米 /  10.0 秒  0.133 米/秒  直立最低 0.998  本机 23 秒
 1563  走满窗口      1.356 米 /  10.0 秒  0.136 米/秒  直立最低 0.996  本机 22 秒
 1564  走满窗口      1.352 米 /  10.0 秒  0.135 米/秒  直立最低 0.998  本机 22 秒
 1565  走满窗口      1.283 米 /  10.0 秒  0.128 米/秒  直立最低 0.995  本机 22 秒
 1566  走满窗口      0.983 米 /  10.0 秒  0.098 米/秒  直立最低 0.994  本机 23 秒
 1567  走满窗口      1.406 米 /  10.0 秒  0.141 米/秒  直立最低 0.996  本机 22 秒
 1568  走满窗口      1.281 米 /  10.0 秒  0.128 米/秒  直立最低 0.998  本机 22 秒
 1569  走满窗口      1.382 米 /  10.0 秒  0.138 米/秒  直立最低 0.998  本机 23 秒
 1570  走满窗口      1.014 米 /  10.0 秒  0.101 米/秒  直立最低 0.998  本机 23 秒
 1571  走满窗口      0.913 米 /  10.0 秒  0.091 米/秒  直立最低 0.994  本机 23 秒
 1572  走满窗口      1.185 米 /  10.0 秒  0.119 米/秒  直立最低 0.998  本机 22 秒
 1573  走满窗口      1.297 米 /  10.0 秒  0.130 米/秒  直立最低 0.997  本机 23 秒
 1574  走满窗口      1.328 米 /  10.0 秒  0.133 米/秒  直立最低 0.998  本机 22 秒
 1575  走满窗口      1.323 米 /  10.0 秒  0.132 米/秒  直立最低 0.998  本机 22 秒
 1576  走满窗口      1.227 米 /  10.0 秒  0.123 米/秒  直立最低 0.998  本机 23 秒
 1577  走满窗口      0.862 米 /  10.0 秒  0.086 米/秒  直立最低 0.993  本机 22 秒
 1578  走满窗口      1.374 米 /  10.0 秒  0.137 米/秒  直立最低 0.997  本机 23 秒
 1579  走满窗口      1.358 米 /  10.0 秒  0.136 米/秒  直立最低 0.997  本机 23 秒
 1580  走满窗口      1.421 米 /  10.0 秒  0.142 米/秒  直立最低 0.998  本机 23 秒
 1581  走满窗口      1.055 米 /  10.0 秒  0.106 米/秒  直立最低 0.996  本机 23 秒
 1582  走满窗口      1.274 米 /  10.0 秒  0.127 米/秒  直立最低 0.994  本机 23 秒
 1583  走满窗口      1.322 米 /  10.0 秒  0.132 米/秒  直立最低 0.998  本机 23 秒
 1584  没建出来：ValueError: structural lower bounds exceed an incoming budget
 1585  走满窗口      1.374 米 /  10.0 秒  0.137 米/秒  直立最低 0.998  本机 24 秒
 1586  走满窗口      1.084 米 /  10.0 秒  0.108 米/秒  直立最低 0.994  本机 23 秒
 1587  走满窗口      1.338 米 /  10.0 秒  0.134 米/秒  直立最低 0.998  本机 23 秒
 1588  走满窗口      1.310 米 /  10.0 秒  0.131 米/秒  直立最低 0.998  本机 23 秒
 1589  走满窗口      1.374 米 /  10.0 秒  0.137 米/秒  直立最低 0.998  本机 23 秒
 1590  走满窗口      1.288 米 /  10.0 秒  0.129 米/秒  直立最低 0.995  本机 22 秒
 1591  走满窗口      1.274 米 /  10.0 秒  0.127 米/秒  直立最低 0.996  本机 23 秒
 1592  走满窗口      0.506 米 /  10.0 秒  0.051 米/秒  直立最低 0.992  本机 23 秒
 1593  走满窗口      1.227 米 /  10.0 秒  0.123 米/秒  直立最低 0.996  本机 23 秒
 1594  走满窗口      1.315 米 /  10.0 秒  0.132 米/秒  直立最低 0.998  本机 23 秒
 1595  走满窗口      1.246 米 /  10.0 秒  0.125 米/秒  直立最低 0.995  本机 23 秒
 1596  走满窗口      1.250 米 /  10.0 秒  0.125 米/秒  直立最低 0.995  本机 22 秒
 1597  走满窗口      1.104 米 /  10.0 秒  0.110 米/秒  直立最低 0.994  本机 23 秒
 1598  走满窗口      1.218 米 /  10.0 秒  0.122 米/秒  直立最低 0.998  本机 22 秒
 1599  走满窗口      1.017 米 /  10.0 秒  0.102 米/秒  直立最低 0.998  本机 22 秒
 1600  走满窗口      1.250 米 /  10.0 秒  0.125 米/秒  直立最低 0.998  本机 22 秒
 1601  走满窗口      0.963 米 /  10.0 秒  0.096 米/秒  直立最低 0.995  本机 23 秒
 1602  走满窗口      1.284 米 /  10.0 秒  0.128 米/秒  直立最低 0.997  本机 22 秒
 1603  走满窗口      1.267 米 /  10.0 秒  0.127 米/秒  直立最低 0.995  本机 22 秒
 1604  走满窗口      1.252 米 /  10.0 秒  0.125 米/秒  直立最低 0.995  本机 23 秒
 1605  走满窗口      1.350 米 /  10.0 秒  0.135 米/秒  直立最低 0.998  本机 23 秒
 1606  走满窗口      1.307 米 /  10.0 秒  0.131 米/秒  直立最低 0.994  本机 22 秒
 1607  走满窗口      1.314 米 /  10.0 秒  0.131 米/秒  直立最低 0.998  本机 23 秒
 1608  走满窗口      0.602 米 /  10.0 秒  0.060 米/秒  直立最低 0.993  本机 22 秒
 1609  走满窗口      0.473 米 /  10.0 秒  0.047 米/秒  直立最低 0.995  本机 22 秒
 1610  走满窗口      1.541 米 /  10.0 秒  0.154 米/秒  直立最低 0.996  本机 23 秒
 1611  走满窗口      1.340 米 /  10.0 秒  0.134 米/秒  直立最低 0.998  本机 23 秒
 1612  走满窗口      1.244 米 /  10.0 秒  0.124 米/秒  直立最低 0.995  本机 22 秒
 1613  走满窗口      0.956 米 /  10.0 秒  0.096 米/秒  直立最低 0.995  本机 22 秒
 1614  走满窗口      1.366 米 /  10.0 秒  0.137 米/秒  直立最低 0.997  本机 22 秒
 1615  走满窗口      1.290 米 /  10.0 秒  0.129 米/秒  直立最低 0.994  本机 22 秒
 1616  走满窗口      0.861 米 /  10.0 秒  0.086 米/秒  直立最低 0.993  本机 22 秒
 1617  走满窗口      1.291 米 /  10.0 秒  0.129 米/秒  直立最低 0.994  本机 22 秒
 1618  走满窗口      1.160 米 /  10.0 秒  0.116 米/秒  直立最低 0.998  本机 22 秒
 1619  走满窗口      1.317 米 /  10.0 秒  0.132 米/秒  直立最低 0.998  本机 23 秒
 1620  走满窗口      1.441 米 /  10.0 秒  0.144 米/秒  直立最低 0.998  本机 23 秒
 1621  走满窗口      1.341 米 /  10.0 秒  0.134 米/秒  直立最低 0.998  本机 22 秒
 1622  走满窗口      1.020 米 /  10.0 秒  0.102 米/秒  直立最低 0.996  本机 23 秒
 1623  走满窗口      1.362 米 /  10.0 秒  0.136 米/秒  直立最低 0.998  本机 23 秒
 1624  走满窗口      1.345 米 /  10.0 秒  0.135 米/秒  直立最低 0.998  本机 22 秒
 1625  走满窗口      1.059 米 /  10.0 秒  0.106 米/秒  直立最低 0.998  本机 22 秒
 1626  走满窗口      1.089 米 /  10.0 秒  0.109 米/秒  直立最低 0.991  本机 23 秒
 1627  走满窗口      1.357 米 /  10.0 秒  0.136 米/秒  直立最低 0.998  本机 22 秒
 1628  走满窗口      0.756 米 /  10.0 秒  0.076 米/秒  直立最低 0.996  本机 22 秒
 1629  走满窗口      1.439 米 /  10.0 秒  0.144 米/秒  直立最低 0.997  本机 23 秒
 1630  走满窗口      0.958 米 /  10.0 秒  0.096 米/秒  直立最低 0.993  本机 23 秒
 1631  走满窗口      1.006 米 /  10.0 秒  0.101 米/秒  直立最低 0.994  本机 22 秒
 1632  走满窗口      1.255 米 /  10.0 秒  0.125 米/秒  直立最低 0.995  本机 23 秒
 1633  走满窗口      1.146 米 /  10.0 秒  0.115 米/秒  直立最低 0.998  本机 22 秒
 1634  走满窗口      1.397 米 /  10.0 秒  0.140 米/秒  直立最低 0.998  本机 22 秒
 1635  走满窗口      1.207 米 /  10.0 秒  0.121 米/秒  直立最低 0.998  本机 22 秒
 1636  走满窗口      1.284 米 /  10.0 秒  0.128 米/秒  直立最低 0.998  本机 23 秒
 1637  走满窗口      0.843 米 /  10.0 秒  0.084 米/秒  直立最低 0.994  本机 23 秒
 1638  走满窗口      1.324 米 /  10.0 秒  0.132 米/秒  直立最低 0.997  本机 22 秒
 1639  走满窗口      1.211 米 /  10.0 秒  0.121 米/秒  直立最低 0.998  本机 22 秒
 1640  走满窗口      1.182 米 /  10.0 秒  0.118 米/秒  直立最低 0.991  本机 22 秒
 1641  走满窗口      1.287 米 /  10.0 秒  0.129 米/秒  直立最低 0.994  本机 22 秒
 1642  走满窗口      0.485 米 /  10.0 秒  0.049 米/秒  直立最低 0.995  本机 23 秒
 1643  走满窗口      1.329 米 /  10.0 秒  0.133 米/秒  直立最低 0.998  本机 23 秒
 1644  走满窗口      1.365 米 /  10.0 秒  0.136 米/秒  直立最低 0.998  本机 23 秒
 1645  走满窗口      1.269 米 /  10.0 秒  0.127 米/秒  直立最低 0.997  本机 23 秒
 1646  走满窗口      1.278 米 /  10.0 秒  0.128 米/秒  直立最低 0.994  本机 22 秒
 1647  走满窗口      0.996 米 /  10.0 秒  0.100 米/秒  直立最低 0.998  本机 22 秒
 1648  走满窗口      1.248 米 /  10.0 秒  0.125 米/秒  直立最低 0.995  本机 23 秒
 1649  走满窗口      1.336 米 /  10.0 秒  0.134 米/秒  直立最低 0.998  本机 23 秒
 1650  走满窗口      1.009 米 /  10.0 秒  0.101 米/秒  直立最低 0.999  本机 23 秒
 1651  走满窗口      1.308 米 /  10.0 秒  0.131 米/秒  直立最低 0.998  本机 23 秒
 1652  走满窗口      1.293 米 /  10.0 秒  0.129 米/秒  直立最低 0.998  本机 23 秒
 1653  走满窗口      1.400 米 /  10.0 秒  0.140 米/秒  直立最低 0.998  本机 22 秒
 1654  走满窗口      0.558 米 /  10.0 秒  0.056 米/秒  直立最低 0.992  本机 23 秒
 1655  走满窗口      1.173 米 /  10.0 秒  0.117 米/秒  直立最低 0.994  本机 22 秒
 1656  走满窗口      1.347 米 /  10.0 秒  0.135 米/秒  直立最低 0.998  本机 22 秒
 1657  走满窗口      1.359 米 /  10.0 秒  0.136 米/秒  直立最低 0.997  本机 22 秒
 1658  走满窗口      0.998 米 /  10.0 秒  0.100 米/秒  直立最低 0.998  本机 23 秒
 1659  走满窗口      1.240 米 /  10.0 秒  0.124 米/秒  直立最低 0.998  本机 23 秒
 1660  走满窗口      1.252 米 /  10.0 秒  0.125 米/秒  直立最低 0.996  本机 22 秒
 1661  走满窗口      1.095 米 /  10.0 秒  0.109 米/秒  直立最低 0.994  本机 22 秒
 1662  走满窗口      1.290 米 /  10.0 秒  0.129 米/秒  直立最低 0.994  本机 22 秒
 1663  走满窗口      0.701 米 /  10.0 秒  0.070 米/秒  直立最低 0.992  本机 22 秒
 1664  走满窗口      1.313 米 /  10.0 秒  0.131 米/秒  直立最低 0.996  本机 23 秒
 1665  走满窗口      1.227 米 /  10.0 秒  0.123 米/秒  直立最低 0.991  本机 23 秒
 1666  走满窗口      1.360 米 /  10.0 秒  0.136 米/秒  直立最低 0.998  本机 23 秒
 1667  走满窗口      0.991 米 /  10.0 秒  0.099 米/秒  直立最低 0.994  本机 23 秒
 1668  走满窗口      1.269 米 /  10.0 秒  0.127 米/秒  直立最低 0.994  本机 22 秒
 1669  走满窗口      1.101 米 /  10.0 秒  0.110 米/秒  直立最低 0.994  本机 23 秒
 1670  走满窗口      1.332 米 /  10.0 秒  0.133 米/秒  直立最低 0.995  本机 23 秒
 1671  走满窗口      1.536 米 /  10.0 秒  0.154 米/秒  直立最低 0.997  本机 22 秒
 1672  倒过        2.405 米 /  10.0 秒  0.240 米/秒  直立最低 -1.000  本机 22 秒
 1673  走满窗口      1.070 米 /  10.0 秒  0.107 米/秒  直立最低 0.996  本机 22 秒
 1674  走满窗口      1.351 米 /  10.0 秒  0.135 米/秒  直立最低 0.998  本机 23 秒
 1675  走满窗口      1.292 米 /  10.0 秒  0.129 米/秒  直立最低 0.994  本机 22 秒
 1676  走满窗口      1.195 米 /  10.0 秒  0.120 米/秒  直立最低 0.998  本机 22 秒
 1677  走满窗口      1.325 米 /  10.0 秒  0.133 米/秒  直立最低 0.998  本机 22 秒
 1678  走满窗口      1.242 米 /  10.0 秒  0.124 米/秒  直立最低 0.995  本机 22 秒
 1679  走满窗口      1.328 米 /  10.0 秒  0.133 米/秒  直立最低 0.994  本机 23 秒
 1680  走满窗口      1.600 米 /  10.0 秒  0.160 米/秒  直立最低 0.995  本机 23 秒
 1681  走满窗口      1.353 米 /  10.0 秒  0.135 米/秒  直立最低 0.998  本机 22 秒
 1682  走满窗口      1.095 米 /  10.0 秒  0.110 米/秒  直立最低 0.998  本机 23 秒
 1683  走满窗口      1.313 米 /  10.0 秒  0.131 米/秒  直立最低 0.998  本机 23 秒
 1684  走满窗口      1.346 米 /  10.0 秒  0.135 米/秒  直立最低 0.998  本机 23 秒
 1685  走满窗口      1.288 米 /  10.0 秒  0.129 米/秒  直立最低 0.994  本机 23 秒
 1686  走满窗口      1.032 米 /  10.0 秒  0.103 米/秒  直立最低 0.998  本机 23 秒
 1687  走满窗口      1.320 米 /  10.0 秒  0.132 米/秒  直立最低 0.998  本机 22 秒
 1688  走满窗口      1.373 米 /  10.0 秒  0.137 米/秒  直立最低 0.998  本机 22 秒
 1689  走满窗口      1.342 米 /  10.0 秒  0.134 米/秒  直立最低 0.998  本机 22 秒
 1690  走满窗口      1.254 米 /  10.0 秒  0.125 米/秒  直立最低 0.995  本机 23 秒
 1691  走满窗口      1.061 米 /  10.0 秒  0.106 米/秒  直立最低 0.998  本机 22 秒
 1692  走满窗口      0.831 米 /  10.0 秒  0.083 米/秒  直立最低 0.999  本机 23 秒
 1693  走满窗口      1.310 米 /  10.0 秒  0.131 米/秒  直立最低 0.996  本机 23 秒
 1694  走满窗口      1.372 米 /  10.0 秒  0.137 米/秒  直立最低 0.998  本机 22 秒
 1695  走满窗口      1.137 米 /  10.0 秒  0.114 米/秒  直立最低 0.995  本机 23 秒
 1696  走满窗口      1.291 米 /  10.0 秒  0.129 米/秒  直立最低 0.998  本机 22 秒
 1697  走满窗口      1.066 米 /  10.0 秒  0.107 米/秒  直立最低 0.998  本机 22 秒
 1698  走满窗口      1.251 米 /  10.0 秒  0.125 米/秒  直立最低 0.995  本机 23 秒
 1699  走满窗口      1.204 米 /  10.0 秒  0.120 米/秒  直立最低 0.996  本机 23 秒
 1700  走满窗口      1.008 米 /  10.0 秒  0.101 米/秒  直立最低 0.998  本机 23 秒
 1701  走满窗口      1.087 米 /  10.0 秒  0.109 米/秒  直立最低 0.995  本机 22 秒
 1702  走满窗口      1.324 米 /  10.0 秒  0.132 米/秒  直立最低 0.997  本机 22 秒
 1703  走满窗口      1.266 米 /  10.0 秒  0.127 米/秒  直立最低 0.998  本机 23 秒
 1704  走满窗口      1.365 米 /  10.0 秒  0.136 米/秒  直立最低 0.998  本机 23 秒
 1705  走满窗口      1.329 米 /  10.0 秒  0.133 米/秒  直立最低 0.998  本机 22 秒
 1706  走满窗口      1.345 米 /  10.0 秒  0.135 米/秒  直立最低 0.998  本机 22 秒
 1707  走满窗口      1.087 米 /  10.0 秒  0.109 米/秒  直立最低 0.997  本机 22 秒
 1708  走满窗口      1.292 米 /  10.0 秒  0.129 米/秒  直立最低 0.994  本机 23 秒
 1709  走满窗口      1.235 米 /  10.0 秒  0.123 米/秒  直立最低 0.995  本机 22 秒
 1710  走满窗口      1.331 米 /  10.0 秒  0.133 米/秒  直立最低 0.995  本机 22 秒
 1711  走满窗口      1.278 米 /  10.0 秒  0.128 米/秒  直立最低 0.998  本机 22 秒
 1712  走满窗口      1.123 米 /  10.0 秒  0.112 米/秒  直立最低 0.995  本机 23 秒
 1713  走满窗口      1.644 米 /  10.0 秒  0.164 米/秒  直立最低 0.997  本机 23 秒
 1714  走满窗口      1.174 米 /  10.0 秒  0.117 米/秒  直立最低 0.995  本机 23 秒
 1715  走满窗口      1.216 米 /  10.0 秒  0.122 米/秒  直立最低 0.998  本机 23 秒
 1716  走满窗口      1.156 米 /  10.0 秒  0.116 米/秒  直立最低 0.998  本机 23 秒
 1717  走满窗口      1.115 米 /  10.0 秒  0.111 米/秒  直立最低 0.995  本机 23 秒
 1718  走满窗口      1.024 米 /  10.0 秒  0.102 米/秒  直立最低 0.998  本机 22 秒
 1719  走满窗口      1.262 米 /  10.0 秒  0.126 米/秒  直立最低 0.994  本机 23 秒
 1720  走满窗口      1.308 米 /  10.0 秒  0.131 米/秒  直立最低 0.996  本机 23 秒
 1721  走满窗口      1.314 米 /  10.0 秒  0.131 米/秒  直立最低 0.998  本机 22 秒
 1722  走满窗口      1.350 米 /  10.0 秒  0.135 米/秒  直立最低 0.998  本机 22 秒
 1723  走满窗口      1.324 米 /  10.0 秒  0.132 米/秒  直立最低 0.991  本机 22 秒
 1724  走满窗口      1.127 米 /  10.0 秒  0.113 米/秒  直立最低 0.995  本机 22 秒
 1725  走满窗口      1.320 米 /  10.0 秒  0.132 米/秒  直立最低 0.998  本机 23 秒
 1726  走满窗口      1.255 米 /  10.0 秒  0.125 米/秒  直立最低 0.995  本机 22 秒
 1727  走满窗口      1.249 米 /  10.0 秒  0.125 米/秒  直立最低 0.994  本机 23 秒
 1728  走满窗口      1.386 米 /  10.0 秒  0.139 米/秒  直立最低 0.998  本机 22 秒
 1729  走满窗口      1.333 米 /  10.0 秒  0.133 米/秒  直立最低 0.998  本机 22 秒
 1730  走满窗口      1.331 米 /  10.0 秒  0.133 米/秒  直立最低 0.998  本机 22 秒
 1731  走满窗口      1.253 米 /  10.0 秒  0.125 米/秒  直立最低 0.995  本机 23 秒
 1732  走满窗口      1.104 米 /  10.0 秒  0.110 米/秒  直立最低 0.995  本机 22 秒
 1733  走满窗口      1.044 米 /  10.0 秒  0.104 米/秒  直立最低 0.998  本机 23 秒
 1734  走满窗口      1.256 米 /  10.0 秒  0.126 米/秒  直立最低 0.995  本机 22 秒
 1735  走满窗口      1.254 米 /  10.0 秒  0.125 米/秒  直立最低 0.995  本机 22 秒
 1736  走满窗口      1.422 米 /  10.0 秒  0.142 米/秒  直立最低 0.998  本机 23 秒
 1737  走满窗口      1.209 米 /  10.0 秒  0.121 米/秒  直立最低 0.993  本机 23 秒
 1738  走满窗口      1.249 米 /  10.0 秒  0.125 米/秒  直立最低 0.995  本机 22 秒
 1739  走满窗口      0.714 米 /  10.0 秒  0.071 米/秒  直立最低 0.994  本机 22 秒
 1740  走满窗口      1.293 米 /  10.0 秒  0.129 米/秒  直立最低 0.994  本机 23 秒
 1741  走满窗口      1.343 米 /  10.0 秒  0.134 米/秒  直立最低 0.998  本机 23 秒
 1742  走满窗口      1.334 米 /  10.0 秒  0.133 米/秒  直立最低 0.998  本机 22 秒
 1743  走满窗口      1.354 米 /  10.0 秒  0.135 米/秒  直立最低 0.998  本机 22 秒
 1744  走满窗口      1.385 米 /  10.0 秒  0.139 米/秒  直立最低 0.998  本机 23 秒
 1745  走满窗口      0.843 米 /  10.0 秒  0.084 米/秒  直立最低 0.995  本机 22 秒
 1746  走满窗口      0.876 米 /  10.0 秒  0.088 米/秒  直立最低 0.995  本机 22 秒
 1747  走满窗口      1.347 米 /  10.0 秒  0.135 米/秒  直立最低 0.998  本机 23 秒
 1748  走满窗口      1.240 米 /  10.0 秒  0.124 米/秒  直立最低 0.995  本机 22 秒
 1749  走满窗口      0.891 米 /  10.0 秒  0.089 米/秒  直立最低 0.994  本机 23 秒
 1750  走满窗口      1.268 米 /  10.0 秒  0.127 米/秒  直立最低 0.994  本机 22 秒
 1751  走满窗口      1.343 米 /  10.0 秒  0.134 米/秒  直立最低 0.998  本机 22 秒
 1752  走满窗口      1.350 米 /  10.0 秒  0.135 米/秒  直立最低 0.998  本机 23 秒
 1753  走满窗口      1.273 米 /  10.0 秒  0.127 米/秒  直立最低 0.994  本机 23 秒
 1754  走满窗口      1.121 米 /  10.0 秒  0.112 米/秒  直立最低 0.996  本机 22 秒
 1755  走满窗口      1.308 米 /  10.0 秒  0.131 米/秒  直立最低 0.998  本机 23 秒
 1756  走满窗口      1.356 米 /  10.0 秒  0.136 米/秒  直立最低 0.998  本机 23 秒
 1757  走满窗口      1.298 米 /  10.0 秒  0.130 米/秒  直立最低 0.994  本机 23 秒
 1758  走满窗口      0.530 米 /  10.0 秒  0.053 米/秒  直立最低 0.993  本机 22 秒
 1759  走满窗口      1.297 米 /  10.0 秒  0.130 米/秒  直立最低 0.997  本机 22 秒
 1760  走满窗口      0.926 米 /  10.0 秒  0.093 米/秒  直立最低 0.995  本机 23 秒
 1761  走满窗口      1.241 米 /  10.0 秒  0.124 米/秒  直立最低 0.995  本机 22 秒
 1762  走满窗口      1.151 米 /  10.0 秒  0.115 米/秒  直立最低 0.995  本机 22 秒
 1763  走满窗口      1.288 米 /  10.0 秒  0.129 米/秒  直立最低 0.994  本机 22 秒
 1764  走满窗口      1.285 米 /  10.0 秒  0.128 米/秒  直立最低 0.996  本机 22 秒
 1765  走满窗口      1.279 米 /  10.0 秒  0.128 米/秒  直立最低 0.994  本机 22 秒
 1766  走满窗口      1.245 米 /  10.0 秒  0.125 米/秒  直立最低 0.992  本机 22 秒
 1767  没建出来：ValueError: structural lower bounds exceed an incoming budget
 1768  走满窗口      1.308 米 /  10.0 秒  0.131 米/秒  直立最低 0.997  本机 22 秒
 1769  走满窗口      1.435 米 /  10.0 秒  0.143 米/秒  直立最低 0.997  本机 23 秒
 1770  走满窗口      1.346 米 /  10.0 秒  0.135 米/秒  直立最低 0.997  本机 22 秒
 1771  走满窗口      1.373 米 /  10.0 秒  0.137 米/秒  直立最低 0.997  本机 23 秒
 1772  走满窗口      1.150 米 /  10.0 秒  0.115 米/秒  直立最低 0.998  本机 22 秒
 1773  走满窗口      1.256 米 /  10.0 秒  0.126 米/秒  直立最低 0.995  本机 22 秒
 1774  走满窗口      1.250 米 /  10.0 秒  0.125 米/秒  直立最低 0.995  本机 23 秒
 1775  走满窗口      1.584 米 /  10.0 秒  0.158 米/秒  直立最低 0.995  本机 23 秒
 1776  没建出来：ValueError: structural lower bounds exceed an incoming budget
 1777  走满窗口      1.303 米 /  10.0 秒  0.130 米/秒  直立最低 0.998  本机 22 秒
 1778  走满窗口      1.271 米 /  10.0 秒  0.127 米/秒  直立最低 0.995  本机 22 秒
 1779  走满窗口      1.363 米 /  10.0 秒  0.136 米/秒  直立最低 0.998  本机 22 秒
 1780  走满窗口      1.289 米 /  10.0 秒  0.129 米/秒  直立最低 0.997  本机 22 秒
 1781  没建出来：ValueError: structural lower bounds exceed an incoming budget
 1782  走满窗口      1.302 米 /  10.0 秒  0.130 米/秒  直立最低 0.995  本机 22 秒
 1783  走满窗口      1.273 米 /  10.0 秒  0.127 米/秒  直立最低 0.994  本机 23 秒
 1784  走满窗口      1.407 米 /  10.0 秒  0.141 米/秒  直立最低 0.998  本机 23 秒
 1785  走满窗口      1.331 米 /  10.0 秒  0.133 米/秒  直立最低 0.998  本机 23 秒
 1786  走满窗口      1.294 米 /  10.0 秒  0.129 米/秒  直立最低 0.995  本机 22 秒
 1787  走满窗口      1.332 米 /  10.0 秒  0.133 米/秒  直立最低 0.998  本机 22 秒
 1788  走满窗口      0.467 米 /  10.0 秒  0.047 米/秒  直立最低 0.993  本机 23 秒
 1789  走满窗口      0.614 米 /  10.0 秒  0.061 米/秒  直立最低 0.991  本机 22 秒
 1790  走满窗口      1.373 米 /  10.0 秒  0.137 米/秒  直立最低 0.998  本机 22 秒
 1791  走满窗口      1.111 米 /  10.0 秒  0.111 米/秒  直立最低 0.997  本机 23 秒
 1792  走满窗口      1.300 米 /  10.0 秒  0.130 米/秒  直立最低 0.994  本机 23 秒
 1793  走满窗口      0.857 米 /  10.0 秒  0.086 米/秒  直立最低 0.995  本机 23 秒
 1794  走满窗口      1.352 米 /  10.0 秒  0.135 米/秒  直立最低 0.998  本机 23 秒
 1795  走满窗口      1.299 米 /  10.0 秒  0.130 米/秒  直立最低 0.997  本机 23 秒
 1796  走满窗口      1.373 米 /  10.0 秒  0.137 米/秒  直立最低 0.998  本机 23 秒
 1797  走满窗口      1.088 米 /  10.0 秒  0.109 米/秒  直立最低 0.995  本机 23 秒
 1798  走满窗口      1.250 米 /  10.0 秒  0.125 米/秒  直立最低 0.994  本机 23 秒
 1799  走满窗口      0.977 米 /  10.0 秒  0.098 米/秒  直立最低 0.994  本机 23 秒
 1800  走满窗口      1.251 米 /  10.0 秒  0.125 米/秒  直立最低 0.996  本机 24 秒
 1801  走满窗口      1.245 米 /  10.0 秒  0.124 米/秒  直立最低 0.995  本机 23 秒
 1802  走满窗口      1.769 米 /  10.0 秒  0.177 米/秒  直立最低 0.996  本机 22 秒
 1803  走满窗口      1.374 米 /  10.0 秒  0.137 米/秒  直立最低 0.998  本机 22 秒
 1804  走满窗口      1.488 米 /  10.0 秒  0.149 米/秒  直立最低 0.998  本机 22 秒
 1805  走满窗口      1.292 米 /  10.0 秒  0.129 米/秒  直立最低 0.998  本机 22 秒
 1806  走满窗口      1.366 米 /  10.0 秒  0.137 米/秒  直立最低 0.998  本机 22 秒
 1807  走满窗口      1.314 米 /  10.0 秒  0.131 米/秒  直立最低 0.998  本机 22 秒
 1808  走满窗口      1.245 米 /  10.0 秒  0.125 米/秒  直立最低 0.994  本机 22 秒
 1809  走满窗口      1.359 米 /  10.0 秒  0.136 米/秒  直立最低 0.998  本机 22 秒
 1810  走满窗口      1.276 米 /  10.0 秒  0.128 米/秒  直立最低 0.998  本机 22 秒
 1811  走满窗口      1.252 米 /  10.0 秒  0.125 米/秒  直立最低 0.995  本机 23 秒
 1812  走满窗口      1.267 米 /  10.0 秒  0.127 米/秒  直立最低 0.995  本机 22 秒
 1813  走满窗口      1.288 米 /  10.0 秒  0.129 米/秒  直立最低 0.994  本机 23 秒
 1814  走满窗口      1.164 米 /  10.0 秒  0.116 米/秒  直立最低 0.994  本机 23 秒
 1815  走满窗口      0.698 米 /  10.0 秒  0.070 米/秒  直立最低 0.995  本机 23 秒
 1816  走满窗口      1.349 米 /  10.0 秒  0.135 米/秒  直立最低 0.998  本机 23 秒
 1817  走满窗口      1.240 米 /  10.0 秒  0.124 米/秒  直立最低 0.995  本机 23 秒
 1818  走满窗口      1.291 米 /  10.0 秒  0.129 米/秒  直立最低 0.998  本机 23 秒
 1819  走满窗口      1.298 米 /  10.0 秒  0.130 米/秒  直立最低 0.998  本机 22 秒
 1820  走满窗口      1.357 米 /  10.0 秒  0.136 米/秒  直立最低 0.998  本机 22 秒
 1821  走满窗口      1.372 米 /  10.0 秒  0.137 米/秒  直立最低 0.998  本机 22 秒
 1822  走满窗口      1.365 米 /  10.0 秒  0.136 米/秒  直立最低 0.998  本机 23 秒
 1823  走满窗口      0.810 米 /  10.0 秒  0.081 米/秒  直立最低 0.994  本机 23 秒
 1824  走满窗口      1.403 米 /  10.0 秒  0.140 米/秒  直立最低 0.997  本机 22 秒
 1825  倒过        1.630 米 /  10.0 秒  0.163 米/秒  直立最低 -1.000  本机 23 秒
 1826  走满窗口      1.283 米 /  10.0 秒  0.128 米/秒  直立最低 0.993  本机 22 秒
 1827  走满窗口      1.351 米 /  10.0 秒  0.135 米/秒  直立最低 0.998  本机 22 秒
 1828  走满窗口      1.308 米 /  10.0 秒  0.131 米/秒  直立最低 0.995  本机 23 秒
 1829  走满窗口      1.050 米 /  10.0 秒  0.105 米/秒  直立最低 0.998  本机 23 秒
 1830  走满窗口      1.300 米 /  10.0 秒  0.130 米/秒  直立最低 0.998  本机 23 秒
 1831  走满窗口      1.275 米 /  10.0 秒  0.127 米/秒  直立最低 0.995  本机 23 秒
 1832  走满窗口      1.392 米 /  10.0 秒  0.139 米/秒  直立最低 0.997  本机 23 秒
 1833  走满窗口      1.014 米 /  10.0 秒  0.101 米/秒  直立最低 0.998  本机 22 秒
 1834  走满窗口      1.225 米 /  10.0 秒  0.122 米/秒  直立最低 0.996  本机 22 秒
 1835  走满窗口      1.404 米 /  10.0 秒  0.140 米/秒  直立最低 0.995  本机 23 秒
 1836  走满窗口      1.097 米 /  10.0 秒  0.110 米/秒  直立最低 0.997  本机 22 秒
 1837  走满窗口      0.881 米 /  10.0 秒  0.088 米/秒  直立最低 0.994  本机 22 秒
 1838  走满窗口      0.864 米 /  10.0 秒  0.086 米/秒  直立最低 0.994  本机 22 秒
 1839  走满窗口      1.254 米 /  10.0 秒  0.125 米/秒  直立最低 0.999  本机 23 秒
 1840  走满窗口      1.271 米 /  10.0 秒  0.127 米/秒  直立最低 0.998  本机 22 秒
 1841  走满窗口      1.362 米 /  10.0 秒  0.136 米/秒  直立最低 0.998  本机 23 秒
 1842  走满窗口      1.279 米 /  10.0 秒  0.128 米/秒  直立最低 0.995  本机 23 秒
 1843  走满窗口      1.325 米 /  10.0 秒  0.133 米/秒  直立最低 0.998  本机 22 秒
 1844  走满窗口      1.375 米 /  10.0 秒  0.137 米/秒  直立最低 0.997  本机 22 秒
 1845  走满窗口      1.352 米 /  10.0 秒  0.135 米/秒  直立最低 0.998  本机 22 秒
 1846  走满窗口      0.519 米 /  10.0 秒  0.052 米/秒  直立最低 0.992  本机 23 秒
 1847  走满窗口      1.343 米 /  10.0 秒  0.134 米/秒  直立最低 0.998  本机 22 秒
 1848  走满窗口      1.112 米 /  10.0 秒  0.111 米/秒  直立最低 0.991  本机 22 秒
 1849  走满窗口      1.261 米 /  10.0 秒  0.126 米/秒  直立最低 0.995  本机 23 秒
 1850  走满窗口      1.242 米 /  10.0 秒  0.124 米/秒  直立最低 0.994  本机 22 秒
 1851  走满窗口      1.256 米 /  10.0 秒  0.126 米/秒  直立最低 0.995  本机 22 秒
 1852  走满窗口      1.092 米 /  10.0 秒  0.109 米/秒  直立最低 0.998  本机 22 秒
 1853  走满窗口      1.326 米 /  10.0 秒  0.133 米/秒  直立最低 0.998  本机 22 秒
 1854  走满窗口      1.383 米 /  10.0 秒  0.138 米/秒  直立最低 0.998  本机 22 秒
 1855  走满窗口      1.334 米 /  10.0 秒  0.133 米/秒  直立最低 0.998  本机 23 秒
 1856  走满窗口      1.167 米 /  10.0 秒  0.117 米/秒  直立最低 0.998  本机 23 秒
 1857  走满窗口      1.314 米 /  10.0 秒  0.131 米/秒  直立最低 0.998  本机 22 秒
 1858  走满窗口      1.108 米 /  10.0 秒  0.111 米/秒  直立最低 0.997  本机 22 秒
 1859  走满窗口      1.065 米 /  10.0 秒  0.107 米/秒  直立最低 0.996  本机 22 秒
 1860  走满窗口      1.338 米 /  10.0 秒  0.134 米/秒  直立最低 0.998  本机 22 秒
 1861  走满窗口      1.280 米 /  10.0 秒  0.128 米/秒  直立最低 0.994  本机 22 秒
 1862  走满窗口      1.188 米 /  10.0 秒  0.119 米/秒  直立最低 0.998  本机 23 秒
 1863  走满窗口      1.223 米 /  10.0 秒  0.122 米/秒  直立最低 0.994  本机 23 秒
 1864  走满窗口      1.313 米 /  10.0 秒  0.131 米/秒  直立最低 0.998  本机 23 秒
 1865  走满窗口      1.173 米 /  10.0 秒  0.117 米/秒  直立最低 0.991  本机 22 秒
 1866  走满窗口      0.593 米 /  10.0 秒  0.059 米/秒  直立最低 0.989  本机 23 秒
 1867  走满窗口      1.346 米 /  10.0 秒  0.135 米/秒  直立最低 0.998  本机 23 秒
 1868  走满窗口      1.241 米 /  10.0 秒  0.124 米/秒  直立最低 0.995  本机 23 秒
 1869  走满窗口      1.302 米 /  10.0 秒  0.130 米/秒  直立最低 0.995  本机 22 秒
 1870  走满窗口      0.959 米 /  10.0 秒  0.096 米/秒  直立最低 0.993  本机 23 秒
 1871  走满窗口      1.104 米 /  10.0 秒  0.110 米/秒  直立最低 0.998  本机 22 秒
 1872  走满窗口      1.366 米 /  10.0 秒  0.137 米/秒  直立最低 0.998  本机 22 秒
 1873  走满窗口      1.412 米 /  10.0 秒  0.141 米/秒  直立最低 0.998  本机 23 秒
 1874  走满窗口      1.347 米 /  10.0 秒  0.135 米/秒  直立最低 0.995  本机 23 秒
 1875  走满窗口      1.250 米 /  10.0 秒  0.125 米/秒  直立最低 0.995  本机 22 秒
 1876  走满窗口      1.045 米 /  10.0 秒  0.104 米/秒  直立最低 0.998  本机 22 秒
 1877  走满窗口      1.126 米 /  10.0 秒  0.113 米/秒  直立最低 0.996  本机 22 秒
 1878  走满窗口      1.254 米 /  10.0 秒  0.125 米/秒  直立最低 0.995  本机 22 秒
 1879  走满窗口      1.408 米 /  10.0 秒  0.141 米/秒  直立最低 0.998  本机 23 秒
 1880  走满窗口      1.327 米 /  10.0 秒  0.133 米/秒  直立最低 0.998  本机 22 秒
 1881  走满窗口      0.555 米 /  10.0 秒  0.055 米/秒  直立最低 1.000  本机 22 秒
 1882  走满窗口      1.087 米 /  10.0 秒  0.109 米/秒  直立最低 0.998  本机 22 秒
 1883  走满窗口      1.311 米 /  10.0 秒  0.131 米/秒  直立最低 0.998  本机 22 秒
 1884  走满窗口      1.343 米 /  10.0 秒  0.134 米/秒  直立最低 0.998  本机 22 秒
 1885  走满窗口      0.569 米 /  10.0 秒  0.057 米/秒  直立最低 0.992  本机 23 秒
 1886  走满窗口      0.958 米 /  10.0 秒  0.096 米/秒  直立最低 0.998  本机 22 秒
 1887  走满窗口      1.342 米 /  10.0 秒  0.134 米/秒  直立最低 0.998  本机 23 秒
 1888  走满窗口      1.265 米 /  10.0 秒  0.126 米/秒  直立最低 0.997  本机 22 秒
 1889  走满窗口      1.023 米 /  10.0 秒  0.102 米/秒  直立最低 0.998  本机 23 秒
 1890  走满窗口      1.380 米 /  10.0 秒  0.138 米/秒  直立最低 0.998  本机 23 秒
 1891  走满窗口      1.329 米 /  10.0 秒  0.133 米/秒  直立最低 0.998  本机 23 秒
 1892  走满窗口      1.256 米 /  10.0 秒  0.126 米/秒  直立最低 0.997  本机 22 秒
 1893  走满窗口      1.467 米 /  10.0 秒  0.147 米/秒  直立最低 0.997  本机 22 秒
 1894  走满窗口      1.368 米 /  10.0 秒  0.137 米/秒  直立最低 0.998  本机 22 秒
 1895  走满窗口      1.383 米 /  10.0 秒  0.138 米/秒  直立最低 0.992  本机 22 秒
 1896  走满窗口      1.348 米 /  10.0 秒  0.135 米/秒  直立最低 0.998  本机 23 秒
 1897  走满窗口      1.318 米 /  10.0 秒  0.132 米/秒  直立最低 0.998  本机 23 秒
 1898  走满窗口      0.742 米 /  10.0 秒  0.074 米/秒  直立最低 0.995  本机 22 秒
 1899  走满窗口      1.282 米 /  10.0 秒  0.128 米/秒  直立最低 0.997  本机 22 秒
 1900  走满窗口      1.350 米 /  10.0 秒  0.135 米/秒  直立最低 0.998  本机 22 秒
 1901  走满窗口      1.553 米 /  10.0 秒  0.155 米/秒  直立最低 0.995  本机 22 秒
 1902  走满窗口      1.252 米 /  10.0 秒  0.125 米/秒  直立最低 0.995  本机 23 秒
 1903  走满窗口      1.343 米 /  10.0 秒  0.134 米/秒  直立最低 0.998  本机 23 秒
 1904  走满窗口      1.379 米 /  10.0 秒  0.138 米/秒  直立最低 0.998  本机 23 秒
 1905  走满窗口      1.236 米 /  10.0 秒  0.124 米/秒  直立最低 0.995  本机 23 秒
 1906  走满窗口      1.138 米 /  10.0 秒  0.114 米/秒  直立最低 0.998  本机 23 秒
 1907  走满窗口      1.333 米 /  10.0 秒  0.133 米/秒  直立最低 0.998  本机 23 秒
 1908  走满窗口      0.765 米 /  10.0 秒  0.076 米/秒  直立最低 0.997  本机 23 秒
 1909  走满窗口      1.051 米 /  10.0 秒  0.105 米/秒  直立最低 0.998  本机 23 秒
 1910  走满窗口      0.888 米 /  10.0 秒  0.089 米/秒  直立最低 0.994  本机 22 秒
 1911  走满窗口      1.308 米 /  10.0 秒  0.131 米/秒  直立最低 0.997  本机 22 秒
 1912  走满窗口      1.296 米 /  10.0 秒  0.130 米/秒  直立最低 0.998  本机 22 秒
 1913  走满窗口      1.236 米 /  10.0 秒  0.124 米/秒  直立最低 0.995  本机 22 秒
 1914  走满窗口      1.303 米 /  10.0 秒  0.130 米/秒  直立最低 0.996  本机 23 秒
 1915  走满窗口      1.172 米 /  10.0 秒  0.117 米/秒  直立最低 0.995  本机 23 秒
 1916  走满窗口      1.370 米 /  10.0 秒  0.137 米/秒  直立最低 0.998  本机 22 秒
 1917  走满窗口      1.144 米 /  10.0 秒  0.114 米/秒  直立最低 0.998  本机 22 秒
 1918  走满窗口      1.325 米 /  10.0 秒  0.132 米/秒  直立最低 0.998  本机 22 秒
 1919  走满窗口      0.808 米 /  10.0 秒  0.081 米/秒  直立最低 0.994  本机 22 秒
 1920  走满窗口      1.265 米 /  10.0 秒  0.126 米/秒  直立最低 0.995  本机 23 秒
 1921  走满窗口      1.304 米 /  10.0 秒  0.130 米/秒  直立最低 0.998  本机 22 秒
 1922  走满窗口      1.304 米 /  10.0 秒  0.130 米/秒  直立最低 0.998  本机 22 秒
 1923  走满窗口      1.326 米 /  10.0 秒  0.133 米/秒  直立最低 0.994  本机 22 秒
 1924  走满窗口      0.998 米 /  10.0 秒  0.100 米/秒  直立最低 0.998  本机 23 秒
 1925  走满窗口      1.261 米 /  10.0 秒  0.126 米/秒  直立最低 0.994  本机 23 秒
 1926  走满窗口      1.245 米 /  10.0 秒  0.124 米/秒  直立最低 0.995  本机 22 秒
 1927  没建出来：ValueError: structural lower bounds exceed an incoming budget
 1928  走满窗口      1.246 米 /  10.0 秒  0.125 米/秒  直立最低 0.996  本机 22 秒
 1929  走满窗口      1.250 米 /  10.0 秒  0.125 米/秒  直立最低 0.995  本机 22 秒
 1930  走满窗口      1.245 米 /  10.0 秒  0.125 米/秒  直立最低 0.996  本机 22 秒
 1931  走满窗口      0.815 米 /  10.0 秒  0.082 米/秒  直立最低 0.993  本机 23 秒
 1932  走满窗口      1.285 米 /  10.0 秒  0.128 米/秒  直立最低 0.997  本机 22 秒
 1933  走满窗口      1.383 米 /  10.0 秒  0.138 米/秒  直立最低 0.998  本机 22 秒
 1934  走满窗口      1.354 米 /  10.0 秒  0.135 米/秒  直立最低 0.998  本机 23 秒
 1935  走满窗口      1.392 米 /  10.0 秒  0.139 米/秒  直立最低 0.998  本机 23 秒
 1936  走满窗口      1.176 米 /  10.0 秒  0.118 米/秒  直立最低 0.995  本机 22 秒
 1937  走满窗口      0.992 米 /  10.0 秒  0.099 米/秒  直立最低 0.994  本机 22 秒
 1938  走满窗口      1.322 米 /  10.0 秒  0.132 米/秒  直立最低 0.998  本机 23 秒
 1939  走满窗口      1.329 米 /  10.0 秒  0.133 米/秒  直立最低 0.998  本机 22 秒
 1940  走满窗口      1.363 米 /  10.0 秒  0.136 米/秒  直立最低 0.998  本机 22 秒
 1941  走满窗口      1.146 米 /  10.0 秒  0.115 米/秒  直立最低 0.991  本机 23 秒
 1942  走满窗口      1.317 米 /  10.0 秒  0.132 米/秒  直立最低 0.998  本机 23 秒
 1943  走满窗口      1.272 米 /  10.0 秒  0.127 米/秒  直立最低 0.994  本机 22 秒
 1944  走满窗口      1.279 米 /  10.0 秒  0.128 米/秒  直立最低 0.997  本机 23 秒
 1945  走满窗口      1.022 米 /  10.0 秒  0.102 米/秒  直立最低 0.998  本机 23 秒
 1946  走满窗口      1.355 米 /  10.0 秒  0.135 米/秒  直立最低 0.998  本机 23 秒
 1947  走满窗口      1.340 米 /  10.0 秒  0.134 米/秒  直立最低 0.998  本机 22 秒
 1948  走满窗口      1.288 米 /  10.0 秒  0.129 米/秒  直立最低 0.996  本机 22 秒
 1949  走满窗口      1.298 米 /  10.0 秒  0.130 米/秒  直立最低 0.995  本机 22 秒
 1950  走满窗口      1.462 米 /  10.0 秒  0.146 米/秒  直立最低 0.997  本机 23 秒
 1951  走满窗口      1.249 米 /  10.0 秒  0.125 米/秒  直立最低 0.995  本机 22 秒
 1952  走满窗口      1.388 米 /  10.0 秒  0.139 米/秒  直立最低 0.998  本机 23 秒
 1953  走满窗口      1.338 米 /  10.0 秒  0.134 米/秒  直立最低 0.998  本机 22 秒
 1954  走满窗口      1.221 米 /  10.0 秒  0.122 米/秒  直立最低 0.998  本机 22 秒
 1955  走满窗口      1.300 米 /  10.0 秒  0.130 米/秒  直立最低 0.994  本机 22 秒
 1956  走满窗口      1.252 米 /  10.0 秒  0.125 米/秒  直立最低 0.995  本机 22 秒
 1957  走满窗口      1.095 米 /  10.0 秒  0.110 米/秒  直立最低 0.997  本机 23 秒
 1958  走满窗口      1.593 米 /  10.0 秒  0.159 米/秒  直立最低 0.996  本机 22 秒
 1959  走满窗口      1.199 米 /  10.0 秒  0.120 米/秒  直立最低 0.998  本机 22 秒
 1960  走满窗口      1.198 米 /  10.0 秒  0.120 米/秒  直立最低 0.998  本机 23 秒
 1961  走满窗口      1.362 米 /  10.0 秒  0.136 米/秒  直立最低 0.998  本机 22 秒
 1962  走满窗口      0.792 米 /  10.0 秒  0.079 米/秒  直立最低 0.998  本机 22 秒
 1963  走满窗口      1.321 米 /  10.0 秒  0.132 米/秒  直立最低 0.995  本机 22 秒
 1964  走满窗口      1.002 米 /  10.0 秒  0.100 米/秒  直立最低 0.996  本机 23 秒
 1965  走满窗口      1.484 米 /  10.0 秒  0.148 米/秒  直立最低 0.999  本机 22 秒
 1966  走满窗口      1.343 米 /  10.0 秒  0.134 米/秒  直立最低 0.998  本机 23 秒
 1967  没建出来：ValueError: structural lower bounds exceed an incoming budget
 1968  走满窗口      1.169 米 /  10.0 秒  0.117 米/秒  直立最低 0.998  本机 22 秒
 1969  走满窗口      0.738 米 /  10.0 秒  0.074 米/秒  直立最低 0.997  本机 22 秒
 1970  走满窗口      0.921 米 /  10.0 秒  0.092 米/秒  直立最低 0.993  本机 23 秒
 1971  走满窗口      1.347 米 /  10.0 秒  0.135 米/秒  直立最低 0.998  本机 22 秒
 1972  走满窗口      1.581 米 /  10.0 秒  0.158 米/秒  直立最低 0.997  本机 23 秒
 1973  走满窗口      1.347 米 /  10.0 秒  0.135 米/秒  直立最低 0.998  本机 23 秒
 1974  走满窗口      1.386 米 /  10.0 秒  0.139 米/秒  直立最低 0.998  本机 22 秒
 1975  走满窗口      0.638 米 /  10.0 秒  0.064 米/秒  直立最低 0.994  本机 22 秒
 1976  走满窗口      1.263 米 /  10.0 秒  0.126 米/秒  直立最低 0.995  本机 23 秒
 1977  走满窗口      1.285 米 /  10.0 秒  0.129 米/秒  直立最低 0.998  本机 22 秒
 1978  走满窗口      1.356 米 /  10.0 秒  0.136 米/秒  直立最低 0.998  本机 23 秒
 1979  走满窗口      1.259 米 /  10.0 秒  0.126 米/秒  直立最低 0.994  本机 23 秒
 1980  走满窗口      1.308 米 /  10.0 秒  0.131 米/秒  直立最低 0.993  本机 22 秒
 1981  走满窗口      1.381 米 /  10.0 秒  0.138 米/秒  直立最低 0.998  本机 23 秒
 1982  走满窗口      0.977 米 /  10.0 秒  0.098 米/秒  直立最低 0.991  本机 23 秒
 1983  走满窗口      1.206 米 /  10.0 秒  0.121 米/秒  直立最低 0.998  本机 22 秒
 1984  走满窗口      1.292 米 /  10.0 秒  0.129 米/秒  直立最低 0.998  本机 22 秒
 1985  走满窗口      0.851 米 /  10.0 秒  0.085 米/秒  直立最低 0.994  本机 22 秒
 1986  走满窗口      0.709 米 /  10.0 秒  0.071 米/秒  直立最低 0.995  本机 23 秒
 1987  走满窗口      1.365 米 /  10.0 秒  0.136 米/秒  直立最低 0.998  本机 22 秒
 1988  走满窗口      0.876 米 /  10.0 秒  0.088 米/秒  直立最低 0.994  本机 22 秒
 1989  走满窗口      1.247 米 /  10.0 秒  0.125 米/秒  直立最低 0.995  本机 22 秒
 1990  走满窗口      1.355 米 /  10.0 秒  0.136 米/秒  直立最低 0.998  本机 22 秒
 1991  走满窗口      1.331 米 /  10.0 秒  0.133 米/秒  直立最低 0.998  本机 23 秒
 1992  走满窗口      1.288 米 /  10.0 秒  0.129 米/秒  直立最低 0.996  本机 23 秒
 1993  走满窗口      1.340 米 /  10.0 秒  0.134 米/秒  直立最低 0.998  本机 22 秒
 1994  走满窗口      1.371 米 /  10.0 秒  0.137 米/秒  直立最低 0.998  本机 23 秒
 1995  走满窗口      0.729 米 /  10.0 秒  0.073 米/秒  直立最低 0.987  本机 22 秒
 1996  走满窗口      1.362 米 /  10.0 秒  0.136 米/秒  直立最低 0.998  本机 23 秒
 1997  走满窗口      0.474 米 /  10.0 秒  0.047 米/秒  直立最低 0.992  本机 23 秒
 1998  走满窗口      0.863 米 /  10.0 秒  0.086 米/秒  直立最低 0.995  本机 22 秒
 1999  走满窗口      1.722 米 /  10.0 秒  0.172 米/秒  直立最低 0.997  本机 23 秒
 2000  走满窗口      1.318 米 /  10.0 秒  0.132 米/秒  直立最低 0.998  本机 23 秒
 2001  走满窗口      1.113 米 /  10.0 秒  0.111 米/秒  直立最低 0.998  本机 23 秒
 2002  走满窗口      1.331 米 /  10.0 秒  0.133 米/秒  直立最低 0.998  本机 23 秒
 2003  走满窗口      1.349 米 /  10.0 秒  0.135 米/秒  直立最低 0.998  本机 22 秒
 2004  走满窗口      1.357 米 /  10.0 秒  0.136 米/秒  直立最低 0.998  本机 22 秒
 2005  走满窗口      1.068 米 /  10.0 秒  0.107 米/秒  直立最低 0.997  本机 22 秒
 2006  走满窗口      1.453 米 /  10.0 秒  0.145 米/秒  直立最低 0.998  本机 23 秒
 2007  走满窗口      1.054 米 /  10.0 秒  0.105 米/秒  直立最低 0.994  本机 22 秒
 2008  走满窗口      1.193 米 /  10.0 秒  0.119 米/秒  直立最低 0.996  本机 23 秒
 2009  走满窗口      1.363 米 /  10.0 秒  0.136 米/秒  直立最低 0.998  本机 22 秒
 2010  走满窗口      1.776 米 /  10.0 秒  0.178 米/秒  直立最低 0.996  本机 23 秒
 2011  走满窗口      1.253 米 /  10.0 秒  0.125 米/秒  直立最低 0.991  本机 22 秒
 2012  走满窗口      1.137 米 /  10.0 秒  0.114 米/秒  直立最低 0.998  本机 22 秒
 2013  走满窗口      1.247 米 /  10.0 秒  0.125 米/秒  直立最低 0.994  本机 22 秒
 2014  走满窗口      1.314 米 /  10.0 秒  0.131 米/秒  直立最低 0.998  本机 22 秒
 2015  走满窗口      1.351 米 /  10.0 秒  0.135 米/秒  直立最低 0.998  本机 23 秒
 2016  走满窗口      0.837 米 /  10.0 秒  0.084 米/秒  直立最低 0.994  本机 23 秒
 2017  走满窗口      1.000 米 /  10.0 秒  0.100 米/秒  直立最低 0.997  本机 22 秒
 2018  走满窗口      1.244 米 /  10.0 秒  0.124 米/秒  直立最低 0.995  本机 23 秒
 2019  走满窗口      1.322 米 /  10.0 秒  0.132 米/秒  直立最低 0.994  本机 23 秒
 2020  走满窗口      1.387 米 /  10.0 秒  0.139 米/秒  直立最低 0.998  本机 22 秒
 2021  走满窗口      1.412 米 /  10.0 秒  0.141 米/秒  直立最低 0.998  本机 22 秒
 2022  走满窗口      1.184 米 /  10.0 秒  0.118 米/秒  直立最低 0.997  本机 23 秒
 2023  走满窗口      1.093 米 /  10.0 秒  0.109 米/秒  直立最低 0.999  本机 22 秒
 2024  走满窗口      1.467 米 /  10.0 秒  0.147 米/秒  直立最低 0.998  本机 22 秒
 2025  走满窗口      1.176 米 /  10.0 秒  0.118 米/秒  直立最低 0.996  本机 22 秒
 2026  走满窗口      1.272 米 /  10.0 秒  0.127 米/秒  直立最低 0.994  本机 23 秒
 2027  走满窗口      1.379 米 /  10.0 秒  0.138 米/秒  直立最低 0.998  本机 22 秒
 2028  走满窗口      1.256 米 /  10.0 秒  0.126 米/秒  直立最低 0.995  本机 23 秒
 2029  走满窗口      1.221 米 /  10.0 秒  0.122 米/秒  直立最低 0.994  本机 22 秒
 2030  走满窗口      0.927 米 /  10.0 秒  0.093 米/秒  直立最低 0.999  本机 23 秒
 2031  走满窗口      1.166 米 /  10.0 秒  0.117 米/秒  直立最低 0.998  本机 22 秒
 2032  走满窗口      1.318 米 /  10.0 秒  0.132 米/秒  直立最低 0.998  本机 22 秒
 2033  走满窗口      1.367 米 /  10.0 秒  0.137 米/秒  直立最低 0.992  本机 22 秒
 2034  走满窗口      1.232 米 /  10.0 秒  0.123 米/秒  直立最低 0.997  本机 22 秒
 2035  走满窗口      0.918 米 /  10.0 秒  0.092 米/秒  直立最低 0.994  本机 23 秒
 2036  走满窗口      1.245 米 /  10.0 秒  0.125 米/秒  直立最低 0.995  本机 23 秒
 2037  走满窗口      1.332 米 /  10.0 秒  0.133 米/秒  直立最低 0.998  本机 22 秒
 2038  走满窗口      1.342 米 /  10.0 秒  0.134 米/秒  直立最低 0.998  本机 23 秒
 2039  走满窗口      1.258 米 /  10.0 秒  0.126 米/秒  直立最低 0.994  本机 23 秒
 2040  走满窗口      0.912 米 /  10.0 秒  0.091 米/秒  直立最低 0.994  本机 23 秒
 2041  走满窗口      1.278 米 /  10.0 秒  0.128 米/秒  直立最低 0.993  本机 23 秒
 2042  走满窗口      0.636 米 /  10.0 秒  0.064 米/秒  直立最低 0.990  本机 23 秒
 2043  走满窗口      1.312 米 /  10.0 秒  0.131 米/秒  直立最低 0.998  本机 23 秒
 2044  走满窗口      1.351 米 /  10.0 秒  0.135 米/秒  直立最低 0.998  本机 23 秒
 2045  走满窗口      1.343 米 /  10.0 秒  0.134 米/秒  直立最低 0.998  本机 22 秒
 2046  走满窗口      1.027 米 /  10.0 秒  0.103 米/秒  直立最低 0.997  本机 22 秒
 2047  走满窗口      1.343 米 /  10.0 秒  0.134 米/秒  直立最低 0.998  本机 22 秒
 2048  走满窗口      0.704 米 /  10.0 秒  0.070 米/秒  直立最低 0.995  本机 22 秒
 2049  走满窗口      1.280 米 /  10.0 秒  0.128 米/秒  直立最低 0.994  本机 22 秒
 2050  走满窗口      1.304 米 /  10.0 秒  0.130 米/秒  直立最低 0.997  本机 23 秒
 2051  走满窗口      1.594 米 /  10.0 秒  0.159 米/秒  直立最低 0.996  本机 22 秒
 2052  走满窗口      1.363 米 /  10.0 秒  0.136 米/秒  直立最低 0.998  本机 22 秒
 2053  走满窗口      1.517 米 /  10.0 秒  0.152 米/秒  直立最低 0.997  本机 22 秒
 2054  走满窗口      1.349 米 /  10.0 秒  0.135 米/秒  直立最低 0.998  本机 23 秒
 2055  走满窗口      1.234 米 /  10.0 秒  0.123 米/秒  直立最低 0.998  本机 23 秒
 2056  走满窗口      1.115 米 /  10.0 秒  0.112 米/秒  直立最低 0.996  本机 23 秒
 2057  走满窗口      1.344 米 /  10.0 秒  0.134 米/秒  直立最低 0.998  本机 22 秒
 2058  走满窗口      0.320 米 /  10.0 秒  0.032 米/秒  直立最低 0.991  本机 23 秒
 2059  走满窗口      1.330 米 /  10.0 秒  0.133 米/秒  直立最低 0.998  本机 22 秒
 2060  走满窗口      1.333 米 /  10.0 秒  0.133 米/秒  直立最低 0.998  本机 22 秒
 2061  走满窗口      1.380 米 /  10.0 秒  0.138 米/秒  直立最低 0.998  本机 22 秒
 2062  走满窗口      0.970 米 /  10.0 秒  0.097 米/秒  直立最低 0.994  本机 23 秒
 2063  走满窗口      1.335 米 /  10.0 秒  0.134 米/秒  直立最低 0.998  本机 23 秒
 2064  走满窗口      1.365 米 /  10.0 秒  0.136 米/秒  直立最低 0.998  本机 22 秒
 2065  走满窗口      0.891 米 /  10.0 秒  0.089 米/秒  直立最低 0.994  本机 22 秒
 2066  走满窗口      1.353 米 /  10.0 秒  0.135 米/秒  直立最低 0.998  本机 23 秒
 2067  走满窗口      1.351 米 /  10.0 秒  0.135 米/秒  直立最低 0.998  本机 23 秒
 2068  走满窗口      1.372 米 /  10.0 秒  0.137 米/秒  直立最低 0.996  本机 23 秒
 2069  走满窗口      1.236 米 /  10.0 秒  0.124 米/秒  直立最低 0.996  本机 23 秒
 2070  走满窗口      1.276 米 /  10.0 秒  0.128 米/秒  直立最低 0.995  本机 23 秒
 2071  走满窗口      1.103 米 /  10.0 秒  0.110 米/秒  直立最低 0.998  本机 22 秒
 2072  走满窗口      1.008 米 /  10.0 秒  0.101 米/秒  直立最低 0.991  本机 22 秒
 2073  走满窗口      1.249 米 /  10.0 秒  0.125 米/秒  直立最低 0.995  本机 22 秒
 2074  走满窗口      1.215 米 /  10.0 秒  0.121 米/秒  直立最低 0.995  本机 22 秒
 2075  走满窗口      1.273 米 /  10.0 秒  0.127 米/秒  直立最低 0.994  本机 23 秒
 2076  走满窗口      0.981 米 /  10.0 秒  0.098 米/秒  直立最低 0.995  本机 22 秒
 2077  走满窗口      1.406 米 /  10.0 秒  0.141 米/秒  直立最低 0.998  本机 23 秒
 2078  走满窗口      1.330 米 /  10.0 秒  0.133 米/秒  直立最低 0.998  本机 23 秒
 2079  走满窗口      1.407 米 /  10.0 秒  0.141 米/秒  直立最低 0.996  本机 22 秒
 2080  走满窗口      1.278 米 /  10.0 秒  0.128 米/秒  直立最低 0.996  本机 22 秒
 2081  走满窗口      1.663 米 /  10.0 秒  0.166 米/秒  直立最低 0.997  本机 22 秒
 2082  走满窗口      1.326 米 /  10.0 秒  0.133 米/秒  直立最低 0.998  本机 23 秒
 2083  走满窗口      1.380 米 /  10.0 秒  0.138 米/秒  直立最低 0.998  本机 23 秒
 2084  走满窗口      1.237 米 /  10.0 秒  0.124 米/秒  直立最低 0.995  本机 23 秒
 2085  走满窗口      1.179 米 /  10.0 秒  0.118 米/秒  直立最低 0.996  本机 23 秒
 2086  走满窗口      0.484 米 /  10.0 秒  0.048 米/秒  直立最低 0.992  本机 22 秒
 2087  走满窗口      1.302 米 /  10.0 秒  0.130 米/秒  直立最低 0.998  本机 23 秒
 2088  走满窗口      1.352 米 /  10.0 秒  0.135 米/秒  直立最低 0.998  本机 23 秒
 2089  走满窗口      1.331 米 /  10.0 秒  0.133 米/秒  直立最低 0.993  本机 22 秒
 2090  走满窗口      1.284 米 /  10.0 秒  0.128 米/秒  直立最低 0.994  本机 22 秒
 2091  走满窗口      0.944 米 /  10.0 秒  0.094 米/秒  直立最低 0.998  本机 22 秒
 2092  走满窗口      1.368 米 /  10.0 秒  0.137 米/秒  直立最低 0.998  本机 22 秒
 2093  走满窗口      1.162 米 /  10.0 秒  0.116 米/秒  直立最低 0.998  本机 22 秒
 2094  走满窗口      1.310 米 /  10.0 秒  0.131 米/秒  直立最低 0.998  本机 23 秒
 2095  走满窗口      0.922 米 /  10.0 秒  0.092 米/秒  直立最低 0.994  本机 22 秒
 2096  倒过        2.637 米 /  10.0 秒  0.264 米/秒  直立最低 -1.000  本机 23 秒
 2097  走满窗口      1.345 米 /  10.0 秒  0.134 米/秒  直立最低 0.998  本机 22 秒
 2098  走满窗口      1.233 米 /  10.0 秒  0.123 米/秒  直立最低 0.996  本机 23 秒
 2099  走满窗口      1.302 米 /  10.0 秒  0.130 米/秒  直立最低 0.994  本机 22 秒
 2100  走满窗口      1.162 米 /  10.0 秒  0.116 米/秒  直立最低 0.998  本机 22 秒
 2101  走满窗口      1.251 米 /  10.0 秒  0.125 米/秒  直立最低 0.995  本机 23 秒
 2102  走满窗口      1.409 米 /  10.0 秒  0.141 米/秒  直立最低 0.998  本机 22 秒
 2103  走满窗口      1.337 米 /  10.0 秒  0.134 米/秒  直立最低 0.998  本机 22 秒
 2104  走满窗口      1.323 米 /  10.0 秒  0.132 米/秒  直立最低 0.998  本机 22 秒
 2105  走满窗口      1.185 米 /  10.0 秒  0.118 米/秒  直立最低 0.998  本机 23 秒
 2106  走满窗口      1.286 米 /  10.0 秒  0.129 米/秒  直立最低 0.996  本机 23 秒
 2107  走满窗口      1.246 米 /  10.0 秒  0.125 米/秒  直立最低 0.991  本机 23 秒
 2108  走满窗口      1.341 米 /  10.0 秒  0.134 米/秒  直立最低 0.998  本机 22 秒
 2109  走满窗口      1.274 米 /  10.0 秒  0.127 米/秒  直立最低 0.998  本机 22 秒
 2110  走满窗口      0.925 米 /  10.0 秒  0.092 米/秒  直立最低 0.995  本机 22 秒
 2111  走满窗口      1.329 米 /  10.0 秒  0.133 米/秒  直立最低 0.998  本机 22 秒
 2112  走满窗口      1.182 米 /  10.0 秒  0.118 米/秒  直立最低 0.996  本机 22 秒
 2113  走满窗口      1.259 米 /  10.0 秒  0.126 米/秒  直立最低 0.995  本机 23 秒
 2114  走满窗口      1.300 米 /  10.0 秒  0.130 米/秒  直立最低 0.997  本机 23 秒
 2115  走满窗口      1.325 米 /  10.0 秒  0.132 米/秒  直立最低 0.995  本机 22 秒
 2116  走满窗口      1.258 米 /  10.0 秒  0.126 米/秒  直立最低 0.995  本机 22 秒
 2117  走满窗口      1.361 米 /  10.0 秒  0.136 米/秒  直立最低 0.998  本机 23 秒
 2118  走满窗口      1.263 米 /  10.0 秒  0.126 米/秒  直立最低 0.995  本机 23 秒
 2119  走满窗口      1.338 米 /  10.0 秒  0.134 米/秒  直立最低 0.993  本机 23 秒
 2120  走满窗口      1.401 米 /  10.0 秒  0.140 米/秒  直立最低 0.998  本机 23 秒
 2121  走满窗口      1.322 米 /  10.0 秒  0.132 米/秒  直立最低 0.998  本机 23 秒
 2122  走满窗口      1.264 米 /  10.0 秒  0.126 米/秒  直立最低 0.994  本机 23 秒
 2123  走满窗口      0.582 米 /  10.0 秒  0.058 米/秒  直立最低 0.997  本机 23 秒
 2124  走满窗口      1.293 米 /  10.0 秒  0.129 米/秒  直立最低 0.994  本机 23 秒
 2125  走满窗口      1.332 米 /  10.0 秒  0.133 米/秒  直立最低 0.998  本机 23 秒
 2126  走满窗口      1.286 米 /  10.0 秒  0.129 米/秒  直立最低 0.998  本机 23 秒
 2127  走满窗口      1.397 米 /  10.0 秒  0.140 米/秒  直立最低 0.998  本机 23 秒
 2128  走满窗口      1.290 米 /  10.0 秒  0.129 米/秒  直立最低 0.995  本机 22 秒
 2129  走满窗口      1.318 米 /  10.0 秒  0.132 米/秒  直立最低 0.998  本机 22 秒
 2130  走满窗口      1.348 米 /  10.0 秒  0.135 米/秒  直立最低 0.998  本机 23 秒
 2131  走满窗口      1.094 米 /  10.0 秒  0.109 米/秒  直立最低 0.995  本机 23 秒
 2132  走满窗口      1.503 米 /  10.0 秒  0.150 米/秒  直立最低 0.997  本机 23 秒
 2133  走满窗口      1.295 米 /  10.0 秒  0.129 米/秒  直立最低 0.997  本机 22 秒
 2134  走满窗口      1.247 米 /  10.0 秒  0.125 米/秒  直立最低 0.995  本机 23 秒
 2135  走满窗口      1.242 米 /  10.0 秒  0.124 米/秒  直立最低 0.996  本机 22 秒
 2136  走满窗口      0.915 米 /  10.0 秒  0.091 米/秒  直立最低 0.995  本机 23 秒
 2137  走满窗口      1.435 米 /  10.0 秒  0.144 米/秒  直立最低 0.998  本机 22 秒
 2138  走满窗口      1.245 米 /  10.0 秒  0.125 米/秒  直立最低 0.995  本机 23 秒
 2139  走满窗口      1.048 米 /  10.0 秒  0.105 米/秒  直立最低 0.998  本机 23 秒
 2140  走满窗口      1.074 米 /  10.0 秒  0.107 米/秒  直立最低 0.997  本机 22 秒
 2141  走满窗口      1.173 米 /  10.0 秒  0.117 米/秒  直立最低 0.995  本机 22 秒
 2142  走满窗口      1.004 米 /  10.0 秒  0.100 米/秒  直立最低 0.994  本机 23 秒
 2143  走满窗口      1.378 米 /  10.0 秒  0.138 米/秒  直立最低 0.998  本机 23 秒
 2144  走满窗口      0.888 米 /  10.0 秒  0.089 米/秒  直立最低 0.994  本机 23 秒
 2145  走满窗口      1.311 米 /  10.0 秒  0.131 米/秒  直立最低 0.998  本机 22 秒
 2146  走满窗口      1.259 米 /  10.0 秒  0.126 米/秒  直立最低 0.997  本机 23 秒
 2147  走满窗口      1.242 米 /  10.0 秒  0.124 米/秒  直立最低 0.998  本机 23 秒
 2148  走满窗口      1.230 米 /  10.0 秒  0.123 米/秒  直立最低 0.997  本机 22 秒
 2149  走满窗口      1.044 米 /  10.0 秒  0.104 米/秒  直立最低 0.998  本机 22 秒
 2150  走满窗口      1.315 米 /  10.0 秒  0.132 米/秒  直立最低 0.998  本机 22 秒
 2151  走满窗口      1.113 米 /  10.0 秒  0.111 米/秒  直立最低 0.998  本机 22 秒
 2152  走满窗口      1.332 米 /  10.0 秒  0.133 米/秒  直立最低 0.998  本机 22 秒
 2153  走满窗口      1.292 米 /  10.0 秒  0.129 米/秒  直立最低 0.997  本机 23 秒
 2154  走满窗口      1.298 米 /  10.0 秒  0.130 米/秒  直立最低 0.994  本机 23 秒
 2155  走满窗口      1.345 米 /  10.0 秒  0.135 米/秒  直立最低 0.998  本机 23 秒
 2156  走满窗口      1.285 米 /  10.0 秒  0.128 米/秒  直立最低 0.994  本机 23 秒
 2157  走满窗口      1.258 米 /  10.0 秒  0.126 米/秒  直立最低 0.994  本机 22 秒
 2158  走满窗口      0.790 米 /  10.0 秒  0.079 米/秒  直立最低 0.993  本机 23 秒
 2159  走满窗口      1.022 米 /  10.0 秒  0.102 米/秒  直立最低 0.998  本机 22 秒
 2160  走满窗口      1.103 米 /  10.0 秒  0.110 米/秒  直立最低 0.998  本机 22 秒
 2161  走满窗口      1.555 米 /  10.0 秒  0.156 米/秒  直立最低 0.997  本机 22 秒
 2162  走满窗口      1.259 米 /  10.0 秒  0.126 米/秒  直立最低 0.996  本机 23 秒
 2163  走满窗口      1.275 米 /  10.0 秒  0.128 米/秒  直立最低 0.995  本机 23 秒
 2164  走满窗口      1.282 米 /  10.0 秒  0.128 米/秒  直立最低 0.998  本机 23 秒
 2165  走满窗口      1.298 米 /  10.0 秒  0.130 米/秒  直立最低 0.994  本机 22 秒
 2166  走满窗口      1.345 米 /  10.0 秒  0.134 米/秒  直立最低 0.998  本机 23 秒
 2167  走满窗口      1.280 米 /  10.0 秒  0.128 米/秒  直立最低 0.998  本机 23 秒
 2168  走满窗口      1.236 米 /  10.0 秒  0.124 米/秒  直立最低 0.995  本机 22 秒
 2169  走满窗口      1.250 米 /  10.0 秒  0.125 米/秒  直立最低 0.995  本机 23 秒
 2170  走满窗口      1.279 米 /  10.0 秒  0.128 米/秒  直立最低 0.998  本机 22 秒
 2171  走满窗口      1.264 米 /  10.0 秒  0.126 米/秒  直立最低 0.995  本机 23 秒
 2172  走满窗口      1.263 米 /  10.0 秒  0.126 米/秒  直立最低 0.997  本机 23 秒
 2173  走满窗口      1.361 米 /  10.0 秒  0.136 米/秒  直立最低 0.998  本机 22 秒
 2174  走满窗口      1.233 米 /  10.0 秒  0.123 米/秒  直立最低 0.995  本机 22 秒
 2175  走满窗口      1.263 米 /  10.0 秒  0.126 米/秒  直立最低 0.995  本机 23 秒
 2176  走满窗口      1.100 米 /  10.0 秒  0.110 米/秒  直立最低 0.998  本机 22 秒
 2177  走满窗口      1.404 米 /  10.0 秒  0.140 米/秒  直立最低 0.998  本机 23 秒
 2178  走满窗口      1.396 米 /  10.0 秒  0.140 米/秒  直立最低 0.998  本机 22 秒
 2179  走满窗口      1.324 米 /  10.0 秒  0.132 米/秒  直立最低 0.998  本机 22 秒
 2180  走满窗口      1.303 米 /  10.0 秒  0.130 米/秒  直立最低 0.995  本机 23 秒
 2181  走满窗口      1.328 米 /  10.0 秒  0.133 米/秒  直立最低 0.998  本机 22 秒
 2182  走满窗口      1.192 米 /  10.0 秒  0.119 米/秒  直立最低 0.994  本机 22 秒
 2183  走满窗口      1.639 米 /  10.0 秒  0.164 米/秒  直立最低 0.997  本机 22 秒
 2184  走满窗口      1.276 米 /  10.0 秒  0.128 米/秒  直立最低 0.997  本机 22 秒
 2185  走满窗口      1.222 米 /  10.0 秒  0.122 米/秒  直立最低 0.994  本机 23 秒
 2186  走满窗口      0.783 米 /  10.0 秒  0.078 米/秒  直立最低 0.997  本机 23 秒
 2187  走满窗口      1.342 米 /  10.0 秒  0.134 米/秒  直立最低 0.997  本机 23 秒
 2188  走满窗口      1.330 米 /  10.0 秒  0.133 米/秒  直立最低 0.998  本机 23 秒
 2189  走满窗口      1.250 米 /  10.0 秒  0.125 米/秒  直立最低 0.994  本机 22 秒
 2190  走满窗口      1.267 米 /  10.0 秒  0.127 米/秒  直立最低 0.994  本机 22 秒
 2191  走满窗口      0.580 米 /  10.0 秒  0.058 米/秒  直立最低 0.995  本机 22 秒
 2192  走满窗口      1.351 米 /  10.0 秒  0.135 米/秒  直立最低 0.998  本机 23 秒
 2193  走满窗口      0.513 米 /  10.0 秒  0.051 米/秒  直立最低 0.995  本机 22 秒
 2194  走满窗口      1.280 米 /  10.0 秒  0.128 米/秒  直立最低 0.997  本机 22 秒
 2195  走满窗口      1.320 米 /  10.0 秒  0.132 米/秒  直立最低 0.998  本机 23 秒
 2196  走满窗口      1.096 米 /  10.0 秒  0.110 米/秒  直立最低 0.998  本机 22 秒
 2197  走满窗口      1.240 米 /  10.0 秒  0.124 米/秒  直立最低 0.995  本机 22 秒
 2198  走满窗口      1.326 米 /  10.0 秒  0.133 米/秒  直立最低 0.998  本机 23 秒
 2199  走满窗口      1.308 米 /  10.0 秒  0.131 米/秒  直立最低 0.998  本机 22 秒
 2200  走满窗口      1.344 米 /  10.0 秒  0.134 米/秒  直立最低 0.998  本机 22 秒
 2201  走满窗口      1.088 米 /  10.0 秒  0.109 米/秒  直立最低 0.998  本机 22 秒
 2202  走满窗口      1.336 米 /  10.0 秒  0.134 米/秒  直立最低 0.998  本机 23 秒
 2203  走满窗口      1.308 米 /  10.0 秒  0.131 米/秒  直立最低 0.998  本机 22 秒
 2204  走满窗口      1.303 米 /  10.0 秒  0.130 米/秒  直立最低 0.998  本机 22 秒
 2205  走满窗口      1.365 米 /  10.0 秒  0.137 米/秒  直立最低 0.998  本机 23 秒
 2206  走满窗口      1.279 米 /  10.0 秒  0.128 米/秒  直立最低 0.998  本机 22 秒
 2207  走满窗口      1.174 米 /  10.0 秒  0.117 米/秒  直立最低 0.998  本机 22 秒
 2208  走满窗口      1.396 米 /  10.0 秒  0.140 米/秒  直立最低 0.998  本机 23 秒
 2209  走满窗口      0.616 米 /  10.0 秒  0.062 米/秒  直立最低 0.991  本机 23 秒
 2210  走满窗口      1.262 米 /  10.0 秒  0.126 米/秒  直立最低 0.994  本机 23 秒
 2211  走满窗口      1.185 米 /  10.0 秒  0.119 米/秒  直立最低 0.998  本机 22 秒
 2212  走满窗口      1.409 米 /  10.0 秒  0.141 米/秒  直立最低 0.995  本机 23 秒
 2213  走满窗口      0.706 米 /  10.0 秒  0.071 米/秒  直立最低 0.993  本机 23 秒
 2214  走满窗口      0.892 米 /  10.0 秒  0.089 米/秒  直立最低 0.994  本机 23 秒
 2215  走满窗口      1.371 米 /  10.0 秒  0.137 米/秒  直立最低 0.998  本机 22 秒
 2216  走满窗口      1.456 米 /  10.0 秒  0.146 米/秒  直立最低 0.998  本机 22 秒
 2217  走满窗口      1.115 米 /  10.0 秒  0.111 米/秒  直立最低 0.998  本机 23 秒
 2218  走满窗口      1.176 米 /  10.0 秒  0.118 米/秒  直立最低 0.998  本机 22 秒
 2219  走满窗口      1.248 米 /  10.0 秒  0.125 米/秒  直立最低 0.995  本机 22 秒
 2220  走满窗口      1.353 米 /  10.0 秒  0.135 米/秒  直立最低 0.998  本机 22 秒
 2221  走满窗口      1.362 米 /  10.0 秒  0.136 米/秒  直立最低 0.998  本机 22 秒
 2222  走满窗口      1.337 米 /  10.0 秒  0.134 米/秒  直立最低 0.994  本机 22 秒
 2223  走满窗口      1.248 米 /  10.0 秒  0.125 米/秒  直立最低 0.995  本机 23 秒
 2224  走满窗口      1.221 米 /  10.0 秒  0.122 米/秒  直立最低 0.998  本机 23 秒
 2225  走满窗口      1.006 米 /  10.0 秒  0.101 米/秒  直立最低 0.998  本机 22 秒
 2226  走满窗口      1.249 米 /  10.0 秒  0.125 米/秒  直立最低 0.995  本机 23 秒
 2227  走满窗口      1.242 米 /  10.0 秒  0.124 米/秒  直立最低 0.995  本机 23 秒
 2228  走满窗口      1.058 米 /  10.0 秒  0.106 米/秒  直立最低 0.996  本机 23 秒
 2229  走满窗口      1.274 米 /  10.0 秒  0.127 米/秒  直立最低 0.997  本机 23 秒
 2230  走满窗口      1.390 米 /  10.0 秒  0.139 米/秒  直立最低 0.997  本机 22 秒
 2231  走满窗口      1.133 米 /  10.0 秒  0.113 米/秒  直立最低 0.992  本机 22 秒
 2232  走满窗口      1.355 米 /  10.0 秒  0.136 米/秒  直立最低 0.998  本机 23 秒
 2233  倒过        1.741 米 /  10.0 秒  0.174 米/秒  直立最低 -0.989  本机 23 秒
 2234  走满窗口      1.334 米 /  10.0 秒  0.133 米/秒  直立最低 0.998  本机 22 秒
 2235  走满窗口      1.309 米 /  10.0 秒  0.131 米/秒  直立最低 0.997  本机 23 秒
 2236  走满窗口      1.299 米 /  10.0 秒  0.130 米/秒  直立最低 0.998  本机 22 秒
 2237  走满窗口      1.403 米 /  10.0 秒  0.140 米/秒  直立最低 0.997  本机 22 秒
 2238  走满窗口      1.365 米 /  10.0 秒  0.136 米/秒  直立最低 0.998  本机 22 秒
 2239  走满窗口      1.390 米 /  10.0 秒  0.139 米/秒  直立最低 0.994  本机 22 秒
 2240  走满窗口      1.314 米 /  10.0 秒  0.131 米/秒  直立最低 0.997  本机 22 秒
 2241  走满窗口      1.328 米 /  10.0 秒  0.133 米/秒  直立最低 0.998  本机 22 秒
 2242  走满窗口      1.327 米 /  10.0 秒  0.133 米/秒  直立最低 0.998  本机 22 秒
 2243  走满窗口      1.176 米 /  10.0 秒  0.118 米/秒  直立最低 0.995  本机 23 秒
 2244  走满窗口      1.467 米 /  10.0 秒  0.147 米/秒  直立最低 0.998  本机 22 秒
 2245  走满窗口      1.352 米 /  10.0 秒  0.135 米/秒  直立最低 0.998  本机 22 秒
 2246  走满窗口      1.639 米 /  10.0 秒  0.164 米/秒  直立最低 0.997  本机 22 秒
 2247  走满窗口      1.296 米 /  10.0 秒  0.130 米/秒  直立最低 0.994  本机 22 秒
 2248  走满窗口      0.534 米 /  10.0 秒  0.053 米/秒  直立最低 0.993  本机 22 秒
 2249  走满窗口      1.244 米 /  10.0 秒  0.124 米/秒  直立最低 0.995  本机 22 秒
 2250  走满窗口      0.641 米 /  10.0 秒  0.064 米/秒  直立最低 0.992  本机 22 秒
 2251  走满窗口      1.315 米 /  10.0 秒  0.132 米/秒  直立最低 0.998  本机 23 秒
 2252  走满窗口      1.293 米 /  10.0 秒  0.129 米/秒  直立最低 0.998  本机 23 秒
 2253  走满窗口      1.326 米 /  10.0 秒  0.133 米/秒  直立最低 0.998  本机 23 秒
 2254  走满窗口      1.274 米 /  10.0 秒  0.127 米/秒  直立最低 0.995  本机 23 秒
 2255  走满窗口      1.259 米 /  10.0 秒  0.126 米/秒  直立最低 0.994  本机 23 秒
 2256  走满窗口      1.092 米 /  10.0 秒  0.109 米/秒  直立最低 0.997  本机 23 秒
 2257  走满窗口      1.300 米 /  10.0 秒  0.130 米/秒  直立最低 0.992  本机 22 秒
 2258  走满窗口      1.334 米 /  10.0 秒  0.133 米/秒  直立最低 0.994  本机 23 秒
 2259  走满窗口      0.875 米 /  10.0 秒  0.087 米/秒  直立最低 0.994  本机 22 秒
 2260  走满窗口      1.288 米 /  10.0 秒  0.129 米/秒  直立最低 0.995  本机 22 秒
 2261  走满窗口      1.284 米 /  10.0 秒  0.128 米/秒  直立最低 0.998  本机 23 秒
 2262  走满窗口      1.239 米 /  10.0 秒  0.124 米/秒  直立最低 0.994  本机 23 秒
 2263  走满窗口      1.013 米 /  10.0 秒  0.101 米/秒  直立最低 0.998  本机 23 秒
 2264  走满窗口      1.378 米 /  10.0 秒  0.138 米/秒  直立最低 0.998  本机 22 秒
 2265  走满窗口      1.333 米 /  10.0 秒  0.133 米/秒  直立最低 0.998  本机 22 秒
 2266  走满窗口      1.003 米 /  10.0 秒  0.100 米/秒  直立最低 0.998  本机 22 秒
 2267  走满窗口      1.252 米 /  10.0 秒  0.125 米/秒  直立最低 0.995  本机 22 秒
 2268  走满窗口      0.748 米 /  10.0 秒  0.075 米/秒  直立最低 0.994  本机 23 秒
 2269  走满窗口      1.390 米 /  10.0 秒  0.139 米/秒  直立最低 0.998  本机 22 秒
 2270  走满窗口      1.089 米 /  10.0 秒  0.109 米/秒  直立最低 0.998  本机 22 秒
 2271  走满窗口      1.069 米 /  10.0 秒  0.107 米/秒  直立最低 0.994  本机 23 秒
 2272  走满窗口      1.319 米 /  10.0 秒  0.132 米/秒  直立最低 0.995  本机 23 秒
 2273  走满窗口      1.351 米 /  10.0 秒  0.135 米/秒  直立最低 0.998  本机 22 秒
 2274  走满窗口      1.114 米 /  10.0 秒  0.111 米/秒  直立最低 0.995  本机 22 秒
 2275  走满窗口      1.355 米 /  10.0 秒  0.136 米/秒  直立最低 0.998  本机 22 秒
 2276  走满窗口      1.017 米 /  10.0 秒  0.102 米/秒  直立最低 0.994  本机 23 秒
 2277  走满窗口      1.182 米 /  10.0 秒  0.118 米/秒  直立最低 0.996  本机 22 秒
 2278  走满窗口      1.325 米 /  10.0 秒  0.132 米/秒  直立最低 0.998  本机 23 秒
 2279  走满窗口      1.389 米 /  10.0 秒  0.139 米/秒  直立最低 0.998  本机 23 秒
 2280  走满窗口      1.232 米 /  10.0 秒  0.123 米/秒  直立最低 0.994  本机 22 秒
 2281  没建出来：ValueError: structural lower bounds exceed an incoming budget
 2282  走满窗口      1.067 米 /  10.0 秒  0.107 米/秒  直立最低 0.998  本机 22 秒
 2283  走满窗口      1.267 米 /  10.0 秒  0.127 米/秒  直立最低 0.998  本机 22 秒
 2284  走满窗口      1.110 米 /  10.0 秒  0.111 米/秒  直立最低 0.998  本机 22 秒
 2285  倒过        1.979 米 /  10.0 秒  0.198 米/秒  直立最低 -0.994  本机 22 秒
 2286  走满窗口      0.896 米 /  10.0 秒  0.090 米/秒  直立最低 0.994  本机 22 秒
 2287  走满窗口      0.729 米 /  10.0 秒  0.073 米/秒  直立最低 0.994  本机 23 秒
 2288  走满窗口      1.362 米 /  10.0 秒  0.136 米/秒  直立最低 0.998  本机 22 秒
 2289  走满窗口      1.027 米 /  10.0 秒  0.103 米/秒  直立最低 0.998  本机 22 秒
 2290  走满窗口      1.261 米 /  10.0 秒  0.126 米/秒  直立最低 0.996  本机 22 秒
 2291  走满窗口      1.442 米 /  10.0 秒  0.144 米/秒  直立最低 0.998  本机 22 秒
 2292  走满窗口      1.373 米 /  10.0 秒  0.137 米/秒  直立最低 0.998  本机 23 秒
 2293  走满窗口      1.255 米 /  10.0 秒  0.125 米/秒  直立最低 0.995  本机 22 秒
 2294  走满窗口      1.270 米 /  10.0 秒  0.127 米/秒  直立最低 0.994  本机 23 秒
 2295  走满窗口      1.248 米 /  10.0 秒  0.125 米/秒  直立最低 0.995  本机 22 秒
 2296  走满窗口      0.969 米 /  10.0 秒  0.097 米/秒  直立最低 0.993  本机 22 秒
 2297  走满窗口      1.398 米 /  10.0 秒  0.140 米/秒  直立最低 0.998  本机 22 秒
 2298  走满窗口      1.002 米 /  10.0 秒  0.100 米/秒  直立最低 0.997  本机 23 秒
 2299  走满窗口      1.044 米 /  10.0 秒  0.104 米/秒  直立最低 0.998  本机 22 秒
 2300  走满窗口      1.267 米 /  10.0 秒  0.127 米/秒  直立最低 0.998  本机 22 秒
 2301  走满窗口      1.289 米 /  10.0 秒  0.129 米/秒  直立最低 0.998  本机 22 秒
 2302  走满窗口      1.301 米 /  10.0 秒  0.130 米/秒  直立最低 0.998  本机 23 秒
 2303  走满窗口      1.374 米 /  10.0 秒  0.137 米/秒  直立最低 0.998  本机 22 秒
 2304  走满窗口      1.301 米 /  10.0 秒  0.130 米/秒  直立最低 0.994  本机 22 秒
 2305  走满窗口      1.324 米 /  10.0 秒  0.132 米/秒  直立最低 0.998  本机 23 秒
 2306  走满窗口      1.397 米 /  10.0 秒  0.140 米/秒  直立最低 0.998  本机 22 秒
 2307  走满窗口      1.193 米 /  10.0 秒  0.119 米/秒  直立最低 0.995  本机 22 秒
 2308  走满窗口      1.040 米 /  10.0 秒  0.104 米/秒  直立最低 0.998  本机 22 秒
 2309  走满窗口      1.260 米 /  10.0 秒  0.126 米/秒  直立最低 0.994  本机 23 秒
 2310  走满窗口      1.242 米 /  10.0 秒  0.124 米/秒  直立最低 0.994  本机 22 秒
 2311  走满窗口      0.975 米 /  10.0 秒  0.097 米/秒  直立最低 0.997  本机 22 秒
 2312  走满窗口      1.000 米 /  10.0 秒  0.100 米/秒  直立最低 0.998  本机 23 秒
 2313  走满窗口      0.608 米 /  10.0 秒  0.061 米/秒  直立最低 0.991  本机 22 秒
 2314  走满窗口      1.245 米 /  10.0 秒  0.124 米/秒  直立最低 0.995  本机 23 秒
 2315  没建出来：ValueError: structural lower bounds exceed an incoming budget
 2316  走满窗口      1.311 米 /  10.0 秒  0.131 米/秒  直立最低 0.998  本机 22 秒
 2317  走满窗口      1.365 米 /  10.0 秒  0.136 米/秒  直立最低 0.998  本机 23 秒
 2318  走满窗口      1.267 米 /  10.0 秒  0.127 米/秒  直立最低 0.995  本机 22 秒
 2319  走满窗口      1.052 米 /  10.0 秒  0.105 米/秒  直立最低 0.994  本机 22 秒
 2320  走满窗口      1.249 米 /  10.0 秒  0.125 米/秒  直立最低 0.995  本机 22 秒
 2321  走满窗口      1.261 米 /  10.0 秒  0.126 米/秒  直立最低 0.995  本机 22 秒
 2322  走满窗口      1.339 米 /  10.0 秒  0.134 米/秒  直立最低 0.998  本机 22 秒
 2323  走满窗口      1.256 米 /  10.0 秒  0.126 米/秒  直立最低 0.994  本机 22 秒
 2324  走满窗口      0.539 米 /  10.0 秒  0.054 米/秒  直立最低 0.995  本机 22 秒
 2325  走满窗口      1.299 米 /  10.0 秒  0.130 米/秒  直立最低 0.997  本机 22 秒
 2326  走满窗口      1.342 米 /  10.0 秒  0.134 米/秒  直立最低 0.998  本机 23 秒
 2327  走满窗口      0.939 米 /  10.0 秒  0.094 米/秒  直立最低 0.997  本机 23 秒
 2328  走满窗口      1.239 米 /  10.0 秒  0.124 米/秒  直立最低 0.995  本机 23 秒
 2329  走满窗口      1.379 米 /  10.0 秒  0.138 米/秒  直立最低 0.998  本机 22 秒
 2330  走满窗口      1.399 米 /  10.0 秒  0.140 米/秒  直立最低 0.998  本机 22 秒
 2331  走满窗口      1.251 米 /  10.0 秒  0.125 米/秒  直立最低 0.994  本机 23 秒
 2332  走满窗口      1.383 米 /  10.0 秒  0.138 米/秒  直立最低 0.998  本机 23 秒
 2333  走满窗口      0.760 米 /  10.0 秒  0.076 米/秒  直立最低 1.000  本机 23 秒
 2334  走满窗口      1.298 米 /  10.0 秒  0.130 米/秒  直立最低 0.994  本机 23 秒
 2335  走满窗口      1.349 米 /  10.0 秒  0.135 米/秒  直立最低 0.996  本机 22 秒
 2336  走满窗口      0.995 米 /  10.0 秒  0.099 米/秒  直立最低 0.994  本机 22 秒
 2337  走满窗口      1.278 米 /  10.0 秒  0.128 米/秒  直立最低 0.994  本机 22 秒
 2338  走满窗口      1.352 米 /  10.0 秒  0.135 米/秒  直立最低 0.992  本机 22 秒
 2339  走满窗口      1.349 米 /  10.0 秒  0.135 米/秒  直立最低 0.998  本机 22 秒
 2340  走满窗口      1.346 米 /  10.0 秒  0.135 米/秒  直立最低 0.998  本机 22 秒
 2341  走满窗口      1.067 米 /  10.0 秒  0.107 米/秒  直立最低 0.992  本机 22 秒
 2342  走满窗口      1.458 米 /  10.0 秒  0.146 米/秒  直立最低 0.998  本机 22 秒
 2343  走满窗口      1.049 米 /  10.0 秒  0.105 米/秒  直立最低 0.998  本机 22 秒
 2344  走满窗口      1.089 米 /  10.0 秒  0.109 米/秒  直立最低 0.998  本机 23 秒
 2345  走满窗口      1.090 米 /  10.0 秒  0.109 米/秒  直立最低 0.997  本机 22 秒
 2346  走满窗口      0.709 米 /  10.0 秒  0.071 米/秒  直立最低 0.995  本机 23 秒
 2347  走满窗口      1.249 米 /  10.0 秒  0.125 米/秒  直立最低 0.995  本机 22 秒
 2348  走满窗口      1.199 米 /  10.0 秒  0.120 米/秒  直立最低 0.998  本机 22 秒
 2349  走满窗口      1.259 米 /  10.0 秒  0.126 米/秒  直立最低 0.994  本机 23 秒
 2350  走满窗口      0.937 米 /  10.0 秒  0.094 米/秒  直立最低 0.995  本机 22 秒
 2351  走满窗口      1.018 米 /  10.0 秒  0.102 米/秒  直立最低 0.998  本机 22 秒
 2352  走满窗口      1.316 米 /  10.0 秒  0.132 米/秒  直立最低 0.998  本机 22 秒
 2353  走满窗口      1.254 米 /  10.0 秒  0.125 米/秒  直立最低 0.995  本机 23 秒
 2354  走满窗口      0.409 米 /  10.0 秒  0.041 米/秒  直立最低 0.992  本机 22 秒
 2355  走满窗口      1.279 米 /  10.0 秒  0.128 米/秒  直立最低 0.996  本机 22 秒
 2356  走满窗口      1.328 米 /  10.0 秒  0.133 米/秒  直立最低 0.998  本机 22 秒
 2357  走满窗口      1.332 米 /  10.0 秒  0.133 米/秒  直立最低 0.998  本机 22 秒
 2358  走满窗口      1.084 米 /  10.0 秒  0.108 米/秒  直立最低 0.998  本机 22 秒
 2359  走满窗口      1.286 米 /  10.0 秒  0.129 米/秒  直立最低 0.996  本机 23 秒
 2360  走满窗口      1.330 米 /  10.0 秒  0.133 米/秒  直立最低 0.993  本机 22 秒
 2361  走满窗口      1.318 米 /  10.0 秒  0.132 米/秒  直立最低 0.996  本机 22 秒
 2362  走满窗口      0.968 米 /  10.0 秒  0.097 米/秒  直立最低 0.995  本机 23 秒
 2363  走满窗口      0.572 米 /  10.0 秒  0.057 米/秒  直立最低 0.991  本机 23 秒
 2364  走满窗口      1.554 米 /  10.0 秒  0.155 米/秒  直立最低 0.997  本机 22 秒
 2365  走满窗口      1.335 米 /  10.0 秒  0.133 米/秒  直立最低 0.998  本机 23 秒
 2366  走满窗口      1.348 米 /  10.0 秒  0.135 米/秒  直立最低 0.998  本机 22 秒
 2367  走满窗口      1.088 米 /  10.0 秒  0.109 米/秒  直立最低 0.998  本机 22 秒
 2368  走满窗口      1.276 米 /  10.0 秒  0.128 米/秒  直立最低 0.998  本机 22 秒
 2369  走满窗口      0.995 米 /  10.0 秒  0.100 米/秒  直立最低 0.998  本机 22 秒
 2370  走满窗口      1.242 米 /  10.0 秒  0.124 米/秒  直立最低 0.995  本机 22 秒
 2371  走满窗口      0.948 米 /  10.0 秒  0.095 米/秒  直立最低 0.997  本机 23 秒
 2372  走满窗口      1.059 米 /  10.0 秒  0.106 米/秒  直立最低 0.998  本机 22 秒
 2373  走满窗口      1.208 米 /  10.0 秒  0.121 米/秒  直立最低 0.998  本机 22 秒
 2374  走满窗口      1.347 米 /  10.0 秒  0.135 米/秒  直立最低 0.998  本机 23 秒
 2375  走满窗口      1.277 米 /  10.0 秒  0.128 米/秒  直立最低 0.997  本机 23 秒
 2376  走满窗口      1.404 米 /  10.0 秒  0.140 米/秒  直立最低 0.998  本机 22 秒
 2377  走满窗口      1.149 米 /  10.0 秒  0.115 米/秒  直立最低 0.998  本机 22 秒
 2378  走满窗口      1.348 米 /  10.0 秒  0.135 米/秒  直立最低 0.998  本机 22 秒
 2379  走满窗口      1.350 米 /  10.0 秒  0.135 米/秒  直立最低 0.998  本机 22 秒
 2380  走满窗口      1.311 米 /  10.0 秒  0.131 米/秒  直立最低 0.998  本机 23 秒
 2381  走满窗口      1.309 米 /  10.0 秒  0.131 米/秒  直立最低 0.998  本机 23 秒
 2382  倒过        2.594 米 /  10.0 秒  0.259 米/秒  直立最低 -0.998  本机 22 秒
 2383  走满窗口      1.250 米 /  10.0 秒  0.125 米/秒  直立最低 0.995  本机 22 秒
 2384  走满窗口      1.365 米 /  10.0 秒  0.136 米/秒  直立最低 0.998  本机 23 秒
 2385  走满窗口      1.429 米 /  10.0 秒  0.143 米/秒  直立最低 0.998  本机 22 秒
 2386  走满窗口      1.234 米 /  10.0 秒  0.123 米/秒  直立最低 0.995  本机 23 秒
 2387  走满窗口      1.237 米 /  10.0 秒  0.124 米/秒  直立最低 0.991  本机 23 秒
 2388  走满窗口      1.249 米 /  10.0 秒  0.125 米/秒  直立最低 0.995  本机 22 秒
 2389  走满窗口      1.253 米 /  10.0 秒  0.125 米/秒  直立最低 0.995  本机 22 秒
 2390  走满窗口      1.043 米 /  10.0 秒  0.104 米/秒  直立最低 0.998  本机 23 秒
 2391  走满窗口      1.265 米 /  10.0 秒  0.127 米/秒  直立最低 0.996  本机 22 秒
 2392  走满窗口      0.984 米 /  10.0 秒  0.098 米/秒  直立最低 0.997  本机 23 秒
 2393  走满窗口      1.279 米 /  10.0 秒  0.128 米/秒  直立最低 0.994  本机 22 秒
 2394  走满窗口      1.345 米 /  10.0 秒  0.134 米/秒  直立最低 0.994  本机 22 秒
 2395  走满窗口      1.297 米 /  10.0 秒  0.130 米/秒  直立最低 0.997  本机 22 秒
 2396  走满窗口      1.357 米 /  10.0 秒  0.136 米/秒  直立最低 0.998  本机 22 秒
 2397  走满窗口      1.373 米 /  10.0 秒  0.137 米/秒  直立最低 0.998  本机 23 秒
 2398  走满窗口      0.665 米 /  10.0 秒  0.066 米/秒  直立最低 0.992  本机 23 秒
 2399  走满窗口      1.197 米 /  10.0 秒  0.120 米/秒  直立最低 0.998  本机 22 秒
 2400  走满窗口      1.348 米 /  10.0 秒  0.135 米/秒  直立最低 0.997  本机 22 秒
 2401  走满窗口      1.040 米 /  10.0 秒  0.104 米/秒  直立最低 0.998  本机 22 秒
 2402  走满窗口      1.307 米 /  10.0 秒  0.131 米/秒  直立最低 0.998  本机 22 秒
 2403  走满窗口      1.331 米 /  10.0 秒  0.133 米/秒  直立最低 0.998  本机 23 秒
 2404  走满窗口      1.307 米 /  10.0 秒  0.131 米/秒  直立最低 0.998  本机 23 秒
 2405  走满窗口      1.342 米 /  10.0 秒  0.134 米/秒  直立最低 0.998  本机 22 秒
 2406  走满窗口      1.006 米 /  10.0 秒  0.101 米/秒  直立最低 0.995  本机 23 秒
 2407  走满窗口      0.568 米 /  10.0 秒  0.057 米/秒  直立最低 0.992  本机 23 秒
 2408  走满窗口      0.942 米 /  10.0 秒  0.094 米/秒  直立最低 0.994  本机 23 秒
 2409  走满窗口      1.326 米 /  10.0 秒  0.133 米/秒  直立最低 0.998  本机 22 秒
 2410  走满窗口      1.356 米 /  10.0 秒  0.136 米/秒  直立最低 0.998  本机 22 秒
 2411  走满窗口      1.265 米 /  10.0 秒  0.126 米/秒  直立最低 0.994  本机 22 秒
 2412  走满窗口      1.299 米 /  10.0 秒  0.130 米/秒  直立最低 0.998  本机 23 秒
 2413  走满窗口      1.314 米 /  10.0 秒  0.131 米/秒  直立最低 0.998  本机 23 秒
 2414  走满窗口      1.333 米 /  10.0 秒  0.133 米/秒  直立最低 0.998  本机 22 秒
 2415  走满窗口      0.643 米 /  10.0 秒  0.064 米/秒  直立最低 0.994  本机 22 秒
 2416  走满窗口      0.943 米 /  10.0 秒  0.094 米/秒  直立最低 0.995  本机 22 秒
 2417  走满窗口      1.324 米 /  10.0 秒  0.132 米/秒  直立最低 0.998  本机 22 秒
 2418  走满窗口      1.375 米 /  10.0 秒  0.137 米/秒  直立最低 0.998  本机 22 秒
 2419  走满窗口      0.509 米 /  10.0 秒  0.051 米/秒  直立最低 0.992  本机 22 秒
 2420  走满窗口      1.311 米 /  10.0 秒  0.131 米/秒  直立最低 0.996  本机 23 秒
 2421  走满窗口      1.644 米 /  10.0 秒  0.164 米/秒  直立最低 0.997  本机 23 秒
 2422  走满窗口      1.006 米 /  10.0 秒  0.101 米/秒  直立最低 0.998  本机 22 秒
 2423  走满窗口      1.295 米 /  10.0 秒  0.129 米/秒  直立最低 0.998  本机 23 秒
 2424  走满窗口      1.295 米 /  10.0 秒  0.129 米/秒  直立最低 0.997  本机 22 秒
 2425  走满窗口      1.400 米 /  10.0 秒  0.140 米/秒  直立最低 0.998  本机 23 秒
 2426  走满窗口      0.840 米 /  10.0 秒  0.084 米/秒  直立最低 0.994  本机 22 秒
 2427  走满窗口      1.154 米 /  10.0 秒  0.115 米/秒  直立最低 0.991  本机 22 秒
 2428  走满窗口      1.332 米 /  10.0 秒  0.133 米/秒  直立最低 0.998  本机 22 秒
 2429  走满窗口      1.092 米 /  10.0 秒  0.109 米/秒  直立最低 0.998  本机 22 秒
 2430  走满窗口      1.274 米 /  10.0 秒  0.127 米/秒  直立最低 0.994  本机 22 秒
 2431  走满窗口      1.367 米 /  10.0 秒  0.137 米/秒  直立最低 0.998  本机 22 秒
 2432  走满窗口      1.359 米 /  10.0 秒  0.136 米/秒  直立最低 0.997  本机 23 秒
 2433  走满窗口      1.374 米 /  10.0 秒  0.137 米/秒  直立最低 0.998  本机 22 秒
 2434  走满窗口      1.341 米 /  10.0 秒  0.134 米/秒  直立最低 0.998  本机 23 秒
 2435  走满窗口      0.902 米 /  10.0 秒  0.090 米/秒  直立最低 0.994  本机 22 秒
 2436  走满窗口      1.318 米 /  10.0 秒  0.132 米/秒  直立最低 0.998  本机 22 秒
 2437  走满窗口      0.389 米 /  10.0 秒  0.039 米/秒  直立最低 0.991  本机 22 秒
 2438  走满窗口      1.252 米 /  10.0 秒  0.125 米/秒  直立最低 0.995  本机 22 秒
 2439  走满窗口      1.416 米 /  10.0 秒  0.142 米/秒  直立最低 0.998  本机 22 秒
 2440  走满窗口      1.242 米 /  10.0 秒  0.124 米/秒  直立最低 0.995  本机 23 秒
 2441  走满窗口      0.791 米 /  10.0 秒  0.079 米/秒  直立最低 0.994  本机 22 秒
 2442  走满窗口      1.287 米 /  10.0 秒  0.129 米/秒  直立最低 0.998  本机 22 秒
 2443  走满窗口      1.157 米 /  10.0 秒  0.116 米/秒  直立最低 0.996  本机 23 秒
 2444  走满窗口      1.080 米 /  10.0 秒  0.108 米/秒  直立最低 0.997  本机 23 秒
 2445  走满窗口      1.400 米 /  10.0 秒  0.140 米/秒  直立最低 0.998  本机 24 秒
 2446  走满窗口      1.280 米 /  10.0 秒  0.128 米/秒  直立最低 0.997  本机 24 秒
 2447  走满窗口      1.261 米 /  10.0 秒  0.126 米/秒  直立最低 0.995  本机 23 秒
 2448  走满窗口      1.139 米 /  10.0 秒  0.114 米/秒  直立最低 0.998  本机 24 秒
 2449  走满窗口      1.254 米 /  10.0 秒  0.125 米/秒  直立最低 0.993  本机 23 秒
 2450  走满窗口      1.285 米 /  10.0 秒  0.128 米/秒  直立最低 0.997  本机 23 秒
 2451  走满窗口      1.292 米 /  10.0 秒  0.129 米/秒  直立最低 0.994  本机 23 秒
 2452  走满窗口      1.259 米 /  10.0 秒  0.126 米/秒  直立最低 0.995  本机 23 秒
 2453  走满窗口      0.766 米 /  10.0 秒  0.077 米/秒  直立最低 0.995  本机 23 秒
 2454  走满窗口      1.248 米 /  10.0 秒  0.125 米/秒  直立最低 0.996  本机 22 秒
 2455  走满窗口      1.369 米 /  10.0 秒  0.137 米/秒  直立最低 0.998  本机 22 秒
 2456  走满窗口      1.339 米 /  10.0 秒  0.134 米/秒  直立最低 0.998  本机 22 秒
 2457  走满窗口      1.311 米 /  10.0 秒  0.131 米/秒  直立最低 0.998  本机 22 秒
 2458  走满窗口      1.335 米 /  10.0 秒  0.133 米/秒  直立最低 0.998  本机 22 秒
 2459  走满窗口      1.052 米 /  10.0 秒  0.105 米/秒  直立最低 0.995  本机 22 秒
 2460  走满窗口      1.349 米 /  10.0 秒  0.135 米/秒  直立最低 0.998  本机 22 秒
 2461  走满窗口      1.360 米 /  10.0 秒  0.136 米/秒  直立最低 0.998  本机 23 秒
 2462  走满窗口      1.303 米 /  10.0 秒  0.130 米/秒  直立最低 0.996  本机 22 秒
 2463  走满窗口      1.297 米 /  10.0 秒  0.130 米/秒  直立最低 0.998  本机 22 秒
 2464  走满窗口      1.377 米 /  10.0 秒  0.138 米/秒  直立最低 0.997  本机 22 秒
 2465  走满窗口      1.253 米 /  10.0 秒  0.125 米/秒  直立最低 0.995  本机 23 秒
 2466  走满窗口      0.925 米 /  10.0 秒  0.092 米/秒  直立最低 0.995  本机 23 秒
 2467  走满窗口      1.333 米 /  10.0 秒  0.133 米/秒  直立最低 0.998  本机 23 秒
 2468  走满窗口      1.339 米 /  10.0 秒  0.134 米/秒  直立最低 0.998  本机 23 秒
 2469  走满窗口      1.433 米 /  10.0 秒  0.143 米/秒  直立最低 0.998  本机 22 秒
 2470  走满窗口      1.257 米 /  10.0 秒  0.126 米/秒  直立最低 0.995  本机 22 秒
 2471  走满窗口      1.261 米 /  10.0 秒  0.126 米/秒  直立最低 0.995  本机 22 秒
 2472  走满窗口      1.427 米 /  10.0 秒  0.143 米/秒  直立最低 0.998  本机 23 秒
 2473  走满窗口      1.273 米 /  10.0 秒  0.127 米/秒  直立最低 0.994  本机 22 秒
 2474  走满窗口      0.984 米 /  10.0 秒  0.098 米/秒  直立最低 0.996  本机 22 秒
 2475  走满窗口      0.665 米 /  10.0 秒  0.067 米/秒  直立最低 0.996  本机 23 秒
 2476  没建出来：ValueError: structural lower bounds exceed an incoming budget
 2477  走满窗口      1.074 米 /  10.0 秒  0.107 米/秒  直立最低 0.996  本机 22 秒
 2478  走满窗口      1.156 米 /  10.0 秒  0.116 米/秒  直立最低 0.997  本机 22 秒
 2479  走满窗口      1.272 米 /  10.0 秒  0.127 米/秒  直立最低 0.995  本机 22 秒
 2480  走满窗口      1.246 米 /  10.0 秒  0.125 米/秒  直立最低 0.995  本机 23 秒
 2481  走满窗口      1.104 米 /  10.0 秒  0.110 米/秒  直立最低 0.998  本机 22 秒
 2482  走满窗口      1.240 米 /  10.0 秒  0.124 米/秒  直立最低 0.995  本机 22 秒
 2483  走满窗口      1.091 米 /  10.0 秒  0.109 米/秒  直立最低 0.997  本机 22 秒
 2484  走满窗口      1.250 米 /  10.0 秒  0.125 米/秒  直立最低 0.994  本机 22 秒
 2485  走满窗口      1.266 米 /  10.0 秒  0.127 米/秒  直立最低 0.996  本机 22 秒
 2486  走满窗口      1.347 米 /  10.0 秒  0.135 米/秒  直立最低 0.998  本机 23 秒
 2487  走满窗口      1.295 米 /  10.0 秒  0.130 米/秒  直立最低 0.998  本机 22 秒
 2488  走满窗口      0.874 米 /  10.0 秒  0.087 米/秒  直立最低 0.995  本机 22 秒
 2489  走满窗口      1.404 米 /  10.0 秒  0.140 米/秒  直立最低 0.997  本机 22 秒
 2490  走满窗口      1.263 米 /  10.0 秒  0.126 米/秒  直立最低 0.995  本机 23 秒
 2491  走满窗口      1.360 米 /  10.0 秒  0.136 米/秒  直立最低 0.998  本机 22 秒
 2492  走满窗口      1.263 米 /  10.0 秒  0.126 米/秒  直立最低 0.994  本机 22 秒
 2493  走满窗口      1.299 米 /  10.0 秒  0.130 米/秒  直立最低 0.998  本机 22 秒
 2494  走满窗口      1.388 米 /  10.0 秒  0.139 米/秒  直立最低 0.998  本机 22 秒
 2495  走满窗口      1.269 米 /  10.0 秒  0.127 米/秒  直立最低 0.995  本机 23 秒
 2496  走满窗口      0.994 米 /  10.0 秒  0.099 米/秒  直立最低 0.996  本机 23 秒
 2497  走满窗口      1.269 米 /  10.0 秒  0.127 米/秒  直立最低 0.997  本机 22 秒
 2498  走满窗口      1.363 米 /  10.0 秒  0.136 米/秒  直立最低 0.997  本机 22 秒
 2499  走满窗口      1.352 米 /  10.0 秒  0.135 米/秒  直立最低 0.998  本机 22 秒
 2500  走满窗口      1.249 米 /  10.0 秒  0.125 米/秒  直立最低 0.995  本机 23 秒
 2501  走满窗口      1.278 米 /  10.0 秒  0.128 米/秒  直立最低 0.995  本机 22 秒
 2502  走满窗口      1.286 米 /  10.0 秒  0.129 米/秒  直立最低 0.998  本机 22 秒
 2503  走满窗口      0.904 米 /  10.0 秒  0.090 米/秒  直立最低 0.997  本机 22 秒
 2504  走满窗口      1.358 米 /  10.0 秒  0.136 米/秒  直立最低 0.998  本机 23 秒
 2505  走满窗口      1.196 米 /  10.0 秒  0.120 米/秒  直立最低 0.998  本机 22 秒
 2506  走满窗口      1.232 米 /  10.0 秒  0.123 米/秒  直立最低 0.998  本机 22 秒
 2507  走满窗口      1.344 米 /  10.0 秒  0.134 米/秒  直立最低 0.998  本机 22 秒
 2508  走满窗口      0.580 米 /  10.0 秒  0.058 米/秒  直立最低 0.992  本机 22 秒
 2509  走满窗口      1.307 米 /  10.0 秒  0.131 米/秒  直立最低 0.998  本机 23 秒
 2510  走满窗口      1.328 米 /  10.0 秒  0.133 米/秒  直立最低 0.994  本机 23 秒
 2511  走满窗口      1.194 米 /  10.0 秒  0.119 米/秒  直立最低 0.998  本机 22 秒
 2512  走满窗口      1.262 米 /  10.0 秒  0.126 米/秒  直立最低 0.994  本机 22 秒
 2513  走满窗口      1.339 米 /  10.0 秒  0.134 米/秒  直立最低 0.998  本机 22 秒
 2514  走满窗口      1.377 米 /  10.0 秒  0.138 米/秒  直立最低 0.998  本机 22 秒
 2515  走满窗口      1.248 米 /  10.0 秒  0.125 米/秒  直立最低 0.995  本机 23 秒
 2516  走满窗口      1.316 米 /  10.0 秒  0.132 米/秒  直立最低 0.998  本机 23 秒
 2517  走满窗口      0.605 米 /  10.0 秒  0.060 米/秒  直立最低 0.989  本机 22 秒
 2518  走满窗口      1.217 米 /  10.0 秒  0.122 米/秒  直立最低 0.998  本机 23 秒
 2519  走满窗口      1.275 米 /  10.0 秒  0.127 米/秒  直立最低 0.994  本机 22 秒
 2520  走满窗口      1.131 米 /  10.0 秒  0.113 米/秒  直立最低 0.995  本机 22 秒
 2521  走满窗口      1.238 米 /  10.0 秒  0.124 米/秒  直立最低 0.998  本机 22 秒
 2522  走满窗口      1.612 米 /  10.0 秒  0.161 米/秒  直立最低 0.998  本机 23 秒
 2523  走满窗口      1.115 米 /  10.0 秒  0.112 米/秒  直立最低 0.999  本机 22 秒
 2524  走满窗口      1.352 米 /  10.0 秒  0.135 米/秒  直立最低 0.998  本机 22 秒
 2525  走满窗口      1.056 米 /  10.0 秒  0.106 米/秒  直立最低 0.998  本机 22 秒
 2526  走满窗口      0.991 米 /  10.0 秒  0.099 米/秒  直立最低 0.994  本机 22 秒
 2527  走满窗口      0.570 米 /  10.0 秒  0.057 米/秒  直立最低 0.991  本机 23 秒
 2528  走满窗口      0.896 米 /  10.0 秒  0.090 米/秒  直立最低 0.994  本机 22 秒
 2529  走满窗口      1.355 米 /  10.0 秒  0.136 米/秒  直立最低 0.998  本机 22 秒
 2530  走满窗口      1.256 米 /  10.0 秒  0.126 米/秒  直立最低 0.995  本机 22 秒
 2531  走满窗口      1.290 米 /  10.0 秒  0.129 米/秒  直立最低 0.996  本机 22 秒
 2532  走满窗口      1.063 米 /  10.0 秒  0.106 米/秒  直立最低 0.992  本机 23 秒
 2533  走满窗口      0.935 米 /  10.0 秒  0.094 米/秒  直立最低 0.995  本机 22 秒
 2534  走满窗口      0.987 米 /  10.0 秒  0.099 米/秒  直立最低 0.997  本机 22 秒
 2535  走满窗口      1.265 米 /  10.0 秒  0.126 米/秒  直立最低 0.994  本机 22 秒
 2536  走满窗口      1.019 米 /  10.0 秒  0.102 米/秒  直立最低 0.998  本机 23 秒
 2537  走满窗口      1.329 米 /  10.0 秒  0.133 米/秒  直立最低 0.998  本机 22 秒
 2538  走满窗口      1.320 米 /  10.0 秒  0.132 米/秒  直立最低 0.998  本机 22 秒
 2539  走满窗口      0.805 米 /  10.0 秒  0.081 米/秒  直立最低 0.994  本机 22 秒
 2540  走满窗口      1.240 米 /  10.0 秒  0.124 米/秒  直立最低 0.995  本机 22 秒
 2541  走满窗口      1.444 米 /  10.0 秒  0.144 米/秒  直立最低 0.997  本机 23 秒
 2542  走满窗口      0.676 米 /  10.0 秒  0.068 米/秒  直立最低 0.992  本机 22 秒
 2543  走满窗口      1.257 米 /  10.0 秒  0.126 米/秒  直立最低 0.998  本机 23 秒
 2544  走满窗口      1.258 米 /  10.0 秒  0.126 米/秒  直立最低 0.995  本机 23 秒
 2545  走满窗口      1.221 米 /  10.0 秒  0.122 米/秒  直立最低 0.998  本机 22 秒
 2546  走满窗口      1.363 米 /  10.0 秒  0.136 米/秒  直立最低 0.998  本机 22 秒
 2547  走满窗口      1.226 米 /  10.0 秒  0.123 米/秒  直立最低 0.998  本机 23 秒
 2548  走满窗口      0.602 米 /  10.0 秒  0.060 米/秒  直立最低 0.996  本机 22 秒
 2549  走满窗口      1.146 米 /  10.0 秒  0.115 米/秒  直立最低 0.996  本机 22 秒
 2550  走满窗口      1.048 米 /  10.0 秒  0.105 米/秒  直立最低 0.995  本机 22 秒
 2551  走满窗口      0.432 米 /  10.0 秒  0.043 米/秒  直立最低 0.996  本机 22 秒
 2552  走满窗口      1.357 米 /  10.0 秒  0.136 米/秒  直立最低 0.998  本机 23 秒
 2553  走满窗口      1.308 米 /  10.0 秒  0.131 米/秒  直立最低 0.994  本机 23 秒
 2554  走满窗口      1.254 米 /  10.0 秒  0.125 米/秒  直立最低 0.995  本机 22 秒
 2555  走满窗口      1.139 米 /  10.0 秒  0.114 米/秒  直立最低 0.998  本机 22 秒
 2556  走满窗口      1.246 米 /  10.0 秒  0.125 米/秒  直立最低 0.994  本机 22 秒
 2557  走满窗口      1.236 米 /  10.0 秒  0.124 米/秒  直立最低 0.998  本机 22 秒
 2558  走满窗口      1.286 米 /  10.0 秒  0.129 米/秒  直立最低 0.995  本机 22 秒
 2559  走满窗口      1.317 米 /  10.0 秒  0.132 米/秒  直立最低 0.998  本机 23 秒
 2560  走满窗口      1.335 米 /  10.0 秒  0.134 米/秒  直立最低 0.998  本机 22 秒
 2561  走满窗口      1.347 米 /  10.0 秒  0.135 米/秒  直立最低 0.998  本机 22 秒
 2562  走满窗口      1.278 米 /  10.0 秒  0.128 米/秒  直立最低 0.998  本机 22 秒
 2563  走满窗口      1.311 米 /  10.0 秒  0.131 米/秒  直立最低 0.996  本机 22 秒
 2564  走满窗口      0.725 米 /  10.0 秒  0.072 米/秒  直立最低 0.994  本机 23 秒
 2565  走满窗口      1.300 米 /  10.0 秒  0.130 米/秒  直立最低 0.998  本机 23 秒
 2566  走满窗口      0.596 米 /  10.0 秒  0.060 米/秒  直立最低 0.992  本机 22 秒
 2567  走满窗口      1.274 米 /  10.0 秒  0.127 米/秒  直立最低 0.995  本机 22 秒
 2568  走满窗口      1.342 米 /  10.0 秒  0.134 米/秒  直立最低 0.998  本机 22 秒
 2569  走满窗口      1.250 米 /  10.0 秒  0.125 米/秒  直立最低 0.996  本机 22 秒
 2570  走满窗口      0.864 米 /  10.0 秒  0.086 米/秒  直立最低 0.995  本机 22 秒
 2571  走满窗口      1.348 米 /  10.0 秒  0.135 米/秒  直立最低 0.998  本机 22 秒
 2572  走满窗口      1.290 米 /  10.0 秒  0.129 米/秒  直立最低 0.998  本机 22 秒
 2573  走满窗口      1.284 米 /  10.0 秒  0.128 米/秒  直立最低 0.997  本机 22 秒
 2574  走满窗口      1.204 米 /  10.0 秒  0.120 米/秒  直立最低 0.995  本机 22 秒
 2575  走满窗口      1.234 米 /  10.0 秒  0.123 米/秒  直立最低 0.998  本机 23 秒
 2576  走满窗口      1.364 米 /  10.0 秒  0.136 米/秒  直立最低 0.998  本机 23 秒
 2577  走满窗口      1.303 米 /  10.0 秒  0.130 米/秒  直立最低 0.994  本机 23 秒
 2578  走满窗口      1.075 米 /  10.0 秒  0.108 米/秒  直立最低 0.997  本机 23 秒
 2579  走满窗口      1.278 米 /  10.0 秒  0.128 米/秒  直立最低 0.994  本机 23 秒
 2580  走满窗口      1.348 米 /  10.0 秒  0.135 米/秒  直立最低 0.998  本机 22 秒
 2581  走满窗口      1.004 米 /  10.0 秒  0.100 米/秒  直立最低 0.998  本机 22 秒
 2582  走满窗口      1.098 米 /  10.0 秒  0.110 米/秒  直立最低 0.998  本机 22 秒
 2583  走满窗口      1.262 米 /  10.0 秒  0.126 米/秒  直立最低 0.996  本机 22 秒
 2584  走满窗口      1.385 米 /  10.0 秒  0.138 米/秒  直立最低 0.998  本机 23 秒
 2585  走满窗口      1.235 米 /  10.0 秒  0.124 米/秒  直立最低 0.995  本机 22 秒
 2586  走满窗口      1.052 米 /  10.0 秒  0.105 米/秒  直立最低 0.998  本机 22 秒
 2587  走满窗口      1.268 米 /  10.0 秒  0.127 米/秒  直立最低 0.997  本机 22 秒
 2588  走满窗口      1.343 米 /  10.0 秒  0.134 米/秒  直立最低 0.998  本机 22 秒
 2589  走满窗口      1.291 米 /  10.0 秒  0.129 米/秒  直立最低 0.998  本机 22 秒
 2590  走满窗口      1.229 米 /  10.0 秒  0.123 米/秒  直立最低 0.997  本机 22 秒
 2591  走满窗口      0.927 米 /  10.0 秒  0.093 米/秒  直立最低 0.996  本机 22 秒
 2592  走满窗口      1.319 米 /  10.0 秒  0.132 米/秒  直立最低 0.994  本机 23 秒
 2593  走满窗口      1.343 米 /  10.0 秒  0.134 米/秒  直立最低 0.998  本机 23 秒
 2594  走满窗口      1.019 米 /  10.0 秒  0.102 米/秒  直立最低 0.998  本机 22 秒
 2595  走满窗口      1.290 米 /  10.0 秒  0.129 米/秒  直立最低 0.998  本机 22 秒
 2596  走满窗口      0.540 米 /  10.0 秒  0.054 米/秒  直立最低 0.992  本机 22 秒
 2597  走满窗口      1.266 米 /  10.0 秒  0.127 米/秒  直立最低 0.998  本机 22 秒
 2598  走满窗口      1.002 米 /  10.0 秒  0.100 米/秒  直立最低 0.990  本机 22 秒
 2599  走满窗口      1.337 米 /  10.0 秒  0.134 米/秒  直立最低 0.998  本机 22 秒
 2600  走满窗口      1.335 米 /  10.0 秒  0.134 米/秒  直立最低 0.998  本机 22 秒
 2601  走满窗口      1.353 米 /  10.0 秒  0.135 米/秒  直立最低 0.998  本机 23 秒
 2602  走满窗口      0.457 米 /  10.0 秒  0.046 米/秒  直立最低 0.992  本机 22 秒
 2603  走满窗口      1.269 米 /  10.0 秒  0.127 米/秒  直立最低 0.998  本机 22 秒
 2604  走满窗口      1.329 米 /  10.0 秒  0.133 米/秒  直立最低 0.998  本机 22 秒
 2605  走满窗口      1.286 米 /  10.0 秒  0.129 米/秒  直立最低 0.994  本机 22 秒
 2606  走满窗口      0.727 米 /  10.0 秒  0.073 米/秒  直立最低 0.995  本机 22 秒
 2607  走满窗口      0.995 米 /  10.0 秒  0.100 米/秒  直立最低 0.998  本机 22 秒
 2608  走满窗口      1.122 米 /  10.0 秒  0.112 米/秒  直立最低 0.995  本机 22 秒
 2609  走满窗口      0.640 米 /  10.0 秒  0.064 米/秒  直立最低 0.992  本机 22 秒
 2610  走满窗口      1.309 米 /  10.0 秒  0.131 米/秒  直立最低 0.998  本机 23 秒
 2611  走满窗口      1.293 米 /  10.0 秒  0.129 米/秒  直立最低 0.994  本机 23 秒
 2612  走满窗口      1.329 米 /  10.0 秒  0.133 米/秒  直立最低 0.998  本机 22 秒
 2613  走满窗口      1.341 米 /  10.0 秒  0.134 米/秒  直立最低 0.998  本机 22 秒
 2614  走满窗口      0.885 米 /  10.0 秒  0.089 米/秒  直立最低 0.994  本机 22 秒
 2615  走满窗口      1.407 米 /  10.0 秒  0.141 米/秒  直立最低 0.998  本机 22 秒
 2616  走满窗口      1.369 米 /  10.0 秒  0.137 米/秒  直立最低 0.998  本机 23 秒
 2617  走满窗口      1.206 米 /  10.0 秒  0.121 米/秒  直立最低 0.996  本机 23 秒
 2618  走满窗口      1.351 米 /  10.0 秒  0.135 米/秒  直立最低 0.998  本机 22 秒
 2619  走满窗口      1.137 米 /  10.0 秒  0.114 米/秒  直立最低 0.992  本机 22 秒
 2620  走满窗口      1.346 米 /  10.0 秒  0.135 米/秒  直立最低 0.998  本机 22 秒
 2621  走满窗口      0.627 米 /  10.0 秒  0.063 米/秒  直立最低 0.993  本机 22 秒
 2622  走满窗口      1.318 米 /  10.0 秒  0.132 米/秒  直立最低 0.998  本机 22 秒
 2623  走满窗口      1.072 米 /  10.0 秒  0.107 米/秒  直立最低 0.998  本机 22 秒
 2624  走满窗口      1.103 米 /  10.0 秒  0.110 米/秒  直立最低 0.998  本机 22 秒
 2625  走满窗口      1.390 米 /  10.0 秒  0.139 米/秒  直立最低 0.998  本机 22 秒
 2626  走满窗口      1.210 米 /  10.0 秒  0.121 米/秒  直立最低 0.996  本机 22 秒
 2627  走满窗口      0.980 米 /  10.0 秒  0.098 米/秒  直立最低 0.998  本机 22 秒
 2628  走满窗口      0.826 米 /  10.0 秒  0.083 米/秒  直立最低 0.993  本机 22 秒
 2629  走满窗口      1.331 米 /  10.0 秒  0.133 米/秒  直立最低 0.998  本机 23 秒
 2630  走满窗口      1.326 米 /  10.0 秒  0.133 米/秒  直立最低 0.994  本机 22 秒
 2631  走满窗口      1.171 米 /  10.0 秒  0.117 米/秒  直立最低 0.995  本机 22 秒
 2632  走满窗口      1.347 米 /  10.0 秒  0.135 米/秒  直立最低 0.998  本机 22 秒
 2633  走满窗口      1.065 米 /  10.0 秒  0.107 米/秒  直立最低 0.992  本机 22 秒
 2634  走满窗口      0.947 米 /  10.0 秒  0.095 米/秒  直立最低 0.998  本机 23 秒
 2635  走满窗口      1.071 米 /  10.0 秒  0.107 米/秒  直立最低 0.998  本机 22 秒
 2636  走满窗口      1.365 米 /  10.0 秒  0.136 米/秒  直立最低 0.998  本机 22 秒
 2637  走满窗口      1.260 米 /  10.0 秒  0.126 米/秒  直立最低 0.998  本机 23 秒
 2638  走满窗口      0.623 米 /  10.0 秒  0.062 米/秒  直立最低 0.992  本机 22 秒
 2639  走满窗口      1.282 米 /  10.0 秒  0.128 米/秒  直立最低 0.998  本机 22 秒
 2640  走满窗口      1.326 米 /  10.0 秒  0.133 米/秒  直立最低 0.998  本机 22 秒
 2641  走满窗口      1.514 米 /  10.0 秒  0.151 米/秒  直立最低 0.998  本机 23 秒
 2642  走满窗口      1.124 米 /  10.0 秒  0.112 米/秒  直立最低 0.995  本机 22 秒
 2643  走满窗口      1.050 米 /  10.0 秒  0.105 米/秒  直立最低 0.998  本机 22 秒
 2644  走满窗口      0.962 米 /  10.0 秒  0.096 米/秒  直立最低 0.997  本机 23 秒
 2645  走满窗口      1.319 米 /  10.0 秒  0.132 米/秒  直立最低 0.998  本机 22 秒
 2646  倒过        2.638 米 /  10.0 秒  0.264 米/秒  直立最低 -1.000  本机 22 秒
 2647  走满窗口      1.339 米 /  10.0 秒  0.134 米/秒  直立最低 0.998  本机 22 秒
 2648  走满窗口      1.291 米 /  10.0 秒  0.129 米/秒  直立最低 0.996  本机 22 秒
 2649  走满窗口      1.215 米 /  10.0 秒  0.122 米/秒  直立最低 0.999  本机 22 秒
 2650  走满窗口      1.316 米 /  10.0 秒  0.132 米/秒  直立最低 0.998  本机 22 秒
 2651  走满窗口      1.361 米 /  10.0 秒  0.136 米/秒  直立最低 0.998  本机 22 秒
 2652  走满窗口      1.267 米 /  10.0 秒  0.127 米/秒  直立最低 0.994  本机 22 秒
 2653  走满窗口      1.249 米 /  10.0 秒  0.125 米/秒  直立最低 0.995  本机 22 秒
 2654  走满窗口      1.178 米 /  10.0 秒  0.118 米/秒  直立最低 0.998  本机 23 秒
 2655  走满窗口      1.329 米 /  10.0 秒  0.133 米/秒  直立最低 0.998  本机 22 秒
 2656  走满窗口      0.768 米 /  10.0 秒  0.077 米/秒  直立最低 0.990  本机 22 秒
 2657  走满窗口      0.869 米 /  10.0 秒  0.087 米/秒  直立最低 0.995  本机 22 秒
 2658  走满窗口      1.284 米 /  10.0 秒  0.128 米/秒  直立最低 0.998  本机 22 秒
 2659  走满窗口      1.161 米 /  10.0 秒  0.116 米/秒  直立最低 0.997  本机 22 秒
 2660  走满窗口      1.186 米 /  10.0 秒  0.119 米/秒  直立最低 0.998  本机 23 秒
 2661  走满窗口      1.251 米 /  10.0 秒  0.125 米/秒  直立最低 0.994  本机 22 秒
 2662  走满窗口      1.509 米 /  10.0 秒  0.151 米/秒  直立最低 0.997  本机 23 秒
 2663  走满窗口      1.296 米 /  10.0 秒  0.130 米/秒  直立最低 0.996  本机 23 秒
 2664  走满窗口      1.391 米 /  10.0 秒  0.139 米/秒  直立最低 0.998  本机 22 秒
 2665  走满窗口      1.370 米 /  10.0 秒  0.137 米/秒  直立最低 0.998  本机 22 秒
 2666  走满窗口      0.965 米 /  10.0 秒  0.097 米/秒  直立最低 0.994  本机 22 秒
 2667  走满窗口      1.456 米 /  10.0 秒  0.146 米/秒  直立最低 0.997  本机 22 秒
 2668  走满窗口      1.282 米 /  10.0 秒  0.128 米/秒  直立最低 0.994  本机 23 秒
 2669  走满窗口      1.202 米 /  10.0 秒  0.120 米/秒  直立最低 0.998  本机 22 秒
 2670  走满窗口      1.254 米 /  10.0 秒  0.125 米/秒  直立最低 0.994  本机 22 秒
 2671  走满窗口      1.015 米 /  10.0 秒  0.101 米/秒  直立最低 0.998  本机 23 秒
 2672  走满窗口      1.296 米 /  10.0 秒  0.130 米/秒  直立最低 0.998  本机 22 秒
 2673  走满窗口      1.326 米 /  10.0 秒  0.133 米/秒  直立最低 0.998  本机 22 秒
 2674  走满窗口      1.304 米 /  10.0 秒  0.130 米/秒  直立最低 0.995  本机 22 秒
 2675  走满窗口      1.250 米 /  10.0 秒  0.125 米/秒  直立最低 0.995  本机 22 秒
 2676  走满窗口      1.332 米 /  10.0 秒  0.133 米/秒  直立最低 0.998  本机 22 秒
 2677  走满窗口      1.334 米 /  10.0 秒  0.133 米/秒  直立最低 0.998  本机 22 秒
 2678  走满窗口      1.278 米 /  10.0 秒  0.128 米/秒  直立最低 0.998  本机 22 秒
 2679  走满窗口      1.170 米 /  10.0 秒  0.117 米/秒  直立最低 0.998  本机 22 秒
 2680  倒过        2.097 米 /  10.0 秒  0.210 米/秒  直立最低 -0.992  本机 23 秒
 2681  走满窗口      1.314 米 /  10.0 秒  0.131 米/秒  直立最低 0.995  本机 22 秒
 2682  走满窗口      1.247 米 /  10.0 秒  0.125 米/秒  直立最低 0.995  本机 22 秒
 2683  走满窗口      1.091 米 /  10.0 秒  0.109 米/秒  直立最低 0.997  本机 22 秒
 2684  走满窗口      1.325 米 /  10.0 秒  0.132 米/秒  直立最低 0.998  本机 22 秒
 2685  走满窗口      0.951 米 /  10.0 秒  0.095 米/秒  直立最低 0.992  本机 22 秒
 2686  走满窗口      1.315 米 /  10.0 秒  0.132 米/秒  直立最低 0.998  本机 22 秒
 2687  走满窗口      1.183 米 /  10.0 秒  0.118 米/秒  直立最低 0.992  本机 23 秒
 2688  走满窗口      0.953 米 /  10.0 秒  0.095 米/秒  直立最低 0.996  本机 23 秒
 2689  走满窗口      1.104 米 /  10.0 秒  0.110 米/秒  直立最低 0.998  本机 22 秒
 2690  走满窗口      1.330 米 /  10.0 秒  0.133 米/秒  直立最低 0.998  本机 23 秒
 2691  走满窗口      1.274 米 /  10.0 秒  0.127 米/秒  直立最低 0.995  本机 22 秒
 2692  走满窗口      1.325 米 /  10.0 秒  0.132 米/秒  直立最低 0.998  本机 22 秒
 2693  走满窗口      1.194 米 /  10.0 秒  0.119 米/秒  直立最低 0.998  本机 22 秒
 2694  走满窗口      0.760 米 /  10.0 秒  0.076 米/秒  直立最低 0.995  本机 22 秒
 2695  走满窗口      0.510 米 /  10.0 秒  0.051 米/秒  直立最低 0.992  本机 22 秒
 2696  走满窗口      1.338 米 /  10.0 秒  0.134 米/秒  直立最低 0.998  本机 22 秒
 2697  走满窗口      1.305 米 /  10.0 秒  0.131 米/秒  直立最低 0.996  本机 23 秒
 2698  走满窗口      1.159 米 /  10.0 秒  0.116 米/秒  直立最低 0.997  本机 22 秒
 2699  走满窗口      1.390 米 /  10.0 秒  0.139 米/秒  直立最低 0.998  本机 22 秒
 2700  走满窗口      1.270 米 /  10.0 秒  0.127 米/秒  直立最低 0.998  本机 22 秒
 2701  走满窗口      1.408 米 /  10.0 秒  0.141 米/秒  直立最低 0.998  本机 22 秒
 2702  走满窗口      0.988 米 /  10.0 秒  0.099 米/秒  直立最低 0.998  本机 22 秒
 2703  走满窗口      1.664 米 /  10.0 秒  0.166 米/秒  直立最低 0.992  本机 22 秒
 2704  走满窗口      0.964 米 /  10.0 秒  0.096 米/秒  直立最低 0.995  本机 22 秒
 2705  走满窗口      1.286 米 /  10.0 秒  0.129 米/秒  直立最低 0.994  本机 22 秒
 2706  走满窗口      1.261 米 /  10.0 秒  0.126 米/秒  直立最低 0.998  本机 22 秒
 2707  走满窗口      1.003 米 /  10.0 秒  0.100 米/秒  直立最低 0.995  本机 23 秒
 2708  走满窗口      0.695 米 /  10.0 秒  0.070 米/秒  直立最低 0.993  本机 22 秒
 2709  走满窗口      1.309 米 /  10.0 秒  0.131 米/秒  直立最低 0.997  本机 22 秒
 2710  走满窗口      1.440 米 /  10.0 秒  0.144 米/秒  直立最低 0.998  本机 23 秒
 2711  走满窗口      0.943 米 /  10.0 秒  0.094 米/秒  直立最低 0.994  本机 22 秒
 2712  走满窗口      1.176 米 /  10.0 秒  0.118 米/秒  直立最低 0.998  本机 22 秒
 2713  走满窗口      1.093 米 /  10.0 秒  0.109 米/秒  直立最低 0.998  本机 23 秒
 2714  走满窗口      1.333 米 /  10.0 秒  0.133 米/秒  直立最低 0.998  本机 22 秒
 2715  走满窗口      1.214 米 /  10.0 秒  0.121 米/秒  直立最低 0.992  本机 22 秒
 2716  走满窗口      1.346 米 /  10.0 秒  0.135 米/秒  直立最低 0.998  本机 22 秒
 2717  倒过        2.406 米 /  10.0 秒  0.241 米/秒  直立最低 -1.000  本机 22 秒
 2718  走满窗口      1.187 米 /  10.0 秒  0.119 米/秒  直立最低 0.996  本机 22 秒
 2719  走满窗口      1.094 米 /  10.0 秒  0.109 米/秒  直立最低 0.995  本机 22 秒
 2720  走满窗口      1.287 米 /  10.0 秒  0.129 米/秒  直立最低 0.997  本机 22 秒
 2721  走满窗口      1.364 米 /  10.0 秒  0.136 米/秒  直立最低 0.998  本机 23 秒
 2722  走满窗口      1.406 米 /  10.0 秒  0.141 米/秒  直立最低 0.998  本机 22 秒
 2723  走满窗口      1.102 米 /  10.0 秒  0.110 米/秒  直立最低 0.997  本机 22 秒
 2724  走满窗口      1.289 米 /  10.0 秒  0.129 米/秒  直立最低 0.994  本机 22 秒
 2725  走满窗口      1.222 米 /  10.0 秒  0.122 米/秒  直立最低 0.997  本机 23 秒
 2726  走满窗口      1.283 米 /  10.0 秒  0.128 米/秒  直立最低 0.994  本机 22 秒
 2727  走满窗口      1.054 米 /  10.0 秒  0.105 米/秒  直立最低 0.996  本机 22 秒
 2728  走满窗口      1.332 米 /  10.0 秒  0.133 米/秒  直立最低 0.998  本机 22 秒
 2729  走满窗口      0.823 米 /  10.0 秒  0.082 米/秒  直立最低 0.993  本机 22 秒
 2730  走满窗口      1.316 米 /  10.0 秒  0.132 米/秒  直立最低 0.996  本机 22 秒
 2731  走满窗口      1.297 米 /  10.0 秒  0.130 米/秒  直立最低 0.998  本机 23 秒
 2732  走满窗口      1.290 米 /  10.0 秒  0.129 米/秒  直立最低 0.995  本机 22 秒
 2733  走满窗口      1.306 米 /  10.0 秒  0.131 米/秒  直立最低 0.998  本机 22 秒
 2734  走满窗口      1.256 米 /  10.0 秒  0.126 米/秒  直立最低 0.995  本机 22 秒
 2735  走满窗口      1.287 米 /  10.0 秒  0.129 米/秒  直立最低 0.994  本机 22 秒
 2736  走满窗口      1.260 米 /  10.0 秒  0.126 米/秒  直立最低 0.995  本机 22 秒
 2737  走满窗口      1.000 米 /  10.0 秒  0.100 米/秒  直立最低 0.994  本机 22 秒
 2738  走满窗口      1.334 米 /  10.0 秒  0.133 米/秒  直立最低 0.998  本机 22 秒
 2739  走满窗口      1.348 米 /  10.0 秒  0.135 米/秒  直立最低 0.995  本机 22 秒
 2740  走满窗口      1.324 米 /  10.0 秒  0.132 米/秒  直立最低 0.994  本机 22 秒
 2741  走满窗口      0.735 米 /  10.0 秒  0.074 米/秒  直立最低 0.989  本机 22 秒
 2742  走满窗口      1.355 米 /  10.0 秒  0.136 米/秒  直立最低 0.998  本机 22 秒
 2743  走满窗口      1.338 米 /  10.0 秒  0.134 米/秒  直立最低 0.998  本机 22 秒
 2744  走满窗口      1.057 米 /  10.0 秒  0.106 米/秒  直立最低 0.998  本机 22 秒
 2745  走满窗口      1.181 米 /  10.0 秒  0.118 米/秒  直立最低 0.998  本机 22 秒
 2746  走满窗口      1.378 米 /  10.0 秒  0.138 米/秒  直立最低 0.998  本机 22 秒
 2747  走满窗口      1.237 米 /  10.0 秒  0.124 米/秒  直立最低 0.999  本机 22 秒
 2748  走满窗口      1.090 米 /  10.0 秒  0.109 米/秒  直立最低 0.998  本机 22 秒
 2749  走满窗口      1.350 米 /  10.0 秒  0.135 米/秒  直立最低 0.998  本机 22 秒
 2750  走满窗口      1.360 米 /  10.0 秒  0.136 米/秒  直立最低 0.998  本机 23 秒
 2751  走满窗口      1.328 米 /  10.0 秒  0.133 米/秒  直立最低 0.997  本机 22 秒
 2752  走满窗口      1.367 米 /  10.0 秒  0.137 米/秒  直立最低 0.997  本机 22 秒
 2753  走满窗口      1.334 米 /  10.0 秒  0.133 米/秒  直立最低 0.998  本机 22 秒
 2754  走满窗口      1.335 米 /  10.0 秒  0.134 米/秒  直立最低 0.998  本机 22 秒
 2755  走满窗口      1.356 米 /  10.0 秒  0.136 米/秒  直立最低 0.997  本机 22 秒
 2756  走满窗口      1.131 米 /  10.0 秒  0.113 米/秒  直立最低 0.998  本机 23 秒
 2757  走满窗口      1.293 米 /  10.0 秒  0.129 米/秒  直立最低 0.993  本机 22 秒
 2758  走满窗口      1.277 米 /  10.0 秒  0.128 米/秒  直立最低 0.998  本机 23 秒
 2759  走满窗口      1.206 米 /  10.0 秒  0.121 米/秒  直立最低 0.998  本机 22 秒
 2760  走满窗口      1.359 米 /  10.0 秒  0.136 米/秒  直立最低 0.998  本机 22 秒
 2761  走满窗口      1.115 米 /  10.0 秒  0.111 米/秒  直立最低 0.992  本机 23 秒
 2762  走满窗口      0.748 米 /  10.0 秒  0.075 米/秒  直立最低 0.993  本机 23 秒
 2763  走满窗口      1.247 米 /  10.0 秒  0.125 米/秒  直立最低 0.995  本机 23 秒
 2764  走满窗口      1.308 米 /  10.0 秒  0.131 米/秒  直立最低 0.997  本机 22 秒
 2765  走满窗口      0.954 米 /  10.0 秒  0.095 米/秒  直立最低 0.998  本机 22 秒
 2766  走满窗口      1.312 米 /  10.0 秒  0.131 米/秒  直立最低 0.998  本机 22 秒
 2767  走满窗口      1.060 米 /  10.0 秒  0.106 米/秒  直立最低 0.995  本机 23 秒
 2768  走满窗口      0.916 米 /  10.0 秒  0.092 米/秒  直立最低 0.999  本机 22 秒
 2769  走满窗口      1.368 米 /  10.0 秒  0.137 米/秒  直立最低 0.998  本机 22 秒
 2770  走满窗口      1.316 米 /  10.0 秒  0.132 米/秒  直立最低 0.996  本机 22 秒
 2771  走满窗口      1.293 米 /  10.0 秒  0.129 米/秒  直立最低 0.994  本机 23 秒
 2772  走满窗口      1.196 米 /  10.0 秒  0.120 米/秒  直立最低 0.998  本机 22 秒
 2773  走满窗口      1.087 米 /  10.0 秒  0.109 米/秒  直立最低 0.998  本机 23 秒
 2774  走满窗口      1.316 米 /  10.0 秒  0.132 米/秒  直立最低 0.998  本机 23 秒
 2775  走满窗口      1.283 米 /  10.0 秒  0.128 米/秒  直立最低 0.996  本机 23 秒
 2776  走满窗口      1.320 米 /  10.0 秒  0.132 米/秒  直立最低 0.998  本机 23 秒
 2777  走满窗口      1.367 米 /  10.0 秒  0.137 米/秒  直立最低 0.992  本机 23 秒
 2778  走满窗口      1.343 米 /  10.0 秒  0.134 米/秒  直立最低 0.998  本机 23 秒
 2779  走满窗口      1.266 米 /  10.0 秒  0.127 米/秒  直立最低 0.995  本机 23 秒
 2780  走满窗口      1.307 米 /  10.0 秒  0.131 米/秒  直立最低 0.998  本机 23 秒
 2781  走满窗口      1.241 米 /  10.0 秒  0.124 米/秒  直立最低 0.998  本机 23 秒
 2782  走满窗口      1.289 米 /  10.0 秒  0.129 米/秒  直立最低 0.994  本机 23 秒
 2783  走满窗口      1.105 米 /  10.0 秒  0.110 米/秒  直立最低 0.998  本机 22 秒
 2784  走满窗口      1.364 米 /  10.0 秒  0.136 米/秒  直立最低 0.998  本机 22 秒
 2785  走满窗口      1.229 米 /  10.0 秒  0.123 米/秒  直立最低 0.998  本机 22 秒
 2786  走满窗口      1.048 米 /  10.0 秒  0.105 米/秒  直立最低 0.998  本机 23 秒
 2787  走满窗口      1.263 米 /  10.0 秒  0.126 米/秒  直立最低 0.995  本机 22 秒
 2788  走满窗口      1.273 米 /  10.0 秒  0.127 米/秒  直立最低 0.994  本机 22 秒
 2789  走满窗口      1.292 米 /  10.0 秒  0.129 米/秒  直立最低 0.998  本机 22 秒
 2790  走满窗口      1.326 米 /  10.0 秒  0.133 米/秒  直立最低 0.998  本机 22 秒
 2791  走满窗口      1.140 米 /  10.0 秒  0.114 米/秒  直立最低 0.998  本机 22 秒
 2792  走满窗口      1.114 米 /  10.0 秒  0.111 米/秒  直立最低 0.995  本机 23 秒
 2793  走满窗口      1.347 米 /  10.0 秒  0.135 米/秒  直立最低 0.998  本机 22 秒
 2794  走满窗口      1.253 米 /  10.0 秒  0.125 米/秒  直立最低 0.995  本机 22 秒
 2795  走满窗口      1.106 米 /  10.0 秒  0.111 米/秒  直立最低 0.995  本机 23 秒
 2796  走满窗口      1.280 米 /  10.0 秒  0.128 米/秒  直立最低 0.995  本机 22 秒
 2797  走满窗口      1.379 米 /  10.0 秒  0.138 米/秒  直立最低 0.998  本机 23 秒
 2798  走满窗口      1.253 米 /  10.0 秒  0.125 米/秒  直立最低 0.996  本机 23 秒
 2799  走满窗口      1.060 米 /  10.0 秒  0.106 米/秒  直立最低 0.998  本机 22 秒
 2800  走满窗口      1.299 米 /  10.0 秒  0.130 米/秒  直立最低 0.998  本机 22 秒
 2801  走满窗口      1.265 米 /  10.0 秒  0.126 米/秒  直立最低 0.995  本机 23 秒
 2802  走满窗口      0.834 米 /  10.0 秒  0.083 米/秒  直立最低 0.995  本机 22 秒
 2803  走满窗口      1.255 米 /  10.0 秒  0.126 米/秒  直立最低 0.995  本机 22 秒
 2804  走满窗口      1.372 米 /  10.0 秒  0.137 米/秒  直立最低 0.998  本机 22 秒
 2805  走满窗口      1.349 米 /  10.0 秒  0.135 米/秒  直立最低 0.998  本机 22 秒
 2806  走满窗口      1.240 米 /  10.0 秒  0.124 米/秒  直立最低 0.995  本机 23 秒
 2807  走满窗口      1.358 米 /  10.0 秒  0.136 米/秒  直立最低 0.998  本机 23 秒
 2808  走满窗口      1.276 米 /  10.0 秒  0.128 米/秒  直立最低 0.994  本机 22 秒
 2809  走满窗口      0.911 米 /  10.0 秒  0.091 米/秒  直立最低 0.998  本机 23 秒
 2810  走满窗口      1.332 米 /  10.0 秒  0.133 米/秒  直立最低 0.992  本机 22 秒
 2811  走满窗口      1.334 米 /  10.0 秒  0.133 米/秒  直立最低 0.998  本机 22 秒
 2812  走满窗口      1.289 米 /  10.0 秒  0.129 米/秒  直立最低 0.996  本机 23 秒
 2813  走满窗口      1.077 米 /  10.0 秒  0.108 米/秒  直立最低 0.998  本机 22 秒
 2814  走满窗口      1.325 米 /  10.0 秒  0.133 米/秒  直立最低 0.997  本机 23 秒
 2815  走满窗口      1.574 米 /  10.0 秒  0.157 米/秒  直立最低 0.997  本机 22 秒
 2816  走满窗口      0.970 米 /  10.0 秒  0.097 米/秒  直立最低 0.996  本机 22 秒
 2817  走满窗口      1.416 米 /  10.0 秒  0.142 米/秒  直立最低 0.998  本机 22 秒
 2818  走满窗口      1.273 米 /  10.0 秒  0.127 米/秒  直立最低 0.995  本机 23 秒
 2819  走满窗口      1.215 米 /  10.0 秒  0.121 米/秒  直立最低 0.998  本机 22 秒
 2820  走满窗口      1.027 米 /  10.0 秒  0.103 米/秒  直立最低 0.997  本机 22 秒
 2821  走满窗口      1.255 米 /  10.0 秒  0.126 米/秒  直立最低 0.994  本机 22 秒
 2822  走满窗口      1.251 米 /  10.0 秒  0.125 米/秒  直立最低 0.998  本机 22 秒
 2823  走满窗口      1.353 米 /  10.0 秒  0.135 米/秒  直立最低 0.998  本机 22 秒
 2824  走满窗口      1.385 米 /  10.0 秒  0.138 米/秒  直立最低 0.998  本机 23 秒
 2825  走满窗口      1.251 米 /  10.0 秒  0.125 米/秒  直立最低 0.995  本机 22 秒
 2826  走满窗口      1.356 米 /  10.0 秒  0.136 米/秒  直立最低 0.998  本机 23 秒
 2827  走满窗口      1.116 米 /  10.0 秒  0.112 米/秒  直立最低 0.998  本机 22 秒
 2828  走满窗口      1.366 米 /  10.0 秒  0.137 米/秒  直立最低 0.993  本机 22 秒
 2829  走满窗口      0.853 米 /  10.0 秒  0.085 米/秒  直立最低 0.994  本机 23 秒
 2830  走满窗口      0.361 米 /  10.0 秒  0.036 米/秒  直立最低 0.990  本机 23 秒
 2831  走满窗口      0.983 米 /  10.0 秒  0.098 米/秒  直立最低 0.998  本机 22 秒
 2832  走满窗口      1.148 米 /  10.0 秒  0.115 米/秒  直立最低 0.996  本机 22 秒
 2833  走满窗口      1.329 米 /  10.0 秒  0.133 米/秒  直立最低 0.998  本机 23 秒
 2834  走满窗口      1.247 米 /  10.0 秒  0.125 米/秒  直立最低 0.995  本机 22 秒
 2835  走满窗口      1.091 米 /  10.0 秒  0.109 米/秒  直立最低 0.998  本机 22 秒
 2836  走满窗口      1.303 米 /  10.0 秒  0.130 米/秒  直立最低 0.996  本机 23 秒
 2837  走满窗口      1.360 米 /  10.0 秒  0.136 米/秒  直立最低 0.997  本机 22 秒
 2838  走满窗口      1.133 米 /  10.0 秒  0.113 米/秒  直立最低 0.996  本机 23 秒
 2839  走满窗口      1.333 米 /  10.0 秒  0.133 米/秒  直立最低 0.998  本机 22 秒
 2840  走满窗口      1.284 米 /  10.0 秒  0.128 米/秒  直立最低 0.994  本机 22 秒
 2841  走满窗口      1.388 米 /  10.0 秒  0.139 米/秒  直立最低 0.998  本机 22 秒
 2842  走满窗口      0.776 米 /  10.0 秒  0.078 米/秒  直立最低 0.992  本机 22 秒
 2843  走满窗口      1.129 米 /  10.0 秒  0.113 米/秒  直立最低 0.992  本机 22 秒
 2844  走满窗口      1.205 米 /  10.0 秒  0.120 米/秒  直立最低 0.998  本机 22 秒
 2845  走满窗口      1.266 米 /  10.0 秒  0.127 米/秒  直立最低 0.997  本机 22 秒
 2846  走满窗口      0.722 米 /  10.0 秒  0.072 米/秒  直立最低 0.998  本机 23 秒
 2847  走满窗口      1.180 米 /  10.0 秒  0.118 米/秒  直立最低 0.998  本机 23 秒
 2848  走满窗口      0.833 米 /  10.0 秒  0.083 米/秒  直立最低 0.994  本机 22 秒
 2849  走满窗口      1.311 米 /  10.0 秒  0.131 米/秒  直立最低 0.998  本机 22 秒
 2850  走满窗口      1.326 米 /  10.0 秒  0.133 米/秒  直立最低 0.996  本机 22 秒
 2851  走满窗口      1.343 米 /  10.0 秒  0.134 米/秒  直立最低 0.998  本机 22 秒
 2852  走满窗口      1.117 米 /  10.0 秒  0.112 米/秒  直立最低 0.993  本机 23 秒
 2853  走满窗口      1.391 米 /  10.0 秒  0.139 米/秒  直立最低 0.997  本机 22 秒
 2854  走满窗口      0.984 米 /  10.0 秒  0.098 米/秒  直立最低 0.996  本机 22 秒
 2855  走满窗口      0.828 米 /  10.0 秒  0.083 米/秒  直立最低 0.994  本机 23 秒
 2856  走满窗口      1.271 米 /  10.0 秒  0.127 米/秒  直立最低 0.998  本机 22 秒
 2857  走满窗口      1.331 米 /  10.0 秒  0.133 米/秒  直立最低 0.998  本机 22 秒
 2858  走满窗口      1.465 米 /  10.0 秒  0.146 米/秒  直立最低 0.998  本机 23 秒
 2859  走满窗口      1.250 米 /  10.0 秒  0.125 米/秒  直立最低 0.998  本机 23 秒
 2860  走满窗口      1.116 米 /  10.0 秒  0.112 米/秒  直立最低 0.998  本机 23 秒
 2861  走满窗口      1.274 米 /  10.0 秒  0.127 米/秒  直立最低 0.994  本机 22 秒
 2862  走满窗口      1.189 米 /  10.0 秒  0.119 米/秒  直立最低 0.998  本机 22 秒
 2863  走满窗口      1.329 米 /  10.0 秒  0.133 米/秒  直立最低 0.998  本机 22 秒
 2864  走满窗口      1.345 米 /  10.0 秒  0.134 米/秒  直立最低 0.998  本机 22 秒
 2865  走满窗口      1.098 米 /  10.0 秒  0.110 米/秒  直立最低 0.997  本机 22 秒
 2866  走满窗口      1.197 米 /  10.0 秒  0.120 米/秒  直立最低 0.996  本机 22 秒
 2867  走满窗口      0.534 米 /  10.0 秒  0.053 米/秒  直立最低 0.995  本机 22 秒
 2868  走满窗口      1.287 米 /  10.0 秒  0.129 米/秒  直立最低 0.994  本机 22 秒
 2869  走满窗口      1.205 米 /  10.0 秒  0.121 米/秒  直立最低 0.997  本机 22 秒
 2870  走满窗口      1.287 米 /  10.0 秒  0.129 米/秒  直立最低 0.995  本机 22 秒
 2871  走满窗口      1.294 米 /  10.0 秒  0.129 米/秒  直立最低 0.997  本机 22 秒
 2872  走满窗口      1.316 米 /  10.0 秒  0.132 米/秒  直立最低 0.998  本机 22 秒
 2873  走满窗口      1.186 米 /  10.0 秒  0.119 米/秒  直立最低 0.998  本机 23 秒
 2874  走满窗口      1.246 米 /  10.0 秒  0.125 米/秒  直立最低 0.994  本机 23 秒
 2875  走满窗口      1.129 米 /  10.0 秒  0.113 米/秒  直立最低 0.995  本机 22 秒
 2876  走满窗口      1.255 米 /  10.0 秒  0.126 米/秒  直立最低 0.998  本机 23 秒
 2877  走满窗口      1.540 米 /  10.0 秒  0.154 米/秒  直立最低 0.998  本机 22 秒
 2878  走满窗口      1.252 米 /  10.0 秒  0.125 米/秒  直立最低 0.995  本机 23 秒
 2879  走满窗口      1.199 米 /  10.0 秒  0.120 米/秒  直立最低 0.998  本机 22 秒
 2880  走满窗口      1.101 米 /  10.0 秒  0.110 米/秒  直立最低 0.998  本机 23 秒
 2881  走满窗口      1.352 米 /  10.0 秒  0.135 米/秒  直立最低 0.998  本机 22 秒
 2882  走满窗口      1.247 米 /  10.0 秒  0.125 米/秒  直立最低 0.995  本机 22 秒
 2883  走满窗口      1.270 米 /  10.0 秒  0.127 米/秒  直立最低 0.998  本机 22 秒
 2884  走满窗口      1.311 米 /  10.0 秒  0.131 米/秒  直立最低 0.998  本机 22 秒
 2885  走满窗口      1.233 米 /  10.0 秒  0.123 米/秒  直立最低 0.998  本机 22 秒
 2886  走满窗口      0.575 米 /  10.0 秒  0.058 米/秒  直立最低 0.990  本机 23 秒
 2887  走满窗口      1.347 米 /  10.0 秒  0.135 米/秒  直立最低 0.998  本机 22 秒
 2888  走满窗口      1.066 米 /  10.0 秒  0.107 米/秒  直立最低 0.998  本机 22 秒
 2889  走满窗口      0.882 米 /  10.0 秒  0.088 米/秒  直立最低 0.994  本机 23 秒
 2890  走满窗口      1.132 米 /  10.0 秒  0.113 米/秒  直立最低 0.998  本机 22 秒
 2891  走满窗口      0.777 米 /  10.0 秒  0.078 米/秒  直立最低 0.995  本机 22 秒
 2892  走满窗口      1.377 米 /  10.0 秒  0.138 米/秒  直立最低 0.998  本机 23 秒
 2893  走满窗口      1.479 米 /  10.0 秒  0.148 米/秒  直立最低 0.995  本机 22 秒
 2894  走满窗口      1.272 米 /  10.0 秒  0.127 米/秒  直立最低 0.994  本机 22 秒
 2895  走满窗口      1.361 米 /  10.0 秒  0.136 米/秒  直立最低 0.998  本机 23 秒
 2896  走满窗口      1.113 米 /  10.0 秒  0.111 米/秒  直立最低 0.997  本机 23 秒
 2897  走满窗口      1.293 米 /  10.0 秒  0.129 米/秒  直立最低 0.994  本机 22 秒
 2898  走满窗口      0.952 米 /  10.0 秒  0.095 米/秒  直立最低 0.994  本机 22 秒
 2899  走满窗口      1.285 米 /  10.0 秒  0.128 米/秒  直立最低 0.996  本机 22 秒
 2900  走满窗口      1.168 米 /  10.0 秒  0.117 米/秒  直立最低 0.998  本机 22 秒
 2901  走满窗口      0.966 米 /  10.0 秒  0.097 米/秒  直立最低 0.993  本机 22 秒
 2902  走满窗口      1.134 米 /  10.0 秒  0.113 米/秒  直立最低 0.998  本机 22 秒
 2903  走满窗口      1.122 米 /  10.0 秒  0.112 米/秒  直立最低 0.998  本机 23 秒
 2904  走满窗口      1.312 米 /  10.0 秒  0.131 米/秒  直立最低 0.998  本机 22 秒
 2905  走满窗口      1.386 米 /  10.0 秒  0.139 米/秒  直立最低 0.998  本机 23 秒
 2906  走满窗口      1.388 米 /  10.0 秒  0.139 米/秒  直立最低 0.998  本机 23 秒
 2907  走满窗口      1.365 米 /  10.0 秒  0.136 米/秒  直立最低 0.998  本机 22 秒
 2908  走满窗口      1.258 米 /  10.0 秒  0.126 米/秒  直立最低 0.996  本机 22 秒
 2909  走满窗口      1.234 米 /  10.0 秒  0.123 米/秒  直立最低 0.998  本机 23 秒
 2910  走满窗口      1.349 米 /  10.0 秒  0.135 米/秒  直立最低 0.998  本机 22 秒
 2911  走满窗口      1.266 米 /  10.0 秒  0.127 米/秒  直立最低 0.994  本机 22 秒
 2912  走满窗口      1.179 米 /  10.0 秒  0.118 米/秒  直立最低 0.995  本机 22 秒
 2913  走满窗口      1.336 米 /  10.0 秒  0.134 米/秒  直立最低 0.998  本机 22 秒
 2914  走满窗口      1.294 米 /  10.0 秒  0.129 米/秒  直立最低 0.998  本机 23 秒
 2915  走满窗口      1.352 米 /  10.0 秒  0.135 米/秒  直立最低 0.998  本机 22 秒
 2916  走满窗口      1.279 米 /  10.0 秒  0.128 米/秒  直立最低 0.996  本机 22 秒
 2917  走满窗口      0.681 米 /  10.0 秒  0.068 米/秒  直立最低 0.994  本机 23 秒
 2918  走满窗口      1.349 米 /  10.0 秒  0.135 米/秒  直立最低 0.994  本机 23 秒
 2919  走满窗口      1.364 米 /  10.0 秒  0.136 米/秒  直立最低 0.998  本机 23 秒
 2920  走满窗口      1.245 米 /  10.0 秒  0.124 米/秒  直立最低 0.994  本机 22 秒
 2921  走满窗口      1.361 米 /  10.0 秒  0.136 米/秒  直立最低 0.998  本机 22 秒
 2922  走满窗口      1.382 米 /  10.0 秒  0.138 米/秒  直立最低 0.998  本机 22 秒
 2923  走满窗口      1.412 米 /  10.0 秒  0.141 米/秒  直立最低 0.998  本机 23 秒
 2924  走满窗口      1.087 米 /  10.0 秒  0.109 米/秒  直立最低 0.998  本机 22 秒
 2925  走满窗口      1.000 米 /  10.0 秒  0.100 米/秒  直立最低 0.997  本机 22 秒
 2926  走满窗口      1.253 米 /  10.0 秒  0.125 米/秒  直立最低 0.992  本机 22 秒
 2927  走满窗口      1.163 米 /  10.0 秒  0.116 米/秒  直立最低 0.997  本机 22 秒
 2928  走满窗口      1.243 米 /  10.0 秒  0.124 米/秒  直立最低 0.995  本机 23 秒
 2929  走满窗口      1.346 米 /  10.0 秒  0.135 米/秒  直立最低 0.998  本机 22 秒
 2930  走满窗口      1.236 米 /  10.0 秒  0.124 米/秒  直立最低 0.995  本机 22 秒
 2931  走满窗口      0.720 米 /  10.0 秒  0.072 米/秒  直立最低 0.995  本机 22 秒
 2932  走满窗口      1.316 米 /  10.0 秒  0.132 米/秒  直立最低 0.998  本机 22 秒
 2933  走满窗口      1.184 米 /  10.0 秒  0.118 米/秒  直立最低 0.998  本机 22 秒
 2934  走满窗口      1.312 米 /  10.0 秒  0.131 米/秒  直立最低 0.998  本机 22 秒
 2935  走满窗口      1.302 米 /  10.0 秒  0.130 米/秒  直立最低 0.994  本机 23 秒
 2936  走满窗口      1.300 米 /  10.0 秒  0.130 米/秒  直立最低 0.997  本机 22 秒
 2937  走满窗口      0.524 米 /  10.0 秒  0.052 米/秒  直立最低 0.996  本机 23 秒
 2938  走满窗口      1.340 米 /  10.0 秒  0.134 米/秒  直立最低 0.998  本机 22 秒
 2939  走满窗口      0.982 米 /  10.0 秒  0.098 米/秒  直立最低 0.997  本机 23 秒
 2940  走满窗口      0.970 米 /  10.0 秒  0.097 米/秒  直立最低 0.998  本机 23 秒
 2941  走满窗口      1.348 米 /  10.0 秒  0.135 米/秒  直立最低 0.998  本机 22 秒
 2942  走满窗口      1.140 米 /  10.0 秒  0.114 米/秒  直立最低 0.998  本机 22 秒
 2943  走满窗口      1.397 米 /  10.0 秒  0.140 米/秒  直立最低 0.998  本机 23 秒
 2944  走满窗口      1.374 米 /  10.0 秒  0.137 米/秒  直立最低 0.994  本机 22 秒
 2945  走满窗口      1.338 米 /  10.0 秒  0.134 米/秒  直立最低 0.998  本机 23 秒
 2946  走满窗口      1.392 米 /  10.0 秒  0.139 米/秒  直立最低 0.998  本机 22 秒
 2947  走满窗口      0.971 米 /  10.0 秒  0.097 米/秒  直立最低 0.999  本机 22 秒
 2948  走满窗口      1.284 米 /  10.0 秒  0.128 米/秒  直立最低 0.993  本机 22 秒
 2949  走满窗口      1.322 米 /  10.0 秒  0.132 米/秒  直立最低 0.994  本机 22 秒
 2950  走满窗口      1.332 米 /  10.0 秒  0.133 米/秒  直立最低 0.998  本机 22 秒
 2951  走满窗口      1.321 米 /  10.0 秒  0.132 米/秒  直立最低 0.998  本机 22 秒
 2952  走满窗口      1.318 米 /  10.0 秒  0.132 米/秒  直立最低 0.998  本机 23 秒
 2953  走满窗口      1.298 米 /  10.0 秒  0.130 米/秒  直立最低 0.998  本机 22 秒
 2954  走满窗口      1.231 米 /  10.0 秒  0.123 米/秒  直立最低 0.996  本机 22 秒
 2955  走满窗口      1.278 米 /  10.0 秒  0.128 米/秒  直立最低 0.995  本机 22 秒
 2956  走满窗口      1.404 米 /  10.0 秒  0.140 米/秒  直立最低 0.998  本机 23 秒
 2957  走满窗口      1.318 米 /  10.0 秒  0.132 米/秒  直立最低 0.998  本机 22 秒
 2958  走满窗口      1.293 米 /  10.0 秒  0.129 米/秒  直立最低 0.997  本机 22 秒
 2959  走满窗口      1.249 米 /  10.0 秒  0.125 米/秒  直立最低 0.995  本机 22 秒
 2960  没建出来：ValueError: structural lower bounds exceed an incoming budget
 2961  走满窗口      0.625 米 /  10.0 秒  0.063 米/秒  直立最低 0.991  本机 22 秒
 2962  走满窗口      0.588 米 /  10.0 秒  0.059 米/秒  直立最低 0.992  本机 22 秒
 2963  走满窗口      1.396 米 /  10.0 秒  0.140 米/秒  直立最低 0.998  本机 22 秒
 2964  走满窗口      1.089 米 /  10.0 秒  0.109 米/秒  直立最低 0.997  本机 22 秒
 2965  没建出来：ValueError: structural lower bounds exceed an incoming budget
 2966  走满窗口      1.336 米 /  10.0 秒  0.134 米/秒  直立最低 0.992  本机 22 秒
 2967  走满窗口      1.298 米 /  10.0 秒  0.130 米/秒  直立最低 0.995  本机 22 秒
 2968  走满窗口      1.146 米 /  10.0 秒  0.115 米/秒  直立最低 0.994  本机 22 秒
 2969  走满窗口      1.219 米 /  10.0 秒  0.122 米/秒  直立最低 0.994  本机 23 秒
 2970  走满窗口      1.265 米 /  10.0 秒  0.127 米/秒  直立最低 0.997  本机 23 秒
 2971  走满窗口      1.338 米 /  10.0 秒  0.134 米/秒  直立最低 0.998  本机 23 秒
 2972  走满窗口      1.312 米 /  10.0 秒  0.131 米/秒  直立最低 0.998  本机 22 秒
 2973  走满窗口      1.130 米 /  10.0 秒  0.113 米/秒  直立最低 0.994  本机 22 秒
 2974  走满窗口      1.357 米 /  10.0 秒  0.136 米/秒  直立最低 0.998  本机 22 秒
 2975  走满窗口      1.292 米 /  10.0 秒  0.129 米/秒  直立最低 0.994  本机 22 秒
 2976  走满窗口      1.253 米 /  10.0 秒  0.125 米/秒  直立最低 0.998  本机 22 秒
 2977  走满窗口      1.318 米 /  10.0 秒  0.132 米/秒  直立最低 0.998  本机 23 秒
 2978  走满窗口      1.144 米 /  10.0 秒  0.114 米/秒  直立最低 0.998  本机 23 秒
 2979  走满窗口      1.379 米 /  10.0 秒  0.138 米/秒  直立最低 0.998  本机 22 秒
 2980  走满窗口      1.287 米 /  10.0 秒  0.129 米/秒  直立最低 0.995  本机 22 秒
 2981  走满窗口      1.613 米 /  10.0 秒  0.161 米/秒  直立最低 0.997  本机 22 秒
 2982  走满窗口      0.610 米 /  10.0 秒  0.061 米/秒  直立最低 0.995  本机 22 秒
 2983  走满窗口      1.063 米 /  10.0 秒  0.106 米/秒  直立最低 0.992  本机 22 秒
 2984  走满窗口      1.331 米 /  10.0 秒  0.133 米/秒  直立最低 0.998  本机 22 秒
 2985  走满窗口      1.331 米 /  10.0 秒  0.133 米/秒  直立最低 0.998  本机 22 秒
 2986  走满窗口      1.270 米 /  10.0 秒  0.127 米/秒  直立最低 0.994  本机 22 秒
 2987  走满窗口      1.295 米 /  10.0 秒  0.129 米/秒  直立最低 0.994  本机 22 秒
 2988  走满窗口      1.271 米 /  10.0 秒  0.127 米/秒  直立最低 0.995  本机 22 秒
 2989  走满窗口      1.161 米 /  10.0 秒  0.116 米/秒  直立最低 0.998  本机 23 秒
 2990  走满窗口      1.356 米 /  10.0 秒  0.136 米/秒  直立最低 0.998  本机 23 秒
 2991  走满窗口      1.345 米 /  10.0 秒  0.135 米/秒  直立最低 0.998  本机 23 秒
 2992  走满窗口      1.220 米 /  10.0 秒  0.122 米/秒  直立最低 0.998  本机 22 秒
 2993  走满窗口      0.530 米 /  10.0 秒  0.053 米/秒  直立最低 0.996  本机 22 秒
 2994  走满窗口      1.361 米 /  10.0 秒  0.136 米/秒  直立最低 0.998  本机 22 秒
 2995  走满窗口      1.334 米 /  10.0 秒  0.133 米/秒  直立最低 0.998  本机 22 秒
 2996  走满窗口      1.254 米 /  10.0 秒  0.125 米/秒  直立最低 0.995  本机 22 秒
 2997  走满窗口      1.370 米 /  10.0 秒  0.137 米/秒  直立最低 0.998  本机 22 秒
 2998  走满窗口      1.325 米 /  10.0 秒  0.132 米/秒  直立最低 0.997  本机 23 秒
 2999  走满窗口      1.269 米 /  10.0 秒  0.127 米/秒  直立最低 0.995  本机 22 秒
 3000  走满窗口      1.446 米 /  10.0 秒  0.145 米/秒  直立最低 0.998  本机 22 秒
 3001  走满窗口      1.374 米 /  10.0 秒  0.137 米/秒  直立最低 0.998  本机 22 秒
 3002  走满窗口      1.341 米 /  10.0 秒  0.134 米/秒  直立最低 0.998  本机 22 秒
 3003  走满窗口      1.061 米 /  10.0 秒  0.106 米/秒  直立最低 0.996  本机 23 秒
 3004  走满窗口      1.332 米 /  10.0 秒  0.133 米/秒  直立最低 0.998  本机 23 秒
 3005  走满窗口      1.332 米 /  10.0 秒  0.133 米/秒  直立最低 0.998  本机 22 秒
 3006  走满窗口      1.302 米 /  10.0 秒  0.130 米/秒  直立最低 0.995  本机 22 秒
 3007  走满窗口      1.333 米 /  10.0 秒  0.133 米/秒  直立最低 0.998  本机 22 秒
 3008  没建出来：ValueError: structural lower bounds exceed an incoming budget
 3009  走满窗口      0.977 米 /  10.0 秒  0.098 米/秒  直立最低 0.998  本机 22 秒
 3010  走满窗口      1.334 米 /  10.0 秒  0.133 米/秒  直立最低 0.995  本机 23 秒
 3011  走满窗口      1.332 米 /  10.0 秒  0.133 米/秒  直立最低 0.998  本机 22 秒
 3012  走满窗口      1.356 米 /  10.0 秒  0.136 米/秒  直立最低 0.998  本机 22 秒
 3013  走满窗口      1.411 米 /  10.0 秒  0.141 米/秒  直立最低 0.998  本机 23 秒
 3014  走满窗口      1.259 米 /  10.0 秒  0.126 米/秒  直立最低 0.996  本机 22 秒
 3015  走满窗口      1.352 米 /  10.0 秒  0.135 米/秒  直立最低 0.998  本机 22 秒
 3016  走满窗口      1.292 米 /  10.0 秒  0.129 米/秒  直立最低 0.996  本机 22 秒
 3017  走满窗口      1.209 米 /  10.0 秒  0.121 米/秒  直立最低 0.998  本机 22 秒
 3018  走满窗口      1.287 米 /  10.0 秒  0.129 米/秒  直立最低 0.997  本机 23 秒
 3019  走满窗口      1.293 米 /  10.0 秒  0.129 米/秒  直立最低 0.996  本机 23 秒
 3020  走满窗口      1.239 米 /  10.0 秒  0.124 米/秒  直立最低 0.995  本机 23 秒
 3021  走满窗口      1.352 米 /  10.0 秒  0.135 米/秒  直立最低 0.998  本机 23 秒
 3022  走满窗口      1.245 米 /  10.0 秒  0.124 米/秒  直立最低 0.995  本机 22 秒
 3023  走满窗口      1.025 米 /  10.0 秒  0.103 米/秒  直立最低 0.998  本机 23 秒
 3024  走满窗口      1.275 米 /  10.0 秒  0.128 米/秒  直立最低 0.994  本机 22 秒
 3025  走满窗口      1.028 米 /  10.0 秒  0.103 米/秒  直立最低 0.998  本机 22 秒
 3026  走满窗口      1.331 米 /  10.0 秒  0.133 米/秒  直立最低 0.997  本机 22 秒
 3027  走满窗口      1.345 米 /  10.0 秒  0.134 米/秒  直立最低 0.998  本机 22 秒
 3028  没建出来：ValueError: structural lower bounds exceed an incoming budget
 3029  走满窗口      1.468 米 /  10.0 秒  0.147 米/秒  直立最低 0.998  本机 23 秒
 3030  走满窗口      1.250 米 /  10.0 秒  0.125 米/秒  直立最低 0.994  本机 22 秒
 3031  走满窗口      1.216 米 /  10.0 秒  0.122 米/秒  直立最低 0.998  本机 22 秒
 3032  走满窗口      1.310 米 /  10.0 秒  0.131 米/秒  直立最低 0.997  本机 22 秒
 3033  走满窗口      1.352 米 /  10.0 秒  0.135 米/秒  直立最低 0.998  本机 22 秒
 3034  走满窗口      1.256 米 /  10.0 秒  0.126 米/秒  直立最低 0.995  本机 22 秒
 3035  走满窗口      1.316 米 /  10.0 秒  0.132 米/秒  直立最低 0.994  本机 22 秒
 3036  走满窗口      1.292 米 /  10.0 秒  0.129 米/秒  直立最低 0.996  本机 22 秒
 3037  走满窗口      1.154 米 /  10.0 秒  0.115 米/秒  直立最低 0.998  本机 21 秒
 3038  走满窗口      1.061 米 /  10.0 秒  0.106 米/秒  直立最低 0.998  本机 22 秒
 3039  走满窗口      0.880 米 /  10.0 秒  0.088 米/秒  直立最低 0.993  本机 22 秒
 3040  走满窗口      1.370 米 /  10.0 秒  0.137 米/秒  直立最低 0.998  本机 23 秒
 3041  走满窗口      1.365 米 /  10.0 秒  0.136 米/秒  直立最低 0.998  本机 22 秒
 3042  走满窗口      1.200 米 /  10.0 秒  0.120 米/秒  直立最低 0.998  本机 22 秒
 3043  走满窗口      1.300 米 /  10.0 秒  0.130 米/秒  直立最低 0.995  本机 22 秒
 3044  走满窗口      1.249 米 /  10.0 秒  0.125 米/秒  直立最低 0.995  本机 22 秒
 3045  走满窗口      1.008 米 /  10.0 秒  0.101 米/秒  直立最低 0.998  本机 22 秒
 3046  走满窗口      1.611 米 /  10.0 秒  0.161 米/秒  直立最低 0.996  本机 23 秒
 3047  走满窗口      1.279 米 /  10.0 秒  0.128 米/秒  直立最低 0.996  本机 23 秒
 3048  走满窗口      1.031 米 /  10.0 秒  0.103 米/秒  直立最低 0.998  本机 22 秒
 3049  走满窗口      1.366 米 /  10.0 秒  0.137 米/秒  直立最低 0.998  本机 22 秒
 3050  走满窗口      1.269 米 /  10.0 秒  0.127 米/秒  直立最低 0.995  本机 22 秒
 3051  走满窗口      1.287 米 /  10.0 秒  0.129 米/秒  直立最低 0.998  本机 22 秒
 3052  走满窗口      1.335 米 /  10.0 秒  0.133 米/秒  直立最低 0.997  本机 22 秒
 3053  走满窗口      1.135 米 /  10.0 秒  0.113 米/秒  直立最低 0.998  本机 22 秒
 3054  走满窗口      1.343 米 /  10.0 秒  0.134 米/秒  直立最低 0.998  本机 22 秒
 3055  走满窗口      1.216 米 /  10.0 秒  0.122 米/秒  直立最低 0.995  本机 22 秒
 3056  走满窗口      1.279 米 /  10.0 秒  0.128 米/秒  直立最低 0.998  本机 22 秒
 3057  走满窗口      1.051 米 /  10.0 秒  0.105 米/秒  直立最低 0.994  本机 23 秒
 3058  走满窗口      1.330 米 /  10.0 秒  0.133 米/秒  直立最低 0.997  本机 22 秒
 3059  走满窗口      1.007 米 /  10.0 秒  0.101 米/秒  直立最低 0.998  本机 22 秒
 3060  走满窗口      1.401 米 /  10.0 秒  0.140 米/秒  直立最低 0.998  本机 22 秒
 3061  走满窗口      1.369 米 /  10.0 秒  0.137 米/秒  直立最低 0.997  本机 22 秒
 3062  走满窗口      1.105 米 /  10.0 秒  0.111 米/秒  直立最低 0.998  本机 22 秒
 3063  走满窗口      1.243 米 /  10.0 秒  0.124 米/秒  直立最低 0.995  本机 22 秒
 3064  走满窗口      1.223 米 /  10.0 秒  0.122 米/秒  直立最低 0.996  本机 22 秒
 3065  走满窗口      0.842 米 /  10.0 秒  0.084 米/秒  直立最低 0.991  本机 22 秒
 3066  走满窗口      0.948 米 /  10.0 秒  0.095 米/秒  直立最低 0.992  本机 22 秒
 3067  走满窗口      1.378 米 /  10.0 秒  0.138 米/秒  直立最低 0.994  本机 22 秒
 3068  走满窗口      0.862 米 /  10.0 秒  0.086 米/秒  直立最低 0.994  本机 23 秒
 3069  走满窗口      1.169 米 /  10.0 秒  0.117 米/秒  直立最低 0.993  本机 23 秒
 3070  走满窗口      1.207 米 /  10.0 秒  0.121 米/秒  直立最低 0.998  本机 22 秒
 3071  走满窗口      1.394 米 /  10.0 秒  0.139 米/秒  直立最低 0.998  本机 22 秒
 3072  走满窗口      1.377 米 /  10.0 秒  0.138 米/秒  直立最低 0.998  本机 22 秒
 3073  走满窗口      1.326 米 /  10.0 秒  0.133 米/秒  直立最低 0.997  本机 22 秒
 3074  走满窗口      1.312 米 /  10.0 秒  0.131 米/秒  直立最低 0.994  本机 22 秒
 3075  走满窗口      0.946 米 /  10.0 秒  0.095 米/秒  直立最低 0.995  本机 22 秒
 3076  走满窗口      1.331 米 /  10.0 秒  0.133 米/秒  直立最低 0.998  本机 23 秒
 3077  走满窗口      1.322 米 /  10.0 秒  0.132 米/秒  直立最低 0.998  本机 22 秒
 3078  走满窗口      1.196 米 /  10.0 秒  0.120 米/秒  直立最低 0.996  本机 23 秒
 3079  走满窗口      1.138 米 /  10.0 秒  0.114 米/秒  直立最低 0.995  本机 22 秒
 3080  走满窗口      0.974 米 /  10.0 秒  0.097 米/秒  直立最低 0.994  本机 22 秒
 3081  走满窗口      1.223 米 /  10.0 秒  0.122 米/秒  直立最低 0.996  本机 23 秒
 3082  走满窗口      1.336 米 /  10.0 秒  0.134 米/秒  直立最低 0.998  本机 22 秒
 3083  走满窗口      1.316 米 /  10.0 秒  0.132 米/秒  直立最低 0.996  本机 23 秒
 3084  走满窗口      1.111 米 /  10.0 秒  0.111 米/秒  直立最低 0.998  本机 22 秒
 3085  走满窗口      1.247 米 /  10.0 秒  0.125 米/秒  直立最低 0.998  本机 22 秒
 3086  走满窗口      1.377 米 /  10.0 秒  0.138 米/秒  直立最低 0.998  本机 22 秒
 3087  走满窗口      1.378 米 /  10.0 秒  0.138 米/秒  直立最低 0.998  本机 22 秒
 3088  走满窗口      1.061 米 /  10.0 秒  0.106 米/秒  直立最低 0.998  本机 22 秒
 3089  走满窗口      1.132 米 /  10.0 秒  0.113 米/秒  直立最低 0.997  本机 22 秒
 3090  走满窗口      0.655 米 /  10.0 秒  0.065 米/秒  直立最低 0.998  本机 22 秒
 3091  走满窗口      1.417 米 /  10.0 秒  0.142 米/秒  直立最低 0.998  本机 22 秒
 3092  走满窗口      1.159 米 /  10.0 秒  0.116 米/秒  直立最低 0.995  本机 22 秒
 3093  走满窗口      1.112 米 /  10.0 秒  0.111 米/秒  直立最低 0.998  本机 23 秒
 3094  走满窗口      1.316 米 /  10.0 秒  0.132 米/秒  直立最低 0.998  本机 23 秒
 3095  走满窗口      1.252 米 /  10.0 秒  0.125 米/秒  直立最低 0.995  本机 23 秒
 3096  走满窗口      1.251 米 /  10.0 秒  0.125 米/秒  直立最低 0.998  本机 23 秒
 3097  走满窗口      1.348 米 /  10.0 秒  0.135 米/秒  直立最低 0.996  本机 23 秒
 3098  走满窗口      1.379 米 /  10.0 秒  0.138 米/秒  直立最低 0.998  本机 22 秒
 3099  走满窗口      1.252 米 /  10.0 秒  0.125 米/秒  直立最低 0.995  本机 22 秒
 3100  走满窗口      1.347 米 /  10.0 秒  0.135 米/秒  直立最低 0.998  本机 22 秒
 3101  走满窗口      1.379 米 /  10.0 秒  0.138 米/秒  直立最低 0.998  本机 22 秒
 3102  走满窗口      0.734 米 /  10.0 秒  0.073 米/秒  直立最低 0.995  本机 22 秒
 3103  走满窗口      1.206 米 /  10.0 秒  0.121 米/秒  直立最低 0.998  本机 22 秒
 3104  走满窗口      1.309 米 /  10.0 秒  0.131 米/秒  直立最低 0.998  本机 23 秒
 3105  走满窗口      1.267 米 /  10.0 秒  0.127 米/秒  直立最低 0.994  本机 22 秒
 3106  走满窗口      0.661 米 /  10.0 秒  0.066 米/秒  直立最低 0.987  本机 22 秒
 3107  走满窗口      1.296 米 /  10.0 秒  0.130 米/秒  直立最低 0.995  本机 23 秒
 3108  走满窗口      1.299 米 /  10.0 秒  0.130 米/秒  直立最低 0.994  本机 22 秒
 3109  走满窗口      1.005 米 /  10.0 秒  0.101 米/秒  直立最低 0.996  本机 22 秒
 3110  走满窗口      1.382 米 /  10.0 秒  0.138 米/秒  直立最低 0.997  本机 22 秒
 3111  走满窗口      1.280 米 /  10.0 秒  0.128 米/秒  直立最低 0.996  本机 22 秒
 3112  走满窗口      1.241 米 /  10.0 秒  0.124 米/秒  直立最低 0.995  本机 22 秒
 3113  走满窗口      1.287 米 /  10.0 秒  0.129 米/秒  直立最低 0.994  本机 22 秒
 3114  走满窗口      1.293 米 /  10.0 秒  0.129 米/秒  直立最低 0.997  本机 22 秒
 3115  走满窗口      1.284 米 /  10.0 秒  0.128 米/秒  直立最低 0.994  本机 22 秒
 3116  走满窗口      1.336 米 /  10.0 秒  0.134 米/秒  直立最低 0.998  本机 22 秒
 3117  走满窗口      1.357 米 /  10.0 秒  0.136 米/秒  直立最低 0.998  本机 22 秒
 3118  走满窗口      0.634 米 /  10.0 秒  0.063 米/秒  直立最低 0.992  本机 22 秒
 3119  走满窗口      1.103 米 /  10.0 秒  0.110 米/秒  直立最低 0.997  本机 22 秒
 3120  走满窗口      1.355 米 /  10.0 秒  0.135 米/秒  直立最低 0.998  本机 22 秒
 3121  走满窗口      1.332 米 /  10.0 秒  0.133 米/秒  直立最低 0.998  本机 23 秒
 3122  走满窗口      1.253 米 /  10.0 秒  0.125 米/秒  直立最低 0.995  本机 22 秒
 3123  走满窗口      1.405 米 /  10.0 秒  0.140 米/秒  直立最低 0.998  本机 22 秒
 3124  走满窗口      1.373 米 /  10.0 秒  0.137 米/秒  直立最低 0.998  本机 22 秒
 3125  走满窗口      1.220 米 /  10.0 秒  0.122 米/秒  直立最低 0.998  本机 23 秒
 3126  走满窗口      1.101 米 /  10.0 秒  0.110 米/秒  直立最低 0.996  本机 23 秒
 3127  走满窗口      1.216 米 /  10.0 秒  0.122 米/秒  直立最低 0.997  本机 23 秒
 3128  走满窗口      1.283 米 /  10.0 秒  0.128 米/秒  直立最低 0.996  本机 23 秒
 3129  走满窗口      0.936 米 /  10.0 秒  0.094 米/秒  直立最低 0.995  本机 23 秒
 3130  走满窗口      1.293 米 /  10.0 秒  0.129 米/秒  直立最低 0.997  本机 23 秒
 3131  走满窗口      1.379 米 /  10.0 秒  0.138 米/秒  直立最低 0.998  本机 23 秒
 3132  走满窗口      1.071 米 /  10.0 秒  0.107 米/秒  直立最低 0.997  本机 23 秒
 3133  走满窗口      1.384 米 /  10.0 秒  0.138 米/秒  直立最低 0.998  本机 23 秒
 3134  走满窗口      1.453 米 /  10.0 秒  0.145 米/秒  直立最低 0.998  本机 23 秒
 3135  走满窗口      1.291 米 /  10.0 秒  0.129 米/秒  直立最低 0.998  本机 22 秒
 3136  走满窗口      1.191 米 /  10.0 秒  0.119 米/秒  直立最低 0.998  本机 22 秒
 3137  走满窗口      1.248 米 /  10.0 秒  0.125 米/秒  直立最低 0.995  本机 22 秒
 3138  走满窗口      1.360 米 /  10.0 秒  0.136 米/秒  直立最低 0.994  本机 22 秒
 3139  走满窗口      1.360 米 /  10.0 秒  0.136 米/秒  直立最低 0.998  本机 22 秒
 3140  走满窗口      1.325 米 /  10.0 秒  0.133 米/秒  直立最低 0.998  本机 22 秒
 3141  走满窗口      1.326 米 /  10.0 秒  0.133 米/秒  直立最低 0.998  本机 22 秒
 3142  走满窗口      1.234 米 /  10.0 秒  0.123 米/秒  直立最低 0.995  本机 23 秒
 3143  走满窗口      1.365 米 /  10.0 秒  0.137 米/秒  直立最低 0.998  本机 23 秒
 3144  走满窗口      1.242 米 /  10.0 秒  0.124 米/秒  直立最低 0.994  本机 22 秒
 3145  走满窗口      0.485 米 /  10.0 秒  0.048 米/秒  直立最低 0.993  本机 23 秒
 3146  走满窗口      1.240 米 /  10.0 秒  0.124 米/秒  直立最低 0.995  本机 22 秒
 3147  走满窗口      1.312 米 /  10.0 秒  0.131 米/秒  直立最低 0.998  本机 22 秒
 3148  走满窗口      1.368 米 /  10.0 秒  0.137 米/秒  直立最低 0.998  本机 22 秒
 3149  走满窗口      0.830 米 /  10.0 秒  0.083 米/秒  直立最低 0.994  本机 22 秒
 3150  走满窗口      1.281 米 /  10.0 秒  0.128 米/秒  直立最低 0.998  本机 22 秒
 3151  走满窗口      1.242 米 /  10.0 秒  0.124 米/秒  直立最低 0.995  本机 22 秒
 3152  走满窗口      1.368 米 /  10.0 秒  0.137 米/秒  直立最低 0.998  本机 22 秒
 3153  走满窗口      1.263 米 /  10.0 秒  0.126 米/秒  直立最低 0.995  本机 22 秒
 3154  走满窗口      1.310 米 /  10.0 秒  0.131 米/秒  直立最低 0.996  本机 22 秒
 3155  走满窗口      1.664 米 /  10.0 秒  0.166 米/秒  直立最低 0.997  本机 22 秒
 3156  走满窗口      1.249 米 /  10.0 秒  0.125 米/秒  直立最低 0.995  本机 22 秒
 3157  走满窗口      1.252 米 /  10.0 秒  0.125 米/秒  直立最低 0.995  本机 22 秒
 3158  走满窗口      1.373 米 /  10.0 秒  0.137 米/秒  直立最低 0.998  本机 22 秒
 3159  走满窗口      1.315 米 /  10.0 秒  0.131 米/秒  直立最低 0.998  本机 22 秒
 3160  走满窗口      1.408 米 /  10.0 秒  0.141 米/秒  直立最低 0.998  本机 22 秒
 3161  走满窗口      1.294 米 /  10.0 秒  0.129 米/秒  直立最低 0.994  本机 22 秒
 3162  走满窗口      1.424 米 /  10.0 秒  0.142 米/秒  直立最低 0.998  本机 23 秒
 3163  走满窗口      0.911 米 /  10.0 秒  0.091 米/秒  直立最低 0.993  本机 23 秒
 3164  走满窗口      0.590 米 /  10.0 秒  0.059 米/秒  直立最低 0.992  本机 23 秒
 3165  走满窗口      1.231 米 /  10.0 秒  0.123 米/秒  直立最低 0.994  本机 23 秒
 3166  走满窗口      1.275 米 /  10.0 秒  0.127 米/秒  直立最低 0.994  本机 23 秒
 3167  走满窗口      1.357 米 /  10.0 秒  0.136 米/秒  直立最低 0.996  本机 22 秒
 3168  走满窗口      1.003 米 /  10.0 秒  0.100 米/秒  直立最低 0.994  本机 22 秒
 3169  走满窗口      1.288 米 /  10.0 秒  0.129 米/秒  直立最低 0.998  本机 22 秒
 3170  走满窗口      1.376 米 /  10.0 秒  0.138 米/秒  直立最低 0.998  本机 22 秒
 3171  走满窗口      1.359 米 /  10.0 秒  0.136 米/秒  直立最低 0.998  本机 23 秒
 3172  走满窗口      1.421 米 /  10.0 秒  0.142 米/秒  直立最低 0.998  本机 23 秒
 3173  走满窗口      1.342 米 /  10.0 秒  0.134 米/秒  直立最低 0.998  本机 23 秒
 3174  走满窗口      1.252 米 /  10.0 秒  0.125 米/秒  直立最低 0.996  本机 22 秒
 3175  走满窗口      1.069 米 /  10.0 秒  0.107 米/秒  直立最低 0.998  本机 22 秒
 3176  走满窗口      1.398 米 /  10.0 秒  0.140 米/秒  直立最低 0.998  本机 22 秒
 3177  走满窗口      1.247 米 /  10.0 秒  0.125 米/秒  直立最低 0.995  本机 22 秒
 3178  走满窗口      1.346 米 /  10.0 秒  0.135 米/秒  直立最低 0.998  本机 22 秒
 3179  走满窗口      0.912 米 /  10.0 秒  0.091 米/秒  直立最低 0.995  本机 22 秒
 3180  走满窗口      0.623 米 /  10.0 秒  0.062 米/秒  直立最低 0.989  本机 22 秒
 3181  走满窗口      1.333 米 /  10.0 秒  0.133 米/秒  直立最低 0.998  本机 22 秒
 3182  走满窗口      1.283 米 /  10.0 秒  0.128 米/秒  直立最低 0.994  本机 23 秒
 3183  走满窗口      1.391 米 /  10.0 秒  0.139 米/秒  直立最低 0.998  本机 23 秒
 3184  走满窗口      1.361 米 /  10.0 秒  0.136 米/秒  直立最低 0.998  本机 22 秒
 3185  走满窗口      1.114 米 /  10.0 秒  0.111 米/秒  直立最低 0.998  本机 22 秒
 3186  走满窗口      1.035 米 /  10.0 秒  0.104 米/秒  直立最低 0.998  本机 22 秒
 3187  走满窗口      0.895 米 /  10.0 秒  0.090 米/秒  直立最低 0.994  本机 22 秒
 3188  走满窗口      1.341 米 /  10.0 秒  0.134 米/秒  直立最低 0.998  本机 22 秒
 3189  走满窗口      1.172 米 /  10.0 秒  0.117 米/秒  直立最低 0.996  本机 22 秒
 3190  走满窗口      1.214 米 /  10.0 秒  0.121 米/秒  直立最低 0.994  本机 23 秒
 3191  走满窗口      1.250 米 /  10.0 秒  0.125 米/秒  直立最低 0.995  本机 22 秒
 3192  走满窗口      0.955 米 /  10.0 秒  0.096 米/秒  直立最低 0.993  本机 22 秒
 3193  走满窗口      1.363 米 /  10.0 秒  0.136 米/秒  直立最低 0.994  本机 22 秒
 3194  走满窗口      1.268 米 /  10.0 秒  0.127 米/秒  直立最低 0.994  本机 23 秒
 3195  走满窗口      1.363 米 /  10.0 秒  0.136 米/秒  直立最低 0.998  本机 22 秒
 3196  走满窗口      1.267 米 /  10.0 秒  0.127 米/秒  直立最低 0.995  本机 22 秒
 3197  走满窗口      0.796 米 /  10.0 秒  0.080 米/秒  直立最低 0.999  本机 22 秒
 3198  走满窗口      1.255 米 /  10.0 秒  0.126 米/秒  直立最低 0.994  本机 22 秒
 3199  走满窗口      1.413 米 /  10.0 秒  0.141 米/秒  直立最低 0.998  本机 23 秒
 3200  走满窗口      1.261 米 /  10.0 秒  0.126 米/秒  直立最低 0.994  本机 23 秒
 3201  走满窗口      1.372 米 /  10.0 秒  0.137 米/秒  直立最低 0.998  本机 22 秒
 3202  走满窗口      0.901 米 /  10.0 秒  0.090 米/秒  直立最低 0.994  本机 22 秒
 3203  走满窗口      1.173 米 /  10.0 秒  0.117 米/秒  直立最低 0.991  本机 22 秒
 3204  走满窗口      0.824 米 /  10.0 秒  0.082 米/秒  直立最低 0.994  本机 23 秒
 3205  走满窗口      1.083 米 /  10.0 秒  0.108 米/秒  直立最低 0.997  本机 22 秒
 3206  走满窗口      0.846 米 /  10.0 秒  0.085 米/秒  直立最低 0.993  本机 22 秒
 3207  走满窗口      1.446 米 /  10.0 秒  0.145 米/秒  直立最低 0.998  本机 23 秒
 3208  走满窗口      0.975 米 /  10.0 秒  0.097 米/秒  直立最低 0.998  本机 23 秒
 3209  走满窗口      1.437 米 /  10.0 秒  0.144 米/秒  直立最低 0.997  本机 22 秒
 3210  走满窗口      1.387 米 /  10.0 秒  0.139 米/秒  直立最低 0.998  本机 22 秒
 3211  走满窗口      1.635 米 /  10.0 秒  0.164 米/秒  直立最低 0.995  本机 23 秒
 3212  走满窗口      1.244 米 /  10.0 秒  0.124 米/秒  直立最低 0.995  本机 22 秒
 3213  走满窗口      1.001 米 /  10.0 秒  0.100 米/秒  直立最低 0.996  本机 22 秒
 3214  走满窗口      1.188 米 /  10.0 秒  0.119 米/秒  直立最低 0.998  本机 22 秒
 3215  走满窗口      1.230 米 /  10.0 秒  0.123 米/秒  直立最低 0.994  本机 23 秒
 3216  走满窗口      1.244 米 /  10.0 秒  0.124 米/秒  直立最低 0.995  本机 23 秒
 3217  走满窗口      1.359 米 /  10.0 秒  0.136 米/秒  直立最低 0.998  本机 22 秒
 3218  走满窗口      1.123 米 /  10.0 秒  0.112 米/秒  直立最低 0.998  本机 22 秒
 3219  走满窗口      1.216 米 /  10.0 秒  0.122 米/秒  直立最低 0.998  本机 22 秒
 3220  走满窗口      1.339 米 /  10.0 秒  0.134 米/秒  直立最低 0.998  本机 23 秒
 3221  走满窗口      1.241 米 /  10.0 秒  0.124 米/秒  直立最低 0.995  本机 22 秒
 3222  走满窗口      0.566 米 /  10.0 秒  0.057 米/秒  直立最低 0.995  本机 22 秒
 3223  走满窗口      1.333 米 /  10.0 秒  0.133 米/秒  直立最低 0.998  本机 22 秒
 3224  走满窗口      1.246 米 /  10.0 秒  0.125 米/秒  直立最低 0.995  本机 22 秒
 3225  走满窗口      1.230 米 /  10.0 秒  0.123 米/秒  直立最低 0.994  本机 23 秒
 3226  走满窗口      1.284 米 /  10.0 秒  0.128 米/秒  直立最低 0.998  本机 22 秒
 3227  走满窗口      1.394 米 /  10.0 秒  0.139 米/秒  直立最低 0.998  本机 23 秒
 3228  走满窗口      1.280 米 /  10.0 秒  0.128 米/秒  直立最低 0.997  本机 22 秒
 3229  没建出来：ValueError: structural lower bounds exceed an incoming budget
 3230  走满窗口      1.254 米 /  10.0 秒  0.125 米/秒  直立最低 0.994  本机 22 秒
 3231  走满窗口      1.264 米 /  10.0 秒  0.126 米/秒  直立最低 0.994  本机 22 秒
 3232  走满窗口      1.265 米 /  10.0 秒  0.126 米/秒  直立最低 0.995  本机 22 秒
 3233  走满窗口      1.374 米 /  10.0 秒  0.137 米/秒  直立最低 0.995  本机 22 秒
 3234  走满窗口      1.091 米 /  10.0 秒  0.109 米/秒  直立最低 0.997  本机 22 秒
 3235  走满窗口      1.298 米 /  10.0 秒  0.130 米/秒  直立最低 0.998  本机 22 秒
 3236  走满窗口      0.870 米 /  10.0 秒  0.087 米/秒  直立最低 0.994  本机 22 秒
 3237  走满窗口      1.282 米 /  10.0 秒  0.128 米/秒  直立最低 0.994  本机 22 秒
 3238  走满窗口      1.242 米 /  10.0 秒  0.124 米/秒  直立最低 0.995  本机 22 秒
 3239  走满窗口      1.258 米 /  10.0 秒  0.126 米/秒  直立最低 0.994  本机 22 秒
 3240  走满窗口      1.114 米 /  10.0 秒  0.111 米/秒  直立最低 0.998  本机 22 秒
 3241  走满窗口      0.833 米 /  10.0 秒  0.083 米/秒  直立最低 0.994  本机 22 秒
 3242  走满窗口      1.227 米 /  10.0 秒  0.123 米/秒  直立最低 0.998  本机 22 秒
 3243  走满窗口      1.323 米 /  10.0 秒  0.132 米/秒  直立最低 0.998  本机 23 秒
 3244  走满窗口      1.319 米 /  10.0 秒  0.132 米/秒  直立最低 0.998  本机 22 秒
 3245  走满窗口      1.213 米 /  10.0 秒  0.121 米/秒  直立最低 0.997  本机 22 秒
 3246  走满窗口      1.379 米 /  10.0 秒  0.138 米/秒  直立最低 0.998  本机 22 秒
 3247  走满窗口      1.325 米 /  10.0 秒  0.132 米/秒  直立最低 0.998  本机 22 秒
 3248  走满窗口      1.303 米 /  10.0 秒  0.130 米/秒  直立最低 0.998  本机 23 秒
 3249  走满窗口      1.325 米 /  10.0 秒  0.132 米/秒  直立最低 0.997  本机 22 秒
 3250  走满窗口      1.261 米 /  10.0 秒  0.126 米/秒  直立最低 0.994  本机 22 秒
 3251  走满窗口      1.340 米 /  10.0 秒  0.134 米/秒  直立最低 0.998  本机 23 秒
 3252  走满窗口      1.053 米 /  10.0 秒  0.105 米/秒  直立最低 0.996  本机 22 秒
 3253  走满窗口      0.744 米 /  10.0 秒  0.074 米/秒  直立最低 0.997  本机 23 秒
 3254  走满窗口      0.360 米 /  10.0 秒  0.036 米/秒  直立最低 0.989  本机 22 秒
 3255  走满窗口      1.251 米 /  10.0 秒  0.125 米/秒  直立最低 0.995  本机 22 秒
 3256  走满窗口      1.087 米 /  10.0 秒  0.109 米/秒  直立最低 0.993  本机 22 秒
 3257  走满窗口      1.149 米 /  10.0 秒  0.115 米/秒  直立最低 0.995  本机 22 秒
 3258  走满窗口      1.556 米 /  10.0 秒  0.156 米/秒  直立最低 0.998  本机 22 秒
 3259  走满窗口      1.368 米 /  10.0 秒  0.137 米/秒  直立最低 0.998  本机 23 秒
 3260  走满窗口      1.362 米 /  10.0 秒  0.136 米/秒  直立最低 0.998  本机 22 秒
 3261  走满窗口      1.320 米 /  10.0 秒  0.132 米/秒  直立最低 0.996  本机 22 秒
 3262  走满窗口      1.316 米 /  10.0 秒  0.132 米/秒  直立最低 0.998  本机 22 秒
 3263  走满窗口      1.369 米 /  10.0 秒  0.137 米/秒  直立最低 0.995  本机 22 秒
 3264  走满窗口      1.020 米 /  10.0 秒  0.102 米/秒  直立最低 0.998  本机 22 秒
 3265  走满窗口      1.321 米 /  10.0 秒  0.132 米/秒  直立最低 0.998  本机 22 秒
 3266  走满窗口      1.279 米 /  10.0 秒  0.128 米/秒  直立最低 0.994  本机 22 秒
 3267  走满窗口      1.236 米 /  10.0 秒  0.124 米/秒  直立最低 0.998  本机 22 秒
 3268  走满窗口      0.748 米 /  10.0 秒  0.075 米/秒  直立最低 0.993  本机 22 秒
 3269  走满窗口      0.942 米 /  10.0 秒  0.094 米/秒  直立最低 0.996  本机 23 秒
 3270  走满窗口      1.338 米 /  10.0 秒  0.134 米/秒  直立最低 0.998  本机 22 秒
 3271  走满窗口      1.039 米 /  10.0 秒  0.104 米/秒  直立最低 0.998  本机 23 秒
 3272  走满窗口      1.276 米 /  10.0 秒  0.128 米/秒  直立最低 0.997  本机 22 秒
 3273  走满窗口      0.765 米 /  10.0 秒  0.076 米/秒  直立最低 0.995  本机 22 秒
 3274  走满窗口      1.366 米 /  10.0 秒  0.137 米/秒  直立最低 0.998  本机 22 秒
 3275  走满窗口      1.304 米 /  10.0 秒  0.130 米/秒  直立最低 0.998  本机 22 秒
 3276  走满窗口      1.142 米 /  10.0 秒  0.114 米/秒  直立最低 0.997  本机 22 秒
 3277  走满窗口      1.266 米 /  10.0 秒  0.127 米/秒  直立最低 0.998  本机 22 秒
 3278  走满窗口      1.265 米 /  10.0 秒  0.126 米/秒  直立最低 0.997  本机 22 秒
 3279  走满窗口      1.330 米 /  10.0 秒  0.133 米/秒  直立最低 0.998  本机 22 秒
 3280  走满窗口      1.355 米 /  10.0 秒  0.136 米/秒  直立最低 0.998  本机 22 秒
 3281  走满窗口      1.026 米 /  10.0 秒  0.103 米/秒  直立最低 0.998  本机 22 秒
 3282  走满窗口      1.356 米 /  10.0 秒  0.136 米/秒  直立最低 0.997  本机 22 秒
 3283  走满窗口      1.256 米 /  10.0 秒  0.126 米/秒  直立最低 0.994  本机 22 秒
 3284  走满窗口      1.223 米 /  10.0 秒  0.122 米/秒  直立最低 0.992  本机 22 秒
 3285  走满窗口      1.269 米 /  10.0 秒  0.127 米/秒  直立最低 0.996  本机 22 秒
 3286  走满窗口      1.266 米 /  10.0 秒  0.127 米/秒  直立最低 0.995  本机 22 秒
 3287  走满窗口      1.396 米 /  10.0 秒  0.140 米/秒  直立最低 0.998  本机 23 秒
 3288  走满窗口      0.899 米 /  10.0 秒  0.090 米/秒  直立最低 0.994  本机 22 秒
 3289  走满窗口      0.992 米 /  10.0 秒  0.099 米/秒  直立最低 0.999  本机 22 秒
 3290  走满窗口      1.284 米 /  10.0 秒  0.128 米/秒  直立最低 0.998  本机 22 秒
 3291  走满窗口      1.356 米 /  10.0 秒  0.136 米/秒  直立最低 0.992  本机 22 秒
 3292  走满窗口      1.346 米 /  10.0 秒  0.135 米/秒  直立最低 0.998  本机 22 秒
 3293  走满窗口      1.313 米 /  10.0 秒  0.131 米/秒  直立最低 0.998  本机 22 秒
 3294  走满窗口      1.332 米 /  10.0 秒  0.133 米/秒  直立最低 0.998  本机 22 秒
 3295  走满窗口      1.111 米 /  10.0 秒  0.111 米/秒  直立最低 0.992  本机 22 秒
 3296  走满窗口      1.337 米 /  10.0 秒  0.134 米/秒  直立最低 0.994  本机 22 秒
 3297  走满窗口      1.077 米 /  10.0 秒  0.108 米/秒  直立最低 0.998  本机 22 秒
 3298  走满窗口      1.336 米 /  10.0 秒  0.134 米/秒  直立最低 0.998  本机 22 秒
 3299  走满窗口      1.259 米 /  10.0 秒  0.126 米/秒  直立最低 0.998  本机 22 秒
 3300  走满窗口      1.282 米 /  10.0 秒  0.128 米/秒  直立最低 0.994  本机 22 秒
 3301  走满窗口      1.343 米 /  10.0 秒  0.134 米/秒  直立最低 0.998  本机 22 秒
 3302  走满窗口      1.014 米 /  10.0 秒  0.101 米/秒  直立最低 1.000  本机 23 秒
 3303  走满窗口      1.348 米 /  10.0 秒  0.135 米/秒  直立最低 0.995  本机 22 秒
 3304  走满窗口      1.271 米 /  10.0 秒  0.127 米/秒  直立最低 0.994  本机 23 秒
 3305  走满窗口      1.244 米 /  10.0 秒  0.124 米/秒  直立最低 0.995  本机 22 秒
 3306  走满窗口      1.401 米 /  10.0 秒  0.140 米/秒  直立最低 0.998  本机 23 秒
 3307  走满窗口      1.361 米 /  10.0 秒  0.136 米/秒  直立最低 0.998  本机 23 秒
 3308  走满窗口      0.929 米 /  10.0 秒  0.093 米/秒  直立最低 0.994  本机 22 秒
 3309  走满窗口      1.288 米 /  10.0 秒  0.129 米/秒  直立最低 0.997  本机 22 秒
 3310  走满窗口      1.327 米 /  10.0 秒  0.133 米/秒  直立最低 0.998  本机 22 秒
 3311  走满窗口      1.162 米 /  10.0 秒  0.116 米/秒  直立最低 0.998  本机 22 秒
 3312  走满窗口      1.341 米 /  10.0 秒  0.134 米/秒  直立最低 0.998  本机 23 秒
 3313  走满窗口      1.335 米 /  10.0 秒  0.133 米/秒  直立最低 0.998  本机 22 秒
 3314  倒过        2.489 米 /  10.0 秒  0.249 米/秒  直立最低 -0.998  本机 22 秒
 3315  走满窗口      0.877 米 /  10.0 秒  0.088 米/秒  直立最低 0.994  本机 22 秒
 3316  走满窗口      1.356 米 /  10.0 秒  0.136 米/秒  直立最低 0.998  本机 22 秒
 3317  走满窗口      0.915 米 /  10.0 秒  0.091 米/秒  直立最低 0.995  本机 22 秒
 3318  走满窗口      1.236 米 /  10.0 秒  0.124 米/秒  直立最低 0.994  本机 22 秒
 3319  走满窗口      0.402 米 /  10.0 秒  0.040 米/秒  直立最低 0.990  本机 23 秒
 3320  走满窗口      1.338 米 /  10.0 秒  0.134 米/秒  直立最低 0.992  本机 22 秒
 3321  走满窗口      1.291 米 /  10.0 秒  0.129 米/秒  直立最低 0.998  本机 22 秒
 3322  走满窗口      1.276 米 /  10.0 秒  0.128 米/秒  直立最低 0.994  本机 22 秒
 3323  走满窗口      1.272 米 /  10.0 秒  0.127 米/秒  直立最低 0.997  本机 22 秒
 3324  走满窗口      1.279 米 /  10.0 秒  0.128 米/秒  直立最低 0.995  本机 22 秒
 3325  走满窗口      1.274 米 /  10.0 秒  0.127 米/秒  直立最低 0.997  本机 22 秒
 3326  走满窗口      1.018 米 /  10.0 秒  0.102 米/秒  直立最低 0.995  本机 22 秒
 3327  走满窗口      1.291 米 /  10.0 秒  0.129 米/秒  直立最低 0.998  本机 22 秒
 3328  走满窗口      1.325 米 /  10.0 秒  0.133 米/秒  直立最低 0.998  本机 22 秒
 3329  走满窗口      0.999 米 /  10.0 秒  0.100 米/秒  直立最低 0.998  本机 22 秒
 3330  走满窗口      1.323 米 /  10.0 秒  0.132 米/秒  直立最低 0.991  本机 22 秒
 3331  走满窗口      1.321 米 /  10.0 秒  0.132 米/秒  直立最低 0.998  本机 22 秒
 3332  走满窗口      1.266 米 /  10.0 秒  0.127 米/秒  直立最低 0.995  本机 23 秒
 3333  走满窗口      1.412 米 /  10.0 秒  0.141 米/秒  直立最低 0.994  本机 23 秒
 3334  走满窗口      1.300 米 /  10.0 秒  0.130 米/秒  直立最低 0.994  本机 22 秒
 3335  走满窗口      1.276 米 /  10.0 秒  0.128 米/秒  直立最低 0.998  本机 22 秒
 3336  走满窗口      1.346 米 /  10.0 秒  0.135 米/秒  直立最低 0.996  本机 22 秒
 3337  走满窗口      1.375 米 /  10.0 秒  0.137 米/秒  直立最低 0.996  本机 22 秒
 3338  走满窗口      1.346 米 /  10.0 秒  0.135 米/秒  直立最低 0.998  本机 22 秒
 3339  走满窗口      1.321 米 /  10.0 秒  0.132 米/秒  直立最低 0.998  本机 23 秒
 3340  走满窗口      1.343 米 /  10.0 秒  0.134 米/秒  直立最低 0.998  本机 22 秒
 3341  走满窗口      1.236 米 /  10.0 秒  0.124 米/秒  直立最低 0.997  本机 22 秒
 3342  走满窗口      1.268 米 /  10.0 秒  0.127 米/秒  直立最低 0.996  本机 22 秒
 3343  走满窗口      1.371 米 /  10.0 秒  0.137 米/秒  直立最低 0.998  本机 23 秒
 3344  走满窗口      1.247 米 /  10.0 秒  0.125 米/秒  直立最低 0.995  本机 22 秒
 3345  走满窗口      1.323 米 /  10.0 秒  0.132 米/秒  直立最低 0.998  本机 22 秒
 3346  走满窗口      1.293 米 /  10.0 秒  0.129 米/秒  直立最低 0.994  本机 22 秒
 3347  走满窗口      1.229 米 /  10.0 秒  0.123 米/秒  直立最低 0.998  本机 22 秒
 3348  走满窗口      1.280 米 /  10.0 秒  0.128 米/秒  直立最低 0.994  本机 22 秒
 3349  走满窗口      1.331 米 /  10.0 秒  0.133 米/秒  直立最低 0.998  本机 22 秒
 3350  走满窗口      0.893 米 /  10.0 秒  0.089 米/秒  直立最低 0.996  本机 22 秒
 3351  走满窗口      1.038 米 /  10.0 秒  0.104 米/秒  直立最低 0.991  本机 22 秒
 3352  走满窗口      1.279 米 /  10.0 秒  0.128 米/秒  直立最低 0.995  本机 22 秒
 3353  走满窗口      1.401 米 /  10.0 秒  0.140 米/秒  直立最低 0.998  本机 22 秒
 3354  走满窗口      1.255 米 /  10.0 秒  0.126 米/秒  直立最低 0.995  本机 22 秒
 3355  走满窗口      1.332 米 /  10.0 秒  0.133 米/秒  直立最低 0.998  本机 23 秒
 3356  走满窗口      1.342 米 /  10.0 秒  0.134 米/秒  直立最低 0.998  本机 22 秒
 3357  走满窗口      1.226 米 /  10.0 秒  0.123 米/秒  直立最低 0.994  本机 22 秒
 3358  走满窗口      0.802 米 /  10.0 秒  0.080 米/秒  直立最低 0.994  本机 22 秒
 3359  走满窗口      1.310 米 /  10.0 秒  0.131 米/秒  直立最低 0.998  本机 22 秒
 3360  走满窗口      0.864 米 /  10.0 秒  0.086 米/秒  直立最低 0.994  本机 22 秒
 3361  走满窗口      0.645 米 /  10.0 秒  0.065 米/秒  直立最低 0.995  本机 23 秒
 3362  走满窗口      1.298 米 /  10.0 秒  0.130 米/秒  直立最低 0.997  本机 22 秒
 3363  走满窗口      0.887 米 /  10.0 秒  0.089 米/秒  直立最低 0.996  本机 22 秒
 3364  走满窗口      0.845 米 /  10.0 秒  0.085 米/秒  直立最低 0.995  本机 22 秒
 3365  走满窗口      1.336 米 /  10.0 秒  0.134 米/秒  直立最低 0.998  本机 22 秒
 3366  走满窗口      1.138 米 /  10.0 秒  0.114 米/秒  直立最低 0.997  本机 22 秒
 3367  走满窗口      1.469 米 /  10.0 秒  0.147 米/秒  直立最低 0.999  本机 22 秒
 3368  走满窗口      1.321 米 /  10.0 秒  0.132 米/秒  直立最低 0.998  本机 23 秒
 3369  走满窗口      1.222 米 /  10.0 秒  0.122 米/秒  直立最低 0.996  本机 22 秒
 3370  走满窗口      1.388 米 /  10.0 秒  0.139 米/秒  直立最低 0.995  本机 22 秒
 3371  走满窗口      1.088 米 /  10.0 秒  0.109 米/秒  直立最低 0.997  本机 22 秒
 3372  走满窗口      1.279 米 /  10.0 秒  0.128 米/秒  直立最低 0.995  本机 22 秒
 3373  走满窗口      1.359 米 /  10.0 秒  0.136 米/秒  直立最低 0.998  本机 22 秒
 3374  走满窗口      1.352 米 /  10.0 秒  0.135 米/秒  直立最低 0.996  本机 22 秒
 3375  走满窗口      1.027 米 /  10.0 秒  0.103 米/秒  直立最低 0.998  本机 22 秒
 3376  走满窗口      1.474 米 /  10.0 秒  0.147 米/秒  直立最低 0.998  本机 22 秒
 3377  走满窗口      1.299 米 /  10.0 秒  0.130 米/秒  直立最低 0.997  本机 23 秒
 3378  走满窗口      1.311 米 /  10.0 秒  0.131 米/秒  直立最低 0.998  本机 22 秒
 3379  走满窗口      1.286 米 /  10.0 秒  0.129 米/秒  直立最低 0.997  本机 22 秒
 3380  走满窗口      1.313 米 /  10.0 秒  0.131 米/秒  直立最低 0.998  本机 22 秒
 3381  走满窗口      1.362 米 /  10.0 秒  0.136 米/秒  直立最低 0.998  本机 22 秒
 3382  走满窗口      0.880 米 /  10.0 秒  0.088 米/秒  直立最低 0.993  本机 22 秒
 3383  走满窗口      1.343 米 /  10.0 秒  0.134 米/秒  直立最低 0.995  本机 22 秒
 3384  走满窗口      1.334 米 /  10.0 秒  0.133 米/秒  直立最低 0.996  本机 22 秒
 3385  走满窗口      1.360 米 /  10.0 秒  0.136 米/秒  直立最低 0.998  本机 22 秒
 3386  走满窗口      1.096 米 /  10.0 秒  0.110 米/秒  直立最低 0.998  本机 22 秒
 3387  走满窗口      1.367 米 /  10.0 秒  0.137 米/秒  直立最低 0.998  本机 22 秒
 3388  走满窗口      1.175 米 /  10.0 秒  0.118 米/秒  直立最低 0.998  本机 23 秒
 3389  走满窗口      1.356 米 /  10.0 秒  0.136 米/秒  直立最低 0.998  本机 22 秒
 3390  走满窗口      1.369 米 /  10.0 秒  0.137 米/秒  直立最低 0.998  本机 22 秒
 3391  走满窗口      1.393 米 /  10.0 秒  0.139 米/秒  直立最低 0.998  本机 22 秒
 3392  走满窗口      1.403 米 /  10.0 秒  0.140 米/秒  直立最低 0.998  本机 23 秒
 3393  走满窗口      1.399 米 /  10.0 秒  0.140 米/秒  直立最低 0.994  本机 22 秒
 3394  走满窗口      1.381 米 /  10.0 秒  0.138 米/秒  直立最低 0.998  本机 22 秒
 3395  走满窗口      1.270 米 /  10.0 秒  0.127 米/秒  直立最低 0.995  本机 22 秒
 3396  走满窗口      1.453 米 /  10.0 秒  0.145 米/秒  直立最低 0.998  本机 22 秒
 3397  走满窗口      1.294 米 /  10.0 秒  0.129 米/秒  直立最低 0.997  本机 23 秒
 3398  走满窗口      1.206 米 /  10.0 秒  0.121 米/秒  直立最低 0.992  本机 22 秒
 3399  走满窗口      1.284 米 /  10.0 秒  0.128 米/秒  直立最低 0.998  本机 22 秒
 3400  走满窗口      0.838 米 /  10.0 秒  0.084 米/秒  直立最低 0.995  本机 22 秒
 3401  走满窗口      1.446 米 /  10.0 秒  0.145 米/秒  直立最低 0.997  本机 23 秒
 3402  走满窗口      1.252 米 /  10.0 秒  0.125 米/秒  直立最低 0.994  本机 22 秒
 3403  走满窗口      1.147 米 /  10.0 秒  0.115 米/秒  直立最低 0.998  本机 22 秒
 3404  走满窗口      1.528 米 /  10.0 秒  0.153 米/秒  直立最低 0.995  本机 22 秒
 3405  走满窗口      1.244 米 /  10.0 秒  0.124 米/秒  直立最低 0.997  本机 22 秒
 3406  走满窗口      0.833 米 /  10.0 秒  0.083 米/秒  直立最低 0.995  本机 22 秒
 3407  没建出来：ValueError: structural lower bounds exceed an incoming budget
 3408  走满窗口      1.102 米 /  10.0 秒  0.110 米/秒  直立最低 0.998  本机 22 秒
 3409  走满窗口      1.291 米 /  10.0 秒  0.129 米/秒  直立最低 0.995  本机 22 秒
 3410  走满窗口      1.302 米 /  10.0 秒  0.130 米/秒  直立最低 0.997  本机 22 秒
 3411  走满窗口      1.205 米 /  10.0 秒  0.120 米/秒  直立最低 0.998  本机 23 秒
 3412  走满窗口      1.350 米 /  10.0 秒  0.135 米/秒  直立最低 0.998  本机 22 秒
 3413  走满窗口      1.066 米 /  10.0 秒  0.107 米/秒  直立最低 0.996  本机 22 秒
 3414  走满窗口      1.263 米 /  10.0 秒  0.126 米/秒  直立最低 0.995  本机 22 秒
 3415  走满窗口      0.746 米 /  10.0 秒  0.075 米/秒  直立最低 0.995  本机 22 秒
 3416  走满窗口      1.280 米 /  10.0 秒  0.128 米/秒  直立最低 0.998  本机 22 秒
 3417  走满窗口      1.281 米 /  10.0 秒  0.128 米/秒  直立最低 0.998  本机 22 秒
 3418  走满窗口      1.412 米 /  10.0 秒  0.141 米/秒  直立最低 0.998  本机 22 秒
 3419  走满窗口      1.257 米 /  10.0 秒  0.126 米/秒  直立最低 0.994  本机 22 秒
 3420  走满窗口      1.291 米 /  10.0 秒  0.129 米/秒  直立最低 0.998  本机 22 秒
 3421  走满窗口      1.257 米 /  10.0 秒  0.126 米/秒  直立最低 0.997  本机 23 秒
 3422  走满窗口      1.262 米 /  10.0 秒  0.126 米/秒  直立最低 0.994  本机 22 秒
 3423  走满窗口      1.292 米 /  10.0 秒  0.129 米/秒  直立最低 0.996  本机 22 秒
 3424  走满窗口      1.323 米 /  10.0 秒  0.132 米/秒  直立最低 0.998  本机 22 秒
 3425  走满窗口      1.336 米 /  10.0 秒  0.134 米/秒  直立最低 0.998  本机 22 秒
 3426  走满窗口      1.092 米 /  10.0 秒  0.109 米/秒  直立最低 0.997  本机 22 秒
 3427  走满窗口      1.235 米 /  10.0 秒  0.124 米/秒  直立最低 0.995  本机 22 秒
 3428  走满窗口      1.398 米 /  10.0 秒  0.140 米/秒  直立最低 0.998  本机 22 秒
 3429  走满窗口      1.288 米 /  10.0 秒  0.129 米/秒  直立最低 0.998  本机 22 秒
 3430  走满窗口      1.073 米 /  10.0 秒  0.107 米/秒  直立最低 0.998  本机 22 秒
 3431  走满窗口      1.250 米 /  10.0 秒  0.125 米/秒  直立最低 0.995  本机 22 秒
 3432  走满窗口      0.837 米 /  10.0 秒  0.084 米/秒  直立最低 0.991  本机 22 秒
 3433  走满窗口      1.277 米 /  10.0 秒  0.128 米/秒  直立最低 0.995  本机 22 秒
 3434  倒过        1.633 米 /  10.0 秒  0.163 米/秒  直立最低 -0.991  本机 22 秒
 3435  走满窗口      1.322 米 /  10.0 秒  0.132 米/秒  直立最低 0.998  本机 22 秒
 3436  走满窗口      0.907 米 /  10.0 秒  0.091 米/秒  直立最低 0.994  本机 22 秒
 3437  走满窗口      1.239 米 /  10.0 秒  0.124 米/秒  直立最低 0.995  本机 23 秒
 3438  走满窗口      1.313 米 /  10.0 秒  0.131 米/秒  直立最低 0.998  本机 22 秒
 3439  走满窗口      1.305 米 /  10.0 秒  0.131 米/秒  直立最低 0.998  本机 23 秒
 3440  走满窗口      1.317 米 /  10.0 秒  0.132 米/秒  直立最低 0.998  本机 22 秒
 3441  走满窗口      1.297 米 /  10.0 秒  0.130 米/秒  直立最低 0.998  本机 22 秒
 3442  走满窗口      1.291 米 /  10.0 秒  0.129 米/秒  直立最低 0.995  本机 23 秒
 3443  走满窗口      1.304 米 /  10.0 秒  0.130 米/秒  直立最低 0.997  本机 22 秒
 3444  走满窗口      0.783 米 /  10.0 秒  0.078 米/秒  直立最低 0.977  本机 22 秒
 3445  走满窗口      0.840 米 /  10.0 秒  0.084 米/秒  直立最低 0.994  本机 23 秒
 3446  走满窗口      1.334 米 /  10.0 秒  0.133 米/秒  直立最低 0.998  本机 22 秒
 3447  走满窗口      1.354 米 /  10.0 秒  0.135 米/秒  直立最低 0.997  本机 23 秒
 3448  走满窗口      1.267 米 /  10.0 秒  0.127 米/秒  直立最低 0.993  本机 22 秒
 3449  走满窗口      0.738 米 /  10.0 秒  0.074 米/秒  直立最低 0.996  本机 22 秒
 3450  走满窗口      1.344 米 /  10.0 秒  0.134 米/秒  直立最低 0.998  本机 22 秒
 3451  走满窗口      1.281 米 /  10.0 秒  0.128 米/秒  直立最低 0.994  本机 22 秒
 3452  走满窗口      1.005 米 /  10.0 秒  0.100 米/秒  直立最低 0.998  本机 22 秒
 3453  走满窗口      1.410 米 /  10.0 秒  0.141 米/秒  直立最低 0.998  本机 22 秒
 3454  走满窗口      1.363 米 /  10.0 秒  0.136 米/秒  直立最低 0.997  本机 22 秒
 3455  走满窗口      1.286 米 /  10.0 秒  0.129 米/秒  直立最低 0.998  本机 23 秒
 3456  走满窗口      1.250 米 /  10.0 秒  0.125 米/秒  直立最低 0.995  本机 22 秒
 3457  走满窗口      1.440 米 /  10.0 秒  0.144 米/秒  直立最低 0.998  本机 23 秒
 3458  走满窗口      1.276 米 /  10.0 秒  0.128 米/秒  直立最低 0.998  本机 22 秒
 3459  走满窗口      1.343 米 /  10.0 秒  0.134 米/秒  直立最低 0.998  本机 23 秒
 3460  走满窗口      1.356 米 /  10.0 秒  0.136 米/秒  直立最低 0.998  本机 23 秒
 3461  走满窗口      1.184 米 /  10.0 秒  0.118 米/秒  直立最低 0.998  本机 23 秒
 3462  走满窗口      0.487 米 /  10.0 秒  0.049 米/秒  直立最低 0.993  本机 22 秒
 3463  走满窗口      1.016 米 /  10.0 秒  0.102 米/秒  直立最低 0.998  本机 22 秒
 3464  走满窗口      1.241 米 /  10.0 秒  0.124 米/秒  直立最低 0.995  本机 23 秒
 3465  走满窗口      1.269 米 /  10.0 秒  0.127 米/秒  直立最低 0.996  本机 22 秒
 3466  走满窗口      1.070 米 /  10.0 秒  0.107 米/秒  直立最低 0.992  本机 22 秒
 3467  走满窗口      1.348 米 /  10.0 秒  0.135 米/秒  直立最低 0.998  本机 22 秒
 3468  走满窗口      1.326 米 /  10.0 秒  0.133 米/秒  直立最低 0.998  本机 23 秒
 3469  走满窗口      1.192 米 /  10.0 秒  0.119 米/秒  直立最低 0.998  本机 23 秒
 3470  走满窗口      0.983 米 /  10.0 秒  0.098 米/秒  直立最低 0.994  本机 22 秒
 3471  走满窗口      1.093 米 /  10.0 秒  0.109 米/秒  直立最低 0.995  本机 22 秒
 3472  走满窗口      1.329 米 /  10.0 秒  0.133 米/秒  直立最低 0.998  本机 22 秒
 3473  走满窗口      1.412 米 /  10.0 秒  0.141 米/秒  直立最低 0.997  本机 22 秒
 3474  走满窗口      1.313 米 /  10.0 秒  0.131 米/秒  直立最低 0.994  本机 22 秒
 3475  走满窗口      1.224 米 /  10.0 秒  0.122 米/秒  直立最低 0.996  本机 22 秒
 3476  走满窗口      1.322 米 /  10.0 秒  0.132 米/秒  直立最低 0.998  本机 22 秒
 3477  走满窗口      1.263 米 /  10.0 秒  0.126 米/秒  直立最低 0.995  本机 22 秒
 3478  走满窗口      1.258 米 /  10.0 秒  0.126 米/秒  直立最低 0.994  本机 22 秒
 3479  走满窗口      1.349 米 /  10.0 秒  0.135 米/秒  直立最低 0.998  本机 23 秒
 3480  走满窗口      1.018 米 /  10.0 秒  0.102 米/秒  直立最低 0.998  本机 22 秒
 3481  走满窗口      1.242 米 /  10.0 秒  0.124 米/秒  直立最低 0.995  本机 22 秒
 3482  走满窗口      1.273 米 /  10.0 秒  0.127 米/秒  直立最低 0.997  本机 22 秒
 3483  走满窗口      1.306 米 /  10.0 秒  0.131 米/秒  直立最低 0.997  本机 22 秒
 3484  走满窗口      1.093 米 /  10.0 秒  0.109 米/秒  直立最低 0.998  本机 22 秒
 3485  走满窗口      1.263 米 /  10.0 秒  0.126 米/秒  直立最低 0.998  本机 22 秒
 3486  走满窗口      1.072 米 /  10.0 秒  0.107 米/秒  直立最低 0.998  本机 23 秒
 3487  走满窗口      1.283 米 /  10.0 秒  0.128 米/秒  直立最低 0.997  本机 22 秒
 3488  走满窗口      1.256 米 /  10.0 秒  0.126 米/秒  直立最低 0.995  本机 22 秒
 3489  走满窗口      1.322 米 /  10.0 秒  0.132 米/秒  直立最低 0.998  本机 23 秒
 3490  走满窗口      1.144 米 /  10.0 秒  0.114 米/秒  直立最低 0.993  本机 22 秒
 3491  走满窗口      1.214 米 /  10.0 秒  0.121 米/秒  直立最低 0.994  本机 22 秒
 3492  走满窗口      1.285 米 /  10.0 秒  0.128 米/秒  直立最低 0.997  本机 22 秒
 3493  走满窗口      1.362 米 /  10.0 秒  0.136 米/秒  直立最低 0.998  本机 22 秒
 3494  走满窗口      1.287 米 /  10.0 秒  0.129 米/秒  直立最低 0.994  本机 22 秒
 3495  走满窗口      1.014 米 /  10.0 秒  0.101 米/秒  直立最低 0.998  本机 22 秒
 3496  走满窗口      1.289 米 /  10.0 秒  0.129 米/秒  直立最低 0.994  本机 22 秒
 3497  走满窗口      0.992 米 /  10.0 秒  0.099 米/秒  直立最低 0.994  本机 22 秒
 3498  走满窗口      1.584 米 /  10.0 秒  0.158 米/秒  直立最低 0.996  本机 23 秒
 3499  走满窗口      1.028 米 /  10.0 秒  0.103 米/秒  直立最低 0.998  本机 22 秒
 3500  走满窗口      1.249 米 /  10.0 秒  0.125 米/秒  直立最低 0.995  本机 22 秒
 3501  走满窗口      1.248 米 /  10.0 秒  0.125 米/秒  直立最低 0.995  本机 23 秒
 3502  走满窗口      1.337 米 /  10.0 秒  0.134 米/秒  直立最低 0.998  本机 22 秒
 3503  走满窗口      1.363 米 /  10.0 秒  0.136 米/秒  直立最低 0.998  本机 23 秒
 3504  走满窗口      1.318 米 /  10.0 秒  0.132 米/秒  直立最低 0.997  本机 22 秒
 3505  倒过        2.262 米 /  10.0 秒  0.226 米/秒  直立最低 -0.996  本机 22 秒
 3506  没建出来：ValueError: structural lower bounds exceed an incoming budget
 3507  走满窗口      0.362 米 /  10.0 秒  0.036 米/秒  直立最低 0.990  本机 23 秒
 3508  走满窗口      1.018 米 /  10.0 秒  0.102 米/秒  直立最低 0.998  本机 22 秒
 3509  走满窗口      1.316 米 /  10.0 秒  0.132 米/秒  直立最低 0.998  本机 22 秒
 3510  走满窗口      1.363 米 /  10.0 秒  0.136 米/秒  直立最低 0.998  本机 22 秒
 3511  走满窗口      1.221 米 /  10.0 秒  0.122 米/秒  直立最低 0.995  本机 22 秒
 3512  走满窗口      1.362 米 /  10.0 秒  0.136 米/秒  直立最低 0.998  本机 22 秒
 3513  走满窗口      1.024 米 /  10.0 秒  0.102 米/秒  直立最低 0.998  本机 22 秒
 3514  走满窗口      1.367 米 /  10.0 秒  0.137 米/秒  直立最低 0.998  本机 22 秒
 3515  走满窗口      1.181 米 /  10.0 秒  0.118 米/秒  直立最低 0.995  本机 22 秒
 3516  走满窗口      1.311 米 /  10.0 秒  0.131 米/秒  直立最低 0.998  本机 22 秒
 3517  走满窗口      1.345 米 /  10.0 秒  0.135 米/秒  直立最低 0.998  本机 22 秒
 3518  走满窗口      0.667 米 /  10.0 秒  0.067 米/秒  直立最低 0.995  本机 22 秒
 3519  走满窗口      1.115 米 /  10.0 秒  0.112 米/秒  直立最低 0.997  本机 22 秒
 3520  走满窗口      1.393 米 /  10.0 秒  0.139 米/秒  直立最低 0.998  本机 22 秒
 3521  走满窗口      0.654 米 /  10.0 秒  0.065 米/秒  直立最低 0.995  本机 22 秒
 3522  走满窗口      1.356 米 /  10.0 秒  0.136 米/秒  直立最低 0.998  本机 22 秒
 3523  走满窗口      1.253 米 /  10.0 秒  0.125 米/秒  直立最低 0.995  本机 23 秒
 3524  走满窗口      1.469 米 /  10.0 秒  0.147 米/秒  直立最低 0.999  本机 22 秒
 3525  走满窗口      1.277 米 /  10.0 秒  0.128 米/秒  直立最低 0.994  本机 22 秒
 3526  走满窗口      1.247 米 /  10.0 秒  0.125 米/秒  直立最低 0.995  本机 22 秒
 3527  走满窗口      1.193 米 /  10.0 秒  0.119 米/秒  直立最低 0.998  本机 23 秒
 3528  走满窗口      1.371 米 /  10.0 秒  0.137 米/秒  直立最低 0.998  本机 23 秒
 3529  走满窗口      1.227 米 /  10.0 秒  0.123 米/秒  直立最低 0.998  本机 23 秒
 3530  走满窗口      1.346 米 /  10.0 秒  0.135 米/秒  直立最低 0.998  本机 23 秒
 3531  走满窗口      1.293 米 /  10.0 秒  0.129 米/秒  直立最低 0.998  本机 22 秒
 3532  走满窗口      1.328 米 /  10.0 秒  0.133 米/秒  直立最低 0.998  本机 22 秒
 3533  走满窗口      1.353 米 /  10.0 秒  0.135 米/秒  直立最低 0.996  本机 23 秒
 3534  走满窗口      1.335 米 /  10.0 秒  0.133 米/秒  直立最低 0.998  本机 23 秒
 3535  走满窗口      0.940 米 /  10.0 秒  0.094 米/秒  直立最低 0.995  本机 23 秒
 3536  走满窗口      1.305 米 /  10.0 秒  0.130 米/秒  直立最低 0.998  本机 22 秒
 3537  走满窗口      1.178 米 /  10.0 秒  0.118 米/秒  直立最低 0.998  本机 23 秒
 3538  走满窗口      1.285 米 /  10.0 秒  0.128 米/秒  直立最低 0.994  本机 22 秒
 3539  走满窗口      1.372 米 /  10.0 秒  0.137 米/秒  直立最低 0.998  本机 22 秒
 3540  走满窗口      1.325 米 /  10.0 秒  0.132 米/秒  直立最低 0.998  本机 22 秒
 3541  走满窗口      1.351 米 /  10.0 秒  0.135 米/秒  直立最低 0.998  本机 22 秒
 3542  走满窗口      1.340 米 /  10.0 秒  0.134 米/秒  直立最低 0.998  本机 22 秒
 3543  走满窗口      1.161 米 /  10.0 秒  0.116 米/秒  直立最低 0.993  本机 22 秒
 3544  走满窗口      1.319 米 /  10.0 秒  0.132 米/秒  直立最低 0.998  本机 22 秒
 3545  走满窗口      1.319 米 /  10.0 秒  0.132 米/秒  直立最低 0.994  本机 22 秒
 3546  走满窗口      1.189 米 /  10.0 秒  0.119 米/秒  直立最低 0.996  本机 22 秒
 3547  走满窗口      1.250 米 /  10.0 秒  0.125 米/秒  直立最低 0.996  本机 22 秒
 3548  走满窗口      1.237 米 /  10.0 秒  0.124 米/秒  直立最低 0.995  本机 23 秒
 3549  走满窗口      1.201 米 /  10.0 秒  0.120 米/秒  直立最低 0.998  本机 22 秒
 3550  走满窗口      1.335 米 /  10.0 秒  0.134 米/秒  直立最低 0.998  本机 22 秒
 3551  走满窗口      1.337 米 /  10.0 秒  0.134 米/秒  直立最低 0.994  本机 22 秒
 3552  走满窗口      1.265 米 /  10.0 秒  0.126 米/秒  直立最低 0.995  本机 22 秒
 3553  走满窗口      1.235 米 /  10.0 秒  0.124 米/秒  直立最低 0.995  本机 22 秒
 3554  走满窗口      1.384 米 /  10.0 秒  0.138 米/秒  直立最低 0.998  本机 23 秒
 3555  走满窗口      1.195 米 /  10.0 秒  0.120 米/秒  直立最低 0.996  本机 22 秒
 3556  走满窗口      1.411 米 /  10.0 秒  0.141 米/秒  直立最低 0.998  本机 22 秒
 3557  走满窗口      1.381 米 /  10.0 秒  0.138 米/秒  直立最低 0.998  本机 22 秒
 3558  走满窗口      1.243 米 /  10.0 秒  0.124 米/秒  直立最低 0.995  本机 22 秒
 3559  走满窗口      1.258 米 /  10.0 秒  0.126 米/秒  直立最低 0.991  本机 22 秒
 3560  走满窗口      1.121 米 /  10.0 秒  0.112 米/秒  直立最低 0.997  本机 22 秒
 3561  走满窗口      1.098 米 /  10.0 秒  0.110 米/秒  直立最低 0.998  本机 22 秒
 3562  走满窗口      1.384 米 /  10.0 秒  0.138 米/秒  直立最低 0.998  本机 22 秒
 3563  走满窗口      1.060 米 /  10.0 秒  0.106 米/秒  直立最低 0.998  本机 22 秒
 3564  走满窗口      1.337 米 /  10.0 秒  0.134 米/秒  直立最低 0.998  本机 23 秒
 3565  走满窗口      1.353 米 /  10.0 秒  0.135 米/秒  直立最低 0.998  本机 22 秒
 3566  走满窗口      1.321 米 /  10.0 秒  0.132 米/秒  直立最低 0.998  本机 22 秒
 3567  走满窗口      1.314 米 /  10.0 秒  0.131 米/秒  直立最低 0.998  本机 22 秒
 3568  走满窗口      1.349 米 /  10.0 秒  0.135 米/秒  直立最低 0.998  本机 23 秒
 3569  走满窗口      1.399 米 /  10.0 秒  0.140 米/秒  直立最低 0.998  本机 22 秒
 3570  走满窗口      1.319 米 /  10.0 秒  0.132 米/秒  直立最低 0.998  本机 23 秒
 3571  走满窗口      1.273 米 /  10.0 秒  0.127 米/秒  直立最低 0.995  本机 22 秒
 3572  走满窗口      0.808 米 /  10.0 秒  0.081 米/秒  直立最低 0.994  本机 22 秒
 3573  走满窗口      1.161 米 /  10.0 秒  0.116 米/秒  直立最低 0.991  本机 23 秒
 3574  走满窗口      1.377 米 /  10.0 秒  0.138 米/秒  直立最低 0.998  本机 23 秒
 3575  走满窗口      1.281 米 /  10.0 秒  0.128 米/秒  直立最低 0.994  本机 22 秒
 3576  走满窗口      1.409 米 /  10.0 秒  0.141 米/秒  直立最低 0.998  本机 22 秒
 3577  走满窗口      1.412 米 /  10.0 秒  0.141 米/秒  直立最低 0.995  本机 22 秒
 3578  走满窗口      1.356 米 /  10.0 秒  0.136 米/秒  直立最低 0.998  本机 22 秒
 3579  走满窗口      1.279 米 /  10.0 秒  0.128 米/秒  直立最低 0.994  本机 22 秒
 3580  走满窗口      1.269 米 /  10.0 秒  0.127 米/秒  直立最低 0.999  本机 22 秒
 3581  走满窗口      1.258 米 /  10.0 秒  0.126 米/秒  直立最低 0.995  本机 22 秒
 3582  走满窗口      1.504 米 /  10.0 秒  0.150 米/秒  直立最低 0.997  本机 22 秒
 3583  走满窗口      1.256 米 /  10.0 秒  0.126 米/秒  直立最低 0.997  本机 23 秒
 3584  走满窗口      0.455 米 /  10.0 秒  0.046 米/秒  直立最低 0.991  本机 23 秒
 3585  走满窗口      0.321 米 /  10.0 秒  0.032 米/秒  直立最低 0.986  本机 22 秒
 3586  走满窗口      1.137 米 /  10.0 秒  0.114 米/秒  直立最低 0.998  本机 22 秒
 3587  走满窗口      0.965 米 /  10.0 秒  0.096 米/秒  直立最低 0.993  本机 22 秒
 3588  走满窗口      1.295 米 /  10.0 秒  0.130 米/秒  直立最低 0.995  本机 22 秒
 3589  走满窗口      0.795 米 /  10.0 秒  0.079 米/秒  直立最低 0.995  本机 22 秒
 3590  走满窗口      1.280 米 /  10.0 秒  0.128 米/秒  直立最低 0.997  本机 22 秒
 3591  走满窗口      1.292 米 /  10.0 秒  0.129 米/秒  直立最低 0.994  本机 22 秒
 3592  走满窗口      1.211 米 /  10.0 秒  0.121 米/秒  直立最低 0.991  本机 23 秒
 3593  走满窗口      1.090 米 /  10.0 秒  0.109 米/秒  直立最低 0.998  本机 22 秒
 3594  走满窗口      1.210 米 /  10.0 秒  0.121 米/秒  直立最低 0.994  本机 23 秒
 3595  走满窗口      0.498 米 /  10.0 秒  0.050 米/秒  直立最低 0.991  本机 22 秒
 3596  走满窗口      0.993 米 /  10.0 秒  0.099 米/秒  直立最低 0.997  本机 22 秒
 3597  走满窗口      1.323 米 /  10.0 秒  0.132 米/秒  直立最低 0.995  本机 22 秒
 3598  走满窗口      1.255 米 /  10.0 秒  0.125 米/秒  直立最低 0.996  本机 22 秒
 3599  走满窗口      1.364 米 /  10.0 秒  0.136 米/秒  直立最低 0.998  本机 22 秒
 3600  走满窗口      1.265 米 /  10.0 秒  0.126 米/秒  直立最低 0.994  本机 22 秒
 3601  走满窗口      1.235 米 /  10.0 秒  0.123 米/秒  直立最低 0.995  本机 22 秒
 3602  走满窗口      1.289 米 /  10.0 秒  0.129 米/秒  直立最低 0.996  本机 22 秒
 3603  走满窗口      1.454 米 /  10.0 秒  0.145 米/秒  直立最低 0.998  本机 22 秒
 3604  走满窗口      0.820 米 /  10.0 秒  0.082 米/秒  直立最低 0.994  本机 22 秒
 3605  走满窗口      1.290 米 /  10.0 秒  0.129 米/秒  直立最低 0.996  本机 22 秒
 3606  走满窗口      1.282 米 /  10.0 秒  0.128 米/秒  直立最低 0.998  本机 22 秒
 3607  走满窗口      1.345 米 /  10.0 秒  0.135 米/秒  直立最低 0.998  本机 22 秒
 3608  走满窗口      1.260 米 /  10.0 秒  0.126 米/秒  直立最低 0.998  本机 22 秒
 3609  走满窗口      1.560 米 /  10.0 秒  0.156 米/秒  直立最低 0.998  本机 22 秒
 3610  走满窗口      1.260 米 /  10.0 秒  0.126 米/秒  直立最低 0.996  本机 23 秒
 3611  走满窗口      0.872 米 /  10.0 秒  0.087 米/秒  直立最低 0.995  本机 22 秒
 3612  走满窗口      1.319 米 /  10.0 秒  0.132 米/秒  直立最低 0.995  本机 22 秒
 3613  走满窗口      1.406 米 /  10.0 秒  0.141 米/秒  直立最低 0.998  本机 22 秒
 3614  没建出来：ValueError: structural lower bounds exceed an incoming budget
 3615  走满窗口      1.244 米 /  10.0 秒  0.124 米/秒  直立最低 0.996  本机 22 秒
 3616  走满窗口      1.141 米 /  10.0 秒  0.114 米/秒  直立最低 0.998  本机 22 秒
 3617  走满窗口      1.421 米 /  10.0 秒  0.142 米/秒  直立最低 0.997  本机 22 秒
 3618  走满窗口      0.995 米 /  10.0 秒  0.099 米/秒  直立最低 0.995  本机 22 秒
 3619  走满窗口      1.422 米 /  10.0 秒  0.142 米/秒  直立最低 0.998  本机 22 秒
 3620  走满窗口      1.339 米 /  10.0 秒  0.134 米/秒  直立最低 0.998  本机 22 秒
 3621  走满窗口      1.279 米 /  10.0 秒  0.128 米/秒  直立最低 0.995  本机 23 秒
 3622  走满窗口      1.052 米 /  10.0 秒  0.105 米/秒  直立最低 0.998  本机 23 秒
 3623  走满窗口      1.381 米 /  10.0 秒  0.138 米/秒  直立最低 0.998  本机 22 秒
 3624  走满窗口      1.344 米 /  10.0 秒  0.134 米/秒  直立最低 0.998  本机 22 秒
 3625  走满窗口      1.289 米 /  10.0 秒  0.129 米/秒  直立最低 0.995  本机 22 秒
 3626  走满窗口      0.857 米 /  10.0 秒  0.086 米/秒  直立最低 0.994  本机 22 秒
 3627  走满窗口      1.402 米 /  10.0 秒  0.140 米/秒  直立最低 0.993  本机 22 秒
 3628  走满窗口      1.618 米 /  10.0 秒  0.162 米/秒  直立最低 0.997  本机 22 秒
 3629  走满窗口      1.286 米 /  10.0 秒  0.129 米/秒  直立最低 0.998  本机 22 秒
 3630  走满窗口      0.613 米 /  10.0 秒  0.061 米/秒  直立最低 0.994  本机 22 秒
 3631  走满窗口      1.352 米 /  10.0 秒  0.135 米/秒  直立最低 0.998  本机 22 秒
 3632  走满窗口      1.346 米 /  10.0 秒  0.135 米/秒  直立最低 0.998  本机 22 秒
 3633  走满窗口      1.329 米 /  10.0 秒  0.133 米/秒  直立最低 0.998  本机 22 秒
 3634  走满窗口      1.289 米 /  10.0 秒  0.129 米/秒  直立最低 0.994  本机 22 秒
 3635  走满窗口      1.439 米 /  10.0 秒  0.144 米/秒  直立最低 0.996  本机 22 秒
 3636  走满窗口      1.335 米 /  10.0 秒  0.133 米/秒  直立最低 0.998  本机 22 秒
 3637  走满窗口      1.305 米 /  10.0 秒  0.131 米/秒  直立最低 0.997  本机 22 秒
 3638  走满窗口      1.239 米 /  10.0 秒  0.124 米/秒  直立最低 0.995  本机 22 秒
 3639  走满窗口      1.325 米 /  10.0 秒  0.132 米/秒  直立最低 0.993  本机 22 秒
 3640  走满窗口      1.334 米 /  10.0 秒  0.133 米/秒  直立最低 0.998  本机 22 秒
 3641  走满窗口      1.385 米 /  10.0 秒  0.138 米/秒  直立最低 0.997  本机 22 秒
 3642  走满窗口      0.590 米 /  10.0 秒  0.059 米/秒  直立最低 0.995  本机 23 秒
 3643  走满窗口      1.314 米 /  10.0 秒  0.131 米/秒  直立最低 0.998  本机 22 秒
 3644  走满窗口      1.244 米 /  10.0 秒  0.124 米/秒  直立最低 0.995  本机 22 秒
 3645  走满窗口      1.241 米 /  10.0 秒  0.124 米/秒  直立最低 0.995  本机 22 秒
 3646  走满窗口      1.256 米 /  10.0 秒  0.126 米/秒  直立最低 0.995  本机 22 秒
 3647  走满窗口      1.379 米 /  10.0 秒  0.138 米/秒  直立最低 0.994  本机 22 秒
 3648  走满窗口      1.293 米 /  10.0 秒  0.129 米/秒  直立最低 0.997  本机 22 秒
 3649  走满窗口      1.364 米 /  10.0 秒  0.136 米/秒  直立最低 0.998  本机 22 秒
 3650  走满窗口      1.132 米 /  10.0 秒  0.113 米/秒  直立最低 0.997  本机 23 秒
 3651  走满窗口      1.114 米 /  10.0 秒  0.111 米/秒  直立最低 0.991  本机 22 秒
 3652  走满窗口      1.316 米 /  10.0 秒  0.132 米/秒  直立最低 0.997  本机 22 秒
 3653  走满窗口      1.284 米 /  10.0 秒  0.128 米/秒  直立最低 0.994  本机 22 秒
 3654  走满窗口      1.239 米 /  10.0 秒  0.124 米/秒  直立最低 0.996  本机 22 秒
 3655  走满窗口      1.245 米 /  10.0 秒  0.125 米/秒  直立最低 0.996  本机 22 秒
 3656  走满窗口      1.261 米 /  10.0 秒  0.126 米/秒  直立最低 0.994  本机 23 秒
 3657  走满窗口      1.248 米 /  10.0 秒  0.125 米/秒  直立最低 0.994  本机 22 秒
 3658  走满窗口      1.167 米 /  10.0 秒  0.117 米/秒  直立最低 0.993  本机 22 秒
 3659  走满窗口      1.275 米 /  10.0 秒  0.128 米/秒  直立最低 0.997  本机 22 秒
 3660  走满窗口      1.359 米 /  10.0 秒  0.136 米/秒  直立最低 0.998  本机 22 秒
 3661  走满窗口      1.239 米 /  10.0 秒  0.124 米/秒  直立最低 0.994  本机 23 秒
 3662  走满窗口      1.125 米 /  10.0 秒  0.113 米/秒  直立最低 0.998  本机 23 秒
 3663  倒过        2.313 米 /  10.0 秒  0.231 米/秒  直立最低 -0.996  本机 23 秒
 3664  走满窗口      0.807 米 /  10.0 秒  0.081 米/秒  直立最低 0.994  本机 22 秒
 3665  走满窗口      1.267 米 /  10.0 秒  0.127 米/秒  直立最低 0.995  本机 22 秒
 3666  走满窗口      1.318 米 /  10.0 秒  0.132 米/秒  直立最低 0.998  本机 22 秒
 3667  走满窗口      1.334 米 /  10.0 秒  0.133 米/秒  直立最低 0.998  本机 22 秒
 3668  走满窗口      1.250 米 /  10.0 秒  0.125 米/秒  直立最低 0.995  本机 22 秒
 3669  走满窗口      1.064 米 /  10.0 秒  0.106 米/秒  直立最低 0.994  本机 23 秒
 3670  走满窗口      1.191 米 /  10.0 秒  0.119 米/秒  直立最低 0.993  本机 22 秒
 3671  走满窗口      0.951 米 /  10.0 秒  0.095 米/秒  直立最低 0.994  本机 22 秒
 3672  走满窗口      1.356 米 /  10.0 秒  0.136 米/秒  直立最低 0.998  本机 22 秒
 3673  走满窗口      1.391 米 /  10.0 秒  0.139 米/秒  直立最低 0.998  本机 22 秒
 3674  走满窗口      0.845 米 /  10.0 秒  0.084 米/秒  直立最低 0.994  本机 22 秒
 3675  走满窗口      1.233 米 /  10.0 秒  0.123 米/秒  直立最低 0.994  本机 22 秒
 3676  走满窗口      1.114 米 /  10.0 秒  0.111 米/秒  直立最低 0.998  本机 22 秒
 3677  走满窗口      1.302 米 /  10.0 秒  0.130 米/秒  直立最低 0.995  本机 23 秒
 3678  走满窗口      1.155 米 /  10.0 秒  0.116 米/秒  直立最低 0.996  本机 22 秒
 3679  走满窗口      1.336 米 /  10.0 秒  0.134 米/秒  直立最低 0.998  本机 22 秒
 3680  走满窗口      0.843 米 /  10.0 秒  0.084 米/秒  直立最低 0.994  本机 22 秒
 3681  走满窗口      1.389 米 /  10.0 秒  0.139 米/秒  直立最低 0.998  本机 22 秒
 3682  走满窗口      1.233 米 /  10.0 秒  0.123 米/秒  直立最低 0.994  本机 22 秒
 3683  走满窗口      1.069 米 /  10.0 秒  0.107 米/秒  直立最低 0.998  本机 22 秒
 3684  走满窗口      1.168 米 /  10.0 秒  0.117 米/秒  直立最低 0.998  本机 22 秒
 3685  走满窗口      1.393 米 /  10.0 秒  0.139 米/秒  直立最低 0.998  本机 22 秒
 3686  走满窗口      1.378 米 /  10.0 秒  0.138 米/秒  直立最低 0.998  本机 22 秒
 3687  走满窗口      1.343 米 /  10.0 秒  0.134 米/秒  直立最低 0.997  本机 22 秒
 3688  走满窗口      1.047 米 /  10.0 秒  0.105 米/秒  直立最低 0.996  本机 22 秒
 3689  走满窗口      1.165 米 /  10.0 秒  0.116 米/秒  直立最低 0.998  本机 22 秒
 3690  走满窗口      1.274 米 /  10.0 秒  0.127 米/秒  直立最低 0.994  本机 22 秒
 3691  走满窗口      1.286 米 /  10.0 秒  0.129 米/秒  直立最低 0.998  本机 22 秒
 3692  走满窗口      1.328 米 /  10.0 秒  0.133 米/秒  直立最低 0.998  本机 22 秒
 3693  走满窗口      1.103 米 /  10.0 秒  0.110 米/秒  直立最低 0.998  本机 23 秒
 3694  走满窗口      1.250 米 /  10.0 秒  0.125 米/秒  直立最低 0.994  本机 22 秒
 3695  走满窗口      0.569 米 /  10.0 秒  0.057 米/秒  直立最低 0.995  本机 22 秒
 3696  走满窗口      0.948 米 /  10.0 秒  0.095 米/秒  直立最低 0.994  本机 22 秒
 3697  走满窗口      0.887 米 /  10.0 秒  0.089 米/秒  直立最低 0.995  本机 22 秒
 3698  走满窗口      1.337 米 /  10.0 秒  0.134 米/秒  直立最低 0.998  本机 23 秒
 3699  走满窗口      1.307 米 /  10.0 秒  0.131 米/秒  直立最低 0.996  本机 22 秒
 3700  走满窗口      1.250 米 /  10.0 秒  0.125 米/秒  直立最低 0.995  本机 22 秒
 3701  走满窗口      1.244 米 /  10.0 秒  0.124 米/秒  直立最低 0.995  本机 22 秒
 3702  走满窗口      1.245 米 /  10.0 秒  0.125 米/秒  直立最低 0.995  本机 22 秒
 3703  走满窗口      0.309 米 /  10.0 秒  0.031 米/秒  直立最低 0.993  本机 22 秒
 3704  走满窗口      1.184 米 /  10.0 秒  0.118 米/秒  直立最低 0.996  本机 22 秒
 3705  走满窗口      1.243 米 /  10.0 秒  0.124 米/秒  直立最低 0.995  本机 22 秒
 3706  走满窗口      1.279 米 /  10.0 秒  0.128 米/秒  直立最低 0.996  本机 22 秒
 3707  走满窗口      0.646 米 /  10.0 秒  0.065 米/秒  直立最低 0.998  本机 22 秒
 3708  走满窗口      1.375 米 /  10.0 秒  0.137 米/秒  直立最低 0.997  本机 22 秒
 3709  走满窗口      1.321 米 /  10.0 秒  0.132 米/秒  直立最低 0.998  本机 22 秒
 3710  走满窗口      0.994 米 /  10.0 秒  0.099 米/秒  直立最低 0.995  本机 23 秒
 3711  走满窗口      1.292 米 /  10.0 秒  0.129 米/秒  直立最低 0.997  本机 22 秒
 3712  走满窗口      1.282 米 /  10.0 秒  0.128 米/秒  直立最低 0.994  本机 22 秒
 3713  走满窗口      1.397 米 /  10.0 秒  0.140 米/秒  直立最低 0.998  本机 22 秒
 3714  走满窗口      1.264 米 /  10.0 秒  0.126 米/秒  直立最低 0.997  本机 22 秒
 3715  走满窗口      1.289 米 /  10.0 秒  0.129 米/秒  直立最低 0.994  本机 22 秒
 3716  走满窗口      1.120 米 /  10.0 秒  0.112 米/秒  直立最低 0.997  本机 22 秒
 3717  走满窗口      1.339 米 /  10.0 秒  0.134 米/秒  直立最低 0.992  本机 22 秒
 3718  走满窗口      1.157 米 /  10.0 秒  0.116 米/秒  直立最低 0.991  本机 22 秒
 3719  走满窗口      1.480 米 /  10.0 秒  0.148 米/秒  直立最低 0.997  本机 22 秒
 3720  走满窗口      1.132 米 /  10.0 秒  0.113 米/秒  直立最低 0.998  本机 22 秒
 3721  走满窗口      1.280 米 /  10.0 秒  0.128 米/秒  直立最低 0.998  本机 22 秒
 3722  走满窗口      1.358 米 /  10.0 秒  0.136 米/秒  直立最低 0.998  本机 22 秒
 3723  走满窗口      1.425 米 /  10.0 秒  0.142 米/秒  直立最低 0.998  本机 22 秒
 3724  走满窗口      0.953 米 /  10.0 秒  0.095 米/秒  直立最低 0.992  本机 22 秒
 3725  走满窗口      1.313 米 /  10.0 秒  0.131 米/秒  直立最低 0.998  本机 23 秒
 3726  走满窗口      0.896 米 /  10.0 秒  0.090 米/秒  直立最低 0.994  本机 22 秒
 3727  走满窗口      1.351 米 /  10.0 秒  0.135 米/秒  直立最低 0.992  本机 22 秒
 3728  走满窗口      1.292 米 /  10.0 秒  0.129 米/秒  直立最低 0.996  本机 22 秒
 3729  走满窗口      0.502 米 /  10.0 秒  0.050 米/秒  直立最低 0.992  本机 22 秒
 3730  走满窗口      1.333 米 /  10.0 秒  0.133 米/秒  直立最低 0.998  本机 22 秒
 3731  走满窗口      1.341 米 /  10.0 秒  0.134 米/秒  直立最低 0.998  本机 23 秒
 3732  走满窗口      1.378 米 /  10.0 秒  0.138 米/秒  直立最低 0.997  本机 22 秒
 3733  走满窗口      1.318 米 /  10.0 秒  0.132 米/秒  直立最低 0.997  本机 22 秒
 3734  走满窗口      1.341 米 /  10.0 秒  0.134 米/秒  直立最低 0.998  本机 22 秒
 3735  走满窗口      1.315 米 /  10.0 秒  0.132 米/秒  直立最低 0.998  本机 22 秒
 3736  走满窗口      1.335 米 /  10.0 秒  0.134 米/秒  直立最低 0.998  本机 22 秒
 3737  走满窗口      1.258 米 /  10.0 秒  0.126 米/秒  直立最低 0.995  本机 22 秒
 3738  走满窗口      1.014 米 /  10.0 秒  0.101 米/秒  直立最低 0.994  本机 21 秒
 3739  走满窗口      1.050 米 /  10.0 秒  0.105 米/秒  直立最低 0.996  本机 22 秒
 3740  走满窗口      1.561 米 /  10.0 秒  0.156 米/秒  直立最低 0.997  本机 23 秒
 3741  走满窗口      1.282 米 /  10.0 秒  0.128 米/秒  直立最低 0.994  本机 22 秒
 3742  走满窗口      1.260 米 /  10.0 秒  0.126 米/秒  直立最低 0.995  本机 22 秒
 3743  走满窗口      1.178 米 /  10.0 秒  0.118 米/秒  直立最低 0.995  本机 22 秒
 3744  走满窗口      1.146 米 /  10.0 秒  0.115 米/秒  直立最低 0.997  本机 22 秒
 3745  走满窗口      1.425 米 /  10.0 秒  0.143 米/秒  直立最低 0.998  本机 22 秒
 3746  走满窗口      0.958 米 /  10.0 秒  0.096 米/秒  直立最低 0.996  本机 22 秒
 3747  走满窗口      1.332 米 /  10.0 秒  0.133 米/秒  直立最低 0.996  本机 22 秒
 3748  走满窗口      1.377 米 /  10.0 秒  0.138 米/秒  直立最低 0.998  本机 23 秒
 3749  走满窗口      1.333 米 /  10.0 秒  0.133 米/秒  直立最低 0.993  本机 23 秒
 3750  走满窗口      1.329 米 /  10.0 秒  0.133 米/秒  直立最低 0.998  本机 22 秒
 3751  走满窗口      1.272 米 /  10.0 秒  0.127 米/秒  直立最低 0.995  本机 22 秒
 3752  走满窗口      1.421 米 /  10.0 秒  0.142 米/秒  直立最低 0.998  本机 22 秒
 3753  走满窗口      1.296 米 /  10.0 秒  0.130 米/秒  直立最低 0.994  本机 22 秒
 3754  走满窗口      1.597 米 /  10.0 秒  0.160 米/秒  直立最低 0.997  本机 22 秒
 3755  走满窗口      1.241 米 /  10.0 秒  0.124 米/秒  直立最低 0.996  本机 22 秒
 3756  走满窗口      1.289 米 /  10.0 秒  0.129 米/秒  直立最低 0.997  本机 22 秒
 3757  走满窗口      1.419 米 /  10.0 秒  0.142 米/秒  直立最低 0.998  本机 22 秒
 3758  走满窗口      1.242 米 /  10.0 秒  0.124 米/秒  直立最低 0.995  本机 22 秒
 3759  走满窗口      0.844 米 /  10.0 秒  0.084 米/秒  直立最低 0.995  本机 22 秒
 3760  走满窗口      1.352 米 /  10.0 秒  0.135 米/秒  直立最低 0.998  本机 22 秒
 3761  走满窗口      1.343 米 /  10.0 秒  0.134 米/秒  直立最低 0.992  本机 23 秒
 3762  走满窗口      1.276 米 /  10.0 秒  0.128 米/秒  直立最低 0.996  本机 22 秒
 3763  走满窗口      0.578 米 /  10.0 秒  0.058 米/秒  直立最低 0.995  本机 22 秒
 3764  走满窗口      1.369 米 /  10.0 秒  0.137 米/秒  直立最低 0.998  本机 23 秒
 3765  走满窗口      1.206 米 /  10.0 秒  0.121 米/秒  直立最低 0.996  本机 22 秒
 3766  走满窗口      1.334 米 /  10.0 秒  0.133 米/秒  直立最低 0.998  本机 22 秒
 3767  走满窗口      1.263 米 /  10.0 秒  0.126 米/秒  直立最低 0.995  本机 22 秒
 3768  走满窗口      1.299 米 /  10.0 秒  0.130 米/秒  直立最低 0.994  本机 22 秒
 3769  走满窗口      1.134 米 /  10.0 秒  0.113 米/秒  直立最低 0.998  本机 22 秒
 3770  走满窗口      0.975 米 /  10.0 秒  0.097 米/秒  直立最低 0.995  本机 22 秒
 3771  倒过        1.339 米 /  10.0 秒  0.134 米/秒  直立最低 -0.997  本机 22 秒
 3772  走满窗口      1.127 米 /  10.0 秒  0.113 米/秒  直立最低 0.995  本机 22 秒
 3773  没建出来：ValueError: structural lower bounds exceed an incoming budget
 3774  走满窗口      1.038 米 /  10.0 秒  0.104 米/秒  直立最低 0.995  本机 22 秒
 3775  走满窗口      1.225 米 /  10.0 秒  0.122 米/秒  直立最低 0.996  本机 22 秒
 3776  走满窗口      1.272 米 /  10.0 秒  0.127 米/秒  直立最低 0.998  本机 22 秒
 3777  走满窗口      1.262 米 /  10.0 秒  0.126 米/秒  直立最低 0.995  本机 22 秒
 3778  走满窗口      1.593 米 /  10.0 秒  0.159 米/秒  直立最低 0.997  本机 22 秒
 3779  走满窗口      1.359 米 /  10.0 秒  0.136 米/秒  直立最低 0.998  本机 23 秒
 3780  走满窗口      0.583 米 /  10.0 秒  0.058 米/秒  直立最低 0.990  本机 22 秒
 3781  走满窗口      1.343 米 /  10.0 秒  0.134 米/秒  直立最低 0.998  本机 22 秒
 3782  走满窗口      1.306 米 /  10.0 秒  0.131 米/秒  直立最低 0.998  本机 22 秒
 3783  走满窗口      1.469 米 /  10.0 秒  0.147 米/秒  直立最低 0.997  本机 22 秒
 3784  走满窗口      1.635 米 /  10.0 秒  0.163 米/秒  直立最低 0.997  本机 22 秒
 3785  走满窗口      1.168 米 /  10.0 秒  0.117 米/秒  直立最低 0.997  本机 23 秒
 3786  走满窗口      1.365 米 /  10.0 秒  0.136 米/秒  直立最低 0.996  本机 22 秒
 3787  走满窗口      1.257 米 /  10.0 秒  0.126 米/秒  直立最低 0.995  本机 23 秒
 3788  走满窗口      1.302 米 /  10.0 秒  0.130 米/秒  直立最低 0.996  本机 23 秒
 3789  走满窗口      1.460 米 /  10.0 秒  0.146 米/秒  直立最低 0.998  本机 23 秒
 3790  走满窗口      0.902 米 /  10.0 秒  0.090 米/秒  直立最低 0.991  本机 23 秒
 3791  走满窗口      1.321 米 /  10.0 秒  0.132 米/秒  直立最低 0.998  本机 23 秒
 3792  走满窗口      1.268 米 /  10.0 秒  0.127 米/秒  直立最低 0.995  本机 23 秒
 3793  走满窗口      1.247 米 /  10.0 秒  0.125 米/秒  直立最低 0.996  本机 23 秒
 3794  走满窗口      1.302 米 /  10.0 秒  0.130 米/秒  直立最低 0.998  本机 23 秒
 3795  走满窗口      1.347 米 /  10.0 秒  0.135 米/秒  直立最低 0.998  本机 23 秒
 3796  走满窗口      1.322 米 /  10.0 秒  0.132 米/秒  直立最低 0.997  本机 23 秒
 3797  走满窗口      1.408 米 /  10.0 秒  0.141 米/秒  直立最低 0.998  本机 23 秒
 3798  走满窗口      1.260 米 /  10.0 秒  0.126 米/秒  直立最低 0.995  本机 24 秒
 3799  走满窗口      1.283 米 /  10.0 秒  0.128 米/秒  直立最低 0.998  本机 23 秒
 3800  走满窗口      1.116 米 /  10.0 秒  0.112 米/秒  直立最低 0.996  本机 23 秒
 3801  走满窗口      1.399 米 /  10.0 秒  0.140 米/秒  直立最低 0.998  本机 23 秒
 3802  走满窗口      1.373 米 /  10.0 秒  0.137 米/秒  直立最低 0.998  本机 23 秒
 3803  走满窗口      1.253 米 /  10.0 秒  0.125 米/秒  直立最低 0.997  本机 23 秒
 3804  走满窗口      0.943 米 /  10.0 秒  0.094 米/秒  直立最低 0.993  本机 23 秒
 3805  走满窗口      1.268 米 /  10.0 秒  0.127 米/秒  直立最低 0.995  本机 23 秒
 3806  走满窗口      1.329 米 /  10.0 秒  0.133 米/秒  直立最低 0.998  本机 23 秒
 3807  走满窗口      0.900 米 /  10.0 秒  0.090 米/秒  直立最低 0.998  本机 23 秒
 3808  走满窗口      1.265 米 /  10.0 秒  0.126 米/秒  直立最低 0.994  本机 23 秒
 3809  走满窗口      1.253 米 /  10.0 秒  0.125 米/秒  直立最低 0.995  本机 23 秒
 3810  走满窗口      1.098 米 /  10.0 秒  0.110 米/秒  直立最低 0.998  本机 22 秒
 3811  走满窗口      1.347 米 /  10.0 秒  0.135 米/秒  直立最低 0.998  本机 22 秒
 3812  走满窗口      1.182 米 /  10.0 秒  0.118 米/秒  直立最低 0.996  本机 23 秒
 3813  走满窗口      1.261 米 /  10.0 秒  0.126 米/秒  直立最低 0.995  本机 23 秒
 3814  走满窗口      0.995 米 /  10.0 秒  0.099 米/秒  直立最低 0.994  本机 22 秒
 3815  走满窗口      0.834 米 /  10.0 秒  0.083 米/秒  直立最低 0.994  本机 22 秒
 3816  走满窗口      1.260 米 /  10.0 秒  0.126 米/秒  直立最低 0.995  本机 22 秒
 3817  走满窗口      1.171 米 /  10.0 秒  0.117 米/秒  直立最低 0.998  本机 23 秒
 3818  走满窗口      1.395 米 /  10.0 秒  0.140 米/秒  直立最低 0.998  本机 22 秒
 3819  走满窗口      1.113 米 /  10.0 秒  0.111 米/秒  直立最低 0.999  本机 22 秒
 3820  走满窗口      1.652 米 /  10.0 秒  0.165 米/秒  直立最低 0.997  本机 22 秒
 3821  走满窗口      1.186 米 /  10.0 秒  0.119 米/秒  直立最低 0.996  本机 22 秒
 3822  走满窗口      0.933 米 /  10.0 秒  0.093 米/秒  直立最低 0.998  本机 22 秒
 3823  走满窗口      1.246 米 /  10.0 秒  0.125 米/秒  直立最低 0.994  本机 22 秒
 3824  走满窗口      1.321 米 /  10.0 秒  0.132 米/秒  直立最低 0.998  本机 23 秒
 3825  走满窗口      1.344 米 /  10.0 秒  0.134 米/秒  直立最低 0.998  本机 23 秒
 3826  走满窗口      1.253 米 /  10.0 秒  0.125 米/秒  直立最低 0.996  本机 22 秒
 3827  走满窗口      1.445 米 /  10.0 秒  0.145 米/秒  直立最低 0.996  本机 22 秒
 3828  走满窗口      1.124 米 /  10.0 秒  0.112 米/秒  直立最低 0.996  本机 21 秒
 3829  走满窗口      0.768 米 /  10.0 秒  0.077 米/秒  直立最低 0.993  本机 22 秒
 3830  走满窗口      1.216 米 /  10.0 秒  0.122 米/秒  直立最低 0.991  本机 22 秒
 3831  走满窗口      1.255 米 /  10.0 秒  0.126 米/秒  直立最低 0.995  本机 22 秒
 3832  走满窗口      1.344 米 /  10.0 秒  0.134 米/秒  直立最低 0.998  本机 22 秒
 3833  走满窗口      1.049 米 /  10.0 秒  0.105 米/秒  直立最低 0.997  本机 23 秒
 3834  走满窗口      1.307 米 /  10.0 秒  0.131 米/秒  直立最低 0.998  本机 23 秒
 3835  走满窗口      1.281 米 /  10.0 秒  0.128 米/秒  直立最低 0.995  本机 22 秒
 3836  走满窗口      1.330 米 /  10.0 秒  0.133 米/秒  直立最低 0.998  本机 22 秒
 3837  走满窗口      1.338 米 /  10.0 秒  0.134 米/秒  直立最低 0.998  本机 22 秒
 3838  走满窗口      1.303 米 /  10.0 秒  0.130 米/秒  直立最低 0.997  本机 22 秒
 3839  走满窗口      1.337 米 /  10.0 秒  0.134 米/秒  直立最低 0.998  本机 22 秒
 3840  走满窗口      1.352 米 /  10.0 秒  0.135 米/秒  直立最低 0.998  本机 22 秒
 3841  走满窗口      1.360 米 /  10.0 秒  0.136 米/秒  直立最低 0.998  本机 22 秒
 3842  走满窗口      1.112 米 /  10.0 秒  0.111 米/秒  直立最低 0.998  本机 22 秒
 3843  走满窗口      1.650 米 /  10.0 秒  0.165 米/秒  直立最低 0.997  本机 22 秒
 3844  走满窗口      1.278 米 /  10.0 秒  0.128 米/秒  直立最低 0.998  本机 22 秒
 3845  走满窗口      1.381 米 /  10.0 秒  0.138 米/秒  直立最低 0.998  本机 22 秒
 3846  走满窗口      1.275 米 /  10.0 秒  0.128 米/秒  直立最低 0.995  本机 22 秒
 3847  走满窗口      1.336 米 /  10.0 秒  0.134 米/秒  直立最低 0.997  本机 22 秒
 3848  走满窗口      1.270 米 /  10.0 秒  0.127 米/秒  直立最低 0.994  本机 22 秒
 3849  走满窗口      1.293 米 /  10.0 秒  0.129 米/秒  直立最低 0.998  本机 22 秒
 3850  走满窗口      1.367 米 /  10.0 秒  0.137 米/秒  直立最低 0.998  本机 22 秒
 3851  走满窗口      1.161 米 /  10.0 秒  0.116 米/秒  直立最低 0.994  本机 22 秒
 3852  走满窗口      1.297 米 /  10.0 秒  0.130 米/秒  直立最低 0.997  本机 22 秒
 3853  走满窗口      1.323 米 /  10.0 秒  0.132 米/秒  直立最低 0.998  本机 22 秒
 3854  走满窗口      0.647 米 /  10.0 秒  0.065 米/秒  直立最低 0.991  本机 22 秒
 3855  走满窗口      1.253 米 /  10.0 秒  0.125 米/秒  直立最低 0.996  本机 22 秒
 3856  走满窗口      1.433 米 /  10.0 秒  0.143 米/秒  直立最低 0.998  本机 22 秒
 3857  走满窗口      1.019 米 /  10.0 秒  0.102 米/秒  直立最低 0.998  本机 22 秒
 3858  走满窗口      0.927 米 /  10.0 秒  0.093 米/秒  直立最低 0.995  本机 22 秒
 3859  走满窗口      0.979 米 /  10.0 秒  0.098 米/秒  直立最低 0.994  本机 23 秒
 3860  走满窗口      1.308 米 /  10.0 秒  0.131 米/秒  直立最低 0.998  本机 22 秒
 3861  走满窗口      1.342 米 /  10.0 秒  0.134 米/秒  直立最低 0.998  本机 22 秒
 3862  走满窗口      1.248 米 /  10.0 秒  0.125 米/秒  直立最低 0.995  本机 22 秒
 3863  走满窗口      1.285 米 /  10.0 秒  0.128 米/秒  直立最低 0.996  本机 22 秒
 3864  走满窗口      1.202 米 /  10.0 秒  0.120 米/秒  直立最低 0.998  本机 23 秒
 3865  走满窗口      1.306 米 /  10.0 秒  0.131 米/秒  直立最低 0.998  本机 22 秒
 3866  走满窗口      1.331 米 /  10.0 秒  0.133 米/秒  直立最低 0.998  本机 22 秒
 3867  走满窗口      1.303 米 /  10.0 秒  0.130 米/秒  直立最低 0.998  本机 22 秒
 3868  走满窗口      1.136 米 /  10.0 秒  0.114 米/秒  直立最低 0.998  本机 22 秒
 3869  走满窗口      1.032 米 /  10.0 秒  0.103 米/秒  直立最低 0.998  本机 22 秒
 3870  走满窗口      1.273 米 /  10.0 秒  0.127 米/秒  直立最低 0.995  本机 22 秒
 3871  走满窗口      1.427 米 /  10.0 秒  0.143 米/秒  直立最低 0.997  本机 23 秒
 3872  走满窗口      1.264 米 /  10.0 秒  0.126 米/秒  直立最低 0.998  本机 23 秒
 3873  走满窗口      1.123 米 /  10.0 秒  0.112 米/秒  直立最低 0.996  本机 22 秒
 3874  走满窗口      0.426 米 /  10.0 秒  0.043 米/秒  直立最低 0.993  本机 22 秒
 3875  走满窗口      1.026 米 /  10.0 秒  0.103 米/秒  直立最低 0.998  本机 22 秒
 3876  走满窗口      1.319 米 /  10.0 秒  0.132 米/秒  直立最低 0.998  本机 22 秒
 3877  走满窗口      1.070 米 /  10.0 秒  0.107 米/秒  直立最低 0.998  本机 22 秒
 3878  走满窗口      1.324 米 /  10.0 秒  0.132 米/秒  直立最低 0.998  本机 22 秒
 3879  走满窗口      1.264 米 /  10.0 秒  0.126 米/秒  直立最低 0.994  本机 22 秒
 3880  走满窗口      1.037 米 /  10.0 秒  0.104 米/秒  直立最低 0.995  本机 22 秒
 3881  走满窗口      1.316 米 /  10.0 秒  0.132 米/秒  直立最低 0.998  本机 23 秒
 3882  走满窗口      1.261 米 /  10.0 秒  0.126 米/秒  直立最低 0.998  本机 22 秒
 3883  走满窗口      1.131 米 /  10.0 秒  0.113 米/秒  直立最低 0.995  本机 22 秒
 3884  走满窗口      1.391 米 /  10.0 秒  0.139 米/秒  直立最低 0.998  本机 23 秒
 3885  走满窗口      1.140 米 /  10.0 秒  0.114 米/秒  直立最低 0.998  本机 22 秒
 3886  走满窗口      1.321 米 /  10.0 秒  0.132 米/秒  直立最低 0.998  本机 22 秒
 3887  走满窗口      1.439 米 /  10.0 秒  0.144 米/秒  直立最低 0.998  本机 22 秒
 3888  走满窗口      0.981 米 /  10.0 秒  0.098 米/秒  直立最低 0.991  本机 22 秒
 3889  走满窗口      1.217 米 /  10.0 秒  0.122 米/秒  直立最低 0.998  本机 22 秒
 3890  走满窗口      1.266 米 /  10.0 秒  0.127 米/秒  直立最低 0.995  本机 22 秒
 3891  走满窗口      1.391 米 /  10.0 秒  0.139 米/秒  直立最低 0.998  本机 22 秒
 3892  走满窗口      1.237 米 /  10.0 秒  0.124 米/秒  直立最低 0.995  本机 22 秒
 3893  走满窗口      1.322 米 /  10.0 秒  0.132 米/秒  直立最低 0.997  本机 22 秒
 3894  走满窗口      1.332 米 /  10.0 秒  0.133 米/秒  直立最低 0.996  本机 22 秒
 3895  走满窗口      1.250 米 /  10.0 秒  0.125 米/秒  直立最低 0.995  本机 23 秒
 3896  走满窗口      1.135 米 /  10.0 秒  0.114 米/秒  直立最低 0.998  本机 22 秒
 3897  走满窗口      1.255 米 /  10.0 秒  0.125 米/秒  直立最低 0.994  本机 22 秒
 3898  走满窗口      1.321 米 /  10.0 秒  0.132 米/秒  直立最低 0.998  本机 22 秒
 3899  走满窗口      1.411 米 /  10.0 秒  0.141 米/秒  直立最低 0.998  本机 22 秒
 3900  走满窗口      1.244 米 /  10.0 秒  0.124 米/秒  直立最低 0.994  本机 23 秒
 3901  走满窗口      0.678 米 /  10.0 秒  0.068 米/秒  直立最低 0.995  本机 22 秒
 3902  走满窗口      1.084 米 /  10.0 秒  0.108 米/秒  直立最低 0.998  本机 22 秒
 3903  走满窗口      1.397 米 /  10.0 秒  0.140 米/秒  直立最低 0.998  本机 22 秒
 3904  走满窗口      1.244 米 /  10.0 秒  0.124 米/秒  直立最低 0.995  本机 22 秒
 3905  走满窗口      1.280 米 /  10.0 秒  0.128 米/秒  直立最低 0.995  本机 22 秒
 3906  走满窗口      1.315 米 /  10.0 秒  0.132 米/秒  直立最低 0.997  本机 22 秒
 3907  走满窗口      1.335 米 /  10.0 秒  0.134 米/秒  直立最低 0.998  本机 23 秒
 3908  走满窗口      1.346 米 /  10.0 秒  0.135 米/秒  直立最低 0.998  本机 22 秒
 3909  走满窗口      1.095 米 /  10.0 秒  0.109 米/秒  直立最低 0.998  本机 22 秒
 3910  走满窗口      1.343 米 /  10.0 秒  0.134 米/秒  直立最低 0.997  本机 22 秒
 3911  走满窗口      1.370 米 /  10.0 秒  0.137 米/秒  直立最低 0.998  本机 22 秒
 3912  走满窗口      1.400 米 /  10.0 秒  0.140 米/秒  直立最低 0.998  本机 22 秒
 3913  走满窗口      1.267 米 /  10.0 秒  0.127 米/秒  直立最低 0.995  本机 22 秒
 3914  走满窗口      1.251 米 /  10.0 秒  0.125 米/秒  直立最低 0.995  本机 22 秒
 3915  走满窗口      1.337 米 /  10.0 秒  0.134 米/秒  直立最低 0.998  本机 23 秒
 3916  走满窗口      0.613 米 /  10.0 秒  0.061 米/秒  直立最低 0.996  本机 22 秒
 3917  走满窗口      1.033 米 /  10.0 秒  0.103 米/秒  直立最低 0.998  本机 22 秒
 3918  走满窗口      1.274 米 /  10.0 秒  0.127 米/秒  直立最低 0.998  本机 22 秒
 3919  走满窗口      1.269 米 /  10.0 秒  0.127 米/秒  直立最低 0.995  本机 22 秒
 3920  走满窗口      1.076 米 /  10.0 秒  0.108 米/秒  直立最低 0.997  本机 22 秒
 3921  走满窗口      1.307 米 /  10.0 秒  0.131 米/秒  直立最低 0.994  本机 22 秒
 3922  走满窗口      1.232 米 /  10.0 秒  0.123 米/秒  直立最低 0.998  本机 22 秒
 3923  走满窗口      1.241 米 /  10.0 秒  0.124 米/秒  直立最低 0.996  本机 23 秒
 3924  走满窗口      1.338 米 /  10.0 秒  0.134 米/秒  直立最低 0.998  本机 23 秒
 3925  走满窗口      1.070 米 /  10.0 秒  0.107 米/秒  直立最低 0.997  本机 22 秒
 3926  走满窗口      1.238 米 /  10.0 秒  0.124 米/秒  直立最低 0.995  本机 22 秒
 3927  走满窗口      1.212 米 /  10.0 秒  0.121 米/秒  直立最低 0.997  本机 22 秒
 3928  走满窗口      1.360 米 /  10.0 秒  0.136 米/秒  直立最低 0.998  本机 22 秒
 3929  走满窗口      1.267 米 /  10.0 秒  0.127 米/秒  直立最低 0.995  本机 22 秒
 3930  走满窗口      0.552 米 /  10.0 秒  0.055 米/秒  直立最低 0.990  本机 22 秒
 3931  走满窗口      1.280 米 /  10.0 秒  0.128 米/秒  直立最低 0.994  本机 22 秒
 3932  走满窗口      1.342 米 /  10.0 秒  0.134 米/秒  直立最低 0.998  本机 22 秒
 3933  走满窗口      1.439 米 /  10.0 秒  0.144 米/秒  直立最低 0.996  本机 22 秒
 3934  走满窗口      0.919 米 /  10.0 秒  0.092 米/秒  直立最低 0.994  本机 22 秒
 3935  走满窗口      1.269 米 /  10.0 秒  0.127 米/秒  直立最低 0.995  本机 22 秒
 3936  走满窗口      1.377 米 /  10.0 秒  0.138 米/秒  直立最低 0.995  本机 23 秒
 3937  走满窗口      1.261 米 /  10.0 秒  0.126 米/秒  直立最低 0.994  本机 22 秒
 3938  走满窗口      1.355 米 /  10.0 秒  0.135 米/秒  直立最低 0.998  本机 22 秒
 3939  走满窗口      1.353 米 /  10.0 秒  0.135 米/秒  直立最低 0.996  本机 22 秒
 3940  走满窗口      1.007 米 /  10.0 秒  0.101 米/秒  直立最低 0.998  本机 22 秒
 3941  走满窗口      0.959 米 /  10.0 秒  0.096 米/秒  直立最低 0.999  本机 22 秒
 3942  走满窗口      1.227 米 /  10.0 秒  0.123 米/秒  直立最低 0.994  本机 22 秒
 3943  走满窗口      1.078 米 /  10.0 秒  0.108 米/秒  直立最低 0.998  本机 23 秒
 3944  走满窗口      1.283 米 /  10.0 秒  0.128 米/秒  直立最低 0.998  本机 22 秒
 3945  走满窗口      1.357 米 /  10.0 秒  0.136 米/秒  直立最低 0.998  本机 22 秒
 3946  走满窗口      1.373 米 /  10.0 秒  0.137 米/秒  直立最低 0.998  本机 22 秒
 3947  走满窗口      1.319 米 /  10.0 秒  0.132 米/秒  直立最低 0.998  本机 22 秒
 3948  走满窗口      1.362 米 /  10.0 秒  0.136 米/秒  直立最低 0.998  本机 22 秒
 3949  走满窗口      1.333 米 /  10.0 秒  0.133 米/秒  直立最低 0.998  本机 22 秒
 3950  走满窗口      1.271 米 /  10.0 秒  0.127 米/秒  直立最低 0.995  本机 23 秒
 3951  走满窗口      1.069 米 /  10.0 秒  0.107 米/秒  直立最低 0.998  本机 22 秒
 3952  走满窗口      1.340 米 /  10.0 秒  0.134 米/秒  直立最低 0.998  本机 22 秒
 3953  走满窗口      1.248 米 /  10.0 秒  0.125 米/秒  直立最低 0.998  本机 22 秒
 3954  倒过        1.862 米 /  10.0 秒  0.186 米/秒  直立最低 -0.991  本机 22 秒
 3955  走满窗口      1.108 米 /  10.0 秒  0.111 米/秒  直立最低 0.998  本机 22 秒
 3956  走满窗口      1.293 米 /  10.0 秒  0.129 米/秒  直立最低 0.998  本机 22 秒
 3957  走满窗口      1.394 米 /  10.0 秒  0.139 米/秒  直立最低 0.998  本机 22 秒
 3958  走满窗口      0.900 米 /  10.0 秒  0.090 米/秒  直立最低 0.994  本机 22 秒
 3959  走满窗口      0.897 米 /  10.0 秒  0.090 米/秒  直立最低 0.998  本机 23 秒
 3960  走满窗口      1.241 米 /  10.0 秒  0.124 米/秒  直立最低 0.995  本机 22 秒
 3961  没建出来：ValueError: structural lower bounds exceed an incoming budget
 3962  走满窗口      0.882 米 /  10.0 秒  0.088 米/秒  直立最低 0.994  本机 22 秒
 3963  走满窗口      0.571 米 /  10.0 秒  0.057 米/秒  直立最低 0.992  本机 22 秒
 3964  走满窗口      1.194 米 /  10.0 秒  0.119 米/秒  直立最低 0.998  本机 22 秒
 3965  走满窗口      1.308 米 /  10.0 秒  0.131 米/秒  直立最低 0.998  本机 22 秒
 3966  走满窗口      1.261 米 /  10.0 秒  0.126 米/秒  直立最低 0.994  本机 22 秒
 3967  走满窗口      0.582 米 /  10.0 秒  0.058 米/秒  直立最低 0.992  本机 22 秒
 3968  走满窗口      1.261 米 /  10.0 秒  0.126 米/秒  直立最低 0.996  本机 22 秒
 3969  走满窗口      1.381 米 /  10.0 秒  0.138 米/秒  直立最低 0.998  本机 22 秒
 3970  走满窗口      1.364 米 /  10.0 秒  0.136 米/秒  直立最低 0.998  本机 22 秒
 3971  走满窗口      1.333 米 /  10.0 秒  0.133 米/秒  直立最低 0.998  本机 23 秒
 3972  走满窗口      1.339 米 /  10.0 秒  0.134 米/秒  直立最低 0.998  本机 22 秒
 3973  走满窗口      1.600 米 /  10.0 秒  0.160 米/秒  直立最低 0.997  本机 22 秒
 3974  走满窗口      1.159 米 /  10.0 秒  0.116 米/秒  直立最低 0.993  本机 23 秒
 3975  走满窗口      1.253 米 /  10.0 秒  0.125 米/秒  直立最低 0.994  本机 23 秒
 3976  走满窗口      1.380 米 /  10.0 秒  0.138 米/秒  直立最低 0.998  本机 22 秒
 3977  走满窗口      1.325 米 /  10.0 秒  0.132 米/秒  直立最低 0.998  本机 22 秒
 3978  走满窗口      1.288 米 /  10.0 秒  0.129 米/秒  直立最低 0.994  本机 22 秒
 3979  走满窗口      0.769 米 /  10.0 秒  0.077 米/秒  直立最低 0.995  本机 22 秒
 3980  走满窗口      1.376 米 /  10.0 秒  0.138 米/秒  直立最低 0.998  本机 22 秒
 3981  走满窗口      1.261 米 /  10.0 秒  0.126 米/秒  直立最低 0.994  本机 22 秒
 3982  走满窗口      1.418 米 /  10.0 秒  0.142 米/秒  直立最低 0.998  本机 22 秒
 3983  走满窗口      1.319 米 /  10.0 秒  0.132 米/秒  直立最低 0.998  本机 22 秒
 3984  走满窗口      1.045 米 /  10.0 秒  0.104 米/秒  直立最低 0.998  本机 22 秒
 3985  走满窗口      1.230 米 /  10.0 秒  0.123 米/秒  直立最低 0.995  本机 22 秒
 3986  走满窗口      1.333 米 /  10.0 秒  0.133 米/秒  直立最低 0.998  本机 22 秒
 3987  走满窗口      1.325 米 /  10.0 秒  0.133 米/秒  直立最低 0.998  本机 22 秒
 3988  走满窗口      1.422 米 /  10.0 秒  0.142 米/秒  直立最低 0.998  本机 22 秒
 3989  走满窗口      1.025 米 /  10.0 秒  0.102 米/秒  直立最低 0.998  本机 22 秒
 3990  走满窗口      1.410 米 /  10.0 秒  0.141 米/秒  直立最低 0.998  本机 22 秒
 3991  走满窗口      1.358 米 /  10.0 秒  0.136 米/秒  直立最低 0.998  本机 22 秒
 3992  走满窗口      1.315 米 /  10.0 秒  0.131 米/秒  直立最低 0.998  本机 22 秒
 3993  走满窗口      1.286 米 /  10.0 秒  0.129 米/秒  直立最低 0.997  本机 22 秒
 3994  走满窗口      1.231 米 /  10.0 秒  0.123 米/秒  直立最低 0.997  本机 22 秒
 3995  走满窗口      1.218 米 /  10.0 秒  0.122 米/秒  直立最低 0.998  本机 22 秒
 3996  走满窗口      1.407 米 /  10.0 秒  0.141 米/秒  直立最低 0.998  本机 22 秒
 3997  走满窗口      1.306 米 /  10.0 秒  0.131 米/秒  直立最低 0.998  本机 22 秒
 3998  走满窗口      1.139 米 /  10.0 秒  0.114 米/秒  直立最低 0.995  本机 22 秒
 3999  走满窗口      1.343 米 /  10.0 秒  0.134 米/秒  直立最低 0.998  本机 22 秒
 4000  走满窗口      1.336 米 /  10.0 秒  0.134 米/秒  直立最低 0.998  本机 22 秒
 4001  走满窗口      1.264 米 /  10.0 秒  0.126 米/秒  直立最低 0.994  本机 23 秒
 4002  走满窗口      1.300 米 /  10.0 秒  0.130 米/秒  直立最低 0.998  本机 22 秒
 4003  走满窗口      1.261 米 /  10.0 秒  0.126 米/秒  直立最低 0.995  本机 22 秒
 4004  走满窗口      1.305 米 /  10.0 秒  0.130 米/秒  直立最低 0.998  本机 22 秒
 4005  走满窗口      1.268 米 /  10.0 秒  0.127 米/秒  直立最低 0.995  本机 22 秒
 4006  走满窗口      1.239 米 /  10.0 秒  0.124 米/秒  直立最低 0.995  本机 22 秒
 4007  走满窗口      1.060 米 /  10.0 秒  0.106 米/秒  直立最低 0.998  本机 22 秒
 4008  走满窗口      1.219 米 /  10.0 秒  0.122 米/秒  直立最低 0.994  本机 23 秒
 4009  走满窗口      1.361 米 /  10.0 秒  0.136 米/秒  直立最低 0.998  本机 23 秒
 4010  走满窗口      1.417 米 /  10.0 秒  0.142 米/秒  直立最低 0.998  本机 22 秒
 4011  走满窗口      1.072 米 /  10.0 秒  0.107 米/秒  直立最低 0.998  本机 22 秒
 4012  走满窗口      1.384 米 /  10.0 秒  0.138 米/秒  直立最低 0.998  本机 22 秒
 4013  走满窗口      1.285 米 /  10.0 秒  0.128 米/秒  直立最低 0.995  本机 22 秒
 4014  走满窗口      1.343 米 /  10.0 秒  0.134 米/秒  直立最低 0.995  本机 22 秒
 4015  走满窗口      1.238 米 /  10.0 秒  0.124 米/秒  直立最低 0.993  本机 22 秒
 4016  走满窗口      1.294 米 /  10.0 秒  0.129 米/秒  直立最低 0.997  本机 22 秒
 4017  走满窗口      0.851 米 /  10.0 秒  0.085 米/秒  直立最低 0.993  本机 22 秒
 4018  走满窗口      1.181 米 /  10.0 秒  0.118 米/秒  直立最低 0.996  本机 23 秒
 4019  走满窗口      1.510 米 /  10.0 秒  0.151 米/秒  直立最低 0.997  本机 22 秒
 4020  走满窗口      1.283 米 /  10.0 秒  0.128 米/秒  直立最低 0.994  本机 22 秒
 4021  走满窗口      1.031 米 /  10.0 秒  0.103 米/秒  直立最低 0.998  本机 22 秒
 4022  走满窗口      1.325 米 /  10.0 秒  0.132 米/秒  直立最低 0.998  本机 22 秒
 4023  走满窗口      1.295 米 /  10.0 秒  0.129 米/秒  直立最低 0.994  本机 22 秒
 4024  走满窗口      0.687 米 /  10.0 秒  0.069 米/秒  直立最低 0.992  本机 22 秒
 4025  走满窗口      0.800 米 /  10.0 秒  0.080 米/秒  直立最低 0.995  本机 23 秒
 4026  走满窗口      1.076 米 /  10.0 秒  0.108 米/秒  直立最低 0.999  本机 22 秒
 4027  走满窗口      1.386 米 /  10.0 秒  0.139 米/秒  直立最低 0.998  本机 22 秒
 4028  走满窗口      1.077 米 /  10.0 秒  0.108 米/秒  直立最低 0.998  本机 22 秒
 4029  走满窗口      1.379 米 /  10.0 秒  0.138 米/秒  直立最低 0.995  本机 22 秒
 4030  走满窗口      1.273 米 /  10.0 秒  0.127 米/秒  直立最低 0.995  本机 23 秒
 4031  走满窗口      1.308 米 /  10.0 秒  0.131 米/秒  直立最低 0.997  本机 22 秒
 4032  走满窗口      1.260 米 /  10.0 秒  0.126 米/秒  直立最低 0.997  本机 22 秒
 4033  走满窗口      1.269 米 /  10.0 秒  0.127 米/秒  直立最低 0.998  本机 22 秒
 4034  走满窗口      1.319 米 /  10.0 秒  0.132 米/秒  直立最低 0.998  本机 22 秒
 4035  走满窗口      1.327 米 /  10.0 秒  0.133 米/秒  直立最低 0.998  本机 22 秒
 4036  走满窗口      1.245 米 /  10.0 秒  0.125 米/秒  直立最低 0.995  本机 22 秒
 4037  走满窗口      1.269 米 /  10.0 秒  0.127 米/秒  直立最低 0.995  本机 23 秒
 4038  走满窗口      1.417 米 /  10.0 秒  0.142 米/秒  直立最低 0.998  本机 22 秒
 4039  走满窗口      1.134 米 /  10.0 秒  0.113 米/秒  直立最低 0.997  本机 22 秒
 4040  走满窗口      1.252 米 /  10.0 秒  0.125 米/秒  直立最低 0.995  本机 22 秒
 4041  走满窗口      1.328 米 /  10.0 秒  0.133 米/秒  直立最低 0.998  本机 22 秒
 4042  走满窗口      1.000 米 /  10.0 秒  0.100 米/秒  直立最低 0.994  本机 22 秒
 4043  走满窗口      1.281 米 /  10.0 秒  0.128 米/秒  直立最低 0.994  本机 22 秒
 4044  走满窗口      1.257 米 /  10.0 秒  0.126 米/秒  直立最低 0.995  本机 22 秒
 4045  走满窗口      1.253 米 /  10.0 秒  0.125 米/秒  直立最低 0.995  本机 22 秒
 4046  走满窗口      1.339 米 /  10.0 秒  0.134 米/秒  直立最低 0.998  本机 22 秒
 4047  走满窗口      1.298 米 /  10.0 秒  0.130 米/秒  直立最低 0.991  本机 22 秒
 4048  走满窗口      1.309 米 /  10.0 秒  0.131 米/秒  直立最低 0.992  本机 23 秒
 4049  走满窗口      1.296 米 /  10.0 秒  0.130 米/秒  直立最低 0.997  本机 22 秒
 4050  走满窗口      1.260 米 /  10.0 秒  0.126 米/秒  直立最低 0.998  本机 23 秒
 4051  走满窗口      1.037 米 /  10.0 秒  0.104 米/秒  直立最低 0.995  本机 22 秒
 4052  走满窗口      1.338 米 /  10.0 秒  0.134 米/秒  直立最低 0.998  本机 22 秒
 4053  走满窗口      0.848 米 /  10.0 秒  0.085 米/秒  直立最低 0.995  本机 22 秒
 4054  走满窗口      1.182 米 /  10.0 秒  0.118 米/秒  直立最低 0.998  本机 23 秒
 4055  走满窗口      1.150 米 /  10.0 秒  0.115 米/秒  直立最低 0.995  本机 22 秒
 4056  走满窗口      0.739 米 /  10.0 秒  0.074 米/秒  直立最低 0.994  本机 22 秒
 4057  走满窗口      1.293 米 /  10.0 秒  0.129 米/秒  直立最低 0.996  本机 22 秒
 4058  走满窗口      1.362 米 /  10.0 秒  0.136 米/秒  直立最低 0.998  本机 22 秒
 4059  走满窗口      1.179 米 /  10.0 秒  0.118 米/秒  直立最低 0.995  本机 22 秒
 4060  走满窗口      1.112 米 /  10.0 秒  0.111 米/秒  直立最低 0.998  本机 22 秒
 4061  走满窗口      1.287 米 /  10.0 秒  0.129 米/秒  直立最低 0.994  本机 22 秒
 4062  走满窗口      1.402 米 /  10.0 秒  0.140 米/秒  直立最低 0.997  本机 22 秒
 4063  走满窗口      1.254 米 /  10.0 秒  0.125 米/秒  直立最低 0.998  本机 23 秒
 4064  走满窗口      1.337 米 /  10.0 秒  0.134 米/秒  直立最低 0.998  本机 22 秒
 4065  走满窗口      1.261 米 /  10.0 秒  0.126 米/秒  直立最低 0.994  本机 22 秒
 4066  走满窗口      1.131 米 /  10.0 秒  0.113 米/秒  直立最低 0.998  本机 23 秒
 4067  走满窗口      0.587 米 /  10.0 秒  0.059 米/秒  直立最低 1.000  本机 22 秒
 4068  走满窗口      1.423 米 /  10.0 秒  0.142 米/秒  直立最低 0.998  本机 22 秒
 4069  走满窗口      1.255 米 /  10.0 秒  0.126 米/秒  直立最低 0.995  本机 22 秒
 4070  走满窗口      1.304 米 /  10.0 秒  0.130 米/秒  直立最低 0.998  本机 22 秒
 4071  走满窗口      1.269 米 /  10.0 秒  0.127 米/秒  直立最低 0.995  本机 22 秒
 4072  倒过        1.782 米 /  10.0 秒  0.178 米/秒  直立最低 -0.970  本机 22 秒
 4073  走满窗口      1.253 米 /  10.0 秒  0.125 米/秒  直立最低 0.995  本机 22 秒
 4074  走满窗口      1.261 米 /  10.0 秒  0.126 米/秒  直立最低 0.995  本机 23 秒
 4075  走满窗口      1.028 米 /  10.0 秒  0.103 米/秒  直立最低 0.998  本机 22 秒
 4076  走满窗口      1.113 米 /  10.0 秒  0.111 米/秒  直立最低 0.994  本机 22 秒
 4077  走满窗口      0.818 米 /  10.0 秒  0.082 米/秒  直立最低 0.994  本机 22 秒
 4078  走满窗口      1.337 米 /  10.0 秒  0.134 米/秒  直立最低 0.998  本机 23 秒
 4079  走满窗口      0.974 米 /  10.0 秒  0.097 米/秒  直立最低 0.991  本机 22 秒
 4080  走满窗口      1.281 米 /  10.0 秒  0.128 米/秒  直立最低 0.995  本机 22 秒
 4081  走满窗口      1.333 米 /  10.0 秒  0.133 米/秒  直立最低 0.998  本机 22 秒
 4082  走满窗口      1.282 米 /  10.0 秒  0.128 米/秒  直立最低 0.995  本机 22 秒
 4083  走满窗口      1.221 米 /  10.0 秒  0.122 米/秒  直立最低 0.998  本机 22 秒
 4084  走满窗口      1.292 米 /  10.0 秒  0.129 米/秒  直立最低 0.994  本机 22 秒
 4085  走满窗口      1.209 米 /  10.0 秒  0.121 米/秒  直立最低 0.994  本机 22 秒
 4086  走满窗口      1.088 米 /  10.0 秒  0.109 米/秒  直立最低 0.990  本机 22 秒
 4087  走满窗口      0.999 米 /  10.0 秒  0.100 米/秒  直立最低 0.998  本机 22 秒
 4088  走满窗口      1.410 米 /  10.0 秒  0.141 米/秒  直立最低 0.998  本机 22 秒
 4089  走满窗口      1.347 米 /  10.0 秒  0.135 米/秒  直立最低 0.998  本机 22 秒
 4090  走满窗口      1.359 米 /  10.0 秒  0.136 米/秒  直立最低 0.998  本机 22 秒
 4091  走满窗口      1.243 米 /  10.0 秒  0.124 米/秒  直立最低 0.998  本机 22 秒
 4092  走满窗口      1.019 米 /  10.0 秒  0.102 米/秒  直立最低 0.999  本机 22 秒
 4093  走满窗口      1.403 米 /  10.0 秒  0.140 米/秒  直立最低 0.998  本机 22 秒
 4094  走满窗口      1.328 米 /  10.0 秒  0.133 米/秒  直立最低 0.998  本机 23 秒
 4095  走满窗口      1.237 米 /  10.0 秒  0.124 米/秒  直立最低 0.994  本机 22 秒
 4096  走满窗口      1.229 米 /  10.0 秒  0.123 米/秒  直立最低 0.995  本机 22 秒
 4097  走满窗口      1.086 米 /  10.0 秒  0.109 米/秒  直立最低 0.997  本机 22 秒
 4098  走满窗口      1.334 米 /  10.0 秒  0.133 米/秒  直立最低 0.998  本机 22 秒
 4099  走满窗口      1.288 米 /  10.0 秒  0.129 米/秒  直立最低 0.997  本机 22 秒
 4100  走满窗口      1.097 米 /  10.0 秒  0.110 米/秒  直立最低 0.995  本机 22 秒
 4101  走满窗口      1.259 米 /  10.0 秒  0.126 米/秒  直立最低 0.995  本机 23 秒
 4102  走满窗口      1.251 米 /  10.0 秒  0.125 米/秒  直立最低 0.995  本机 22 秒
 4103  走满窗口      0.981 米 /  10.0 秒  0.098 米/秒  直立最低 0.997  本机 23 秒
 4104  走满窗口      1.058 米 /  10.0 秒  0.106 米/秒  直立最低 0.994  本机 22 秒
 4105  走满窗口      1.309 米 /  10.0 秒  0.131 米/秒  直立最低 0.998  本机 22 秒
 4106  走满窗口      1.241 米 /  10.0 秒  0.124 米/秒  直立最低 0.995  本机 23 秒
 4107  走满窗口      1.255 米 /  10.0 秒  0.126 米/秒  直立最低 0.995  本机 22 秒
 4108  走满窗口      1.313 米 /  10.0 秒  0.131 米/秒  直立最低 0.998  本机 22 秒
 4109  走满窗口      1.260 米 /  10.0 秒  0.126 米/秒  直立最低 0.995  本机 22 秒
 4110  走满窗口      1.037 米 /  10.0 秒  0.104 米/秒  直立最低 0.998  本机 23 秒
 4111  走满窗口      1.288 米 /  10.0 秒  0.129 米/秒  直立最低 0.994  本机 22 秒
 4112  走满窗口      1.242 米 /  10.0 秒  0.124 米/秒  直立最低 0.994  本机 22 秒
 4113  走满窗口      1.244 米 /  10.0 秒  0.124 米/秒  直立最低 0.995  本机 23 秒
 4114  走满窗口      0.868 米 /  10.0 秒  0.087 米/秒  直立最低 0.994  本机 22 秒
 4115  走满窗口      0.818 米 /  10.0 秒  0.082 米/秒  直立最低 0.992  本机 23 秒
 4116  走满窗口      1.385 米 /  10.0 秒  0.138 米/秒  直立最低 0.998  本机 23 秒
 4117  走满窗口      1.254 米 /  10.0 秒  0.125 米/秒  直立最低 0.995  本机 23 秒
 4118  走满窗口      1.223 米 /  10.0 秒  0.122 米/秒  直立最低 0.995  本机 22 秒
 4119  走满窗口      1.456 米 /  10.0 秒  0.146 米/秒  直立最低 0.998  本机 22 秒
 4120  走满窗口      1.098 米 /  10.0 秒  0.110 米/秒  直立最低 0.994  本机 22 秒
 4121  走满窗口      1.504 米 /  10.0 秒  0.150 米/秒  直立最低 0.998  本机 23 秒
 4122  走满窗口      1.308 米 /  10.0 秒  0.131 米/秒  直立最低 0.998  本机 23 秒
 4123  走满窗口      0.693 米 /  10.0 秒  0.069 米/秒  直立最低 0.993  本机 22 秒
 4124  走满窗口      1.268 米 /  10.0 秒  0.127 米/秒  直立最低 0.995  本机 22 秒
 4125  走满窗口      1.359 米 /  10.0 秒  0.136 米/秒  直立最低 0.998  本机 22 秒
 4126  走满窗口      1.263 米 /  10.0 秒  0.126 米/秒  直立最低 0.997  本机 22 秒
 4127  走满窗口      1.121 米 /  10.0 秒  0.112 米/秒  直立最低 0.998  本机 22 秒
 4128  走满窗口      1.489 米 /  10.0 秒  0.149 米/秒  直立最低 0.997  本机 22 秒
 4129  走满窗口      1.306 米 /  10.0 秒  0.131 米/秒  直立最低 0.996  本机 22 秒
 4130  走满窗口      1.317 米 /  10.0 秒  0.132 米/秒  直立最低 0.998  本机 22 秒
 4131  走满窗口      1.341 米 /  10.0 秒  0.134 米/秒  直立最低 0.998  本机 22 秒
 4132  走满窗口      1.233 米 /  10.0 秒  0.123 米/秒  直立最低 0.998  本机 22 秒
 4133  走满窗口      0.990 米 /  10.0 秒  0.099 米/秒  直立最低 0.998  本机 23 秒
 4134  走满窗口      1.286 米 /  10.0 秒  0.129 米/秒  直立最低 0.998  本机 21 秒
 4135  走满窗口      1.293 米 /  10.0 秒  0.129 米/秒  直立最低 0.995  本机 22 秒
 4136  走满窗口      1.009 米 /  10.0 秒  0.101 米/秒  直立最低 0.994  本机 22 秒
 4137  走满窗口      1.056 米 /  10.0 秒  0.106 米/秒  直立最低 0.998  本机 22 秒
 4138  走满窗口      1.367 米 /  10.0 秒  0.137 米/秒  直立最低 0.998  本机 22 秒
 4139  走满窗口      0.834 米 /  10.0 秒  0.083 米/秒  直立最低 0.994  本机 22 秒
 4140  走满窗口      1.344 米 /  10.0 秒  0.134 米/秒  直立最低 0.998  本机 22 秒
 4141  走满窗口      1.391 米 /  10.0 秒  0.139 米/秒  直立最低 0.998  本机 23 秒
 4142  走满窗口      1.635 米 /  10.0 秒  0.164 米/秒  直立最低 0.997  本机 22 秒
 4143  走满窗口      1.019 米 /  10.0 秒  0.102 米/秒  直立最低 0.998  本机 23 秒
 4144  走满窗口      1.314 米 /  10.0 秒  0.131 米/秒  直立最低 0.998  本机 22 秒
 4145  走满窗口      1.336 米 /  10.0 秒  0.134 米/秒  直立最低 0.998  本机 23 秒
 4146  走满窗口      1.190 米 /  10.0 秒  0.119 米/秒  直立最低 0.996  本机 22 秒
 4147  走满窗口      1.279 米 /  10.0 秒  0.128 米/秒  直立最低 0.994  本机 22 秒
 4148  走满窗口      1.169 米 /  10.0 秒  0.117 米/秒  直立最低 0.998  本机 22 秒
 4149  走满窗口      1.035 米 /  10.0 秒  0.103 米/秒  直立最低 0.995  本机 23 秒
 4150  走满窗口      1.244 米 /  10.0 秒  0.124 米/秒  直立最低 0.995  本机 22 秒
 4151  走满窗口      1.176 米 /  10.0 秒  0.118 米/秒  直立最低 0.997  本机 22 秒
 4152  走满窗口      1.114 米 /  10.0 秒  0.111 米/秒  直立最低 0.998  本机 22 秒
 4153  走满窗口      0.954 米 /  10.0 秒  0.095 米/秒  直立最低 0.999  本机 22 秒
 4154  走满窗口      1.023 米 /  10.0 秒  0.102 米/秒  直立最低 0.994  本机 22 秒
 4155  走满窗口      1.265 米 /  10.0 秒  0.126 米/秒  直立最低 0.995  本机 22 秒
 4156  走满窗口      1.116 米 /  10.0 秒  0.112 米/秒  直立最低 0.996  本机 22 秒
 4157  走满窗口      1.333 米 /  10.0 秒  0.133 米/秒  直立最低 0.998  本机 22 秒
 4158  走满窗口      1.332 米 /  10.0 秒  0.133 米/秒  直立最低 0.998  本机 22 秒
 4159  走满窗口      1.240 米 /  10.0 秒  0.124 米/秒  直立最低 0.995  本机 22 秒
 4160  走满窗口      1.109 米 /  10.0 秒  0.111 米/秒  直立最低 0.998  本机 22 秒
 4161  走满窗口      1.321 米 /  10.0 秒  0.132 米/秒  直立最低 0.995  本机 22 秒
 4162  走满窗口      1.265 米 /  10.0 秒  0.126 米/秒  直立最低 0.995  本机 22 秒
 4163  走满窗口      0.550 米 /  10.0 秒  0.055 米/秒  直立最低 0.994  本机 22 秒
 4164  走满窗口      1.323 米 /  10.0 秒  0.132 米/秒  直立最低 0.998  本机 23 秒
 4165  走满窗口      1.076 米 /  10.0 秒  0.108 米/秒  直立最低 0.997  本机 22 秒
 4166  走满窗口      1.106 米 /  10.0 秒  0.111 米/秒  直立最低 0.998  本机 22 秒
 4167  走满窗口      1.109 米 /  10.0 秒  0.111 米/秒  直立最低 0.998  本机 22 秒
 4168  走满窗口      0.921 米 /  10.0 秒  0.092 米/秒  直立最低 0.994  本机 22 秒
 4169  走满窗口      0.560 米 /  10.0 秒  0.056 米/秒  直立最低 0.995  本机 23 秒
 4170  走满窗口      1.345 米 /  10.0 秒  0.135 米/秒  直立最低 0.998  本机 22 秒
 4171  走满窗口      1.276 米 /  10.0 秒  0.128 米/秒  直立最低 0.994  本机 22 秒
 4172  走满窗口      1.246 米 /  10.0 秒  0.125 米/秒  直立最低 0.997  本机 22 秒
 4173  走满窗口      0.350 米 /  10.0 秒  0.035 米/秒  直立最低 0.992  本机 22 秒
 4174  走满窗口      1.291 米 /  10.0 秒  0.129 米/秒  直立最低 0.994  本机 22 秒
 4175  走满窗口      1.284 米 /  10.0 秒  0.128 米/秒  直立最低 0.998  本机 23 秒
 4176  走满窗口      1.337 米 /  10.0 秒  0.134 米/秒  直立最低 0.998  本机 22 秒
 4177  走满窗口      1.093 米 /  10.0 秒  0.109 米/秒  直立最低 0.998  本机 22 秒
 4178  走满窗口      1.124 米 /  10.0 秒  0.112 米/秒  直立最低 0.994  本机 22 秒
 4179  走满窗口      1.336 米 /  10.0 秒  0.134 米/秒  直立最低 0.998  本机 22 秒
 4180  走满窗口      1.217 米 /  10.0 秒  0.122 米/秒  直立最低 0.998  本机 22 秒
 4181  走满窗口      0.892 米 /  10.0 秒  0.089 米/秒  直立最低 0.994  本机 22 秒
 4182  走满窗口      1.015 米 /  10.0 秒  0.101 米/秒  直立最低 0.998  本机 22 秒
 4183  走满窗口      0.958 米 /  10.0 秒  0.096 米/秒  直立最低 0.994  本机 22 秒
 4184  走满窗口      1.334 米 /  10.0 秒  0.133 米/秒  直立最低 0.998  本机 22 秒
 4185  走满窗口      1.134 米 /  10.0 秒  0.113 米/秒  直立最低 0.998  本机 22 秒
 4186  走满窗口      1.245 米 /  10.0 秒  0.124 米/秒  直立最低 0.998  本机 22 秒
 4187  走满窗口      0.878 米 /  10.0 秒  0.088 米/秒  直立最低 0.995  本机 22 秒
 4188  走满窗口      1.258 米 /  10.0 秒  0.126 米/秒  直立最低 0.995  本机 23 秒
 4189  走满窗口      0.573 米 /  10.0 秒  0.057 米/秒  直立最低 0.992  本机 22 秒
 4190  走满窗口      0.625 米 /  10.0 秒  0.062 米/秒  直立最低 0.993  本机 23 秒
 4191  走满窗口      1.347 米 /  10.0 秒  0.135 米/秒  直立最低 0.998  本机 22 秒
 4192  走满窗口      1.261 米 /  10.0 秒  0.126 米/秒  直立最低 0.997  本机 22 秒
 4193  走满窗口      0.698 米 /  10.0 秒  0.070 米/秒  直立最低 0.994  本机 22 秒
 4194  走满窗口      1.249 米 /  10.0 秒  0.125 米/秒  直立最低 0.995  本机 22 秒
 4195  走满窗口      1.354 米 /  10.0 秒  0.135 米/秒  直立最低 0.998  本机 22 秒
 4196  走满窗口      1.239 米 /  10.0 秒  0.124 米/秒  直立最低 0.991  本机 22 秒
 4197  走满窗口      1.299 米 /  10.0 秒  0.130 米/秒  直立最低 0.994  本机 22 秒
 4198  走满窗口      1.260 米 /  10.0 秒  0.126 米/秒  直立最低 0.994  本机 22 秒
 4199  走满窗口      1.168 米 /  10.0 秒  0.117 米/秒  直立最低 0.996  本机 22 秒
 4200  走满窗口      1.254 米 /  10.0 秒  0.125 米/秒  直立最低 0.995  本机 22 秒
 4201  走满窗口      1.353 米 /  10.0 秒  0.135 米/秒  直立最低 0.998  本机 23 秒
 4202  走满窗口      1.227 米 /  10.0 秒  0.123 米/秒  直立最低 0.994  本机 23 秒
 4203  走满窗口      1.241 米 /  10.0 秒  0.124 米/秒  直立最低 0.995  本机 23 秒
 4204  走满窗口      1.182 米 /  10.0 秒  0.118 米/秒  直立最低 0.995  本机 22 秒
 4205  走满窗口      1.539 米 /  10.0 秒  0.154 米/秒  直立最低 0.998  本机 23 秒
 4206  走满窗口      0.962 米 /  10.0 秒  0.096 米/秒  直立最低 0.994  本机 23 秒
 4207  走满窗口      1.212 米 /  10.0 秒  0.121 米/秒  直立最低 0.991  本机 23 秒
 4208  走满窗口      1.031 米 /  10.0 秒  0.103 米/秒  直立最低 0.995  本机 23 秒
 4209  走满窗口      1.352 米 /  10.0 秒  0.135 米/秒  直立最低 0.998  本机 23 秒
 4210  走满窗口      0.924 米 /  10.0 秒  0.092 米/秒  直立最低 0.994  本机 23 秒
 4211  走满窗口      1.121 米 /  10.0 秒  0.112 米/秒  直立最低 0.997  本机 23 秒
 4212  走满窗口      0.721 米 /  10.0 秒  0.072 米/秒  直立最低 0.995  本机 23 秒
 4213  走满窗口      0.976 米 /  10.0 秒  0.098 米/秒  直立最低 0.993  本机 22 秒
 4214  走满窗口      1.156 米 /  10.0 秒  0.116 米/秒  直立最低 0.998  本机 23 秒
 4215  走满窗口      1.013 米 /  10.0 秒  0.101 米/秒  直立最低 0.993  本机 23 秒
 4216  走满窗口      1.335 米 /  10.0 秒  0.134 米/秒  直立最低 0.998  本机 23 秒
 4217  走满窗口      1.303 米 /  10.0 秒  0.130 米/秒  直立最低 0.998  本机 22 秒
 4218  走满窗口      1.263 米 /  10.0 秒  0.126 米/秒  直立最低 0.998  本机 22 秒
 4219  走满窗口      1.402 米 /  10.0 秒  0.140 米/秒  直立最低 0.998  本机 22 秒
 4220  走满窗口      1.251 米 /  10.0 秒  0.125 米/秒  直立最低 0.995  本机 23 秒
 4221  走满窗口      0.816 米 /  10.0 秒  0.082 米/秒  直立最低 0.995  本机 22 秒
 4222  走满窗口      1.242 米 /  10.0 秒  0.124 米/秒  直立最低 0.992  本机 22 秒
 4223  走满窗口      1.035 米 /  10.0 秒  0.103 米/秒  直立最低 0.999  本机 23 秒
 4224  走满窗口      1.336 米 /  10.0 秒  0.134 米/秒  直立最低 0.998  本机 22 秒
 4225  走满窗口      1.237 米 /  10.0 秒  0.124 米/秒  直立最低 0.991  本机 22 秒
 4226  走满窗口      1.408 米 /  10.0 秒  0.141 米/秒  直立最低 0.998  本机 22 秒
 4227  走满窗口      1.238 米 /  10.0 秒  0.124 米/秒  直立最低 0.995  本机 22 秒
 4228  走满窗口      1.290 米 /  10.0 秒  0.129 米/秒  直立最低 0.995  本机 22 秒
 4229  走满窗口      1.176 米 /  10.0 秒  0.118 米/秒  直立最低 0.997  本机 23 秒
 4230  走满窗口      0.687 米 /  10.0 秒  0.069 米/秒  直立最低 0.995  本机 22 秒
 4231  走满窗口      1.224 米 /  10.0 秒  0.122 米/秒  直立最低 0.998  本机 22 秒
 4232  走满窗口      1.084 米 /  10.0 秒  0.108 米/秒  直立最低 0.994  本机 22 秒
 4233  走满窗口      1.252 米 /  10.0 秒  0.125 米/秒  直立最低 0.995  本机 22 秒
 4234  走满窗口      1.248 米 /  10.0 秒  0.125 米/秒  直立最低 0.994  本机 22 秒
 4235  走满窗口      1.383 米 /  10.0 秒  0.138 米/秒  直立最低 0.998  本机 22 秒
 4236  走满窗口      0.934 米 /  10.0 秒  0.093 米/秒  直立最低 0.994  本机 22 秒
 4237  走满窗口      1.322 米 /  10.0 秒  0.132 米/秒  直立最低 0.998  本机 22 秒
 4238  走满窗口      1.276 米 /  10.0 秒  0.128 米/秒  直立最低 0.994  本机 23 秒
 4239  走满窗口      1.347 米 /  10.0 秒  0.135 米/秒  直立最低 0.998  本机 23 秒
 4240  走满窗口      1.335 米 /  10.0 秒  0.134 米/秒  直立最低 0.995  本机 22 秒
 4241  走满窗口      1.263 米 /  10.0 秒  0.126 米/秒  直立最低 0.998  本机 22 秒
 4242  走满窗口      1.040 米 /  10.0 秒  0.104 米/秒  直立最低 0.998  本机 22 秒
 4243  走满窗口      1.298 米 /  10.0 秒  0.130 米/秒  直立最低 0.994  本机 22 秒
 4244  走满窗口      1.072 米 /  10.0 秒  0.107 米/秒  直立最低 0.998  本机 22 秒
 4245  走满窗口      1.378 米 /  10.0 秒  0.138 米/秒  直立最低 0.998  本机 22 秒
 4246  走满窗口      1.266 米 /  10.0 秒  0.127 米/秒  直立最低 0.996  本机 22 秒
 4247  走满窗口      1.247 米 /  10.0 秒  0.125 米/秒  直立最低 0.995  本机 22 秒
 4248  走满窗口      1.317 米 /  10.0 秒  0.132 米/秒  直立最低 0.998  本机 22 秒
 4249  走满窗口      1.320 米 /  10.0 秒  0.132 米/秒  直立最低 0.998  本机 22 秒
 4250  走满窗口      1.293 米 /  10.0 秒  0.129 米/秒  直立最低 0.993  本机 22 秒
 4251  走满窗口      1.256 米 /  10.0 秒  0.126 米/秒  直立最低 0.995  本机 22 秒
 4252  走满窗口      0.631 米 /  10.0 秒  0.063 米/秒  直立最低 0.992  本机 23 秒
 4253  走满窗口      1.275 米 /  10.0 秒  0.127 米/秒  直立最低 0.994  本机 23 秒
 4254  走满窗口      1.263 米 /  10.0 秒  0.126 米/秒  直立最低 0.995  本机 22 秒
 4255  走满窗口      0.902 米 /  10.0 秒  0.090 米/秒  直立最低 0.994  本机 22 秒
 4256  走满窗口      1.603 米 /  10.0 秒  0.160 米/秒  直立最低 0.996  本机 23 秒
 4257  走满窗口      1.273 米 /  10.0 秒  0.127 米/秒  直立最低 0.994  本机 22 秒
 4258  走满窗口      1.354 米 /  10.0 秒  0.135 米/秒  直立最低 0.998  本机 22 秒
 4259  走满窗口      1.337 米 /  10.0 秒  0.134 米/秒  直立最低 0.998  本机 22 秒
 4260  走满窗口      0.909 米 /  10.0 秒  0.091 米/秒  直立最低 0.983  本机 22 秒
 4261  走满窗口      1.112 米 /  10.0 秒  0.111 米/秒  直立最低 0.995  本机 22 秒
 4262  走满窗口      0.733 米 /  10.0 秒  0.073 米/秒  直立最低 0.992  本机 23 秒
 4263  走满窗口      1.365 米 /  10.0 秒  0.137 米/秒  直立最低 0.998  本机 22 秒
 4264  走满窗口      1.328 米 /  10.0 秒  0.133 米/秒  直立最低 0.998  本机 23 秒
 4265  走满窗口      1.370 米 /  10.0 秒  0.137 米/秒  直立最低 0.998  本机 22 秒
 4266  走满窗口      1.057 米 /  10.0 秒  0.106 米/秒  直立最低 0.998  本机 23 秒
 4267  走满窗口      1.400 米 /  10.0 秒  0.140 米/秒  直立最低 0.997  本机 22 秒
 4268  走满窗口      1.388 米 /  10.0 秒  0.139 米/秒  直立最低 0.998  本机 22 秒
 4269  走满窗口      1.366 米 /  10.0 秒  0.137 米/秒  直立最低 0.996  本机 22 秒
 4270  走满窗口      1.340 米 /  10.0 秒  0.134 米/秒  直立最低 0.998  本机 22 秒
 4271  走满窗口      1.344 米 /  10.0 秒  0.134 米/秒  直立最低 0.998  本机 22 秒
 4272  走满窗口      1.343 米 /  10.0 秒  0.134 米/秒  直立最低 0.998  本机 22 秒
 4273  走满窗口      1.279 米 /  10.0 秒  0.128 米/秒  直立最低 0.990  本机 22 秒
 4274  走满窗口      1.288 米 /  10.0 秒  0.129 米/秒  直立最低 0.995  本机 23 秒
 4275  走满窗口      0.522 米 /  10.0 秒  0.052 米/秒  直立最低 0.993  本机 23 秒
 4276  走满窗口      1.267 米 /  10.0 秒  0.127 米/秒  直立最低 0.994  本机 22 秒
 4277  走满窗口      1.034 米 /  10.0 秒  0.103 米/秒  直立最低 0.993  本机 22 秒
 4278  走满窗口      1.083 米 /  10.0 秒  0.108 米/秒  直立最低 0.994  本机 22 秒
 4279  走满窗口      1.644 米 /  10.0 秒  0.164 米/秒  直立最低 0.997  本机 22 秒
 4280  走满窗口      1.340 米 /  10.0 秒  0.134 米/秒  直立最低 0.997  本机 22 秒
 4281  走满窗口      0.815 米 /  10.0 秒  0.081 米/秒  直立最低 0.994  本机 22 秒
 4282  走满窗口      1.236 米 /  10.0 秒  0.124 米/秒  直立最低 0.996  本机 22 秒
 4283  走满窗口      0.874 米 /  10.0 秒  0.087 米/秒  直立最低 0.994  本机 22 秒
 4284  走满窗口      1.297 米 /  10.0 秒  0.130 米/秒  直立最低 0.998  本机 22 秒
 4285  走满窗口      1.381 米 /  10.0 秒  0.138 米/秒  直立最低 0.998  本机 22 秒
 4286  走满窗口      1.314 米 /  10.0 秒  0.131 米/秒  直立最低 0.998  本机 22 秒
 4287  走满窗口      1.373 米 /  10.0 秒  0.137 米/秒  直立最低 0.992  本机 22 秒
 4288  走满窗口      1.112 米 /  10.0 秒  0.111 米/秒  直立最低 0.997  本机 22 秒
 4289  走满窗口      1.102 米 /  10.0 秒  0.110 米/秒  直立最低 0.992  本机 22 秒
 4290  走满窗口      1.426 米 /  10.0 秒  0.143 米/秒  直立最低 0.998  本机 22 秒
 4291  走满窗口      1.343 米 /  10.0 秒  0.134 米/秒  直立最低 0.998  本机 23 秒
 4292  走满窗口      1.298 米 /  10.0 秒  0.130 米/秒  直立最低 0.998  本机 22 秒
 4293  走满窗口      1.313 米 /  10.0 秒  0.131 米/秒  直立最低 0.997  本机 22 秒
 4294  走满窗口      1.104 米 /  10.0 秒  0.110 米/秒  直立最低 0.998  本机 22 秒
 4295  没建出来：ValueError: structural lower bounds exceed an incoming budget
 4296  走满窗口      0.847 米 /  10.0 秒  0.085 米/秒  直立最低 0.994  本机 23 秒
 4297  走满窗口      1.431 米 /  10.0 秒  0.143 米/秒  直立最低 0.997  本机 22 秒
 4298  走满窗口      1.277 米 /  10.0 秒  0.128 米/秒  直立最低 0.998  本机 22 秒
 4299  走满窗口      1.264 米 /  10.0 秒  0.126 米/秒  直立最低 0.995  本机 22 秒
 4300  走满窗口      0.527 米 /  10.0 秒  0.053 米/秒  直立最低 0.995  本机 22 秒
 4301  走满窗口      0.934 米 /  10.0 秒  0.093 米/秒  直立最低 0.998  本机 22 秒
 4302  走满窗口      1.253 米 /  10.0 秒  0.125 米/秒  直立最低 0.995  本机 23 秒
 4303  走满窗口      0.668 米 /  10.0 秒  0.067 米/秒  直立最低 0.991  本机 22 秒
 4304  走满窗口      1.234 米 /  10.0 秒  0.123 米/秒  直立最低 0.995  本机 22 秒
 4305  走满窗口      1.306 米 /  10.0 秒  0.131 米/秒  直立最低 0.997  本机 23 秒
 4306  走满窗口      1.144 米 /  10.0 秒  0.114 米/秒  直立最低 0.994  本机 22 秒
 4307  走满窗口      1.326 米 /  10.0 秒  0.133 米/秒  直立最低 0.998  本机 22 秒
 4308  走满窗口      1.261 米 /  10.0 秒  0.126 米/秒  直立最低 0.994  本机 21 秒
 4309  走满窗口      1.341 米 /  10.0 秒  0.134 米/秒  直立最低 0.998  本机 22 秒
 4310  走满窗口      1.239 米 /  10.0 秒  0.124 米/秒  直立最低 0.995  本机 22 秒
 4311  走满窗口      1.056 米 /  10.0 秒  0.106 米/秒  直立最低 0.998  本机 22 秒
 4312  走满窗口      1.332 米 /  10.0 秒  0.133 米/秒  直立最低 0.998  本机 22 秒
 4313  走满窗口      0.857 米 /  10.0 秒  0.086 米/秒  直立最低 0.997  本机 23 秒
 4314  走满窗口      1.278 米 /  10.0 秒  0.128 米/秒  直立最低 0.994  本机 22 秒
 4315  走满窗口      1.372 米 /  10.0 秒  0.137 米/秒  直立最低 0.998  本机 22 秒
 4316  走满窗口      1.073 米 /  10.0 秒  0.107 米/秒  直立最低 0.997  本机 22 秒
 4317  走满窗口      1.320 米 /  10.0 秒  0.132 米/秒  直立最低 0.995  本机 22 秒
 4318  走满窗口      0.582 米 /  10.0 秒  0.058 米/秒  直立最低 0.991  本机 23 秒
 4319  走满窗口      1.272 米 /  10.0 秒  0.127 米/秒  直立最低 0.994  本机 22 秒
 4320  走满窗口      1.275 米 /  10.0 秒  0.127 米/秒  直立最低 0.997  本机 22 秒
 4321  走满窗口      1.300 米 /  10.0 秒  0.130 米/秒  直立最低 0.998  本机 22 秒
 4322  走满窗口      1.285 米 /  10.0 秒  0.129 米/秒  直立最低 0.997  本机 22 秒
 4323  走满窗口      1.260 米 /  10.0 秒  0.126 米/秒  直立最低 0.995  本机 22 秒
 4324  走满窗口      1.345 米 /  10.0 秒  0.134 米/秒  直立最低 0.998  本机 22 秒
 4325  走满窗口      1.049 米 /  10.0 秒  0.105 米/秒  直立最低 0.998  本机 22 秒
 4326  走满窗口      1.354 米 /  10.0 秒  0.135 米/秒  直立最低 0.998  本机 23 秒
 4327  走满窗口      0.620 米 /  10.0 秒  0.062 米/秒  直立最低 0.993  本机 22 秒
 4328  走满窗口      1.215 米 /  10.0 秒  0.122 米/秒  直立最低 0.995  本机 22 秒
 4329  走满窗口      1.260 米 /  10.0 秒  0.126 米/秒  直立最低 0.996  本机 22 秒
 4330  走满窗口      1.326 米 /  10.0 秒  0.133 米/秒  直立最低 0.998  本机 22 秒
 4331  走满窗口      1.155 米 /  10.0 秒  0.115 米/秒  直立最低 0.998  本机 22 秒
 4332  走满窗口      1.371 米 /  10.0 秒  0.137 米/秒  直立最低 0.998  本机 22 秒
 4333  走满窗口      1.348 米 /  10.0 秒  0.135 米/秒  直立最低 0.998  本机 22 秒
 4334  走满窗口      1.315 米 /  10.0 秒  0.131 米/秒  直立最低 0.998  本机 22 秒
 4335  走满窗口      1.164 米 /  10.0 秒  0.116 米/秒  直立最低 0.996  本机 22 秒
 4336  走满窗口      1.081 米 /  10.0 秒  0.108 米/秒  直立最低 0.998  本机 22 秒
 4337  走满窗口      1.353 米 /  10.0 秒  0.135 米/秒  直立最低 0.998  本机 22 秒
 4338  走满窗口      1.246 米 /  10.0 秒  0.125 米/秒  直立最低 0.995  本机 22 秒
 4339  走满窗口      1.256 米 /  10.0 秒  0.126 米/秒  直立最低 0.995  本机 22 秒
 4340  走满窗口      1.363 米 /  10.0 秒  0.136 米/秒  直立最低 0.998  本机 22 秒
 4341  走满窗口      1.355 米 /  10.0 秒  0.135 米/秒  直立最低 0.998  本机 23 秒
 4342  走满窗口      1.090 米 /  10.0 秒  0.109 米/秒  直立最低 0.995  本机 23 秒
 4343  走满窗口      1.305 米 /  10.0 秒  0.131 米/秒  直立最低 0.997  本机 22 秒
 4344  走满窗口      1.292 米 /  10.0 秒  0.129 米/秒  直立最低 0.998  本机 22 秒
 4345  走满窗口      1.097 米 /  10.0 秒  0.110 米/秒  直立最低 0.997  本机 23 秒
 4346  走满窗口      1.373 米 /  10.0 秒  0.137 米/秒  直立最低 0.998  本机 22 秒
 4347  走满窗口      1.038 米 /  10.0 秒  0.104 米/秒  直立最低 0.994  本机 22 秒
 4348  走满窗口      1.252 米 /  10.0 秒  0.125 米/秒  直立最低 0.995  本机 21 秒
 4349  走满窗口      1.371 米 /  10.0 秒  0.137 米/秒  直立最低 0.998  本机 22 秒
 4350  走满窗口      1.451 米 /  10.0 秒  0.145 米/秒  直立最低 0.997  本机 22 秒
 4351  走满窗口      1.448 米 /  10.0 秒  0.145 米/秒  直立最低 0.998  本机 23 秒
 4352  走满窗口      1.230 米 /  10.0 秒  0.123 米/秒  直立最低 0.998  本机 22 秒
 4353  走满窗口      1.130 米 /  10.0 秒  0.113 米/秒  直立最低 0.993  本机 23 秒
 4354  走满窗口      1.394 米 /  10.0 秒  0.139 米/秒  直立最低 0.998  本机 22 秒
 4355  走满窗口      1.246 米 /  10.0 秒  0.125 米/秒  直立最低 0.995  本机 22 秒
 4356  走满窗口      1.101 米 /  10.0 秒  0.110 米/秒  直立最低 0.998  本机 22 秒
 4357  走满窗口      1.144 米 /  10.0 秒  0.114 米/秒  直立最低 0.998  本机 22 秒
 4358  走满窗口      1.360 米 /  10.0 秒  0.136 米/秒  直立最低 0.998  本机 22 秒
 4359  走满窗口      1.410 米 /  10.0 秒  0.141 米/秒  直立最低 0.998  本机 23 秒
 4360  走满窗口      1.271 米 /  10.0 秒  0.127 米/秒  直立最低 0.996  本机 22 秒
 4361  走满窗口      1.019 米 /  10.0 秒  0.102 米/秒  直立最低 0.997  本机 22 秒
 4362  走满窗口      0.541 米 /  10.0 秒  0.054 米/秒  直立最低 0.992  本机 22 秒
 4363  走满窗口      1.231 米 /  10.0 秒  0.123 米/秒  直立最低 0.995  本机 22 秒
 4364  走满窗口      1.360 米 /  10.0 秒  0.136 米/秒  直立最低 0.998  本机 22 秒
 4365  走满窗口      1.301 米 /  10.0 秒  0.130 米/秒  直立最低 0.998  本机 22 秒
 4366  走满窗口      0.938 米 /  10.0 秒  0.094 米/秒  直立最低 0.998  本机 22 秒
 4367  走满窗口      1.341 米 /  10.0 秒  0.134 米/秒  直立最低 0.998  本机 22 秒
 4368  走满窗口      1.284 米 /  10.0 秒  0.128 米/秒  直立最低 0.994  本机 22 秒
 4369  走满窗口      1.148 米 /  10.0 秒  0.115 米/秒  直立最低 0.996  本机 22 秒
 4370  走满窗口      1.376 米 /  10.0 秒  0.138 米/秒  直立最低 0.998  本机 23 秒
 4371  走满窗口      1.513 米 /  10.0 秒  0.151 米/秒  直立最低 0.998  本机 22 秒
 4372  走满窗口      1.252 米 /  10.0 秒  0.125 米/秒  直立最低 0.995  本机 22 秒
 4373  走满窗口      1.430 米 /  10.0 秒  0.143 米/秒  直立最低 0.998  本机 22 秒
 4374  走满窗口      1.383 米 /  10.0 秒  0.138 米/秒  直立最低 0.998  本机 22 秒
 4375  走满窗口      1.349 米 /  10.0 秒  0.135 米/秒  直立最低 0.998  本机 22 秒
 4376  走满窗口      1.244 米 /  10.0 秒  0.124 米/秒  直立最低 0.996  本机 22 秒
 4377  走满窗口      0.714 米 /  10.0 秒  0.071 米/秒  直立最低 0.996  本机 22 秒
 4378  走满窗口      1.104 米 /  10.0 秒  0.110 米/秒  直立最低 0.998  本机 22 秒
 4379  走满窗口      1.299 米 /  10.0 秒  0.130 米/秒  直立最低 0.994  本机 22 秒
 4380  走满窗口      1.169 米 /  10.0 秒  0.117 米/秒  直立最低 0.996  本机 22 秒
 4381  走满窗口      1.353 米 /  10.0 秒  0.135 米/秒  直立最低 0.998  本机 22 秒
 4382  走满窗口      1.272 米 /  10.0 秒  0.127 米/秒  直立最低 0.992  本机 22 秒
 4383  走满窗口      1.414 米 /  10.0 秒  0.141 米/秒  直立最低 0.998  本机 22 秒
 4384  走满窗口      1.356 米 /  10.0 秒  0.136 米/秒  直立最低 0.998  本机 22 秒
 4385  走满窗口      1.298 米 /  10.0 秒  0.130 米/秒  直立最低 0.997  本机 22 秒
 4386  走满窗口      1.245 米 /  10.0 秒  0.125 米/秒  直立最低 0.998  本机 22 秒
 4387  走满窗口      1.203 米 /  10.0 秒  0.120 米/秒  直立最低 0.993  本机 22 秒
 4388  走满窗口      1.179 米 /  10.0 秒  0.118 米/秒  直立最低 0.998  本机 22 秒
 4389  走满窗口      1.253 米 /  10.0 秒  0.125 米/秒  直立最低 0.994  本机 22 秒
 4390  走满窗口      1.334 米 /  10.0 秒  0.133 米/秒  直立最低 0.998  本机 22 秒
 4391  走满窗口      1.313 米 /  10.0 秒  0.131 米/秒  直立最低 0.998  本机 22 秒
 4392  走满窗口      0.834 米 /  10.0 秒  0.083 米/秒  直立最低 0.994  本机 23 秒
 4393  走满窗口      1.025 米 /  10.0 秒  0.102 米/秒  直立最低 0.992  本机 22 秒
 4394  走满窗口      0.710 米 /  10.0 秒  0.071 米/秒  直立最低 0.997  本机 22 秒
 4395  走满窗口      1.148 米 /  10.0 秒  0.115 米/秒  直立最低 0.998  本机 22 秒
 4396  走满窗口      1.027 米 /  10.0 秒  0.103 米/秒  直立最低 0.998  本机 22 秒
 4397  走满窗口      0.941 米 /  10.0 秒  0.094 米/秒  直立最低 0.999  本机 22 秒
 4398  走满窗口      1.302 米 /  10.0 秒  0.130 米/秒  直立最低 0.998  本机 22 秒
 4399  走满窗口      1.370 米 /  10.0 秒  0.137 米/秒  直立最低 0.998  本机 22 秒
 4400  走满窗口      1.302 米 /  10.0 秒  0.130 米/秒  直立最低 0.997  本机 22 秒
 4401  走满窗口      1.254 米 /  10.0 秒  0.125 米/秒  直立最低 0.995  本机 22 秒
 4402  走满窗口      1.095 米 /  10.0 秒  0.110 米/秒  直立最低 0.997  本机 22 秒
 4403  走满窗口      1.096 米 /  10.0 秒  0.110 米/秒  直立最低 0.997  本机 22 秒
 4404  走满窗口      1.319 米 /  10.0 秒  0.132 米/秒  直立最低 0.997  本机 22 秒
 4405  走满窗口      1.218 米 /  10.0 秒  0.122 米/秒  直立最低 0.998  本机 22 秒
 4406  走满窗口      0.907 米 /  10.0 秒  0.091 米/秒  直立最低 0.994  本机 23 秒
 4407  走满窗口      1.232 米 /  10.0 秒  0.123 米/秒  直立最低 0.995  本机 22 秒
 4408  走满窗口      1.292 米 /  10.0 秒  0.129 米/秒  直立最低 0.998  本机 22 秒
 4409  走满窗口      0.971 米 /  10.0 秒  0.097 米/秒  直立最低 0.995  本机 22 秒
 4410  走满窗口      1.316 米 /  10.0 秒  0.132 米/秒  直立最低 0.998  本机 22 秒
 4411  走满窗口      1.309 米 /  10.0 秒  0.131 米/秒  直立最低 0.998  本机 22 秒
 4412  走满窗口      1.104 米 /  10.0 秒  0.110 米/秒  直立最低 0.997  本机 22 秒
 4413  走满窗口      1.430 米 /  10.0 秒  0.143 米/秒  直立最低 0.998  本机 22 秒
 4414  走满窗口      1.125 米 /  10.0 秒  0.113 米/秒  直立最低 0.991  本机 22 秒
 4415  走满窗口      0.657 米 /  10.0 秒  0.066 米/秒  直立最低 0.993  本机 22 秒
 4416  走满窗口      1.143 米 /  10.0 秒  0.114 米/秒  直立最低 0.995  本机 22 秒
 4417  走满窗口      1.431 米 /  10.0 秒  0.143 米/秒  直立最低 0.998  本机 22 秒
 4418  走满窗口      1.355 米 /  10.0 秒  0.135 米/秒  直立最低 0.998  本机 22 秒
 4419  走满窗口      1.373 米 /  10.0 秒  0.137 米/秒  直立最低 0.998  本机 22 秒
 4420  走满窗口      1.274 米 /  10.0 秒  0.127 米/秒  直立最低 0.995  本机 22 秒
 4421  走满窗口      1.253 米 /  10.0 秒  0.125 米/秒  直立最低 0.996  本机 22 秒
 4422  走满窗口      1.336 米 /  10.0 秒  0.134 米/秒  直立最低 0.996  本机 22 秒
 4423  走满窗口      1.110 米 /  10.0 秒  0.111 米/秒  直立最低 0.998  本机 22 秒
 4424  走满窗口      1.154 米 /  10.0 秒  0.115 米/秒  直立最低 0.998  本机 22 秒
 4425  走满窗口      0.980 米 /  10.0 秒  0.098 米/秒  直立最低 0.997  本机 23 秒
 4426  走满窗口      1.359 米 /  10.0 秒  0.136 米/秒  直立最低 0.998  本机 22 秒
 4427  走满窗口      1.525 米 /  10.0 秒  0.152 米/秒  直立最低 0.999  本机 22 秒
 4428  走满窗口      1.292 米 /  10.0 秒  0.129 米/秒  直立最低 0.994  本机 22 秒
 4429  走满窗口      1.349 米 /  10.0 秒  0.135 米/秒  直立最低 0.998  本机 22 秒
 4430  走满窗口      1.298 米 /  10.0 秒  0.130 米/秒  直立最低 0.998  本机 23 秒
 4431  走满窗口      1.254 米 /  10.0 秒  0.125 米/秒  直立最低 0.995  本机 22 秒
 4432  走满窗口      1.308 米 /  10.0 秒  0.131 米/秒  直立最低 0.997  本机 22 秒
 4433  走满窗口      1.138 米 /  10.0 秒  0.114 米/秒  直立最低 0.998  本机 23 秒
 4434  走满窗口      1.248 米 /  10.0 秒  0.125 米/秒  直立最低 0.998  本机 22 秒
 4435  走满窗口      1.275 米 /  10.0 秒  0.127 米/秒  直立最低 0.996  本机 22 秒
 4436  走满窗口      1.267 米 /  10.0 秒  0.127 米/秒  直立最低 0.995  本机 22 秒
 4437  走满窗口      0.850 米 /  10.0 秒  0.085 米/秒  直立最低 0.995  本机 22 秒
 4438  走满窗口      1.272 米 /  10.0 秒  0.127 米/秒  直立最低 0.994  本机 23 秒
 4439  走满窗口      0.509 米 /  10.0 秒  0.051 米/秒  直立最低 0.993  本机 22 秒
 4440  走满窗口      1.284 米 /  10.0 秒  0.128 米/秒  直立最低 0.998  本机 22 秒
 4441  走满窗口      1.075 米 /  10.0 秒  0.107 米/秒  直立最低 0.998  本机 22 秒
 4442  走满窗口      1.389 米 /  10.0 秒  0.139 米/秒  直立最低 0.998  本机 22 秒
 4443  走满窗口      1.244 米 /  10.0 秒  0.124 米/秒  直立最低 0.995  本机 23 秒
 4444  走满窗口      1.307 米 /  10.0 秒  0.131 米/秒  直立最低 0.998  本机 22 秒
 4445  走满窗口      1.319 米 /  10.0 秒  0.132 米/秒  直立最低 0.998  本机 22 秒
 4446  走满窗口      1.386 米 /  10.0 秒  0.139 米/秒  直立最低 0.998  本机 22 秒
 4447  走满窗口      1.665 米 /  10.0 秒  0.166 米/秒  直立最低 0.997  本机 22 秒
 4448  走满窗口      0.710 米 /  10.0 秒  0.071 米/秒  直立最低 0.995  本机 21 秒
 4449  走满窗口      1.339 米 /  10.0 秒  0.134 米/秒  直立最低 0.998  本机 22 秒
 4450  走满窗口      0.650 米 /  10.0 秒  0.065 米/秒  直立最低 0.995  本机 22 秒
 4451  走满窗口      0.515 米 /  10.0 秒  0.051 米/秒  直立最低 0.994  本机 22 秒
 4452  走满窗口      0.572 米 /  10.0 秒  0.057 米/秒  直立最低 0.993  本机 23 秒
 4453  走满窗口      0.871 米 /  10.0 秒  0.087 米/秒  直立最低 0.993  本机 22 秒
 4454  没建出来：ValueError: structural lower bounds exceed an incoming budget
 4455  走满窗口      1.313 米 /  10.0 秒  0.131 米/秒  直立最低 0.996  本机 22 秒
 4456  走满窗口      0.351 米 /  10.0 秒  0.035 米/秒  直立最低 0.989  本机 23 秒
 4457  走满窗口      1.162 米 /  10.0 秒  0.116 米/秒  直立最低 0.998  本机 22 秒
 4458  走满窗口      1.354 米 /  10.0 秒  0.135 米/秒  直立最低 0.998  本机 23 秒
 4459  没建出来：ValueError: structural lower bounds exceed an incoming budget
 4460  走满窗口      1.302 米 /  10.0 秒  0.130 米/秒  直立最低 0.998  本机 23 秒
 4461  走满窗口      1.265 米 /  10.0 秒  0.126 米/秒  直立最低 0.994  本机 22 秒
 4462  走满窗口      1.338 米 /  10.0 秒  0.134 米/秒  直立最低 0.998  本机 23 秒
 4463  走满窗口      1.349 米 /  10.0 秒  0.135 米/秒  直立最低 0.998  本机 22 秒
 4464  走满窗口      1.360 米 /  10.0 秒  0.136 米/秒  直立最低 0.998  本机 23 秒
 4465  走满窗口      1.358 米 /  10.0 秒  0.136 米/秒  直立最低 0.998  本机 23 秒
 4466  走满窗口      1.614 米 /  10.0 秒  0.161 米/秒  直立最低 0.997  本机 22 秒
 4467  走满窗口      1.315 米 /  10.0 秒  0.131 米/秒  直立最低 0.998  本机 22 秒
 4468  走满窗口      1.384 米 /  10.0 秒  0.138 米/秒  直立最低 0.998  本机 22 秒
 4469  走满窗口      1.245 米 /  10.0 秒  0.125 米/秒  直立最低 0.995  本机 22 秒
 4470  走满窗口      0.387 米 /  10.0 秒  0.039 米/秒  直立最低 0.992  本机 23 秒
 4471  走满窗口      1.364 米 /  10.0 秒  0.136 米/秒  直立最低 0.998  本机 22 秒
 4472  走满窗口      1.324 米 /  10.0 秒  0.132 米/秒  直立最低 0.998  本机 22 秒
 4473  走满窗口      1.249 米 /  10.0 秒  0.125 米/秒  直立最低 0.994  本机 22 秒
 4474  走满窗口      1.305 米 /  10.0 秒  0.131 米/秒  直立最低 0.998  本机 22 秒
 4475  走满窗口      1.289 米 /  10.0 秒  0.129 米/秒  直立最低 0.994  本机 22 秒
 4476  走满窗口      0.933 米 /  10.0 秒  0.093 米/秒  直立最低 0.994  本机 22 秒
 4477  走满窗口      1.243 米 /  10.0 秒  0.124 米/秒  直立最低 0.995  本机 22 秒
 4478  走满窗口      1.419 米 /  10.0 秒  0.142 米/秒  直立最低 0.998  本机 22 秒
 4479  走满窗口      1.330 米 /  10.0 秒  0.133 米/秒  直立最低 0.998  本机 22 秒
 4480  走满窗口      0.630 米 /  10.0 秒  0.063 米/秒  直立最低 0.994  本机 22 秒
 4481  走满窗口      1.362 米 /  10.0 秒  0.136 米/秒  直立最低 0.998  本机 23 秒
 4482  走满窗口      1.245 米 /  10.0 秒  0.125 米/秒  直立最低 0.998  本机 22 秒
 4483  走满窗口      1.293 米 /  10.0 秒  0.129 米/秒  直立最低 0.994  本机 22 秒
 4484  走满窗口      0.547 米 /  10.0 秒  0.055 米/秒  直立最低 0.995  本机 22 秒
 4485  走满窗口      0.714 米 /  10.0 秒  0.071 米/秒  直立最低 0.992  本机 22 秒
 4486  走满窗口      1.270 米 /  10.0 秒  0.127 米/秒  直立最低 0.997  本机 22 秒
 4487  走满窗口      1.399 米 /  10.0 秒  0.140 米/秒  直立最低 0.998  本机 22 秒
 4488  走满窗口      0.940 米 /  10.0 秒  0.094 米/秒  直立最低 0.995  本机 22 秒
 4489  走满窗口      1.069 米 /  10.0 秒  0.107 米/秒  直立最低 0.998  本机 22 秒
 4490  走满窗口      1.298 米 /  10.0 秒  0.130 米/秒  直立最低 0.998  本机 22 秒
 4491  走满窗口      1.277 米 /  10.0 秒  0.128 米/秒  直立最低 0.998  本机 22 秒
 4492  走满窗口      1.282 米 /  10.0 秒  0.128 米/秒  直立最低 0.998  本机 22 秒
 4493  走满窗口      1.285 米 /  10.0 秒  0.129 米/秒  直立最低 0.998  本机 22 秒
 4494  走满窗口      1.325 米 /  10.0 秒  0.132 米/秒  直立最低 0.998  本机 22 秒
 4495  走满窗口      1.282 米 /  10.0 秒  0.128 米/秒  直立最低 0.995  本机 22 秒
 4496  走满窗口      0.464 米 /  10.0 秒  0.046 米/秒  直立最低 0.995  本机 22 秒
 4497  走满窗口      1.309 米 /  10.0 秒  0.131 米/秒  直立最低 0.998  本机 23 秒
 4498  走满窗口      0.944 米 /  10.0 秒  0.094 米/秒  直立最低 0.993  本机 22 秒
 4499  走满窗口      1.647 米 /  10.0 秒  0.165 米/秒  直立最低 0.997  本机 22 秒
 4500  走满窗口      1.360 米 /  10.0 秒  0.136 米/秒  直立最低 0.998  本机 22 秒
 4501  走满窗口      1.378 米 /  10.0 秒  0.138 米/秒  直立最低 0.993  本机 22 秒
 4502  走满窗口      1.246 米 /  10.0 秒  0.125 米/秒  直立最低 0.995  本机 22 秒
 4503  走满窗口      0.719 米 /  10.0 秒  0.072 米/秒  直立最低 0.998  本机 22 秒
 4504  走满窗口      1.377 米 /  10.0 秒  0.138 米/秒  直立最低 0.998  本机 22 秒
 4505  走满窗口      0.835 米 /  10.0 秒  0.084 米/秒  直立最低 0.993  本机 22 秒
 4506  走满窗口      1.306 米 /  10.0 秒  0.131 米/秒  直立最低 0.998  本机 22 秒
 4507  走满窗口      1.261 米 /  10.0 秒  0.126 米/秒  直立最低 0.995  本机 22 秒
 4508  走满窗口      1.326 米 /  10.0 秒  0.133 米/秒  直立最低 0.997  本机 22 秒
 4509  走满窗口      1.297 米 /  10.0 秒  0.130 米/秒  直立最低 0.998  本机 23 秒
 4510  走满窗口      1.329 米 /  10.0 秒  0.133 米/秒  直立最低 0.998  本机 22 秒
 4511  走满窗口      1.042 米 /  10.0 秒  0.104 米/秒  直立最低 0.995  本机 22 秒
 4512  走满窗口      1.327 米 /  10.0 秒  0.133 米/秒  直立最低 0.998  本机 22 秒
 4513  走满窗口      1.096 米 /  10.0 秒  0.110 米/秒  直立最低 0.998  本机 22 秒
 4514  走满窗口      1.373 米 /  10.0 秒  0.137 米/秒  直立最低 0.998  本机 22 秒
 4515  走满窗口      1.218 米 /  10.0 秒  0.122 米/秒  直立最低 0.996  本机 22 秒
 4516  走满窗口      1.273 米 /  10.0 秒  0.127 米/秒  直立最低 0.994  本机 22 秒
 4517  走满窗口      1.434 米 /  10.0 秒  0.143 米/秒  直立最低 0.998  本机 22 秒
 4518  走满窗口      1.258 米 /  10.0 秒  0.126 米/秒  直立最低 0.995  本机 22 秒
 4519  走满窗口      1.322 米 /  10.0 秒  0.132 米/秒  直立最低 0.998  本机 22 秒
 4520  走满窗口      1.104 米 /  10.0 秒  0.110 米/秒  直立最低 0.998  本机 22 秒
 4521  走满窗口      1.185 米 /  10.0 秒  0.118 米/秒  直立最低 0.998  本机 22 秒
 4522  走满窗口      1.243 米 /  10.0 秒  0.124 米/秒  直立最低 0.998  本机 22 秒
 4523  走满窗口      1.367 米 /  10.0 秒  0.137 米/秒  直立最低 0.998  本机 22 秒
 4524  走满窗口      1.341 米 /  10.0 秒  0.134 米/秒  直立最低 0.998  本机 22 秒
 4525  走满窗口      1.201 米 /  10.0 秒  0.120 米/秒  直立最低 0.998  本机 22 秒
 4526  倒过        2.392 米 /  10.0 秒  0.239 米/秒  直立最低 -0.989  本机 23 秒
 4527  走满窗口      1.489 米 /  10.0 秒  0.149 米/秒  直立最低 0.998  本机 22 秒
 4528  走满窗口      1.025 米 /  10.0 秒  0.102 米/秒  直立最低 0.998  本机 22 秒
 4529  走满窗口      1.326 米 /  10.0 秒  0.133 米/秒  直立最低 0.998  本机 22 秒
 4530  走满窗口      1.306 米 /  10.0 秒  0.131 米/秒  直立最低 0.998  本机 23 秒
 4531  走满窗口      1.412 米 /  10.0 秒  0.141 米/秒  直立最低 0.998  本机 22 秒
 4532  走满窗口      0.859 米 /  10.0 秒  0.086 米/秒  直立最低 0.994  本机 22 秒
 4533  倒过        1.409 米 /  10.0 秒  0.141 米/秒  直立最低 -0.938  本机 22 秒
 4534  走满窗口      1.228 米 /  10.0 秒  0.123 米/秒  直立最低 0.998  本机 22 秒
 4535  走满窗口      1.302 米 /  10.0 秒  0.130 米/秒  直立最低 0.993  本机 22 秒
 4536  走满窗口      1.236 米 /  10.0 秒  0.124 米/秒  直立最低 0.996  本机 21 秒
 4537  走满窗口      1.237 米 /  10.0 秒  0.124 米/秒  直立最低 0.995  本机 22 秒
 4538  走满窗口      1.021 米 /  10.0 秒  0.102 米/秒  直立最低 0.995  本机 22 秒
 4539  走满窗口      1.297 米 /  10.0 秒  0.130 米/秒  直立最低 0.994  本机 22 秒
 4540  走满窗口      1.362 米 /  10.0 秒  0.136 米/秒  直立最低 0.998  本机 23 秒
 4541  走满窗口      1.243 米 /  10.0 秒  0.124 米/秒  直立最低 0.991  本机 22 秒
 4542  走满窗口      0.993 米 /  10.0 秒  0.099 米/秒  直立最低 0.998  本机 22 秒
 4543  走满窗口      1.267 米 /  10.0 秒  0.127 米/秒  直立最低 0.998  本机 22 秒
 4544  走满窗口      1.417 米 /  10.0 秒  0.142 米/秒  直立最低 0.998  本机 22 秒
 4545  走满窗口      1.244 米 /  10.0 秒  0.124 米/秒  直立最低 0.995  本机 22 秒
 4546  走满窗口      1.261 米 /  10.0 秒  0.126 米/秒  直立最低 0.996  本机 22 秒
 4547  走满窗口      1.046 米 /  10.0 秒  0.105 米/秒  直立最低 0.994  本机 22 秒
 4548  倒过        1.775 米 /  10.0 秒  0.177 米/秒  直立最低 -0.992  本机 22 秒
 4549  走满窗口      1.338 米 /  10.0 秒  0.134 米/秒  直立最低 0.998  本机 22 秒
 4550  走满窗口      1.348 米 /  10.0 秒  0.135 米/秒  直立最低 0.998  本机 22 秒
 4551  走满窗口      1.359 米 /  10.0 秒  0.136 米/秒  直立最低 0.998  本机 22 秒
 4552  走满窗口      1.357 米 /  10.0 秒  0.136 米/秒  直立最低 0.998  本机 22 秒
 4553  走满窗口      0.576 米 /  10.0 秒  0.058 米/秒  直立最低 0.992  本机 23 秒
 4554  走满窗口      0.669 米 /  10.0 秒  0.067 米/秒  直立最低 0.993  本机 22 秒
 4555  走满窗口      0.999 米 /  10.0 秒  0.100 米/秒  直立最低 0.993  本机 23 秒
 4556  走满窗口      0.959 米 /  10.0 秒  0.096 米/秒  直立最低 0.995  本机 23 秒
 4557  走满窗口      1.382 米 /  10.0 秒  0.138 米/秒  直立最低 0.998  本机 23 秒
 4558  走满窗口      1.262 米 /  10.0 秒  0.126 米/秒  直立最低 0.996  本机 23 秒
 4559  走满窗口      1.095 米 /  10.0 秒  0.109 米/秒  直立最低 0.998  本机 23 秒
 4560  走满窗口      1.312 米 /  10.0 秒  0.131 米/秒  直立最低 0.993  本机 23 秒
 4561  走满窗口      0.879 米 /  10.0 秒  0.088 米/秒  直立最低 0.994  本机 23 秒
 4562  走满窗口      1.335 米 /  10.0 秒  0.134 米/秒  直立最低 0.998  本机 22 秒
 4563  走满窗口      1.249 米 /  10.0 秒  0.125 米/秒  直立最低 0.995  本机 22 秒
 4564  走满窗口      1.243 米 /  10.0 秒  0.124 米/秒  直立最低 0.995  本机 22 秒
 4565  走满窗口      1.250 米 /  10.0 秒  0.125 米/秒  直立最低 0.995  本机 22 秒
 4566  走满窗口      1.275 米 /  10.0 秒  0.128 米/秒  直立最低 0.996  本机 23 秒
 4567  走满窗口      1.425 米 /  10.0 秒  0.142 米/秒  直立最低 0.998  本机 22 秒
 4568  走满窗口      0.931 米 /  10.0 秒  0.093 米/秒  直立最低 0.996  本机 22 秒
 4569  走满窗口      1.296 米 /  10.0 秒  0.130 米/秒  直立最低 0.996  本机 22 秒
 4570  走满窗口      1.236 米 /  10.0 秒  0.124 米/秒  直立最低 0.995  本机 22 秒
 4571  走满窗口      1.177 米 /  10.0 秒  0.118 米/秒  直立最低 0.996  本机 23 秒
 4572  走满窗口      1.171 米 /  10.0 秒  0.117 米/秒  直立最低 0.995  本机 22 秒
 4573  走满窗口      1.093 米 /  10.0 秒  0.109 米/秒  直立最低 0.996  本机 22 秒
 4574  走满窗口      1.311 米 /  10.0 秒  0.131 米/秒  直立最低 0.998  本机 22 秒
 4575  走满窗口      1.269 米 /  10.0 秒  0.127 米/秒  直立最低 0.998  本机 22 秒
 4576  走满窗口      1.399 米 /  10.0 秒  0.140 米/秒  直立最低 0.998  本机 22 秒
 4577  走满窗口      1.388 米 /  10.0 秒  0.139 米/秒  直立最低 0.998  本机 22 秒
 4578  走满窗口      1.331 米 /  10.0 秒  0.133 米/秒  直立最低 0.997  本机 23 秒
 4579  走满窗口      1.332 米 /  10.0 秒  0.133 米/秒  直立最低 0.998  本机 22 秒
 4580  走满窗口      1.174 米 /  10.0 秒  0.117 米/秒  直立最低 0.995  本机 22 秒
 4581  走满窗口      0.935 米 /  10.0 秒  0.094 米/秒  直立最低 0.998  本机 22 秒
 4582  走满窗口      0.707 米 /  10.0 秒  0.071 米/秒  直立最低 0.995  本机 22 秒
 4583  走满窗口      1.342 米 /  10.0 秒  0.134 米/秒  直立最低 0.998  本机 22 秒
 4584  走满窗口      1.435 米 /  10.0 秒  0.144 米/秒  直立最低 0.998  本机 22 秒
 4585  走满窗口      1.332 米 /  10.0 秒  0.133 米/秒  直立最低 0.998  本机 22 秒
 4586  走满窗口      1.319 米 /  10.0 秒  0.132 米/秒  直立最低 0.998  本机 22 秒
 4587  走满窗口      1.069 米 /  10.0 秒  0.107 米/秒  直立最低 0.995  本机 22 秒
 4588  走满窗口      1.048 米 /  10.0 秒  0.105 米/秒  直立最低 0.998  本机 22 秒
 4589  走满窗口      1.297 米 /  10.0 秒  0.130 米/秒  直立最低 0.998  本机 22 秒
 4590  走满窗口      1.238 米 /  10.0 秒  0.124 米/秒  直立最低 0.996  本机 22 秒
 4591  走满窗口      1.277 米 /  10.0 秒  0.128 米/秒  直立最低 0.994  本机 22 秒
 4592  走满窗口      1.326 米 /  10.0 秒  0.133 米/秒  直立最低 0.998  本机 22 秒
 4593  走满窗口      1.369 米 /  10.0 秒  0.137 米/秒  直立最低 0.998  本机 22 秒
 4594  走满窗口      1.330 米 /  10.0 秒  0.133 米/秒  直立最低 0.998  本机 22 秒
 4595  走满窗口      1.344 米 /  10.0 秒  0.134 米/秒  直立最低 0.998  本机 22 秒
 4596  走满窗口      0.784 米 /  10.0 秒  0.078 米/秒  直立最低 0.993  本机 22 秒
 4597  走满窗口      1.439 米 /  10.0 秒  0.144 米/秒  直立最低 0.997  本机 22 秒
 4598  走满窗口      1.360 米 /  10.0 秒  0.136 米/秒  直立最低 0.998  本机 23 秒
 4599  走满窗口      1.387 米 /  10.0 秒  0.139 米/秒  直立最低 0.999  本机 22 秒
 4600  走满窗口      1.339 米 /  10.0 秒  0.134 米/秒  直立最低 0.996  本机 23 秒
 4601  走满窗口      1.327 米 /  10.0 秒  0.133 米/秒  直立最低 0.998  本机 22 秒
 4602  走满窗口      1.181 米 /  10.0 秒  0.118 米/秒  直立最低 0.994  本机 22 秒
 4603  走满窗口      1.138 米 /  10.0 秒  0.114 米/秒  直立最低 0.993  本机 22 秒
 4604  走满窗口      0.755 米 /  10.0 秒  0.075 米/秒  直立最低 0.995  本机 22 秒
 4605  走满窗口      1.357 米 /  10.0 秒  0.136 米/秒  直立最低 0.998  本机 22 秒
 4606  走满窗口      1.346 米 /  10.0 秒  0.135 米/秒  直立最低 0.998  本机 23 秒
 4607  走满窗口      1.256 米 /  10.0 秒  0.126 米/秒  直立最低 0.995  本机 22 秒
 4608  走满窗口      1.276 米 /  10.0 秒  0.128 米/秒  直立最低 0.998  本机 23 秒
 4609  走满窗口      1.322 米 /  10.0 秒  0.132 米/秒  直立最低 0.998  本机 22 秒
 4610  走满窗口      1.087 米 /  10.0 秒  0.109 米/秒  直立最低 0.998  本机 22 秒
 4611  走满窗口      1.280 米 /  10.0 秒  0.128 米/秒  直立最低 0.994  本机 22 秒
 4612  走满窗口      0.977 米 /  10.0 秒  0.098 米/秒  直立最低 0.996  本机 22 秒
 4613  走满窗口      1.263 米 /  10.0 秒  0.126 米/秒  直立最低 0.995  本机 22 秒
 4614  走满窗口      0.923 米 /  10.0 秒  0.092 米/秒  直立最低 0.995  本机 22 秒
 4615  走满窗口      1.253 米 /  10.0 秒  0.125 米/秒  直立最低 0.995  本机 22 秒
 4616  走满窗口      1.319 米 /  10.0 秒  0.132 米/秒  直立最低 0.998  本机 22 秒
 4617  走满窗口      1.319 米 /  10.0 秒  0.132 米/秒  直立最低 0.996  本机 22 秒
 4618  走满窗口      1.305 米 /  10.0 秒  0.130 米/秒  直立最低 0.998  本机 22 秒
 4619  走满窗口      1.349 米 /  10.0 秒  0.135 米/秒  直立最低 0.997  本机 22 秒
 4620  走满窗口      1.395 米 /  10.0 秒  0.139 米/秒  直立最低 0.998  本机 22 秒
 4621  走满窗口      1.593 米 /  10.0 秒  0.159 米/秒  直立最低 0.997  本机 22 秒
 4622  走满窗口      1.250 米 /  10.0 秒  0.125 米/秒  直立最低 0.995  本机 22 秒
 4623  走满窗口      0.717 米 /  10.0 秒  0.072 米/秒  直立最低 0.995  本机 22 秒
 4624  走满窗口      1.346 米 /  10.0 秒  0.135 米/秒  直立最低 0.998  本机 22 秒
 4625  走满窗口      1.198 米 /  10.0 秒  0.120 米/秒  直立最低 0.994  本机 21 秒
 4626  走满窗口      1.291 米 /  10.0 秒  0.129 米/秒  直立最低 0.997  本机 22 秒
 4627  走满窗口      0.903 米 /  10.0 秒  0.090 米/秒  直立最低 0.994  本机 22 秒
 4628  走满窗口      1.046 米 /  10.0 秒  0.105 米/秒  直立最低 0.993  本机 23 秒
 4629  走满窗口      0.397 米 /  10.0 秒  0.040 米/秒  直立最低 0.992  本机 22 秒
 4630  走满窗口      0.567 米 /  10.0 秒  0.057 米/秒  直立最低 0.991  本机 23 秒
 4631  走满窗口      1.344 米 /  10.0 秒  0.134 米/秒  直立最低 0.998  本机 22 秒
 4632  走满窗口      0.780 米 /  10.0 秒  0.078 米/秒  直立最低 0.993  本机 22 秒
 4633  走满窗口      1.329 米 /  10.0 秒  0.133 米/秒  直立最低 0.998  本机 22 秒
 4634  走满窗口      1.041 米 /  10.0 秒  0.104 米/秒  直立最低 0.998  本机 22 秒
 4635  走满窗口      1.264 米 /  10.0 秒  0.126 米/秒  直立最低 0.997  本机 23 秒
 4636  走满窗口      1.264 米 /  10.0 秒  0.126 米/秒  直立最低 0.997  本机 23 秒
 4637  走满窗口      1.305 米 /  10.0 秒  0.130 米/秒  直立最低 0.998  本机 23 秒
 4638  走满窗口      1.381 米 /  10.0 秒  0.138 米/秒  直立最低 0.998  本机 22 秒
 4639  走满窗口      1.268 米 /  10.0 秒  0.127 米/秒  直立最低 0.995  本机 22 秒
 4640  走满窗口      1.250 米 /  10.0 秒  0.125 米/秒  直立最低 0.995  本机 22 秒
 4641  走满窗口      1.438 米 /  10.0 秒  0.144 米/秒  直立最低 0.998  本机 23 秒
 4642  走满窗口      1.249 米 /  10.0 秒  0.125 米/秒  直立最低 0.995  本机 22 秒
 4643  走满窗口      0.727 米 /  10.0 秒  0.073 米/秒  直立最低 0.992  本机 22 秒
 4644  走满窗口      1.346 米 /  10.0 秒  0.135 米/秒  直立最低 0.998  本机 22 秒
 4645  走满窗口      0.808 米 /  10.0 秒  0.081 米/秒  直立最低 0.998  本机 22 秒
 4646  走满窗口      0.426 米 /  10.0 秒  0.043 米/秒  直立最低 0.995  本机 22 秒
 4647  走满窗口      1.353 米 /  10.0 秒  0.135 米/秒  直立最低 0.998  本机 22 秒
 4648  走满窗口      1.168 米 /  10.0 秒  0.117 米/秒  直立最低 0.995  本机 22 秒
 4649  走满窗口      1.288 米 /  10.0 秒  0.129 米/秒  直立最低 0.997  本机 22 秒
 4650  走满窗口      1.328 米 /  10.0 秒  0.133 米/秒  直立最低 0.991  本机 22 秒
 4651  走满窗口      0.599 米 /  10.0 秒  0.060 米/秒  直立最低 0.991  本机 23 秒
 4652  走满窗口      1.114 米 /  10.0 秒  0.111 米/秒  直立最低 0.993  本机 22 秒
 4653  走满窗口      1.167 米 /  10.0 秒  0.117 米/秒  直立最低 0.994  本机 22 秒
 4654  走满窗口      0.981 米 /  10.0 秒  0.098 米/秒  直立最低 0.996  本机 22 秒
 4655  走满窗口      1.308 米 /  10.0 秒  0.131 米/秒  直立最低 0.998  本机 22 秒
 4656  走满窗口      1.255 米 /  10.0 秒  0.125 米/秒  直立最低 0.995  本机 22 秒
 4657  走满窗口      1.326 米 /  10.0 秒  0.133 米/秒  直立最低 0.992  本机 22 秒
 4658  走满窗口      1.310 米 /  10.0 秒  0.131 米/秒  直立最低 0.995  本机 23 秒
 4659  走满窗口      1.292 米 /  10.0 秒  0.129 米/秒  直立最低 0.995  本机 22 秒
 4660  走满窗口      1.289 米 /  10.0 秒  0.129 米/秒  直立最低 0.997  本机 22 秒
 4661  走满窗口      1.142 米 /  10.0 秒  0.114 米/秒  直立最低 0.998  本机 22 秒
 4662  走满窗口      1.274 米 /  10.0 秒  0.127 米/秒  直立最低 0.995  本机 22 秒
 4663  走满窗口      1.099 米 /  10.0 秒  0.110 米/秒  直立最低 0.995  本机 22 秒
 4664  走满窗口      1.321 米 /  10.0 秒  0.132 米/秒  直立最低 0.998  本机 22 秒
 4665  走满窗口      1.271 米 /  10.0 秒  0.127 米/秒  直立最低 0.995  本机 22 秒
 4666  走满窗口      1.342 米 /  10.0 秒  0.134 米/秒  直立最低 0.998  本机 22 秒
 4667  走满窗口      1.086 米 /  10.0 秒  0.109 米/秒  直立最低 0.998  本机 22 秒
 4668  走满窗口      1.620 米 /  10.0 秒  0.162 米/秒  直立最低 0.994  本机 22 秒
 4669  走满窗口      1.284 米 /  10.0 秒  0.128 米/秒  直立最低 0.998  本机 22 秒
 4670  走满窗口      1.259 米 /  10.0 秒  0.126 米/秒  直立最低 0.998  本机 22 秒
 4671  走满窗口      1.120 米 /  10.0 秒  0.112 米/秒  直立最低 0.996  本机 22 秒
 4672  走满窗口      1.347 米 /  10.0 秒  0.135 米/秒  直立最低 0.998  本机 21 秒
 4673  走满窗口      1.301 米 /  10.0 秒  0.130 米/秒  直立最低 0.998  本机 21 秒
 4674  走满窗口      1.083 米 /  10.0 秒  0.108 米/秒  直立最低 0.996  本机 22 秒
 4675  走满窗口      0.826 米 /  10.0 秒  0.083 米/秒  直立最低 0.995  本机 22 秒
 4676  走满窗口      1.263 米 /  10.0 秒  0.126 米/秒  直立最低 0.998  本机 22 秒
 4677  走满窗口      1.390 米 /  10.0 秒  0.139 米/秒  直立最低 0.998  本机 22 秒
 4678  走满窗口      1.263 米 /  10.0 秒  0.126 米/秒  直立最低 0.995  本机 23 秒
 4679  走满窗口      1.093 米 /  10.0 秒  0.109 米/秒  直立最低 0.998  本机 22 秒
 4680  走满窗口      1.322 米 /  10.0 秒  0.132 米/秒  直立最低 0.998  本机 23 秒
 4681  走满窗口      1.251 米 /  10.0 秒  0.125 米/秒  直立最低 0.995  本机 22 秒
 4682  倒过        2.189 米 /  10.0 秒  0.219 米/秒  直立最低 -0.992  本机 22 秒
 4683  走满窗口      0.496 米 /  10.0 秒  0.050 米/秒  直立最低 0.994  本机 22 秒
 4684  走满窗口      1.453 米 /  10.0 秒  0.145 米/秒  直立最低 0.998  本机 23 秒
 4685  走满窗口      1.024 米 /  10.0 秒  0.102 米/秒  直立最低 0.998  本机 22 秒
 4686  走满窗口      1.271 米 /  10.0 秒  0.127 米/秒  直立最低 0.997  本机 22 秒
 4687  走满窗口      1.338 米 /  10.0 秒  0.134 米/秒  直立最低 0.992  本机 22 秒
 4688  走满窗口      1.293 米 /  10.0 秒  0.129 米/秒  直立最低 0.997  本机 22 秒
 4689  走满窗口      1.311 米 /  10.0 秒  0.131 米/秒  直立最低 0.998  本机 21 秒
 4690  走满窗口      1.294 米 /  10.0 秒  0.129 米/秒  直立最低 0.997  本机 22 秒
 4691  走满窗口      1.037 米 /  10.0 秒  0.104 米/秒  直立最低 0.998  本机 22 秒
 4692  走满窗口      1.319 米 /  10.0 秒  0.132 米/秒  直立最低 0.998  本机 23 秒
 4693  走满窗口      1.292 米 /  10.0 秒  0.129 米/秒  直立最低 0.994  本机 22 秒
 4694  走满窗口      0.887 米 /  10.0 秒  0.089 米/秒  直立最低 0.994  本机 22 秒
 4695  走满窗口      1.357 米 /  10.0 秒  0.136 米/秒  直立最低 0.998  本机 22 秒
 4696  走满窗口      1.354 米 /  10.0 秒  0.135 米/秒  直立最低 0.998  本机 22 秒
 4697  走满窗口      1.355 米 /  10.0 秒  0.136 米/秒  直立最低 0.998  本机 22 秒
 4698  走满窗口      1.262 米 /  10.0 秒  0.126 米/秒  直立最低 0.996  本机 22 秒
 4699  走满窗口      1.316 米 /  10.0 秒  0.132 米/秒  直立最低 0.998  本机 22 秒
 4700  走满窗口      1.355 米 /  10.0 秒  0.136 米/秒  直立最低 0.998  本机 22 秒
 4701  走满窗口      1.217 米 /  10.0 秒  0.122 米/秒  直立最低 0.998  本机 22 秒
 4702  走满窗口      1.157 米 /  10.0 秒  0.116 米/秒  直立最低 0.998  本机 22 秒
 4703  走满窗口      1.305 米 /  10.0 秒  0.131 米/秒  直立最低 0.998  本机 22 秒
 4704  走满窗口      1.219 米 /  10.0 秒  0.122 米/秒  直立最低 0.996  本机 22 秒
 4705  走满窗口      1.091 米 /  10.0 秒  0.109 米/秒  直立最低 0.997  本机 22 秒
 4706  走满窗口      1.265 米 /  10.0 秒  0.127 米/秒  直立最低 0.995  本机 23 秒
 4707  走满窗口      1.344 米 /  10.0 秒  0.134 米/秒  直立最低 0.994  本机 22 秒
 4708  走满窗口      1.201 米 /  10.0 秒  0.120 米/秒  直立最低 0.994  本机 22 秒
 4709  走满窗口      1.095 米 /  10.0 秒  0.109 米/秒  直立最低 0.997  本机 22 秒
 4710  走满窗口      1.355 米 /  10.0 秒  0.136 米/秒  直立最低 0.998  本机 22 秒
 4711  走满窗口      1.401 米 /  10.0 秒  0.140 米/秒  直立最低 0.998  本机 22 秒
 4712  走满窗口      1.287 米 /  10.0 秒  0.129 米/秒  直立最低 0.998  本机 22 秒
 4713  走满窗口      0.620 米 /  10.0 秒  0.062 米/秒  直立最低 0.991  本机 21 秒
 4714  走满窗口      1.293 米 /  10.0 秒  0.129 米/秒  直立最低 0.998  本机 22 秒
 4715  走满窗口      1.026 米 /  10.0 秒  0.103 米/秒  直立最低 0.998  本机 22 秒
 4716  走满窗口      1.349 米 /  10.0 秒  0.135 米/秒  直立最低 0.998  本机 22 秒
 4717  走满窗口      1.366 米 /  10.0 秒  0.137 米/秒  直立最低 0.998  本机 22 秒
 4718  走满窗口      1.456 米 /  10.0 秒  0.146 米/秒  直立最低 0.998  本机 22 秒
 4719  走满窗口      1.285 米 /  10.0 秒  0.129 米/秒  直立最低 0.995  本机 22 秒
 4720  走满窗口      1.309 米 /  10.0 秒  0.131 米/秒  直立最低 0.998  本机 22 秒
 4721  走满窗口      0.919 米 /  10.0 秒  0.092 米/秒  直立最低 0.998  本机 22 秒
 4722  走满窗口      1.395 米 /  10.0 秒  0.139 米/秒  直立最低 0.998  本机 22 秒
 4723  走满窗口      1.345 米 /  10.0 秒  0.135 米/秒  直立最低 0.998  本机 22 秒
 4724  走满窗口      1.338 米 /  10.0 秒  0.134 米/秒  直立最低 0.998  本机 22 秒
 4725  走满窗口      1.667 米 /  10.0 秒  0.167 米/秒  直立最低 0.997  本机 22 秒
 4726  走满窗口      1.377 米 /  10.0 秒  0.138 米/秒  直立最低 0.996  本机 22 秒
 4727  走满窗口      1.251 米 /  10.0 秒  0.125 米/秒  直立最低 0.996  本机 22 秒
 4728  走满窗口      1.300 米 /  10.0 秒  0.130 米/秒  直立最低 0.994  本机 22 秒
 4729  走满窗口      1.210 米 /  10.0 秒  0.121 米/秒  直立最低 0.996  本机 22 秒
 4730  走满窗口      1.282 米 /  10.0 秒  0.128 米/秒  直立最低 0.997  本机 22 秒
 4731  走满窗口      0.868 米 /  10.0 秒  0.087 米/秒  直立最低 0.994  本机 22 秒
 4732  走满窗口      1.294 米 /  10.0 秒  0.129 米/秒  直立最低 0.994  本机 22 秒
 4733  走满窗口      1.236 米 /  10.0 秒  0.124 米/秒  直立最低 0.995  本机 22 秒
 4734  没建出来：ValueError: structural lower bounds exceed an incoming budget
 4735  走满窗口      1.279 米 /  10.0 秒  0.128 米/秒  直立最低 0.995  本机 21 秒
 4736  走满窗口      1.348 米 /  10.0 秒  0.135 米/秒  直立最低 0.998  本机 22 秒
 4737  走满窗口      1.343 米 /  10.0 秒  0.134 米/秒  直立最低 0.996  本机 22 秒
 4738  走满窗口      1.330 米 /  10.0 秒  0.133 米/秒  直立最低 0.998  本机 22 秒
 4739  走满窗口      1.271 米 /  10.0 秒  0.127 米/秒  直立最低 0.992  本机 22 秒
 4740  走满窗口      1.356 米 /  10.0 秒  0.136 米/秒  直立最低 0.996  本机 22 秒
 4741  走满窗口      0.753 米 /  10.0 秒  0.075 米/秒  直立最低 0.995  本机 22 秒
 4742  走满窗口      1.247 米 /  10.0 秒  0.125 米/秒  直立最低 0.995  本机 22 秒
 4743  走满窗口      1.132 米 /  10.0 秒  0.113 米/秒  直立最低 0.995  本机 23 秒
 4744  走满窗口      1.363 米 /  10.0 秒  0.136 米/秒  直立最低 0.998  本机 22 秒
 4745  走满窗口      1.329 米 /  10.0 秒  0.133 米/秒  直立最低 0.998  本机 22 秒
 4746  走满窗口      1.303 米 /  10.0 秒  0.130 米/秒  直立最低 0.998  本机 22 秒
 4747  走满窗口      1.370 米 /  10.0 秒  0.137 米/秒  直立最低 0.998  本机 22 秒
 4748  走满窗口      1.320 米 /  10.0 秒  0.132 米/秒  直立最低 0.998  本机 22 秒
 4749  走满窗口      1.335 米 /  10.0 秒  0.134 米/秒  直立最低 0.998  本机 22 秒
 4750  走满窗口      1.072 米 /  10.0 秒  0.107 米/秒  直立最低 0.998  本机 23 秒
 4751  走满窗口      1.090 米 /  10.0 秒  0.109 米/秒  直立最低 0.992  本机 22 秒
 4752  走满窗口      1.270 米 /  10.0 秒  0.127 米/秒  直立最低 0.996  本机 22 秒
 4753  走满窗口      1.313 米 /  10.0 秒  0.131 米/秒  直立最低 0.998  本机 22 秒
 4754  走满窗口      1.183 米 /  10.0 秒  0.118 米/秒  直立最低 0.996  本机 22 秒
 4755  走满窗口      1.237 米 /  10.0 秒  0.124 米/秒  直立最低 0.998  本机 22 秒
 4756  走满窗口      1.338 米 /  10.0 秒  0.134 米/秒  直立最低 0.998  本机 22 秒
 4757  走满窗口      1.285 米 /  10.0 秒  0.128 米/秒  直立最低 0.994  本机 22 秒
 4758  走满窗口      1.472 米 /  10.0 秒  0.147 米/秒  直立最低 0.997  本机 22 秒
 4759  走满窗口      1.235 米 /  10.0 秒  0.124 米/秒  直立最低 0.998  本机 23 秒
 4760  走满窗口      1.101 米 /  10.0 秒  0.110 米/秒  直立最低 0.996  本机 22 秒
 4761  走满窗口      1.318 米 /  10.0 秒  0.132 米/秒  直立最低 0.997  本机 23 秒
 4762  走满窗口      1.427 米 /  10.0 秒  0.143 米/秒  直立最低 0.998  本机 23 秒
 4763  走满窗口      1.101 米 /  10.0 秒  0.110 米/秒  直立最低 0.996  本机 23 秒
 4764  走满窗口      1.308 米 /  10.0 秒  0.131 米/秒  直立最低 0.995  本机 23 秒
 4765  走满窗口      1.330 米 /  10.0 秒  0.133 米/秒  直立最低 0.998  本机 23 秒
 4766  没建出来：ValueError: structural lower bounds exceed an incoming budget
 4767  走满窗口      1.259 米 /  10.0 秒  0.126 米/秒  直立最低 0.994  本机 23 秒
 4768  走满窗口      1.317 米 /  10.0 秒  0.132 米/秒  直立最低 0.998  本机 23 秒
 4769  走满窗口      1.350 米 /  10.0 秒  0.135 米/秒  直立最低 0.998  本机 24 秒
 4770  走满窗口      0.935 米 /  10.0 秒  0.093 米/秒  直立最低 0.994  本机 23 秒
 4771  走满窗口      1.338 米 /  10.0 秒  0.134 米/秒  直立最低 0.998  本机 23 秒
 4772  走满窗口      1.442 米 /  10.0 秒  0.144 米/秒  直立最低 0.995  本机 23 秒
 4773  走满窗口      1.365 米 /  10.0 秒  0.136 米/秒  直立最低 0.998  本机 22 秒
 4774  走满窗口      1.104 米 /  10.0 秒  0.110 米/秒  直立最低 0.997  本机 22 秒
 4775  走满窗口      1.071 米 /  10.0 秒  0.107 米/秒  直立最低 0.997  本机 23 秒
 4776  走满窗口      1.106 米 /  10.0 秒  0.111 米/秒  直立最低 0.995  本机 23 秒
 4777  走满窗口      1.373 米 /  10.0 秒  0.137 米/秒  直立最低 0.998  本机 23 秒
 4778  走满窗口      1.362 米 /  10.0 秒  0.136 米/秒  直立最低 0.998  本机 23 秒
 4779  走满窗口      1.275 米 /  10.0 秒  0.128 米/秒  直立最低 0.996  本机 23 秒
 4780  走满窗口      0.680 米 /  10.0 秒  0.068 米/秒  直立最低 0.992  本机 22 秒
 4781  走满窗口      1.303 米 /  10.0 秒  0.130 米/秒  直立最低 0.995  本机 22 秒
 4782  走满窗口      1.041 米 /  10.0 秒  0.104 米/秒  直立最低 0.998  本机 22 秒
 4783  走满窗口      1.310 米 /  10.0 秒  0.131 米/秒  直立最低 0.998  本机 22 秒
 4784  走满窗口      1.155 米 /  10.0 秒  0.115 米/秒  直立最低 0.992  本机 22 秒
 4785  走满窗口      1.266 米 /  10.0 秒  0.127 米/秒  直立最低 0.994  本机 23 秒
 4786  走满窗口      1.175 米 /  10.0 秒  0.118 米/秒  直立最低 0.993  本机 23 秒
 4787  走满窗口      1.357 米 /  10.0 秒  0.136 米/秒  直立最低 0.998  本机 23 秒
 4788  走满窗口      0.997 米 /  10.0 秒  0.100 米/秒  直立最低 0.998  本机 23 秒
 4789  走满窗口      1.346 米 /  10.0 秒  0.135 米/秒  直立最低 0.998  本机 23 秒
 4790  走满窗口      0.850 米 /  10.0 秒  0.085 米/秒  直立最低 0.993  本机 23 秒
 4791  走满窗口      1.132 米 /  10.0 秒  0.113 米/秒  直立最低 0.996  本机 23 秒
 4792  走满窗口      1.358 米 /  10.0 秒  0.136 米/秒  直立最低 0.998  本机 22 秒
 4793  走满窗口      1.288 米 /  10.0 秒  0.129 米/秒  直立最低 0.998  本机 23 秒
 4794  走满窗口      1.318 米 /  10.0 秒  0.132 米/秒  直立最低 0.994  本机 22 秒
 4795  走满窗口      1.115 米 /  10.0 秒  0.112 米/秒  直立最低 0.998  本机 23 秒
 4796  走满窗口      0.634 米 /  10.0 秒  0.063 米/秒  直立最低 0.990  本机 22 秒
 4797  走满窗口      1.346 米 /  10.0 秒  0.135 米/秒  直立最低 0.998  本机 23 秒
 4798  没建出来：ValueError: structural lower bounds exceed an incoming budget
 4799  走满窗口      1.172 米 /  10.0 秒  0.117 米/秒  直立最低 0.994  本机 23 秒
 4800  走满窗口      1.416 米 /  10.0 秒  0.142 米/秒  直立最低 0.998  本机 23 秒
 4801  走满窗口      1.360 米 /  10.0 秒  0.136 米/秒  直立最低 0.998  本机 22 秒
 4802  走满窗口      1.318 米 /  10.0 秒  0.132 米/秒  直立最低 0.998  本机 22 秒
 4803  走满窗口      1.549 米 /  10.0 秒  0.155 米/秒  直立最低 0.997  本机 22 秒
 4804  走满窗口      0.880 米 /  10.0 秒  0.088 米/秒  直立最低 0.998  本机 22 秒
 4805  走满窗口      1.191 米 /  10.0 秒  0.119 米/秒  直立最低 0.995  本机 22 秒
 4806  走满窗口      0.891 米 /  10.0 秒  0.089 米/秒  直立最低 0.994  本机 23 秒
 4807  走满窗口      0.603 米 /  10.0 秒  0.060 米/秒  直立最低 0.992  本机 23 秒
 4808  走满窗口      1.291 米 /  10.0 秒  0.129 米/秒  直立最低 0.998  本机 23 秒
 4809  走满窗口      1.139 米 /  10.0 秒  0.114 米/秒  直立最低 0.995  本机 22 秒
 4810  走满窗口      1.282 米 /  10.0 秒  0.128 米/秒  直立最低 0.997  本机 23 秒
 4811  走满窗口      0.790 米 /  10.0 秒  0.079 米/秒  直立最低 0.995  本机 23 秒
 4812  走满窗口      1.109 米 /  10.0 秒  0.111 米/秒  直立最低 0.992  本机 23 秒
 4813  走满窗口      1.273 米 /  10.0 秒  0.127 米/秒  直立最低 0.994  本机 22 秒
 4814  走满窗口      0.521 米 /  10.0 秒  0.052 米/秒  直立最低 0.991  本机 23 秒
 4815  走满窗口      1.352 米 /  10.0 秒  0.135 米/秒  直立最低 0.998  本机 22 秒
 4816  走满窗口      0.490 米 /  10.0 秒  0.049 米/秒  直立最低 0.995  本机 22 秒
 4817  走满窗口      1.304 米 /  10.0 秒  0.130 米/秒  直立最低 0.996  本机 22 秒
 4818  走满窗口      1.357 米 /  10.0 秒  0.136 米/秒  直立最低 0.998  本机 22 秒
 4819  走满窗口      1.292 米 /  10.0 秒  0.129 米/秒  直立最低 0.998  本机 22 秒
 4820  走满窗口      0.328 米 /  10.0 秒  0.033 米/秒  直立最低 0.989  本机 22 秒
 4821  走满窗口      1.335 米 /  10.0 秒  0.133 米/秒  直立最低 0.998  本机 22 秒
 4822  走满窗口      1.417 米 /  10.0 秒  0.142 米/秒  直立最低 0.998  本机 22 秒
 4823  走满窗口      1.351 米 /  10.0 秒  0.135 米/秒  直立最低 0.998  本机 22 秒
 4824  走满窗口      1.319 米 /  10.0 秒  0.132 米/秒  直立最低 0.995  本机 23 秒
 4825  走满窗口      0.659 米 /  10.0 秒  0.066 米/秒  直立最低 0.992  本机 22 秒
 4826  走满窗口      1.063 米 /  10.0 秒  0.106 米/秒  直立最低 0.994  本机 22 秒
 4827  走满窗口      1.296 米 /  10.0 秒  0.130 米/秒  直立最低 0.994  本机 22 秒
 4828  走满窗口      1.326 米 /  10.0 秒  0.133 米/秒  直立最低 0.998  本机 22 秒
 4829  走满窗口      1.135 米 /  10.0 秒  0.114 米/秒  直立最低 0.994  本机 22 秒
 4830  走满窗口      1.085 米 /  10.0 秒  0.108 米/秒  直立最低 0.998  本机 22 秒
 4831  走满窗口      1.293 米 /  10.0 秒  0.129 米/秒  直立最低 0.998  本机 22 秒
 4832  走满窗口      0.706 米 /  10.0 秒  0.071 米/秒  直立最低 0.994  本机 22 秒
 4833  走满窗口      0.721 米 /  10.0 秒  0.072 米/秒  直立最低 0.995  本机 22 秒
 4834  走满窗口      1.234 米 /  10.0 秒  0.123 米/秒  直立最低 0.997  本机 22 秒
 4835  走满窗口      1.355 米 /  10.0 秒  0.135 米/秒  直立最低 0.998  本机 22 秒
 4836  走满窗口      1.269 米 /  10.0 秒  0.127 米/秒  直立最低 0.995  本机 22 秒
 4837  走满窗口      0.973 米 /  10.0 秒  0.097 米/秒  直立最低 0.996  本机 22 秒
 4838  走满窗口      1.360 米 /  10.0 秒  0.136 米/秒  直立最低 0.998  本机 22 秒
 4839  走满窗口      1.225 米 /  10.0 秒  0.123 米/秒  直立最低 0.997  本机 22 秒
 4840  走满窗口      1.641 米 /  10.0 秒  0.164 米/秒  直立最低 0.997  本机 23 秒
 4841  走满窗口      1.353 米 /  10.0 秒  0.135 米/秒  直立最低 0.998  本机 22 秒
 4842  走满窗口      1.024 米 /  10.0 秒  0.102 米/秒  直立最低 0.998  本机 22 秒
 4843  走满窗口      1.314 米 /  10.0 秒  0.131 米/秒  直立最低 0.996  本机 22 秒
 4844  走满窗口      1.202 米 /  10.0 秒  0.120 米/秒  直立最低 0.992  本机 22 秒
 4845  走满窗口      1.196 米 /  10.0 秒  0.120 米/秒  直立最低 0.998  本机 22 秒
 4846  走满窗口      1.190 米 /  10.0 秒  0.119 米/秒  直立最低 0.996  本机 22 秒
 4847  走满窗口      1.301 米 /  10.0 秒  0.130 米/秒  直立最低 0.996  本机 22 秒
 4848  走满窗口      1.217 米 /  10.0 秒  0.122 米/秒  直立最低 0.994  本机 22 秒
 4849  走满窗口      0.929 米 /  10.0 秒  0.093 米/秒  直立最低 0.994  本机 22 秒
 4850  走满窗口      1.150 米 /  10.0 秒  0.115 米/秒  直立最低 0.998  本机 22 秒
 4851  走满窗口      1.256 米 /  10.0 秒  0.126 米/秒  直立最低 0.995  本机 22 秒
 4852  走满窗口      1.366 米 /  10.0 秒  0.137 米/秒  直立最低 0.998  本机 23 秒
 4853  走满窗口      0.798 米 /  10.0 秒  0.080 米/秒  直立最低 0.993  本机 23 秒
 4854  走满窗口      1.348 米 /  10.0 秒  0.135 米/秒  直立最低 0.997  本机 22 秒
 4855  走满窗口      1.346 米 /  10.0 秒  0.135 米/秒  直立最低 0.998  本机 23 秒
 4856  走满窗口      1.389 米 /  10.0 秒  0.139 米/秒  直立最低 0.998  本机 23 秒
 4857  走满窗口      1.305 米 /  10.0 秒  0.130 米/秒  直立最低 0.994  本机 22 秒
 4858  走满窗口      1.350 米 /  10.0 秒  0.135 米/秒  直立最低 0.998  本机 23 秒
 4859  走满窗口      1.204 米 /  10.0 秒  0.120 米/秒  直立最低 0.996  本机 23 秒
 4860  走满窗口      1.225 米 /  10.0 秒  0.123 米/秒  直立最低 0.998  本机 24 秒
 4861  走满窗口      1.250 米 /  10.0 秒  0.125 米/秒  直立最低 0.995  本机 24 秒
 4862  走满窗口      0.924 米 /  10.0 秒  0.092 米/秒  直立最低 0.995  本机 24 秒
 4863  走满窗口      1.261 米 /  10.0 秒  0.126 米/秒  直立最低 0.996  本机 24 秒
 4864  走满窗口      1.314 米 /  10.0 秒  0.131 米/秒  直立最低 0.995  本机 24 秒
 4865  走满窗口      1.303 米 /  10.0 秒  0.130 米/秒  直立最低 0.999  本机 24 秒
 4866  走满窗口      1.327 米 /  10.0 秒  0.133 米/秒  直立最低 0.998  本机 24 秒
 4867  走满窗口      1.022 米 /  10.0 秒  0.102 米/秒  直立最低 0.998  本机 23 秒
 4868  走满窗口      0.937 米 /  10.0 秒  0.094 米/秒  直立最低 0.995  本机 23 秒
 4869  走满窗口      1.440 米 /  10.0 秒  0.144 米/秒  直立最低 0.998  本机 23 秒
 4870  走满窗口      1.385 米 /  10.0 秒  0.138 米/秒  直立最低 0.997  本机 23 秒
 4871  走满窗口      1.335 米 /  10.0 秒  0.133 米/秒  直立最低 0.998  本机 23 秒
 4872  走满窗口      0.856 米 /  10.0 秒  0.086 米/秒  直立最低 0.994  本机 23 秒
 4873  走满窗口      0.997 米 /  10.0 秒  0.100 米/秒  直立最低 0.998  本机 23 秒
 4874  走满窗口      1.362 米 /  10.0 秒  0.136 米/秒  直立最低 0.998  本机 23 秒
 4875  走满窗口      1.311 米 /  10.0 秒  0.131 米/秒  直立最低 0.998  本机 23 秒
 4876  走满窗口      1.304 米 /  10.0 秒  0.130 米/秒  直立最低 0.994  本机 23 秒
 4877  走满窗口      1.343 米 /  10.0 秒  0.134 米/秒  直立最低 0.998  本机 23 秒
 4878  走满窗口      1.356 米 /  10.0 秒  0.136 米/秒  直立最低 0.998  本机 22 秒
 4879  走满窗口      0.998 米 /  10.0 秒  0.100 米/秒  直立最低 0.996  本机 23 秒
 4880  走满窗口      1.283 米 /  10.0 秒  0.128 米/秒  直立最低 0.995  本机 22 秒
 4881  走满窗口      1.356 米 /  10.0 秒  0.136 米/秒  直立最低 0.994  本机 23 秒
 4882  走满窗口      1.126 米 /  10.0 秒  0.113 米/秒  直立最低 0.994  本机 23 秒
 4883  走满窗口      1.219 米 /  10.0 秒  0.122 米/秒  直立最低 0.998  本机 23 秒
 4884  走满窗口      1.285 米 /  10.0 秒  0.129 米/秒  直立最低 0.998  本机 23 秒
 4885  走满窗口      1.320 米 /  10.0 秒  0.132 米/秒  直立最低 0.998  本机 23 秒
 4886  走满窗口      1.348 米 /  10.0 秒  0.135 米/秒  直立最低 0.992  本机 23 秒
 4887  走满窗口      1.450 米 /  10.0 秒  0.145 米/秒  直立最低 0.999  本机 23 秒
 4888  走满窗口      1.352 米 /  10.0 秒  0.135 米/秒  直立最低 0.998  本机 23 秒
 4889  走满窗口      1.375 米 /  10.0 秒  0.138 米/秒  直立最低 0.998  本机 23 秒
 4890  走满窗口      1.283 米 /  10.0 秒  0.128 米/秒  直立最低 0.995  本机 23 秒
 4891  走满窗口      1.282 米 /  10.0 秒  0.128 米/秒  直立最低 0.995  本机 23 秒
 4892  走满窗口      0.875 米 /  10.0 秒  0.088 米/秒  直立最低 0.994  本机 23 秒
 4893  走满窗口      1.342 米 /  10.0 秒  0.134 米/秒  直立最低 0.998  本机 23 秒
 4894  走满窗口      0.824 米 /  10.0 秒  0.082 米/秒  直立最低 0.994  本机 22 秒
 4895  走满窗口      1.376 米 /  10.0 秒  0.138 米/秒  直立最低 0.998  本机 23 秒
 4896  走满窗口      1.254 米 /  10.0 秒  0.125 米/秒  直立最低 0.995  本机 23 秒
 4897  走满窗口      1.243 米 /  10.0 秒  0.124 米/秒  直立最低 0.995  本机 23 秒
 4898  走满窗口      1.283 米 /  10.0 秒  0.128 米/秒  直立最低 0.997  本机 23 秒
 4899  走满窗口      1.237 米 /  10.0 秒  0.124 米/秒  直立最低 0.992  本机 22 秒
 4900  走满窗口      1.331 米 /  10.0 秒  0.133 米/秒  直立最低 0.998  本机 22 秒
 4901  走满窗口      1.297 米 /  10.0 秒  0.130 米/秒  直立最低 0.994  本机 23 秒
 4902  走满窗口      1.359 米 /  10.0 秒  0.136 米/秒  直立最低 0.998  本机 23 秒
 4903  走满窗口      0.823 米 /  10.0 秒  0.082 米/秒  直立最低 0.998  本机 23 秒
 4904  走满窗口      1.230 米 /  10.0 秒  0.123 米/秒  直立最低 0.994  本机 22 秒
 4905  走满窗口      1.289 米 /  10.0 秒  0.129 米/秒  直立最低 0.998  本机 23 秒
 4906  走满窗口      1.313 米 /  10.0 秒  0.131 米/秒  直立最低 0.998  本机 23 秒
 4907  走满窗口      1.247 米 /  10.0 秒  0.125 米/秒  直立最低 0.995  本机 23 秒
 4908  走满窗口      0.638 米 /  10.0 秒  0.064 米/秒  直立最低 0.995  本机 23 秒
 4909  走满窗口      1.108 米 /  10.0 秒  0.111 米/秒  直立最低 0.998  本机 23 秒
 4910  走满窗口      1.279 米 /  10.0 秒  0.128 米/秒  直立最低 0.996  本机 22 秒
 4911  走满窗口      1.308 米 /  10.0 秒  0.131 米/秒  直立最低 0.994  本机 23 秒
 4912  走满窗口      1.126 米 /  10.0 秒  0.113 米/秒  直立最低 0.995  本机 23 秒
 4913  走满窗口      1.354 米 /  10.0 秒  0.135 米/秒  直立最低 0.998  本机 23 秒
 4914  走满窗口      1.156 米 /  10.0 秒  0.116 米/秒  直立最低 0.998  本机 23 秒
 4915  走满窗口      1.636 米 /  10.0 秒  0.164 米/秒  直立最低 0.997  本机 22 秒
 4916  走满窗口      0.814 米 /  10.0 秒  0.081 米/秒  直立最低 0.994  本机 23 秒
 4917  走满窗口      1.259 米 /  10.0 秒  0.126 米/秒  直立最低 0.998  本机 23 秒
 4918  走满窗口      1.300 米 /  10.0 秒  0.130 米/秒  直立最低 0.998  本机 23 秒
 4919  走满窗口      1.424 米 /  10.0 秒  0.142 米/秒  直立最低 0.998  本机 23 秒
 4920  走满窗口      1.246 米 /  10.0 秒  0.125 米/秒  直立最低 0.995  本机 23 秒
 4921  走满窗口      1.127 米 /  10.0 秒  0.113 米/秒  直立最低 0.998  本机 22 秒
 4922  走满窗口      1.285 米 /  10.0 秒  0.129 米/秒  直立最低 0.996  本机 23 秒
 4923  走满窗口      1.373 米 /  10.0 秒  0.137 米/秒  直立最低 0.998  本机 23 秒
 4924  走满窗口      1.310 米 /  10.0 秒  0.131 米/秒  直立最低 0.998  本机 22 秒
 4925  走满窗口      1.344 米 /  10.0 秒  0.134 米/秒  直立最低 0.998  本机 23 秒
 4926  走满窗口      0.777 米 /  10.0 秒  0.078 米/秒  直立最低 0.990  本机 22 秒
 4927  走满窗口      1.319 米 /  10.0 秒  0.132 米/秒  直立最低 0.991  本机 22 秒
 4928  走满窗口      1.319 米 /  10.0 秒  0.132 米/秒  直立最低 0.998  本机 23 秒
 4929  走满窗口      1.339 米 /  10.0 秒  0.134 米/秒  直立最低 0.998  本机 23 秒
 4930  走满窗口      1.276 米 /  10.0 秒  0.128 米/秒  直立最低 0.995  本机 23 秒
 4931  走满窗口      1.290 米 /  10.0 秒  0.129 米/秒  直立最低 0.997  本机 23 秒
 4932  走满窗口      1.040 米 /  10.0 秒  0.104 米/秒  直立最低 0.994  本机 23 秒
 4933  走满窗口      1.102 米 /  10.0 秒  0.110 米/秒  直立最低 0.997  本机 23 秒
 4934  走满窗口      1.311 米 /  10.0 秒  0.131 米/秒  直立最低 0.998  本机 23 秒
 4935  走满窗口      0.834 米 /  10.0 秒  0.083 米/秒  直立最低 0.994  本机 23 秒
 4936  走满窗口      1.280 米 /  10.0 秒  0.128 米/秒  直立最低 0.994  本机 22 秒
 4937  走满窗口      1.370 米 /  10.0 秒  0.137 米/秒  直立最低 0.998  本机 23 秒
 4938  走满窗口      1.387 米 /  10.0 秒  0.139 米/秒  直立最低 0.998  本机 23 秒
 4939  走满窗口      1.251 米 /  10.0 秒  0.125 米/秒  直立最低 0.995  本机 23 秒
 4940  走满窗口      1.253 米 /  10.0 秒  0.125 米/秒  直立最低 0.995  本机 23 秒
 4941  走满窗口      0.665 米 /  10.0 秒  0.066 米/秒  直立最低 0.995  本机 23 秒
 4942  走满窗口      0.553 米 /  10.0 秒  0.055 米/秒  直立最低 0.991  本机 23 秒
 4943  走满窗口      1.338 米 /  10.0 秒  0.134 米/秒  直立最低 0.998  本机 23 秒
 4944  走满窗口      1.360 米 /  10.0 秒  0.136 米/秒  直立最低 0.998  本机 23 秒
 4945  走满窗口      0.954 米 /  10.0 秒  0.095 米/秒  直立最低 0.994  本机 23 秒
 4946  走满窗口      1.317 米 /  10.0 秒  0.132 米/秒  直立最低 0.998  本机 22 秒
 4947  走满窗口      1.326 米 /  10.0 秒  0.133 米/秒  直立最低 0.998  本机 22 秒
 4948  走满窗口      1.337 米 /  10.0 秒  0.134 米/秒  直立最低 0.998  本机 22 秒
 4949  走满窗口      0.933 米 /  10.0 秒  0.093 米/秒  直立最低 0.995  本机 23 秒
 4950  走满窗口      1.330 米 /  10.0 秒  0.133 米/秒  直立最低 0.998  本机 22 秒
 4951  走满窗口      1.324 米 /  10.0 秒  0.132 米/秒  直立最低 0.998  本机 23 秒
 4952  走满窗口      1.327 米 /  10.0 秒  0.133 米/秒  直立最低 0.998  本机 22 秒
 4953  走满窗口      1.283 米 /  10.0 秒  0.128 米/秒  直立最低 0.998  本机 23 秒
 4954  走满窗口      1.332 米 /  10.0 秒  0.133 米/秒  直立最低 0.998  本机 23 秒
 4955  走满窗口      1.575 米 /  10.0 秒  0.157 米/秒  直立最低 0.997  本机 23 秒
 4956  走满窗口      1.098 米 /  10.0 秒  0.110 米/秒  直立最低 0.998  本机 22 秒
 4957  走满窗口      1.242 米 /  10.0 秒  0.124 米/秒  直立最低 0.995  本机 23 秒
 4958  走满窗口      1.358 米 /  10.0 秒  0.136 米/秒  直立最低 0.998  本机 23 秒
 4959  走满窗口      1.194 米 /  10.0 秒  0.119 米/秒  直立最低 0.997  本机 22 秒
 4960  走满窗口      1.300 米 /  10.0 秒  0.130 米/秒  直立最低 0.996  本机 23 秒
 4961  走满窗口      1.087 米 /  10.0 秒  0.109 米/秒  直立最低 0.997  本机 23 秒
 4962  走满窗口      1.127 米 /  10.0 秒  0.113 米/秒  直立最低 0.992  本机 23 秒
 4963  走满窗口      1.392 米 /  10.0 秒  0.139 米/秒  直立最低 0.997  本机 23 秒
 4964  走满窗口      1.291 米 /  10.0 秒  0.129 米/秒  直立最低 0.994  本机 23 秒
 4965  走满窗口      1.290 米 /  10.0 秒  0.129 米/秒  直立最低 0.994  本机 22 秒
 4966  走满窗口      0.854 米 /  10.0 秒  0.085 米/秒  直立最低 0.993  本机 22 秒
 4967  走满窗口      1.415 米 /  10.0 秒  0.142 米/秒  直立最低 0.998  本机 23 秒
 4968  走满窗口      1.306 米 /  10.0 秒  0.131 米/秒  直立最低 0.998  本机 23 秒
 4969  走满窗口      1.300 米 /  10.0 秒  0.130 米/秒  直立最低 0.996  本机 23 秒
 4970  走满窗口      1.276 米 /  10.0 秒  0.128 米/秒  直立最低 0.996  本机 23 秒
 4971  走满窗口      1.405 米 /  10.0 秒  0.140 米/秒  直立最低 0.998  本机 23 秒
 4972  走满窗口      1.232 米 /  10.0 秒  0.123 米/秒  直立最低 0.996  本机 22 秒
 4973  没建出来：ValueError: structural lower bounds exceed an incoming budget
 4974  走满窗口      0.602 米 /  10.0 秒  0.060 米/秒  直立最低 0.992  本机 22 秒
 4975  走满窗口      1.333 米 /  10.0 秒  0.133 米/秒  直立最低 0.998  本机 22 秒
 4976  走满窗口      1.229 米 /  10.0 秒  0.123 米/秒  直立最低 0.998  本机 22 秒
 4977  走满窗口      1.287 米 /  10.0 秒  0.129 米/秒  直立最低 0.998  本机 23 秒
 4978  走满窗口      1.256 米 /  10.0 秒  0.126 米/秒  直立最低 0.994  本机 22 秒
 4979  走满窗口      1.316 米 /  10.0 秒  0.132 米/秒  直立最低 0.998  本机 22 秒
 4980  走满窗口      1.349 米 /  10.0 秒  0.135 米/秒  直立最低 0.998  本机 23 秒
 4981  走满窗口      1.357 米 /  10.0 秒  0.136 米/秒  直立最低 0.998  本机 23 秒
 4982  走满窗口      1.241 米 /  10.0 秒  0.124 米/秒  直立最低 0.995  本机 23 秒
 4983  走满窗口      1.315 米 /  10.0 秒  0.131 米/秒  直立最低 0.998  本机 23 秒
 4984  走满窗口      0.743 米 /  10.0 秒  0.074 米/秒  直立最低 0.994  本机 23 秒
 4985  走满窗口      1.207 米 /  10.0 秒  0.121 米/秒  直立最低 0.996  本机 23 秒
 4986  走满窗口      1.660 米 /  10.0 秒  0.166 米/秒  直立最低 0.997  本机 23 秒
 4987  走满窗口      1.373 米 /  10.0 秒  0.137 米/秒  直立最低 0.998  本机 23 秒
 4988  走满窗口      1.338 米 /  10.0 秒  0.134 米/秒  直立最低 0.998  本机 22 秒
 4989  走满窗口      1.484 米 /  10.0 秒  0.148 米/秒  直立最低 0.999  本机 22 秒
 4990  走满窗口      1.117 米 /  10.0 秒  0.112 米/秒  直立最低 0.995  本机 23 秒
 4991  走满窗口      1.114 米 /  10.0 秒  0.111 米/秒  直立最低 0.992  本机 23 秒
 4992  走满窗口      1.350 米 /  10.0 秒  0.135 米/秒  直立最低 0.998  本机 22 秒
 4993  走满窗口      1.340 米 /  10.0 秒  0.134 米/秒  直立最低 0.998  本机 22 秒
 4994  走满窗口      1.211 米 /  10.0 秒  0.121 米/秒  直立最低 0.998  本机 22 秒
 4995  走满窗口      0.968 米 /  10.0 秒  0.097 米/秒  直立最低 0.993  本机 22 秒
 4996  走满窗口      1.236 米 /  10.0 秒  0.124 米/秒  直立最低 0.995  本机 19 秒
 4997  走满窗口      1.362 米 /  10.0 秒  0.136 米/秒  直立最低 0.998  本机 18 秒
 4998  走满窗口      1.385 米 /  10.0 秒  0.139 米/秒  直立最低 0.998  本机 15 秒
 4999  走满窗口      1.078 米 /  10.0 秒  0.108 米/秒  直立最低 0.994  本机 14 秒
这批 5000 只共 232.8 分钟
