头一代的爹 60 只：第0代第936只、第0代第263只、第0代第319只、第0代第320只
第 0 代：生 300 只、每只考 4 趟不动球（每趟 6 秒）+ 2 趟追着跑的球（每趟 20 秒，球沿随机曲线逃）+ 1 趟没球对照、24 个进程
/hy-tmp/bwc/.venv/lib/python3.11/site-packages/torch/cuda/__init__.py:174: UserWarning: CUDA initialization: Unexpected error from cudaGetDeviceCount(). Did you run some cuda functions before calling NumCudaDevices() that might have already set an error? Error 804: forward compatibility was attempted on non supported HW (Triggered internally at /pytorch/c10/cuda/CUDAFunctions.cpp:109.)
  return torch._C._cuda_getDeviceCount() > 0
/hy-tmp/bwc/.venv/lib/python3.11/site-packages/torch/cuda/__init__.py:174: UserWarning: CUDA initialization: Unexpected error from cudaGetDeviceCount(). Did you run some cuda functions before calling NumCudaDevices() that might have already set an error? Error 804: forward compatibility was attempted on non supported HW (Triggered internally at /pytorch/c10/cuda/CUDAFunctions.cpp:109.)
  return torch._C._cuda_getDeviceCount() > 0
/hy-tmp/bwc/.venv/lib/python3.11/site-packages/torch/cuda/__init__.py:174: UserWarning: CUDA initialization: Unexpected error from cudaGetDeviceCount(). Did you run some cuda functions before calling NumCudaDevices() that might have already set an error? Error 804: forward compatibility was attempted on non supported HW (Triggered internally at /pytorch/c10/cuda/CUDAFunctions.cpp:109.)
  return torch._C._cuda_getDeviceCount() > 0
/hy-tmp/bwc/.venv/lib/python3.11/site-packages/torch/cuda/__init__.py:174: UserWarning: CUDA initialization: Unexpected error from cudaGetDeviceCount(). Did you run some cuda functions before calling NumCudaDevices() that might have already set an error? Error 804: forward compatibility was attempted on non supported HW (Triggered internally at /pytorch/c10/cuda/CUDAFunctions.cpp:109.)
  return torch._C._cuda_getDeviceCount() > 0
/hy-tmp/bwc/.venv/lib/python3.11/site-packages/torch/cuda/__init__.py:174: UserWarning: CUDA initialization: Unexpected error from cudaGetDeviceCount(). Did you run some cuda functions before calling NumCudaDevices() that might have already set an error? Error 804: forward compatibility was attempted on non supported HW (Triggered internally at /pytorch/c10/cuda/CUDAFunctions.cpp:109.)
  return torch._C._cuda_getDeviceCount() > 0
/hy-tmp/bwc/.venv/lib/python3.11/site-packages/torch/cuda/__init__.py:174: UserWarning: CUDA initialization: Unexpected error from cudaGetDeviceCount(). Did you run some cuda functions before calling NumCudaDevices() that might have already set an error? Error 804: forward compatibility was attempted on non supported HW (Triggered internally at /pytorch/c10/cuda/CUDAFunctions.cpp:109.)
  return torch._C._cuda_getDeviceCount() > 0
/hy-tmp/bwc/.venv/lib/python3.11/site-packages/torch/cuda/__init__.py:174: UserWarning: CUDA initialization: Unexpected error from cudaGetDeviceCount(). Did you run some cuda functions before calling NumCudaDevices() that might have already set an error? Error 804: forward compatibility was attempted on non supported HW (Triggered internally at /pytorch/c10/cuda/CUDAFunctions.cpp:109.)
  return torch._C._cuda_getDeviceCount() > 0
/hy-tmp/bwc/.venv/lib/python3.11/site-packages/torch/cuda/__init__.py:174: UserWarning: CUDA initialization: Unexpected error from cudaGetDeviceCount(). Did you run some cuda functions before calling NumCudaDevices() that might have already set an error? Error 804: forward compatibility was attempted on non supported HW (Triggered internally at /pytorch/c10/cuda/CUDAFunctions.cpp:109.)
  return torch._C._cuda_getDeviceCount() > 0
/hy-tmp/bwc/.venv/lib/python3.11/site-packages/torch/cuda/__init__.py:174: UserWarning: CUDA initialization: Unexpected error from cudaGetDeviceCount(). Did you run some cuda functions before calling NumCudaDevices() that might have already set an error? Error 804: forward compatibility was attempted on non supported HW (Triggered internally at /pytorch/c10/cuda/CUDAFunctions.cpp:109.)
  return torch._C._cuda_getDeviceCount() > 0
/hy-tmp/bwc/.venv/lib/python3.11/site-packages/torch/cuda/__init__.py:174: UserWarning: CUDA initialization: Unexpected error from cudaGetDeviceCount(). Did you run some cuda functions before calling NumCudaDevices() that might have already set an error? Error 804: forward compatibility was attempted on non supported HW (Triggered internally at /pytorch/c10/cuda/CUDAFunctions.cpp:109.)
  return torch._C._cuda_getDeviceCount() > 0
/hy-tmp/bwc/.venv/lib/python3.11/site-packages/torch/cuda/__init__.py:174: UserWarning: CUDA initialization: Unexpected error from cudaGetDeviceCount(). Did you run some cuda functions before calling NumCudaDevices() that might have already set an error? Error 804: forward compatibility was attempted on non supported HW (Triggered internally at /pytorch/c10/cuda/CUDAFunctions.cpp:109.)
  return torch._C._cuda_getDeviceCount() > 0
/hy-tmp/bwc/.venv/lib/python3.11/site-packages/torch/cuda/__init__.py:174: UserWarning: CUDA initialization: Unexpected error from cudaGetDeviceCount(). Did you run some cuda functions before calling NumCudaDevices() that might have already set an error? Error 804: forward compatibility was attempted on non supported HW (Triggered internally at /pytorch/c10/cuda/CUDAFunctions.cpp:109.)
  return torch._C._cuda_getDeviceCount() > 0
/hy-tmp/bwc/.venv/lib/python3.11/site-packages/torch/cuda/__init__.py:174: UserWarning: CUDA initialization: Unexpected error from cudaGetDeviceCount(). Did you run some cuda functions before calling NumCudaDevices() that might have already set an error? Error 804: forward compatibility was attempted on non supported HW (Triggered internally at /pytorch/c10/cuda/CUDAFunctions.cpp:109.)
  return torch._C._cuda_getDeviceCount() > 0
/hy-tmp/bwc/.venv/lib/python3.11/site-packages/torch/cuda/__init__.py:174: UserWarning: CUDA initialization: Unexpected error from cudaGetDeviceCount(). Did you run some cuda functions before calling NumCudaDevices() that might have already set an error? Error 804: forward compatibility was attempted on non supported HW (Triggered internally at /pytorch/c10/cuda/CUDAFunctions.cpp:109.)
  return torch._C._cuda_getDeviceCount() > 0
/hy-tmp/bwc/.venv/lib/python3.11/site-packages/torch/cuda/__init__.py:174: UserWarning: CUDA initialization: Unexpected error from cudaGetDeviceCount(). Did you run some cuda functions before calling NumCudaDevices() that might have already set an error? Error 804: forward compatibility was attempted on non supported HW (Triggered internally at /pytorch/c10/cuda/CUDAFunctions.cpp:109.)
  return torch._C._cuda_getDeviceCount() > 0
/hy-tmp/bwc/.venv/lib/python3.11/site-packages/torch/cuda/__init__.py:174: UserWarning: CUDA initialization: Unexpected error from cudaGetDeviceCount(). Did you run some cuda functions before calling NumCudaDevices() that might have already set an error? Error 804: forward compatibility was attempted on non supported HW (Triggered internally at /pytorch/c10/cuda/CUDAFunctions.cpp:109.)
  return torch._C._cuda_getDeviceCount() > 0
/hy-tmp/bwc/.venv/lib/python3.11/site-packages/torch/cuda/__init__.py:174: UserWarning: CUDA initialization: Unexpected error from cudaGetDeviceCount(). Did you run some cuda functions before calling NumCudaDevices() that might have already set an error? Error 804: forward compatibility was attempted on non supported HW (Triggered internally at /pytorch/c10/cuda/CUDAFunctions.cpp:109.)
  return torch._C._cuda_getDeviceCount() > 0
/hy-tmp/bwc/.venv/lib/python3.11/site-packages/torch/cuda/__init__.py:174: UserWarning: CUDA initialization: Unexpected error from cudaGetDeviceCount(). Did you run some cuda functions before calling NumCudaDevices() that might have already set an error? Error 804: forward compatibility was attempted on non supported HW (Triggered internally at /pytorch/c10/cuda/CUDAFunctions.cpp:109.)
  return torch._C._cuda_getDeviceCount() > 0
/hy-tmp/bwc/.venv/lib/python3.11/site-packages/torch/cuda/__init__.py:174: UserWarning: CUDA initialization: Unexpected error from cudaGetDeviceCount(). Did you run some cuda functions before calling NumCudaDevices() that might have already set an error? Error 804: forward compatibility was attempted on non supported HW (Triggered internally at /pytorch/c10/cuda/CUDAFunctions.cpp:109.)
  return torch._C._cuda_getDeviceCount() > 0
/hy-tmp/bwc/.venv/lib/python3.11/site-packages/torch/cuda/__init__.py:174: UserWarning: CUDA initialization: Unexpected error from cudaGetDeviceCount(). Did you run some cuda functions before calling NumCudaDevices() that might have already set an error? Error 804: forward compatibility was attempted on non supported HW (Triggered internally at /pytorch/c10/cuda/CUDAFunctions.cpp:109.)
  return torch._C._cuda_getDeviceCount() > 0
/hy-tmp/bwc/.venv/lib/python3.11/site-packages/torch/cuda/__init__.py:174: UserWarning: CUDA initialization: Unexpected error from cudaGetDeviceCount(). Did you run some cuda functions before calling NumCudaDevices() that might have already set an error? Error 804: forward compatibility was attempted on non supported HW (Triggered internally at /pytorch/c10/cuda/CUDAFunctions.cpp:109.)
  return torch._C._cuda_getDeviceCount() > 0
/hy-tmp/bwc/.venv/lib/python3.11/site-packages/torch/cuda/__init__.py:174: UserWarning: CUDA initialization: Unexpected error from cudaGetDeviceCount(). Did you run some cuda functions before calling NumCudaDevices() that might have already set an error? Error 804: forward compatibility was attempted on non supported HW (Triggered internally at /pytorch/c10/cuda/CUDAFunctions.cpp:109.)
  return torch._C._cuda_getDeviceCount() > 0
/hy-tmp/bwc/.venv/lib/python3.11/site-packages/torch/cuda/__init__.py:174: UserWarning: CUDA initialization: Unexpected error from cudaGetDeviceCount(). Did you run some cuda functions before calling NumCudaDevices() that might have already set an error? Error 804: forward compatibility was attempted on non supported HW (Triggered internally at /pytorch/c10/cuda/CUDAFunctions.cpp:109.)
  return torch._C._cuda_getDeviceCount() > 0
/hy-tmp/bwc/.venv/lib/python3.11/site-packages/torch/cuda/__init__.py:174: UserWarning: CUDA initialization: Unexpected error from cudaGetDeviceCount(). Did you run some cuda functions before calling NumCudaDevices() that might have already set an error? Error 804: forward compatibility was attempted on non supported HW (Triggered internally at /pytorch/c10/cuda/CUDAFunctions.cpp:109.)
  return torch._C._cuda_getDeviceCount() > 0
  跨代冠军易主：0 代第 0 只  追住 0/2 趟、跑完落后 4.29 米、球在正前方  13% 的时间  摔了
    0  倒了/没建出来        追住 0/2 趟  平均   2.94 米  落后   4.29 米  最近  1.05 米  正前方  13%  静球到了 0/4 趟  走了  3.60 米  路 motor 对调  本机 159 秒
    1  倒了/没建出来        追住 0/2 趟  平均   3.76 米  落后   4.96 米  最近  2.46 米  正前方   5%  静球到了 0/4 趟  走了  1.06 米  路 motor  本机 163 秒
  跨代冠军易主：0 代第 2 只  追住 0/2 趟、跑完落后 3.68 米、球在正前方   8% 的时间  没摔
    2  没摔             追住 0/2 趟  平均   2.57 米  落后   3.68 米  最近  1.17 米  正前方   8%  静球到了 1/4 趟  走了  4.09 米  路 motor 对调  本机 160 秒
    3  没摔             追住 0/2 趟  平均   2.82 米  落后   4.03 米  最近  1.23 米  正前方  10%  静球到了 0/4 趟  走了  4.01 米  路 motor 对调  本机 101 秒
    4  没摔             追住 0/2 趟  平均   6.04 米  落后   8.08 米  最近  1.48 米  正前方   7%  静球到了 0/4 趟  走了  7.66 米  路 motor 对调  本机 161 秒
    5  没摔             追住 0/2 趟  平均   5.31 米  落后   8.40 米  最近  1.43 米  正前方   7%  静球到了 0/4 趟  走了  5.45 米  路 motor  本机 159 秒
    6  没摔             追住 0/2 趟  平均   2.82 米  落后   4.59 米  最近  0.46 米  正前方  13%  静球到了 1/4 趟  走了  3.10 米  路 motor 对调  本机 100 秒
  跨代冠军易主：0 代第 7 只  追住 0/2 趟、跑完落后 5.57 米、球在正前方   8% 的时间  没摔
    7  没摔             追住 0/2 趟  平均   3.29 米  落后   5.57 米  最近  1.01 米  正前方   8%  静球到了 3/4 趟  走了  4.56 米  (两边都会)  路 motor 对调  本机 154 秒
    8  倒了/没建出来        追住 0/0 趟  平均    nan 米  落后    nan 米  最近   nan 米  正前方   0%  静球到了 0/0 趟  走了   nan 米  路 orient  本机 6 秒
    9  倒了/没建出来        追住 0/0 趟  平均    nan 米  落后    nan 米  最近   nan 米  正前方   0%  静球到了 0/0 趟  走了   nan 米  路 motor 对调  本机 3 秒
  跨代冠军易主：0 代第 10 只  追住 0/2 趟、跑完落后 2.19 米、球在正前方  17% 的时间  没摔
   10  没摔             追住 0/2 趟  平均   1.43 米  落后   2.19 米  最近  0.27 米  正前方  17%  静球到了 4/4 趟  走了  3.63 米  (两边都会)  路 motor 对调  本机 99 秒
   11  没摔             追住 0/2 趟  平均   3.37 米  落后   4.49 米  最近  2.47 米  正前方  73%  静球到了 0/4 趟  走了  0.32 米  路 orient  本机 163 秒
   12  倒了/没建出来        追住 0/0 趟  平均    nan 米  落后    nan 米  最近   nan 米  正前方   0%  静球到了 0/0 趟  走了   nan 米  路 orient  本机 5 秒
   13  倒了/没建出来        追住 0/2 趟  平均   3.18 米  落后   4.93 米  最近  0.62 米  正前方  10%  静球到了 1/4 趟  走了  3.35 米  路 motor 对调  本机 100 秒
   14  倒了/没建出来        追住 0/0 趟  平均    nan 米  落后    nan 米  最近   nan 米  正前方   0%  静球到了 0/0 趟  走了   nan 米  路 orient  本机 6 秒
   15  倒了/没建出来        追住 0/0 趟  平均    nan 米  落后    nan 米  最近   nan 米  正前方   0%  静球到了 0/0 趟  走了   nan 米  路 motor 对调  本机 5 秒
   16  倒了/没建出来        追住 0/2 趟  平均   4.10 米  落后   5.43 米  最近  2.46 米  正前方   9%  静球到了 0/4 趟  走了  0.69 米  路 motor 对调  本机 100 秒
   17  没摔             追住 0/2 趟  平均   4.72 米  落后   7.67 米  最近  0.98 米  正前方   8%  静球到了 0/4 趟  走了  5.63 米  路 orient 对调  本机 101 秒
   18  倒了/没建出来        追住 0/2 趟  平均   5.72 米  落后   7.90 米  最近  1.31 米  正前方  41%  静球到了 0/4 趟  走了  7.66 米  路 orient 对调  本机 159 秒
   19  倒了/没建出来        追住 0/0 趟  平均    nan 米  落后    nan 米  最近   nan 米  正前方   0%  静球到了 0/0 趟  走了   nan 米  路 orient 对调  本机 3 秒
   20  倒了/没建出来        追住 0/2 趟  平均   2.75 米  落后   3.90 米  最近  1.23 米  正前方  12%  静球到了 2/4 趟  走了  3.74 米  (两边都会)  路 motor 对调  本机 100 秒
   21  没摔             追住 0/2 趟  平均   3.71 米  落后   4.89 米  最近  2.49 米  正前方 100%  静球到了 0/4 趟  走了  0.11 米  路 motor 对调  本机 162 秒
   22  倒了/没建出来        追住 0/2 趟  平均   5.68 米  落后   8.62 米  最近  1.95 米  正前方   8%  静球到了 0/4 趟  走了  3.50 米  路 orient  本机 161 秒
   23  没摔             追住 0/2 趟  平均   2.89 米  落后   3.89 米  最近  2.09 米  正前方  64%  静球到了 0/4 趟  走了  1.10 米  路 motor 对调  本机 157 秒
   24  倒了/没建出来        追住 0/2 趟  平均   4.23 米  落后   5.76 米  最近  1.90 米  正前方  10%  静球到了 0/4 趟  走了  5.09 米  路 motor 对调  本机 158 秒
   25  没摔             追住 0/2 趟  平均   5.14 米  落后   8.16 米  最近  1.08 米  正前方   8%  静球到了 0/4 趟  走了  4.98 米  路 orient 对调  本机 97 秒
   26  没摔             追住 0/2 趟  平均   3.48 米  落后   4.79 米  最近  1.65 米  正前方   6%  静球到了 0/4 趟  走了  3.70 米  路 motor  本机 94 秒
   27  倒了/没建出来        追住 0/0 趟  平均    nan 米  落后    nan 米  最近   nan 米  正前方   0%  静球到了 0/0 趟  走了   nan 米  路 motor  本机 1 秒
   28  倒了/没建出来        追住 0/2 趟  平均   3.80 米  落后   4.98 米  最近  2.18 米  正前方  11%  静球到了 0/4 趟  走了  0.67 米  路 motor 对调  本机 157 秒
   29  没摔             追住 0/2 趟  平均   2.32 米  落后   3.35 米  最近  1.09 米  正前方  11%  静球到了 1/4 趟  走了  3.57 米  路 orient  本机 155 秒
   30  倒了/没建出来        追住 0/2 趟  平均   5.94 米  落后   8.10 米  最近  0.49 米  正前方   9%  静球到了 2/4 趟  走了  8.01 米  路 motor  本机 160 秒
   31  倒了/没建出来        追住 0/2 趟  平均   3.20 米  落后   4.96 米  最近  1.59 米  正前方  28%  静球到了 1/4 趟  走了  2.48 米  路 motor 对调  本机 98 秒
   32  没摔             追住 0/2 趟  平均   2.54 米  落后   4.07 米  最近  0.51 米  正前方  15%  静球到了 1/4 趟  走了  2.65 米  路 motor 对调  本机 96 秒
   33  倒了/没建出来        追住 0/2 趟  平均   2.17 米  落后   2.80 米  最近  1.27 米  正前方  43%  静球到了 2/4 趟  走了  2.34 米  (两边都会)  路 motor 对调  本机 98 秒
   34  倒了/没建出来        追住 0/2 趟  平均   2.71 米  落后   3.65 米  最近  1.85 米  正前方  47%  静球到了 0/4 趟  走了  2.18 米  路 orient 对调  本机 97 秒
   35  倒了/没建出来        追住 0/2 趟  平均   2.65 米  落后   3.68 米  最近  1.68 米  正前方  42%  静球到了 0/4 趟  走了  1.98 米  路 motor  本机 97 秒
   36  倒了/没建出来        追住 0/2 趟  平均   3.39 米  落后   4.35 米  最近  2.14 米  正前方  51%  静球到了 0/4 趟  走了  2.01 米  路 orient 对调  本机 95 秒
   37  倒了/没建出来        追住 0/2 趟  平均   5.25 米  落后   7.45 米  最近  0.79 米  正前方   9%  静球到了 1/4 趟  走了  7.48 米  路 motor  本机 100 秒
   38  倒了/没建出来        追住 0/2 趟  平均   6.02 米  落后   8.11 米  最近  1.27 米  正前方   7%  静球到了 0/4 趟  走了  7.90 米  路 motor 对调  本机 96 秒
   39  倒了/没建出来        追住 0/2 趟  平均   3.14 米  落后   4.26 米  最近  1.84 米  正前方  11%  静球到了 0/4 趟  走了  1.01 米  路 motor  本机 97 秒
   40  没摔             追住 0/2 趟  平均   6.29 米  落后  10.42 米  最近  1.31 米  正前方   7%  静球到了 0/4 趟  走了  6.03 米  路 motor 对调  本机 134 秒
   41  倒了/没建出来        追住 0/2 趟  平均   3.71 米  落后   4.94 米  最近  2.31 米  正前方   8%  静球到了 1/4 趟  走了  5.32 米  路 motor  本机 117 秒
   42  没摔             追住 0/2 趟  平均   4.15 米  落后   6.30 米  最近  0.86 米  正前方   8%  静球到了 0/4 趟  走了  4.42 米  路 motor  本机 136 秒
   43  倒了/没建出来        追住 0/2 趟  平均   2.21 米  落后   2.98 米  最近  0.32 米  正前方  39%  静球到了 0/4 趟  走了  1.00 米  路 orient  本机 136 秒
   44  倒了/没建出来        追住 0/0 趟  平均    nan 米  落后    nan 米  最近   nan 米  正前方   0%  静球到了 0/0 趟  走了   nan 米  路 orient 对调  本机 2 秒
   45  倒了/没建出来        追住 0/0 趟  平均    nan 米  落后    nan 米  最近   nan 米  正前方   0%  静球到了 0/0 趟  走了   nan 米  路 orient  本机 1 秒
   46  倒了/没建出来        追住 0/2 趟  平均   2.00 米  落后   2.31 米  最近  0.93 米  正前方  58%  静球到了 1/4 趟  走了  2.66 米  路 motor  本机 136 秒
   47  没摔             追住 0/2 趟  平均   1.57 米  落后   2.37 米  最近  0.06 米  正前方  22%  静球到了 3/4 趟  走了  3.35 米  (两边都会)  路 motor 对调  本机 138 秒
   48  没摔             追住 0/2 趟  平均   5.80 米  落后   7.79 米  最近  1.12 米  正前方   7%  静球到了 0/4 趟  走了  7.74 米  路 motor 对调  本机 137 秒
   49  倒了/没建出来        追住 0/2 趟  平均   2.32 米  落后   3.80 米  最近  0.10 米  正前方  59%  静球到了 2/4 趟  走了  2.31 米  路 motor 对调  本机 139 秒
   50  没摔             追住 0/2 趟  平均   4.70 米  落后   7.49 米  最近  1.51 米  正前方   5%  静球到了 0/4 趟  走了  4.81 米  路 motor  本机 137 秒
   51  倒了/没建出来        追住 0/0 趟  平均    nan 米  落后    nan 米  最近   nan 米  正前方   0%  静球到了 0/0 趟  走了   nan 米  路 motor 对调  本机 1 秒
   52  倒了/没建出来        追住 0/2 趟  平均   4.00 米  落后   5.20 米  最近  2.48 米  正前方  27%  静球到了 0/4 趟  走了  0.41 米  路 motor 对调  本机 136 秒
   53  倒了/没建出来        追住 0/2 趟  平均   3.99 米  落后   5.21 米  最近  2.47 米  正前方  48%  静球到了 0/4 趟  走了  0.64 米  路 motor 对调  本机 133 秒
   54  倒了/没建出来        追住 0/2 趟  平均   4.01 米  落后   5.30 米  最近  2.34 米  正前方   9%  静球到了 0/4 趟  走了  1.82 米  路 motor 对调  本机 138 秒
   55  没摔             追住 0/2 趟  平均   2.21 米  落后   3.10 米  最近  1.12 米  正前方  11%  静球到了 0/4 趟  走了  2.58 米  路 motor 对调  本机 112 秒
   56  倒了/没建出来        追住 0/2 趟  平均   3.87 米  落后   5.32 米  最近  1.41 米  正前方   7%  静球到了 0/4 趟  走了  5.16 米  路 motor  本机 140 秒
   57  倒了/没建出来        追住 0/2 趟  平均   4.08 米  落后   6.05 米  最近  1.52 米  正前方  12%  静球到了 0/4 趟  走了  2.18 米  路 motor 对调  本机 137 秒
   58  没摔             追住 0/2 趟  平均   5.84 米  落后   9.41 米  最近  1.17 米  正前方   7%  静球到了 0/4 趟  走了  6.53 米  路 motor  本机 104 秒
   59  倒了/没建出来        追住 0/2 趟  平均   2.82 米  落后   3.85 米  最近  1.82 米  正前方  18%  静球到了 0/4 趟  走了  1.68 米  路 motor  本机 105 秒
   60  倒了/没建出来        追住 0/0 趟  平均    nan 米  落后    nan 米  最近   nan 米  正前方   0%  静球到了 0/0 趟  走了   nan 米  路 orient 对调  本机 0 秒
   61  倒了/没建出来        追住 0/0 趟  平均    nan 米  落后    nan 米  最近   nan 米  正前方   0%  静球到了 0/0 趟  走了   nan 米  路 motor  本机 1 秒
   62  没摔             追住 0/2 趟  平均   6.17 米  落后   8.26 米  最近  1.88 米  正前方   7%  静球到了 1/4 趟  走了  7.46 米  路 motor 对调  本机 106 秒
   63  倒了/没建出来        追住 0/2 趟  平均   4.01 米  落后   5.34 米  最近  2.43 米  正前方   5%  静球到了 0/4 趟  走了  0.65 米  路 motor  本机 106 秒
   64  倒了/没建出来        追住 0/2 趟  平均   3.32 米  落后   4.44 米  最近  2.18 米  正前方  39%  静球到了 0/4 趟  走了  0.88 米  路 motor 对调  本机 106 秒
   65  倒了/没建出来        追住 0/2 趟  平均   3.84 米  落后   4.86 米  最近  2.08 米  正前方  15%  静球到了 0/4 趟  走了  2.02 米  路 motor 对调  本机 107 秒
   66  没摔             追住 0/2 趟  平均   4.17 米  落后   5.44 米  最近  2.48 米  正前方  10%  静球到了 0/4 趟  走了  0.25 米  路 motor  本机 107 秒
   67  没摔             追住 0/2 趟  平均   4.59 米  落后   7.47 米  最近  1.22 米  正前方   8%  静球到了 0/4 趟  走了  5.47 米  路 orient 对调  本机 107 秒
   68  没摔             追住 0/2 趟  平均   4.16 米  落后   5.68 米  最近  0.55 米  正前方  10%  静球到了 2/4 趟  走了  6.66 米  路 orient 对调  本机 106 秒
   69  倒了/没建出来        追住 0/0 趟  平均    nan 米  落后    nan 米  最近   nan 米  正前方   0%  静球到了 0/0 趟  走了   nan 米  路 motor  本机 1 秒
   70  倒了/没建出来        追住 0/2 趟  平均   4.76 米  落后   6.66 米  最近  0.09 米  正前方  25%  静球到了 1/4 趟  走了  6.53 米  路 motor 对调  本机 109 秒
   71  倒了/没建出来        追住 0/2 趟  平均   3.83 米  落后   5.13 米  最近  2.30 米  正前方  74%  静球到了 1/4 趟  走了  2.56 米  路 motor 对调  本机 111 秒
   72  没摔             追住 0/2 趟  平均   4.91 米  落后   7.67 米  最近  1.69 米  正前方   5%  静球到了 0/4 趟  走了  4.58 米  路 motor  本机 135 秒
   73  倒了/没建出来        追住 0/2 趟  平均   5.20 米  落后   6.88 米  最近  1.23 米  正前方  63%  静球到了 0/4 趟  走了  6.83 米  路 motor 对调  本机 138 秒
   74  没摔             追住 0/2 趟  平均   6.23 米  落后  10.34 米  最近  0.81 米  正前方   8%  静球到了 1/4 趟  走了  6.71 米  路 orient  本机 132 秒
   75  倒了/没建出来        追住 0/2 趟  平均   2.93 米  落后   4.11 米  最近  0.58 米  正前方  14%  静球到了 1/4 趟  走了  4.94 米  路 motor 对调  本机 132 秒
   76  倒了/没建出来        追住 0/2 趟  平均   5.04 米  落后   6.71 米  最近  1.80 米  正前方  16%  静球到了 1/4 趟  走了  5.61 米  路 orient 对调  本机 137 秒
   77  没摔             追住 0/2 趟  平均   2.56 米  落后   3.32 米  最近  1.25 米  正前方  27%  静球到了 0/4 趟  走了  0.63 米  路 orient  本机 139 秒
   78  倒了/没建出来        追住 0/2 趟  平均   3.24 米  落后   4.97 米  最近  0.64 米  正前方  19%  静球到了 0/4 趟  走了  2.39 米  路 orient  本机 133 秒
   79  没摔             追住 0/2 趟  平均   2.03 米  落后   2.88 米  最近  0.65 米  正前方  56%  静球到了 1/4 趟  走了  2.19 米  路 orient 对调  本机 134 秒
   80  没摔             追住 0/2 趟  平均   2.95 米  落后   4.48 米  最近  1.18 米  正前方   7%  静球到了 1/4 趟  走了  3.77 米  路 motor  本机 136 秒
   81  没摔             追住 0/2 趟  平均   4.84 米  落后   7.86 米  最近  1.05 米  正前方   7%  静球到了 0/4 趟  走了  5.59 米  路 orient 对调  本机 106 秒
   82  没摔             追住 0/2 趟  平均   4.30 米  落后   6.85 米  最近  1.43 米  正前方   5%  静球到了 0/4 趟  走了  4.14 米  路 motor  本机 137 秒
   83  没摔             追住 0/2 趟  平均   4.12 米  落后   6.29 米  最近  1.60 米  正前方   6%  静球到了 0/4 趟  走了  3.96 米  路 motor  本机 137 秒
   84  没摔             追住 0/2 趟  平均   4.76 米  落后   6.35 米  最近  1.29 米  正前方   6%  静球到了 0/4 趟  走了  6.90 米  路 orient 对调  本机 105 秒
   85  倒了/没建出来        追住 0/2 趟  平均   3.92 米  落后   4.68 米  最近  2.30 米  正前方  11%  静球到了 0/4 趟  走了  1.30 米  路 motor 对调  本机 106 秒
   86  倒了/没建出来        追住 0/0 趟  平均    nan 米  落后    nan 米  最近   nan 米  正前方   0%  静球到了 0/0 趟  走了   nan 米  路 motor 对调  本机 1 秒
   87  没摔             追住 0/2 趟  平均   3.43 米  落后   4.99 米  最近  1.33 米  正前方   7%  静球到了 1/4 趟  走了  2.83 米  路 motor  本机 135 秒
   88  没摔             追住 0/2 趟  平均   3.37 米  落后   4.66 米  最近  2.38 米  正前方  77%  静球到了 0/4 趟  走了  0.51 米  路 motor 对调  本机 136 秒
   89  倒了/没建出来        追住 0/2 趟  平均   4.76 米  落后   6.49 米  最近  0.87 米  正前方  31%  静球到了 2/4 趟  走了  6.75 米  路 orient  本机 106 秒
   90  没摔             追住 0/2 趟  平均   3.43 米  落后   5.59 米  最近  0.97 米  正前方   7%  静球到了 0/4 趟  走了  4.16 米  路 motor 对调  本机 105 秒
   91  没摔             追住 0/2 趟  平均   4.61 米  落后   7.38 米  最近  1.26 米  正前方   7%  静球到了 0/4 趟  走了  4.99 米  路 orient 对调  本机 104 秒
   92  倒了/没建出来        追住 0/2 趟  平均   4.77 米  落后   7.37 米  最近  2.19 米  正前方  32%  静球到了 0/4 趟  走了  2.16 米  路 motor  本机 107 秒
   93  没摔             追住 0/2 趟  平均   3.10 米  落后   4.63 米  最近  1.66 米  正前方  14%  静球到了 0/4 趟  走了  1.46 米  路 orient  本机 106 秒
   94  没摔             追住 0/2 趟  平均   5.44 米  落后   7.84 米  最近  2.44 米  正前方   7%  静球到了 0/4 趟  走了  1.79 米  路 orient  本机 106 秒
   95  没摔             追住 0/2 趟  平均   3.34 米  落后   4.55 米  最近  1.85 米  正前方   4%  静球到了 0/4 趟  走了  3.62 米  路 motor  本机 109 秒
   96  倒了/没建出来        追住 0/0 趟  平均    nan 米  落后    nan 米  最近   nan 米  正前方   0%  静球到了 0/0 趟  走了   nan 米  路 motor  本机 1 秒
   97  没摔             追住 0/2 趟  平均   4.04 米  落后   5.28 米  最近  2.35 米  正前方   4%  静球到了 0/4 趟  走了  1.31 米  路 orient 对调  本机 109 秒
   98  没摔             追住 0/2 趟  平均   6.36 米  落后   9.62 米  最近  1.85 米  正前方   7%  静球到了 0/4 趟  走了  6.72 米  路 motor 对调  本机 106 秒
   99  没摔             追住 0/2 趟  平均   3.15 米  落后   4.80 米  最近  1.07 米  正前方   4%  静球到了 0/4 趟  走了  4.17 米  路 motor  本机 107 秒
  100  没摔             追住 0/2 趟  平均   2.73 米  落后   4.97 米  最近  0.44 米  正前方   9%  静球到了 3/4 趟  走了  4.57 米  (两边都会)  路 motor 对调  本机 109 秒
  101  没摔             追住 0/2 趟  平均   2.21 米  落后   3.24 米  最近  0.51 米  正前方  12%  静球到了 2/4 趟  走了  3.97 米  路 orient  本机 108 秒
  102  没摔             追住 0/2 趟  平均   2.67 米  落后   3.53 米  最近  2.04 米  正前方   9%  静球到了 0/4 趟  走了  1.59 米  路 motor  本机 106 秒
  103  倒了/没建出来        追住 0/2 趟  平均   3.48 米  落后   4.60 米  最近  2.29 米  正前方  42%  静球到了 0/4 趟  走了  0.44 米  路 orient  本机 108 秒
  104  没摔             追住 0/2 趟  平均   2.45 米  落后   3.47 米  最近  1.24 米  正前方  10%  静球到了 1/4 趟  走了  3.59 米  路 orient 对调  本机 108 秒
  105  没摔             追住 0/2 趟  平均   4.61 米  落后   6.80 米  最近  1.62 米  正前方   9%  静球到了 2/4 趟  走了  3.72 米  路 motor 对调  本机 109 秒
  106  倒了/没建出来        追住 0/0 趟  平均    nan 米  落后    nan 米  最近   nan 米  正前方   0%  静球到了 0/0 趟  走了   nan 米  路 orient  本机 1 秒
  107  倒了/没建出来        追住 0/2 趟  平均   4.96 米  落后   6.73 米  最近  1.29 米  正前方   9%  静球到了 0/4 趟  走了  6.73 米  路 motor 对调  本机 108 秒
  108  倒了/没建出来        追住 0/0 趟  平均    nan 米  落后    nan 米  最近   nan 米  正前方   0%  静球到了 0/0 趟  走了   nan 米  路 orient  本机 1 秒
  109  没摔             追住 0/2 趟  平均   3.52 米  落后   4.71 米  最近  2.30 米  正前方  25%  静球到了 0/4 趟  走了  0.44 米  路 motor  本机 136 秒
  110  倒了/没建出来        追住 0/0 趟  平均    nan 米  落后    nan 米  最近   nan 米  正前方   0%  静球到了 0/0 趟  走了   nan 米  路 motor 对调  本机 1 秒
  111  没摔             追住 0/2 趟  平均   2.76 米  落后   5.00 米  最近  0.15 米  正前方  12%  静球到了 3/4 趟  走了  4.36 米  (两边都会)  路 motor 对调  本机 133 秒
  112  没摔             追住 0/2 趟  平均   1.97 米  落后   3.35 米  最近  0.13 米  正前方  41%  静球到了 1/4 趟  走了  3.59 米  路 motor 对调  本机 133 秒
  113  没摔             追住 0/2 趟  平均   3.76 米  落后   5.03 米  最近  2.49 米  正前方  66%  静球到了 0/4 趟  走了  0.20 米  路 motor 对调  本机 137 秒
  114  倒了/没建出来        追住 0/2 趟  平均   3.21 米  落后   4.32 米  最近  1.92 米  正前方  11%  静球到了 0/4 趟  走了  0.89 米  路 orient 对调  本机 135 秒
  115  没摔             追住 0/2 趟  平均   4.31 米  落后   6.96 米  最近  0.85 米  正前方   8%  静球到了 2/4 趟  走了  4.45 米  路 motor  本机 139 秒
  116  没摔             追住 0/2 趟  平均   3.15 米  落后   4.27 米  最近  1.89 米  正前方   4%  静球到了 1/4 趟  走了  1.91 米  路 motor  本机 133 秒
  117  没摔             追住 0/2 趟  平均   3.25 米  落后   5.92 米  最近  0.30 米  正前方  12%  静球到了 4/4 趟  走了  4.61 米  (两边都会)  路 motor 对调  本机 137 秒
  118  倒了/没建出来        追住 0/2 趟  平均   3.14 米  落后   4.25 米  最近  1.74 米  正前方  20%  静球到了 0/4 趟  走了  1.79 米  路 motor  本机 137 秒
  119  倒了/没建出来        追住 0/0 趟  平均    nan 米  落后    nan 米  最近   nan 米  正前方   0%  静球到了 0/0 趟  走了   nan 米  路 orient 对调  本机 1 秒
  120  没摔             追住 0/2 趟  平均   3.14 米  落后   4.42 米  最近  1.19 米  正前方   8%  静球到了 0/4 趟  走了  4.64 米  路 motor 对调  本机 137 秒
  121  倒了/没建出来        追住 0/2 趟  平均   5.59 米  落后   7.60 米  最近  1.02 米  正前方   7%  静球到了 1/4 趟  走了  7.84 米  路 motor  本机 135 秒
  122  倒了/没建出来        追住 0/2 趟  平均   5.15 米  落后   7.12 米  最近  0.37 米  正前方  48%  静球到了 2/4 趟  走了  7.29 米  (两边都会)  路 motor  本机 137 秒
  123  倒了/没建出来        追住 0/2 趟  平均   4.67 米  落后   6.42 米  最近  1.15 米  正前方  10%  静球到了 0/4 趟  走了  5.66 米  路 orient 对调  本机 138 秒
  124  倒了/没建出来        追住 0/0 趟  平均    nan 米  落后    nan 米  最近   nan 米  正前方   0%  静球到了 0/0 趟  走了   nan 米  路 motor  本机 1 秒
  125  没摔             追住 0/2 趟  平均   3.26 米  落后   4.19 米  最近  2.49 米  正前方  50%  静球到了 0/4 趟  走了  0.61 米  路 orient 对调  本机 110 秒
  126  没摔             追住 0/2 趟  平均   3.92 米  落后   6.53 米  最近  1.15 米  正前方   8%  静球到了 1/4 趟  走了  5.11 米  路 motor 对调  本机 108 秒
  127  倒了/没建出来        追住 0/0 趟  平均    nan 米  落后    nan 米  最近   nan 米  正前方   0%  静球到了 0/0 趟  走了   nan 米  路 orient 对调  本机 1 秒
  128  没摔             追住 0/2 趟  平均   3.59 米  落后   4.76 米  最近  1.83 米  正前方   8%  静球到了 0/4 趟  走了  2.24 米  路 motor 对调  本机 108 秒
  129  没摔             追住 0/2 趟  平均   3.66 米  落后   4.80 米  最近  2.47 米  正前方 100%  静球到了 0/4 趟  走了  0.14 米  路 motor  本机 109 秒
  130  倒了/没建出来        追住 0/2 趟  平均   3.20 米  落后   4.48 米  最近  1.91 米  正前方  80%  静球到了 0/4 趟  走了  0.94 米  路 orient  本机 108 秒
  131  倒了/没建出来        追住 0/2 趟  平均   2.87 米  落后   3.97 米  最近  1.23 米  正前方  49%  静球到了 0/4 趟  走了  1.87 米  路 orient 对调  本机 109 秒
  132  倒了/没建出来        追住 0/2 趟  平均   5.11 米  落后   7.42 米  最近  2.50 米  正前方   2%  静球到了 0/4 趟  走了  2.51 米  路 motor  本机 107 秒
  133  没摔             追住 0/2 趟  平均   4.77 米  落后   6.89 米  最近  2.20 米  正前方   7%  静球到了 0/4 趟  走了  2.75 米  路 motor 对调  本机 108 秒
  134  倒了/没建出来        追住 0/2 趟  平均   4.08 米  落后   5.32 米  最近  2.50 米  正前方   2%  静球到了 0/4 趟  走了  0.73 米  路 motor  本机 108 秒
  135  没摔             追住 0/2 趟  平均   4.18 米  落后   6.14 米  最近  1.22 米  正前方   7%  静球到了 0/4 趟  走了  4.54 米  路 orient 对调  本机 106 秒
  136  倒了/没建出来        追住 0/2 趟  平均   4.76 米  落后   6.28 米  最近  1.91 米  正前方   8%  静球到了 0/4 趟  走了  4.42 米  路 motor 对调  本机 107 秒
  137  倒了/没建出来        追住 0/2 趟  平均   2.34 米  落后   3.38 米  最近  0.98 米  正前方  15%  静球到了 1/4 趟  走了  1.98 米  路 motor 对调  本机 137 秒
  138  没摔             追住 0/2 趟  平均   2.37 米  落后   4.23 米  最近  0.56 米  正前方  14%  静球到了 4/4 趟  走了  4.48 米  (两边都会)  路 motor 对调  本机 135 秒
  139  没摔             追住 0/2 趟  平均   3.05 米  落后   4.27 米  最近  1.43 米  正前方   8%  静球到了 0/4 趟  走了  4.02 米  路 orient 对调  本机 131 秒
  140  没摔             追住 0/2 趟  平均   5.26 米  落后   7.17 米  最近  0.82 米  正前方   8%  静球到了 2/4 趟  走了  7.60 米  路 orient 对调  本机 136 秒
  141  倒了/没建出来        追住 0/0 趟  平均    nan 米  落后    nan 米  最近   nan 米  正前方   0%  静球到了 0/0 趟  走了   nan 米  路 orient 对调  本机 1 秒
  142  倒了/没建出来        追住 0/2 趟  平均   6.03 米  落后   7.90 米  最近  2.19 米  正前方  41%  静球到了 0/4 趟  走了  4.90 米  路 motor 对调  本机 136 秒
  143  倒了/没建出来        追住 0/2 趟  平均   5.77 米  落后   7.78 米  最近  1.44 米  正前方  15%  静球到了 2/4 趟  走了  6.18 米  路 motor 对调  本机 134 秒
  144  没摔             追住 0/2 趟  平均   4.75 米  落后   6.43 米  最近  1.91 米  正前方  10%  静球到了 0/4 趟  走了  2.15 米  路 motor 对调  本机 136 秒
  145  倒了/没建出来        追住 0/2 趟  平均   5.15 米  落后   6.83 米  最近  1.67 米  正前方  10%  静球到了 0/4 趟  走了  3.53 米  路 motor 对调  本机 138 秒
  146  没摔             追住 0/2 趟  平均   3.65 米  落后   4.82 米  最近  2.49 米  正前方  27%  静球到了 0/4 趟  走了  0.45 米  路 motor 对调  本机 137 秒
  147  倒了/没建出来        追住 0/2 趟  平均   6.03 米  落后   9.00 米  最近  2.19 米  正前方  44%  静球到了 0/4 趟  走了  3.51 米  路 motor 对调  本机 138 秒
  148  倒了/没建出来        追住 0/2 趟  平均   4.14 米  落后   5.40 米  最近  2.49 米  正前方  10%  静球到了 0/4 趟  走了  0.99 米  路 motor 对调  本机 138 秒
  149  倒了/没建出来        追住 0/2 趟  平均   2.35 米  落后   3.47 米  最近  0.08 米  正前方  17%  静球到了 1/4 趟  走了  3.67 米  路 motor 对调  本机 135 秒
  150  没摔             追住 0/2 趟  平均   3.18 米  落后   4.92 米  最近  1.43 米  正前方  11%  静球到了 0/4 趟  走了  3.29 米  路 motor  本机 138 秒
  151  没摔             追住 0/2 趟  平均   4.27 米  落后   5.60 米  最近  2.48 米  正前方  22%  静球到了 0/4 趟  走了  0.30 米  路 motor  本机 108 秒
  152  没摔             追住 0/2 趟  平均   2.87 米  落后   3.62 米  最近  2.17 米  正前方  99%  静球到了 0/4 趟  走了  0.85 米  路 motor 对调  本机 109 秒
  153  没摔             追住 0/2 趟  平均   2.30 米  落后   3.26 米  最近  1.26 米  正前方 100%  静球到了 1/4 趟  走了  2.18 米  路 motor 对调  本机 106 秒
  154  倒了/没建出来        追住 0/0 趟  平均    nan 米  落后    nan 米  最近   nan 米  正前方   0%  静球到了 0/0 趟  走了   nan 米  路 motor 对调  本机 0 秒
  155  没摔             追住 0/2 趟  平均   7.17 米  落后   9.35 米  最近  2.07 米  正前方   6%  静球到了 0/4 趟  走了  6.21 米  路 motor 对调  本机 103 秒
  156  倒了/没建出来        追住 0/0 趟  平均    nan 米  落后    nan 米  最近   nan 米  正前方   0%  静球到了 0/0 趟  走了   nan 米  路 motor 对调  本机 0 秒
  157  倒了/没建出来        追住 0/0 趟  平均    nan 米  落后    nan 米  最近   nan 米  正前方   0%  静球到了 0/0 趟  走了   nan 米  路 orient 对调  本机 1 秒
  158  倒了/没建出来        追住 0/0 趟  平均    nan 米  落后    nan 米  最近   nan 米  正前方   0%  静球到了 0/0 趟  走了   nan 米  路 motor  本机 1 秒
  159  倒了/没建出来        追住 0/2 趟  平均   3.10 米  落后   4.55 米  最近  0.42 米  正前方  46%  静球到了 0/4 趟  走了  2.14 米  路 motor 对调  本机 106 秒
  160  没摔             追住 0/2 趟  平均   3.72 米  落后   4.86 米  最近  2.48 米  正前方  99%  静球到了 0/4 趟  走了  0.13 米  路 motor 对调  本机 107 秒
  161  倒了/没建出来        追住 0/2 趟  平均   5.04 米  落后   7.05 米  最近  1.58 米  正前方   9%  静球到了 0/4 趟  走了  6.39 米  路 motor 对调  本机 105 秒
  162  倒了/没建出来        追住 0/0 趟  平均    nan 米  落后    nan 米  最近   nan 米  正前方   0%  静球到了 0/0 趟  走了   nan 米  路 motor  本机 1 秒
  163  倒了/没建出来        追住 0/0 趟  平均    nan 米  落后    nan 米  最近   nan 米  正前方   0%  静球到了 0/0 趟  走了   nan 米  路 motor 对调  本机 1 秒
  164  没摔             追住 0/2 趟  平均   3.46 米  落后   5.98 米  最近  0.76 米  正前方   9%  静球到了 3/4 趟  走了  4.91 米  (两边都会)  路 orient  本机 105 秒
  165  没摔             追住 0/2 趟  平均   3.66 米  落后   4.85 米  最近  2.48 米  正前方  96%  静球到了 0/4 趟  走了  0.14 米  路 motor 对调  本机 110 秒
  166  没摔             追住 0/2 趟  平均   3.01 米  落后   5.38 米  最近  0.20 米  正前方  12%  静球到了 4/4 趟  走了  4.06 米  (两边都会)  路 motor 对调  本机 105 秒
  167  没摔             追住 0/2 趟  平均   3.61 米  落后   4.78 米  最近  2.49 米  正前方 100%  静球到了 0/4 趟  走了  0.16 米  路 orient 对调  本机 108 秒
  168  倒了/没建出来        追住 0/2 趟  平均   3.58 米  落后   5.10 米  最近  0.43 米  正前方  12%  静球到了 2/4 趟  走了  3.33 米  (两边都会)  路 motor  本机 133 秒
  169  倒了/没建出来        追住 0/2 趟  平均   2.88 米  落后   4.98 米  最近  0.38 米  正前方  14%  静球到了 2/4 趟  走了  4.51 米  路 motor 对调  本机 133 秒
  170  倒了/没建出来        追住 0/2 趟  平均   4.95 米  落后   6.98 米  最近  2.37 米  正前方   5%  静球到了 0/4 趟  走了  1.78 米  路 motor 对调  本机 134 秒
  171  倒了/没建出来        追住 0/2 趟  平均   3.76 米  落后   5.77 米  最近  1.19 米  正前方   8%  静球到了 0/4 趟  走了  1.91 米  路 motor 对调  本机 136 秒
  172  倒了/没建出来        追住 0/0 趟  平均    nan 米  落后    nan 米  最近   nan 米  正前方   0%  静球到了 0/0 趟  走了   nan 米  路 orient 对调  本机 1 秒
  173  倒了/没建出来        追住 0/0 趟  平均    nan 米  落后    nan 米  最近   nan 米  正前方   0%  静球到了 0/0 趟  走了   nan 米  路 orient  本机 2 秒
  174  倒了/没建出来        追住 0/0 趟  平均    nan 米  落后    nan 米  最近   nan 米  正前方   0%  静球到了 0/0 趟  走了   nan 米  路 motor  本机 1 秒
  175  倒了/没建出来        追住 0/2 趟  平均   2.49 米  落后   3.50 米  最近  1.02 米  正前方  43%  静球到了 1/4 趟  走了  1.71 米  路 motor 对调  本机 134 秒
  176  没摔             追住 0/2 趟  平均   5.83 米  落后   7.91 米  最近  2.24 米  正前方   7%  静球到了 1/4 趟  走了  2.13 米  路 motor 对调  本机 134 秒
  177  没摔             追住 0/2 趟  平均   3.99 米  落后   5.52 米  最近  0.41 米  正前方  10%  静球到了 2/4 趟  走了  5.56 米  路 motor  本机 137 秒
  178  没摔             追住 0/2 趟  平均   2.29 米  落后   3.36 米  最近  0.73 米  正前方  45%  静球到了 0/4 趟  走了  2.56 米  路 motor 对调  本机 136 秒
  179  没摔             追住 0/2 趟  平均   3.66 米  落后   4.80 米  最近  2.48 米  正前方 100%  静球到了 0/4 趟  走了  0.11 米  路 orient 对调  本机 138 秒
  180  倒了/没建出来        追住 0/0 趟  平均    nan 米  落后    nan 米  最近   nan 米  正前方   0%  静球到了 0/0 趟  走了   nan 米  路 orient 对调  本机 2 秒
  181  倒了/没建出来        追住 0/0 趟  平均    nan 米  落后    nan 米  最近   nan 米  正前方   0%  静球到了 0/0 趟  走了   nan 米  路 motor  本机 1 秒
  182  倒了/没建出来        追住 0/0 趟  平均    nan 米  落后    nan 米  最近   nan 米  正前方   0%  静球到了 0/0 趟  走了   nan 米  路 orient 对调  本机 1 秒
  183  没摔             追住 0/2 趟  平均   3.20 米  落后   4.50 米  最近  1.36 米  正前方   9%  静球到了 0/4 趟  走了  4.57 米  路 orient 对调  本机 107 秒
  184  倒了/没建出来        追住 0/0 趟  平均    nan 米  落后    nan 米  最近   nan 米  正前方   0%  静球到了 0/0 趟  走了   nan 米  路 motor  本机 1 秒
  185  没摔             追住 0/2 趟  平均   3.69 米  落后   4.87 米  最近  2.49 米  正前方 100%  静球到了 0/4 趟  走了  0.10 米  路 motor 对调  本机 137 秒
  186  没摔             追住 0/2 趟  平均   3.65 米  落后   4.80 米  最近  2.47 米  正前方  98%  静球到了 0/4 趟  走了  0.16 米  路 orient  本机 136 秒
  187  倒了/没建出来        追住 0/0 趟  平均    nan 米  落后    nan 米  最近   nan 米  正前方   0%  静球到了 0/0 趟  走了   nan 米  路 motor 对调  本机 1 秒
  188  没摔             追住 0/2 趟  平均   4.36 米  落后   7.32 米  最近  1.20 米  正前方   7%  静球到了 0/4 趟  走了  5.54 米  路 motor 对调  本机 135 秒
  189  没摔             追住 0/2 趟  平均   6.05 米  落后   8.15 米  最近  0.93 米  正前方   8%  静球到了 0/4 趟  走了  8.35 米  路 orient 对调  本机 107 秒
  190  倒了/没建出来        追住 0/2 趟  平均   2.53 米  落后   3.67 米  最近  1.10 米  正前方  18%  静球到了 0/4 趟  走了  2.18 米  路 orient 对调  本机 136 秒
  191  倒了/没建出来        追住 0/0 趟  平均    nan 米  落后    nan 米  最近   nan 米  正前方   0%  静球到了 0/0 趟  走了   nan 米  路 orient  本机 1 秒
  192  倒了/没建出来        追住 0/2 趟  平均   3.57 米  落后   4.73 米  最近  2.49 米  正前方  15%  静球到了 0/4 趟  走了  0.32 米  路 orient 对调  本机 107 秒
  193  倒了/没建出来        追住 0/0 趟  平均    nan 米  落后    nan 米  最近   nan 米  正前方   0%  静球到了 0/0 趟  走了   nan 米  路 motor  本机 1 秒
  194  没摔             追住 0/2 趟  平均   4.38 米  落后   7.13 米  最近  1.12 米  正前方   8%  静球到了 0/4 趟  走了  5.34 米  路 orient  本机 106 秒
  195  没摔             追住 0/2 趟  平均   5.29 米  落后   8.63 米  最近  0.44 米  正前方  10%  静球到了 2/4 趟  走了  6.27 米  路 orient 对调  本机 106 秒
  196  倒了/没建出来        追住 0/0 趟  平均    nan 米  落后    nan 米  最近   nan 米  正前方   0%  静球到了 0/0 趟  走了   nan 米  路 motor  本机 1 秒
  197  倒了/没建出来        追住 0/2 趟  平均   3.33 米  落后   5.00 米  最近  1.47 米  正前方  11%  静球到了 0/4 趟  走了  4.83 米  路 motor 对调  本机 107 秒
  198  没摔             追住 0/2 趟  平均   6.00 米  落后   9.78 米  最近  1.63 米  正前方   7%  静球到了 0/4 趟  走了  6.14 米  路 motor 对调  本机 107 秒
  199  倒了/没建出来        追住 0/0 趟  平均    nan 米  落后    nan 米  最近   nan 米  正前方   0%  静球到了 0/0 趟  走了   nan 米  路 orient 对调  本机 1 秒
  200  没摔             追住 0/2 趟  平均   4.95 米  落后   8.00 米  最近  0.93 米  正前方   7%  静球到了 0/4 趟  走了  5.97 米  路 motor 对调  本机 106 秒
  201  倒了/没建出来        追住 0/2 趟  平均   5.07 米  落后   6.87 米  最近  1.22 米  正前方   8%  静球到了 0/4 趟  走了  7.32 米  路 orient  本机 106 秒
  202  倒了/没建出来        追住 0/2 趟  平均   3.01 米  落后   4.07 米  最近  1.31 米  正前方  30%  静球到了 1/4 趟  走了  3.54 米  路 orient 对调  本机 108 秒
  203  倒了/没建出来        追住 0/2 趟  平均   3.69 米  落后   4.84 米  最近  2.49 米  正前方  51%  静球到了 0/4 趟  走了  0.40 米  路 motor  本机 106 秒
  204  没摔             追住 0/2 趟  平均   5.10 米  落后   7.93 米  最近  1.16 米  正前方   7%  静球到了 0/4 趟  走了  4.84 米  路 motor  本机 108 秒
  205  没摔             追住 0/2 趟  平均   3.15 米  落后   4.53 米  最近  0.91 米  正前方   8%  静球到了 1/4 趟  走了  5.29 米  路 motor 对调  本机 108 秒
  206  倒了/没建出来        追住 0/0 趟  平均    nan 米  落后    nan 米  最近   nan 米  正前方   0%  静球到了 0/0 趟  走了   nan 米  路 orient 对调  本机 1 秒
  207  没摔             追住 0/2 趟  平均   3.11 米  落后   4.36 米  最近  1.27 米  正前方   8%  静球到了 0/4 趟  走了  4.47 米  路 motor 对调  本机 132 秒
  208  倒了/没建出来        追住 0/2 趟  平均   4.35 米  落后   5.69 米  最近  2.43 米  正前方   3%  静球到了 0/4 趟  走了  0.68 米  路 motor 对调  本机 136 秒
  209  没摔             追住 0/2 趟  平均   3.77 米  落后   6.13 米  最近  0.83 米  正前方   8%  静球到了 3/4 趟  走了  4.31 米  (两边都会)  路 motor 对调  本机 135 秒
  210  没摔             追住 0/2 趟  平均   3.91 米  落后   5.65 米  最近  2.17 米  正前方   5%  静球到了 0/4 趟  走了  3.11 米  路 motor  本机 108 秒
  211  没摔             追住 0/2 趟  平均   3.12 米  落后   4.49 米  最近  1.04 米  正前方   8%  静球到了 0/4 趟  走了  4.99 米  路 motor 对调  本机 106 秒
  212  倒了/没建出来        追住 0/0 趟  平均    nan 米  落后    nan 米  最近   nan 米  正前方   0%  静球到了 0/0 趟  走了   nan 米  路 motor 对调  本机 1 秒
  213  没摔             追住 0/2 趟  平均   3.40 米  落后   6.01 米  最近  0.25 米  正前方  11%  静球到了 2/4 趟  走了  4.35 米  路 motor 对调  本机 105 秒
  跨代冠军易主：0 代第 214 只  追住 1/2 趟、跑完落后 1.33 米、球在正前方  97% 的时间  没摔
  214  没摔             追住 1/2 趟  平均   1.29 米  落后   1.33 米  最近  0.16 米  正前方  97%  静球到了 1/4 趟  走了  1.87 米  路 motor 对调  本机 135 秒
  215  倒了/没建出来        追住 0/0 趟  平均    nan 米  落后    nan 米  最近   nan 米  正前方   0%  静球到了 0/0 趟  走了   nan 米  路 motor 对调  本机 1 秒
  216  倒了/没建出来        追住 0/2 趟  平均   4.58 米  落后   6.19 米  最近  2.50 米  正前方  13%  静球到了 0/4 趟  走了  0.43 米  路 motor  本机 108 秒
  217  倒了/没建出来        追住 0/2 趟  平均   4.55 米  落后   6.47 米  最近  1.66 米  正前方  46%  静球到了 0/4 趟  走了  2.79 米  路 motor 对调  本机 107 秒
  218  没摔             追住 0/2 趟  平均   3.51 米  落后   4.64 米  最近  2.48 米  正前方  56%  静球到了 0/4 趟  走了  0.30 米  路 orient 对调  本机 109 秒
  219  倒了/没建出来        追住 0/2 趟  平均   4.88 米  落后   6.50 米  最近  1.35 米  正前方   8%  静球到了 0/4 趟  走了  6.53 米  路 motor 对调  本机 136 秒
  220  没摔             追住 0/2 趟  平均   3.61 米  落后   4.99 米  最近  1.30 米  正前方  12%  静球到了 1/4 趟  走了  3.83 米  路 motor 对调  本机 136 秒
  221  倒了/没建出来        追住 0/2 趟  平均   4.85 米  落后   6.80 米  最近  0.07 米  正前方  12%  静球到了 2/4 趟  走了  7.42 米  路 motor  本机 107 秒
  222  倒了/没建出来        追住 0/0 趟  平均    nan 米  落后    nan 米  最近   nan 米  正前方   0%  静球到了 0/0 趟  走了   nan 米  路 motor 对调  本机 1 秒
  223  倒了/没建出来        追住 0/2 趟  平均   4.08 米  落后   5.86 米  最近  2.10 米  正前方   6%  静球到了 0/4 趟  走了  2.24 米  路 motor 对调  本机 104 秒
  224  没摔             追住 0/2 趟  平均   3.94 米  落后   5.31 米  最近  2.50 米  正前方 100%  静球到了 0/4 趟  走了  0.13 米  路 motor 对调  本机 107 秒
  225  没摔             追住 0/2 趟  平均   3.34 米  落后   4.60 米  最近  1.32 米  正前方   8%  静球到了 0/4 趟  走了  4.73 米  路 orient 对调  本机 134 秒
  226  没摔             追住 0/2 趟  平均   5.31 米  落后   8.37 米  最近  1.37 米  正前方   6%  静球到了 0/4 趟  走了  5.06 米  路 motor  本机 138 秒
  227  没摔             追住 0/2 趟  平均   3.07 米  落后   4.20 米  最近  1.69 米  正前方  15%  静球到了 0/4 趟  走了  3.27 米  路 orient 对调  本机 138 秒
  228  没摔             追住 0/2 趟  平均   3.74 米  落后   4.97 米  最近  2.50 米  正前方 100%  静球到了 0/4 趟  走了  0.12 米  路 motor 对调  本机 140 秒
  229  没摔             追住 0/2 趟  平均   4.85 米  落后   7.68 米  最近  1.69 米  正前方   4%  静球到了 0/4 趟  走了  4.49 米  路 motor  本机 135 秒
  230  没摔             追住 0/2 趟  平均   2.94 米  落后   4.09 米  最近  1.48 米  正前方   8%  静球到了 0/4 趟  走了  3.85 米  路 orient 对调  本机 133 秒
  231  倒了/没建出来        追住 0/2 趟  平均   5.98 米  落后   8.03 米  最近  1.23 米  正前方   7%  静球到了 0/4 趟  走了  8.36 米  路 motor  本机 138 秒
  232  倒了/没建出来        追住 0/2 趟  平均   4.50 米  落后   6.11 米  最近  0.45 米  正前方  81%  静球到了 1/4 趟  走了  6.22 米  路 motor 对调  本机 109 秒
  233  没摔             追住 0/2 趟  平均   5.76 米  落后   7.84 米  最近  1.22 米  正前方   7%  静球到了 0/4 趟  走了  7.87 米  路 orient  本机 108 秒
  234  没摔             追住 0/2 趟  平均   5.28 米  落后   8.70 米  最近  1.19 米  正前方   7%  静球到了 0/4 趟  走了  6.40 米  路 orient  本机 106 秒
  235  倒了/没建出来        追住 0/0 趟  平均    nan 米  落后    nan 米  最近   nan 米  正前方   0%  静球到了 0/0 趟  走了   nan 米  路 motor  本机 0 秒
  236  没摔             追住 0/2 趟  平均   2.72 米  落后   3.85 米  最近  0.87 米  正前方  10%  静球到了 1/4 趟  走了  4.34 米  路 motor 对调  本机 106 秒
  237  倒了/没建出来        追住 0/2 趟  平均   5.78 米  落后   8.67 米  最近  0.80 米  正前方   8%  静球到了 1/4 趟  走了  7.56 米  路 orient 对调  本机 107 秒
  238  没摔             追住 0/2 趟  平均   2.62 米  落后   3.76 米  最近  0.97 米  正前方   8%  静球到了 3/4 趟  走了  4.75 米  (两边都会)  路 motor 对调  本机 106 秒
  239  倒了/没建出来        追住 0/2 趟  平均   4.06 米  落后   5.32 米  最近  2.27 米  正前方  10%  静球到了 0/4 趟  走了  0.73 米  路 motor 对调  本机 107 秒
  240  没摔             追住 0/2 趟  平均   5.34 米  落后   7.55 米  最近  2.09 米  正前方   7%  静球到了 0/4 趟  走了  3.06 米  路 motor 对调  本机 106 秒
  241  倒了/没建出来        追住 0/2 趟  平均   3.62 米  落后   4.84 米  最近  2.13 米  正前方  40%  静球到了 0/4 趟  走了  4.56 米  路 motor 对调  本机 110 秒
  242  没摔             追住 0/2 趟  平均   4.66 米  落后   7.61 米  最近  0.87 米  正前方   8%  静球到了 0/4 趟  走了  5.61 米  路 orient  本机 107 秒
  243  没摔             追住 0/2 趟  平均   2.48 米  落后   3.34 米  最近  1.43 米  正前方  13%  静球到了 0/4 趟  走了  2.07 米  路 orient  本机 105 秒
  244  没摔             追住 0/2 趟  平均   3.26 米  落后   5.54 米  最近  0.67 米  正前方  13%  静球到了 3/4 趟  走了  4.35 米  (两边都会)  路 orient  本机 131 秒
  245  倒了/没建出来        追住 0/2 趟  平均   5.82 米  落后   7.88 米  最近  1.55 米  正前方   8%  静球到了 0/4 趟  走了  8.04 米  路 motor  本机 135 秒
  246  倒了/没建出来        追住 0/2 趟  平均   3.50 米  落后   4.60 米  最近  2.48 米  正前方   7%  静球到了 0/4 趟  走了  0.89 米  路 motor  本机 135 秒
  247  倒了/没建出来        追住 0/0 趟  平均    nan 米  落后    nan 米  最近   nan 米  正前方   0%  静球到了 0/0 趟  走了   nan 米  路 motor 对调  本机 1 秒
  248  没摔             追住 0/2 趟  平均   4.76 米  落后   7.69 米  最近  1.34 米  正前方   7%  静球到了 0/4 趟  走了  5.41 米  路 orient 对调  本机 134 秒
  249  没摔             追住 0/2 趟  平均   3.57 米  落后   4.78 米  最近  2.47 米  正前方 100%  静球到了 0/4 趟  走了  0.27 米  路 motor 对调  本机 136 秒
  250  没摔             追住 0/2 趟  平均   1.98 米  落后   2.96 米  最近  0.50 米  正前方  17%  静球到了 4/4 趟  走了  3.76 米  (两边都会)  路 motor 对调  本机 136 秒
  251  没摔             追住 0/2 趟  平均   3.51 米  落后   4.43 米  最近  2.43 米  正前方  81%  静球到了 0/4 趟  走了  0.53 米  路 motor 对调  本机 138 秒
  252  没摔             追住 0/2 趟  平均   3.05 米  落后   3.71 米  最近  1.43 米  正前方  48%  静球到了 0/4 趟  走了  1.69 米  路 orient 对调  本机 134 秒
  253  倒了/没建出来        追住 0/2 趟  平均   3.58 米  落后   5.04 米  最近  1.85 米  正前方   7%  静球到了 0/4 趟  走了  1.15 米  路 motor  本机 135 秒
  254  没摔             追住 0/2 趟  平均   4.91 米  落后   8.02 米  最近  1.07 米  正前方   7%  静球到了 0/4 趟  走了  5.90 米  路 orient 对调  本机 135 秒
  255  倒了/没建出来        追住 0/2 趟  平均   5.35 米  落后   7.06 米  最近  1.05 米  正前方   8%  静球到了 1/4 趟  走了  7.81 米  路 motor 对调  本机 138 秒
  256  倒了/没建出来        追住 0/2 趟  平均   3.78 米  落后   5.90 米  最近  1.61 米  正前方   9%  静球到了 0/4 趟  走了  1.45 米  路 motor 对调  本机 139 秒
  257  倒了/没建出来        追住 0/2 趟  平均   3.38 米  落后   4.61 米  最近  1.88 米  正前方  27%  静球到了 0/4 趟  走了  1.89 米  路 motor 对调  本机 137 秒
  258  倒了/没建出来        追住 0/2 趟  平均   6.18 米  落后   8.54 米  最近  1.22 米  正前方   7%  静球到了 0/4 趟  走了  8.16 米  路 orient  本机 110 秒
  259  倒了/没建出来        追住 0/2 趟  平均   2.19 米  落后   2.88 米  最近  0.91 米  正前方  35%  静球到了 2/4 趟  走了  3.47 米  (两边都会)  路 motor  本机 110 秒
  260  没摔             追住 0/2 趟  平均   5.51 米  落后   9.11 米  最近  1.10 米  正前方   7%  静球到了 0/4 趟  走了  6.67 米  路 orient  本机 104 秒
  261  没摔             追住 0/2 趟  平均   4.17 米  落后   6.97 米  最近  0.90 米  正前方   8%  静球到了 1/4 趟  走了  5.48 米  路 orient  本机 105 秒
  262  倒了/没建出来        追住 0/2 趟  平均   3.13 米  落后   4.61 米  最近  0.90 米  正前方  51%  静球到了 1/4 趟  走了  1.87 米  路 motor  本机 106 秒
  263  倒了/没建出来        追住 0/0 趟  平均    nan 米  落后    nan 米  最近   nan 米  正前方   0%  静球到了 0/0 趟  走了   nan 米  路 motor 对调  本机 1 秒
  264  倒了/没建出来        追住 0/2 趟  平均   3.00 米  落后   4.16 米  最近  2.10 米  正前方  11%  静球到了 0/4 趟  走了  1.11 米  路 motor  本机 108 秒
  265  倒了/没建出来        追住 0/0 趟  平均    nan 米  落后    nan 米  最近   nan 米  正前方   0%  静球到了 0/0 趟  走了   nan 米  路 orient 对调  本机 1 秒
  266  倒了/没建出来        追住 0/2 趟  平均   3.83 米  落后   5.27 米  最近  1.74 米  正前方  10%  静球到了 0/4 趟  走了  2.32 米  路 motor  本机 108 秒
  267  没摔             追住 0/2 趟  平均   5.13 米  落后   8.74 米  最近  0.28 米  正前方  10%  静球到了 2/4 趟  走了  6.45 米  路 orient  本机 106 秒
  268  没摔             追住 0/2 趟  平均   3.65 米  落后   4.78 米  最近  2.48 米  正前方 100%  静球到了 0/4 趟  走了  0.20 米  路 motor 对调  本机 109 秒
  269  没摔             追住 0/2 趟  平均   3.32 米  落后   4.52 米  最近  1.31 米  正前方   8%  静球到了 0/4 趟  走了  4.76 米  路 orient  本机 105 秒
  270  没摔             追住 0/2 趟  平均   5.29 米  落后   7.28 米  最近  0.19 米  正前方  11%  静球到了 2/4 趟  走了  6.65 米  路 motor 对调  本机 105 秒
  271  倒了/没建出来        追住 0/2 趟  平均   4.83 米  落后   6.72 米  最近  1.41 米  正前方  36%  静球到了 0/4 趟  走了  6.66 米  路 motor 对调  本机 135 秒
  272  倒了/没建出来        追住 0/2 趟  平均   2.96 米  落后   4.33 米  最近  1.12 米  正前方  10%  静球到了 0/4 趟  走了  1.21 米  路 motor 对调  本机 133 秒
  273  倒了/没建出来        追住 0/2 趟  平均   2.89 米  落后   4.01 米  最近  1.35 米  正前方   7%  静球到了 0/4 趟  走了  1.98 米  路 motor  本机 135 秒
  274  没摔             追住 0/2 趟  平均   5.15 米  落后   7.86 米  最近  1.65 米  正前方   6%  静球到了 0/4 趟  走了  4.89 米  路 orient 对调  本机 135 秒
  275  倒了/没建出来        追住 0/2 趟  平均   3.73 米  落后   4.95 米  最近  2.50 米  正前方  17%  静球到了 0/4 趟  走了  0.61 米  路 motor  本机 134 秒
  276  没摔             追住 0/2 趟  平均   2.78 米  落后   4.49 米  最近  0.25 米  正前方  11%  静球到了 4/4 趟  走了  3.71 米  (两边都会)  路 motor 对调  本机 135 秒
  277  倒了/没建出来        追住 0/0 趟  平均    nan 米  落后    nan 米  最近   nan 米  正前方   0%  静球到了 0/0 趟  走了   nan 米  路 orient 对调  本机 1 秒
  278  倒了/没建出来        追住 0/2 趟  平均   4.74 米  落后   6.50 米  最近  0.79 米  正前方  13%  静球到了 0/4 趟  走了  6.64 米  路 orient 对调  本机 134 秒
  279  没摔             追住 0/2 趟  平均   3.63 米  落后   4.79 米  最近  2.49 米  正前方  99%  静球到了 0/4 趟  走了  0.20 米  路 motor 对调  本机 135 秒
  280  没摔             追住 0/2 趟  平均   5.29 米  落后   8.26 米  最近  1.49 米  正前方   7%  静球到了 0/4 趟  走了  4.86 米  路 motor  本机 134 秒
  281  没摔             追住 0/2 趟  平均   3.73 米  落后   4.97 米  最近  2.49 米  正前方 100%  静球到了 0/4 趟  走了  0.10 米  路 motor 对调  本机 133 秒
  282  没摔             追住 0/2 趟  平均   2.66 米  落后   3.95 米  最近  0.25 米  正前方  14%  静球到了 3/4 趟  走了  5.20 米  (两边都会)  路 orient 对调  本机 131 秒
  283  没摔             追住 0/2 趟  平均   4.41 米  落后   7.27 米  最近  1.22 米  正前方   7%  静球到了 0/4 趟  走了  5.46 米  路 orient  本机 130 秒
  284  没摔             追住 0/2 趟  平均   4.11 米  落后   6.65 米  最近  1.09 米  正前方   7%  静球到了 0/4 趟  走了  4.97 米  路 orient  本机 130 秒
  285  没摔             追住 0/2 趟  平均   3.57 米  落后   4.92 米  最近  1.57 米  正前方   6%  静球到了 0/4 趟  走了  4.07 米  路 orient 对调  本机 110 秒
  286  没摔             追住 0/2 趟  平均   1.68 米  落后   2.54 米  最近  0.04 米  正前方  23%  静球到了 4/4 趟  走了  3.51 米  (两边都会)  路 motor 对调  本机 109 秒
  287  没摔             追住 0/2 趟  平均   4.51 米  落后   7.16 米  最近  1.97 米  正前方   7%  静球到了 0/4 趟  走了  3.23 米  路 motor 对调  本机 105 秒
  288  没摔             追住 0/2 趟  平均   5.77 米  落后   9.77 米  最近  1.02 米  正前方   8%  静球到了 0/4 趟  走了  7.00 米  路 orient 对调  本机 105 秒
  289  没摔             追住 0/2 趟  平均   2.91 米  落后   5.47 米  最近  0.19 米  正前方  17%  静球到了 3/4 趟  走了  3.75 米  (两边都会)  路 motor 对调  本机 105 秒
  290  倒了/没建出来        追住 0/0 趟  平均    nan 米  落后    nan 米  最近   nan 米  正前方   0%  静球到了 0/0 趟  走了   nan 米  路 motor  本机 1 秒
  291  没摔             追住 0/2 趟  平均   4.13 米  落后   5.52 米  最近  2.49 米  正前方 100%  静球到了 0/4 趟  走了  0.36 米  路 motor 对调  本机 103 秒
  292  倒了/没建出来        追住 0/0 趟  平均    nan 米  落后    nan 米  最近   nan 米  正前方   0%  静球到了 0/0 趟  走了   nan 米  路 orient  本机 1 秒
  293  没摔             追住 0/2 趟  平均   3.82 米  落后   5.28 米  最近  1.62 米  正前方   7%  静球到了 0/4 趟  走了  4.72 米  路 motor  本机 104 秒
  294  倒了/没建出来        追住 0/2 趟  平均   3.59 米  落后   5.31 米  最近  0.91 米  正前方   6%  静球到了 1/4 趟  走了  4.73 米  路 orient 对调  本机 104 秒
  跨代冠军易主：0 代第 295 只  追住 1/2 趟、跑完落后 3.21 米、球在正前方  12% 的时间  没摔
  295  没摔             追住 1/2 趟  平均   1.96 米  落后   3.21 米  最近  0.14 米  正前方  12%  静球到了 4/4 趟  走了  3.67 米  (两边都会)  路 motor 对调  本机 103 秒
  296  倒了/没建出来        追住 0/2 趟  平均   3.56 米  落后   4.98 米  最近  1.80 米  正前方  49%  静球到了 0/4 趟  走了  0.97 米  路 motor 对调  本机 103 秒
  297  倒了/没建出来        追住 0/2 趟  平均   4.03 米  落后   5.32 米  最近  2.49 米  正前方  44%  静球到了 0/4 趟  走了  0.34 米  路 motor  本机 103 秒
  298  没摔             追住 0/2 趟  平均   4.12 米  落后   6.27 米  最近  1.91 米  正前方   3%  静球到了 0/4 趟  走了  3.76 米  路 motor  本机 74 秒
  299  倒了/没建出来        追住 0/2 趟  平均   4.03 米  落后   4.70 米  最近  2.11 米  正前方  26%  静球到了 0/4 趟  走了  1.64 米  路 motor  本机 65 秒
第 0 代收工：300 只里建出来 249 只（没摔 146）；真追住球的 2 只，两边都追住的 0 只（球挪走行为会变的 237 只）；追得最好那只落后 3.21 米、球在正前方  12% 的时间、最近贴到 0.14 米；本代花了 21.6 分钟
  这一代自己走出来的、真追住球的 2 只，其中两边都追住的 0 只
  下一代的爹 10 只（artifacts/追球_云_三批_g00_keep.jsonl）：第295只 追住1/2趟 落后3.21米、第214只 追住1/2趟 落后1.33米、第10只 追住0/2趟 落后2.19米、第47只 追住0/2趟 落后2.37米、第286只 追住0/2趟 落后2.54米、第250只 追住0/2趟 落后2.96米、第138只 追住0/2趟 落后4.23米、第238只 追住0/2趟 落后3.76米、第282只 追住0/2趟 落后3.95米、第100只 追住0/2趟 落后4.97米
第 1 代：生 300 只、每只考 4 趟不动球（每趟 6 秒）+ 2 趟追着跑的球（每趟 20 秒，球沿随机曲线逃）+ 1 趟没球对照、24 个进程
    0  没摔             追住 0/2 趟  平均   3.44 米  落后   4.74 米  最近  1.81 米  正前方   5%  静球到了 0/4 趟  走了  4.46 米  路 motor  本机 135 秒
    1  倒了/没建出来        追住 0/0 趟  平均    nan 米  落后    nan 米  最近   nan 米  正前方   0%  静球到了 0/0 趟  走了   nan 米  路 motor 对调  本机 1 秒
    2  倒了/没建出来        追住 0/2 趟  平均   3.32 米  落后   4.53 米  最近  2.14 米  正前方  50%  静球到了 0/4 趟  走了  1.83 米  路 motor 对调  本机 136 秒
    3  没摔             追住 0/2 趟  平均   3.17 米  落后   4.19 米  最近  2.31 米  正前方  23%  静球到了 0/4 趟  走了  0.55 米  路 motor 对调  本机 135 秒
    4  没摔             追住 0/2 趟  平均   2.46 米  落后   3.61 米  最近  0.97 米  正前方   7%  静球到了 3/4 趟  走了  4.36 米  (两边都会)  路 motor 对调  本机 136 秒
    5  没摔             追住 0/2 趟  平均   1.64 米  落后   2.41 米  最近  0.55 米  正前方  14%  静球到了 4/4 趟  走了  3.75 米  (两边都会)  路 motor 对调  本机 137 秒
    6  倒了/没建出来        追住 0/2 趟  平均   3.00 米  落后   4.03 米  最近  1.41 米  正前方  43%  静球到了 0/4 趟  走了  0.54 米  路 motor 对调  本机 136 秒
    7  没摔             追住 0/2 趟  平均   3.75 米  落后   4.91 米  最近  2.49 米  正前方   3%  静球到了 0/4 趟  走了  0.93 米  路 motor  本机 137 秒
    8  倒了/没建出来        追住 0/2 趟  平均   4.30 米  落后   5.64 米  最近  2.45 米  正前方  10%  静球到了 0/4 趟  走了  0.85 米  路 motor 对调  本机 135 秒
    9  没摔             追住 0/2 趟  平均   3.26 米  落后   5.38 米  最近  1.02 米  正前方   8%  静球到了 1/4 趟  走了  4.19 米  路 motor 对调  本机 110 秒
   10  没摔             追住 1/2 趟  平均   2.21 米  落后   2.88 米  最近  0.37 米  正前方  31%  静球到了 1/4 趟  走了  2.68 米  路 motor 对调  本机 107 秒
   11  没摔             追住 0/2 趟  平均   2.23 米  落后   2.64 米  最近  1.65 米  正前方  88%  静球到了 0/4 趟  走了  1.55 米  路 motor 对调  本机 109 秒
   12  倒了/没建出来        追住 0/0 趟  平均    nan 米  落后    nan 米  最近   nan 米  正前方   0%  静球到了 0/0 趟  走了   nan 米  路 motor 对调  本机 1 秒
   13  倒了/没建出来        追住 0/2 趟  平均   3.96 米  落后   5.24 米  最近  2.46 米  正前方  11%  静球到了 0/4 趟  走了  0.79 米  路 motor 对调  本机 137 秒
   14  没摔             追住 0/2 趟  平均   3.08 米  落后   4.19 米  最近  2.11 米  正前方  16%  静球到了 1/4 趟  走了  2.18 米  路 orient 对调  本机 108 秒
   15  倒了/没建出来        追住 0/0 趟  平均    nan 米  落后    nan 米  最近   nan 米  正前方   0%  静球到了 0/0 趟  走了   nan 米  路 motor 对调  本机 1 秒
   16  倒了/没建出来        追住 0/0 趟  平均    nan 米  落后    nan 米  最近   nan 米  正前方   0%  静球到了 0/0 趟  走了   nan 米  路 orient  本机 1 秒
   17  倒了/没建出来        追住 0/0 趟  平均    nan 米  落后    nan 米  最近   nan 米  正前方   0%  静球到了 0/0 趟  走了   nan 米  路 motor 对调  本机 1 秒
   18  倒了/没建出来        追住 0/2 趟  平均   4.75 米  落后   6.48 米  最近  1.31 米  正前方  10%  静球到了 0/4 趟  走了  6.70 米  路 motor 对调  本机 107 秒
   19  没摔             追住 0/2 趟  平均   3.00 米  落后   4.25 米  最近  1.27 米  正前方   8%  静球到了 0/4 趟  走了  4.61 米  路 motor 对调  本机 107 秒
   20  没摔             追住 0/2 趟  平均   4.55 米  落后   7.40 米  最近  0.99 米  正前方   8%  静球到了 0/4 趟  走了  5.62 米  路 orient  本机 108 秒
   21  没摔             追住 0/2 趟  平均   4.83 米  落后   7.55 米  最近  1.13 米  正前方   7%  静球到了 0/4 趟  走了  4.34 米  路 motor  本机 108 秒
   22  倒了/没建出来        追住 0/0 趟  平均    nan 米  落后    nan 米  最近   nan 米  正前方   0%  静球到了 0/0 趟  走了   nan 米  路 motor  本机 1 秒
   23  没摔             追住 0/2 趟  平均   2.33 米  落后   3.29 米  最近  1.18 米  正前方  10%  静球到了 1/4 趟  走了  2.89 米  路 motor 对调  本机 130 秒
   24  倒了/没建出来        追住 0/2 趟  平均   2.41 米  落后   3.80 米  最近  0.89 米  正前方  18%  静球到了 3/4 趟  走了  4.22 米  (两边都会)  路 motor 对调  本机 137 秒
   25  倒了/没建出来        追住 0/0 趟  平均    nan 米  落后    nan 米  最近   nan 米  正前方   0%  静球到了 0/0 趟  走了   nan 米  路 motor 对调  本机 1 秒
   26  没摔             追住 0/2 趟  平均   3.33 米  落后   4.59 米  最近  1.29 米  正前方   7%  静球到了 0/4 趟  走了  4.68 米  路 motor 对调  本机 108 秒
   27  倒了/没建出来        追住 0/2 趟  平均   2.14 米  落后   3.29 米  最近  0.59 米  正前方  13%  静球到了 4/4 趟  走了  4.36 米  (两边都会)  路 motor 对调  本机 133 秒
   28  没摔             追住 0/2 趟  平均   5.41 米  落后   8.79 米  最近  0.97 米  正前方   8%  静球到了 1/4 趟  走了  6.86 米  路 motor 对调  本机 108 秒
   29  没摔             追住 0/2 趟  平均   4.13 米  落后   5.68 米  最近  1.54 米  正前方   7%  静球到了 0/4 趟  走了  4.95 米  路 motor  本机 107 秒
  跨代冠军易主：1 代第 30 只  追住 1/2 趟、跑完落后 2.16 米、球在正前方  40% 的时间  没摔
   30  没摔             追住 1/2 趟  平均   1.52 米  落后   2.16 米  最近  0.18 米  正前方  40%  静球到了 3/4 趟  走了  3.96 米  (两边都会)  路 motor 对调  本机 137 秒
   31  倒了/没建出来        追住 0/0 趟  平均    nan 米  落后    nan 米  最近   nan 米  正前方   0%  静球到了 0/0 趟  走了   nan 米  路 motor 对调  本机 1 秒
   32  倒了/没建出来        追住 0/0 趟  平均    nan 米  落后    nan 米  最近   nan 米  正前方   0%  静球到了 0/0 趟  走了   nan 米  路 motor 对调  本机 1 秒
   33  没摔             追住 0/2 趟  平均   4.77 米  落后   6.43 米  最近  1.54 米  正前方   6%  静球到了 0/4 趟  走了  5.30 米  路 motor  本机 107 秒
   34  倒了/没建出来        追住 0/2 趟  平均   4.81 米  落后   6.59 米  最近  1.01 米  正前方  42%  静球到了 0/4 趟  走了  6.62 米  路 motor 对调  本机 107 秒
   35  倒了/没建出来        追住 0/0 趟  平均    nan 米  落后    nan 米  最近   nan 米  正前方   0%  静球到了 0/0 趟  走了   nan 米  路 motor 对调  本机 1 秒
   36  没摔             追住 0/2 趟  平均   2.99 米  落后   3.99 米  最近  2.15 米  正前方  62%  静球到了 0/4 趟  走了  0.75 米  路 motor 对调  本机 107 秒
   37  没摔             追住 0/2 趟  平均   2.62 米  落后   3.76 米  最近  1.07 米  正前方   8%  静球到了 2/4 趟  走了  4.36 米  路 motor 对调  本机 108 秒
   38  倒了/没建出来        追住 0/2 趟  平均   3.58 米  落后   4.86 米  最近  2.37 米  正前方   4%  静球到了 0/4 趟  走了  0.45 米  路 motor  本机 108 秒
   39  没摔             追住 0/2 趟  平均   4.06 米  落后   5.29 米  最近  2.50 米  正前方   3%  静球到了 0/4 趟  走了  0.08 米  路 motor  本机 106 秒
   40  倒了/没建出来        追住 0/2 趟  平均   3.73 米  落后   5.12 米  最近  1.87 米  正前方  12%  静球到了 1/4 趟  走了  3.06 米  路 motor 对调  本机 106 秒
   41  倒了/没建出来        追住 0/0 趟  平均    nan 米  落后    nan 米  最近   nan 米  正前方   0%  静球到了 0/0 趟  走了   nan 米  路 motor 对调  本机 1 秒
   42  倒了/没建出来        追住 0/2 趟  平均   3.83 米  落后   4.84 米  最近  2.48 米  正前方  33%  静球到了 0/4 趟  走了  0.27 米  路 motor 对调  本机 108 秒
   43  倒了/没建出来        追住 0/0 趟  平均    nan 米  落后    nan 米  最近   nan 米  正前方   0%  静球到了 0/0 趟  走了   nan 米  路 motor 对调  本机 1 秒
   44  倒了/没建出来        追住 0/2 趟  平均   3.19 米  落后   4.36 米  最近  2.27 米  正前方  76%  静球到了 0/4 趟  走了  0.60 米  路 motor 对调  本机 109 秒
   45  没摔             追住 0/2 趟  平均   3.53 米  落后   4.86 米  最近  1.36 米  正前方   7%  静球到了 0/4 趟  走了  4.92 米  路 motor 对调  本机 109 秒
   46  倒了/没建出来        追住 0/2 趟  平均   2.87 米  落后   3.97 米  最近  1.77 米  正前方  54%  静球到了 0/4 趟  走了  2.41 米  路 motor 对调  本机 110 秒
   47  没摔             追住 0/2 趟  平均   2.73 米  落后   3.73 米  最近  0.50 米  正前方  52%  静球到了 0/4 趟  走了  1.68 米  路 orient  本机 136 秒
   48  倒了/没建出来        追住 0/0 趟  平均    nan 米  落后    nan 米  最近   nan 米  正前方   0%  静球到了 0/0 趟  走了   nan 米  路 motor 对调  本机 1 秒
   49  倒了/没建出来        追住 0/2 趟  平均   3.97 米  落后   5.21 米  最近  2.44 米  正前方  47%  静球到了 0/4 趟  走了  0.97 米  路 motor 对调  本机 139 秒
   50  没摔             追住 0/2 趟  平均   2.12 米  落后   3.11 米  最近  0.26 米  正前方  12%  静球到了 4/4 趟  走了  4.30 米  (两边都会)  路 orient  本机 136 秒
   51  没摔             追住 0/2 趟  平均   2.84 米  落后   4.05 米  最近  1.32 米  正前方   8%  静球到了 0/4 趟  走了  4.35 米  路 motor 对调  本机 137 秒
   52  倒了/没建出来        追住 0/2 趟  平均   3.12 米  落后   4.19 米  最近  1.90 米  正前方  65%  静球到了 1/4 趟  走了  1.59 米  路 motor 对调  本机 140 秒
   53  倒了/没建出来        追住 0/2 趟  平均   3.77 米  落后   4.99 米  最近  2.50 米  正前方  55%  静球到了 0/4 趟  走了  0.76 米  路 motor 对调  本机 142 秒
   54  没摔             追住 0/2 趟  平均   3.41 米  落后   4.55 米  最近  2.32 米  正前方  51%  静球到了 0/4 趟  走了  0.49 米  路 motor  本机 139 秒
   55  倒了/没建出来        追住 0/2 趟  平均   1.75 米  落后   2.74 米  最近  0.36 米  正前方  51%  静球到了 0/4 趟  走了  2.40 米  路 motor 对调  本机 138 秒
   56  没摔             追住 0/2 趟  平均   1.97 米  落后   3.15 米  最近  0.08 米  正前方  60%  静球到了 2/4 趟  走了  2.49 米  (两边都会)  路 motor 对调  本机 139 秒
   57  没摔             追住 0/2 趟  平均   1.47 米  落后   2.22 米  最近  0.22 米  正前方  22%  静球到了 4/4 趟  走了  3.67 米  (两边都会)  路 motor 对调  本机 139 秒
   58  倒了/没建出来        追住 0/2 趟  平均   3.84 米  落后   5.21 米  最近  0.52 米  正前方  11%  静球到了 2/4 趟  走了  5.25 米  路 motor 对调  本机 138 秒
   59  没摔             追住 0/2 趟  平均   2.10 米  落后   3.08 米  最近  0.05 米  正前方  14%  静球到了 3/4 趟  走了  3.78 米  (两边都会)  路 motor 对调  本机 138 秒
   60  倒了/没建出来        追住 0/0 趟  平均    nan 米  落后    nan 米  最近   nan 米  正前方   0%  静球到了 0/0 趟  走了   nan 米  路 motor 对调  本机 1 秒
   61  没摔             追住 0/2 趟  平均   3.24 米  落后   5.04 米  最近  1.05 米  正前方  15%  静球到了 0/4 趟  走了  1.98 米  路 motor 对调  本机 138 秒
   62  没摔             追住 0/2 趟  平均   2.40 米  落后   3.51 米  最近  0.32 米  正前方  13%  静球到了 3/4 趟  走了  4.18 米  (两边都会)  路 motor 对调  本机 107 秒
   63  倒了/没建出来        追住 0/2 趟  平均   3.93 米  落后   5.40 米  最近  1.09 米  正前方  46%  静球到了 1/4 趟  走了  5.36 米  路 motor 对调  本机 107 秒
   64  倒了/没建出来        追住 0/2 趟  平均   4.32 米  落后   5.53 米  最近  2.47 米  正前方  71%  静球到了 0/4 趟  走了  0.79 米  路 motor 对调  本机 108 秒
   65  没摔             追住 0/2 趟  平均   3.94 米  落后   5.19 米  最近  2.50 米  正前方  13%  静球到了 0/4 趟  走了  0.72 米  路 motor  本机 109 秒
   66  没摔             追住 0/2 趟  平均   3.76 米  落后   4.95 米  最近  2.49 米  正前方  98%  静球到了 0/4 趟  走了  0.08 米  路 motor 对调  本机 107 秒
   67  没摔             追住 0/2 趟  平均   2.38 米  落后   3.29 米  最近  0.29 米  正前方  15%  静球到了 2/4 趟  走了  3.19 米  路 motor 对调  本机 107 秒
   68  倒了/没建出来        追住 0/2 趟  平均   2.12 米  落后   2.90 米  最近  1.07 米  正前方  44%  静球到了 2/4 趟  走了  2.83 米  (两边都会)  路 motor 对调  本机 108 秒
   69  没摔             追住 0/2 趟  平均   3.55 米  落后   5.31 米  最近  1.91 米  正前方   6%  静球到了 0/4 趟  走了  2.89 米  路 orient 对调  本机 107 秒
   70  倒了/没建出来        追住 0/0 趟  平均    nan 米  落后    nan 米  最近   nan 米  正前方   0%  静球到了 0/0 趟  走了   nan 米  路 motor 对调  本机 1 秒
   71  倒了/没建出来        追住 0/2 趟  平均   2.77 米  落后   4.00 米  最近  1.22 米  正前方  10%  静球到了 1/4 趟  走了  3.59 米  路 motor 对调  本机 111 秒
   72  倒了/没建出来        追住 0/2 趟  平均   3.70 米  落后   4.96 米  最近  2.36 米  正前方   8%  静球到了 0/4 趟  走了  0.84 米  路 motor 对调  本机 108 秒
   73  没摔             追住 0/2 趟  平均   2.73 米  落后   3.81 米  最近  1.63 米  正前方   9%  静球到了 0/4 趟  走了  2.81 米  路 orient 对调  本机 109 秒
   74  倒了/没建出来        追住 0/2 趟  平均   3.60 米  落后   4.83 米  最近  2.50 米  正前方   3%  静球到了 0/4 趟  走了  0.76 米  路 orient 对调  本机 135 秒
   75  倒了/没建出来        追住 0/2 趟  平均   3.88 米  落后   5.30 米  最近  1.08 米  正前方  10%  静球到了 1/4 趟  走了  5.07 米  路 orient 对调  本机 133 秒
   76  倒了/没建出来        追住 0/2 趟  平均   3.21 米  落后   4.67 米  最近  2.16 米  正前方  42%  静球到了 0/4 趟  走了  2.00 米  路 motor 对调  本机 134 秒
   77  倒了/没建出来        追住 0/0 趟  平均    nan 米  落后    nan 米  最近   nan 米  正前方   0%  静球到了 0/0 趟  走了   nan 米  路 orient 对调  本机 2 秒
   78  倒了/没建出来        追住 0/0 趟  平均    nan 米  落后    nan 米  最近   nan 米  正前方   0%  静球到了 0/0 趟  走了   nan 米  路 motor 对调  本机 1 秒
   79  没摔             追住 0/2 趟  平均   3.17 米  落后   4.39 米  最近  1.36 米  正前方   9%  静球到了 0/4 趟  走了  4.57 米  路 orient 对调  本机 136 秒
   80  没摔             追住 0/2 趟  平均   3.08 米  落后   4.31 米  最近  1.23 米  正前方   9%  静球到了 0/4 趟  走了  4.31 米  路 motor 对调  本机 132 秒
   81  没摔             追住 0/2 趟  平均   1.74 米  落后   2.68 米  最近  0.41 米  正前方  16%  静球到了 4/4 趟  走了  4.05 米  (两边都会)  路 motor 对调  本机 134 秒
   82  没摔             追住 0/2 趟  平均   2.22 米  落后   2.65 米  最近  1.62 米  正前方  99%  静球到了 0/4 趟  走了  1.40 米  路 motor 对调  本机 137 秒
   83  倒了/没建出来        追住 0/0 趟  平均    nan 米  落后    nan 米  最近   nan 米  正前方   0%  静球到了 0/0 趟  走了   nan 米  路 motor 对调  本机 1 秒
   84  倒了/没建出来        追住 0/0 趟  平均    nan 米  落后    nan 米  最近   nan 米  正前方   0%  静球到了 0/0 趟  走了   nan 米  路 orient 对调  本机 2 秒
   85  倒了/没建出来        追住 0/2 趟  平均   3.78 米  落后   5.33 米  最近  0.93 米  正前方  41%  静球到了 2/4 趟  走了  6.05 米  路 motor 对调  本机 136 秒
   86  倒了/没建出来        追住 0/0 趟  平均    nan 米  落后    nan 米  最近   nan 米  正前方   0%  静球到了 0/0 趟  走了   nan 米  路 motor 对调  本机 0 秒
   87  倒了/没建出来        追住 0/2 趟  平均   3.35 米  落后   4.45 米  最近  2.28 米  正前方  34%  静球到了 0/4 趟  走了  0.72 米  路 motor 对调  本机 138 秒
   88  没摔             追住 0/2 趟  平均   3.43 米  落后   4.78 米  最近  1.25 米  正前方   8%  静球到了 0/4 趟  走了  4.84 米  路 orient 对调  本机 135 秒
   89  倒了/没建出来        追住 0/0 趟  平均    nan 米  落后    nan 米  最近   nan 米  正前方   0%  静球到了 0/0 趟  走了   nan 米  路 motor 对调  本机 2 秒
   90  倒了/没建出来        追住 0/2 趟  平均   4.82 米  落后   7.00 米  最近  2.48 米  正前方   4%  静球到了 0/4 趟  走了  3.04 米  路 motor  本机 137 秒
   91  没摔             追住 0/2 趟  平均   1.69 米  落后   2.30 米  最近  0.77 米  正前方  25%  静球到了 2/4 趟  走了  2.97 米  (两边都会)  路 motor 对调  本机 137 秒
   92  倒了/没建出来        追住 0/2 趟  平均   1.97 米  落后   2.95 米  最近  0.54 米  正前方  51%  静球到了 3/4 趟  走了  4.05 米  (两边都会)  路 motor 对调  本机 138 秒
  跨代冠军易主：1 代第 93 只  追住 1/2 趟、跑完落后 2.24 米、球在正前方  43% 的时间  没摔
   93  没摔             追住 1/2 趟  平均   1.43 米  落后   2.24 米  最近  0.09 米  正前方  43%  静球到了 2/4 趟  走了  2.70 米  (两边都会)  路 motor 对调  本机 107 秒
   94  没摔             追住 0/2 趟  平均   3.72 米  落后   5.16 米  最近  1.79 米  正前方   6%  静球到了 0/4 趟  走了  3.90 米  路 orient 对调  本机 104 秒
   95  倒了/没建出来        追住 0/0 趟  平均    nan 米  落后    nan 米  最近   nan 米  正前方   0%  静球到了 0/0 趟  走了   nan 米  路 motor  本机 2 秒
   96  没摔             追住 0/2 趟  平均   3.34 米  落后   4.82 米  最近  1.01 米  正前方   9%  静球到了 1/4 趟  走了  5.52 米  路 motor 对调  本机 107 秒
   97  没摔             追住 0/2 趟  平均   2.31 米  落后   4.33 米  最近  0.27 米  正前方  15%  静球到了 2/4 趟  走了  3.66 米  路 motor 对调  本机 109 秒
   98  没摔             追住 0/2 趟  平均   4.26 米  落后   7.32 米  最近  1.18 米  正前方   8%  静球到了 0/4 趟  走了  5.62 米  路 motor 对调  本机 108 秒
   99  没摔             追住 0/2 趟  平均   2.96 米  落后   4.22 米  最近  0.54 米  正前方   9%  静球到了 3/4 趟  走了  4.98 米  (两边都会)  路 motor 对调  本机 108 秒
  100  倒了/没建出来        追住 0/0 趟  平均    nan 米  落后    nan 米  最近   nan 米  正前方   0%  静球到了 0/0 趟  走了   nan 米  路 motor 对调  本机 1 秒
  101  没摔             追住 0/2 趟  平均   2.86 米  落后   4.02 米  最近  0.99 米  正前方   9%  静球到了 4/4 趟  走了  4.16 米  (两边都会)  路 motor 对调  本机 107 秒
  102  没摔             追住 0/2 趟  平均   3.48 米  落后   4.52 米  最近  2.20 米  正前方   3%  静球到了 0/4 趟  走了  3.25 米  路 motor  本机 108 秒
  103  没摔             追住 0/2 趟  平均   1.87 米  落后   2.83 米  最近  0.18 米  正前方  14%  静球到了 4/4 趟  走了  4.18 米  (两边都会)  路 motor 对调  本机 108 秒
  104  倒了/没建出来        追住 0/0 趟  平均    nan 米  落后    nan 米  最近   nan 米  正前方   0%  静球到了 0/0 趟  走了   nan 米  路 motor 对调  本机 1 秒
  105  倒了/没建出来        追住 0/2 趟  平均   4.06 米  落后   5.54 米  最近  1.30 米  正前方   8%  静球到了 0/4 趟  走了  3.16 米  路 motor 对调  本机 108 秒
  106  没摔             追住 0/2 趟  平均   3.89 米  落后   5.12 米  最近  2.50 米  正前方  62%  静球到了 0/4 趟  走了  0.17 米  路 motor  本机 110 秒
  107  没摔             追住 0/2 趟  平均   3.25 米  落后   4.48 米  最近  1.51 米  正前方   8%  静球到了 0/4 趟  走了  4.14 米  路 orient 对调  本机 132 秒
  108  倒了/没建出来        追住 0/0 趟  平均    nan 米  落后    nan 米  最近   nan 米  正前方   0%  静球到了 0/0 趟  走了   nan 米  路 orient  本机 1 秒
  109  没摔             追住 0/2 趟  平均   3.64 米  落后   4.83 米  最近  2.47 米  正前方 100%  静球到了 0/4 趟  走了  0.13 米  路 motor 对调  本机 138 秒
  110  没摔             追住 0/2 趟  平均   2.26 米  落后   3.32 米  最近  0.94 米  正前方   9%  静球到了 2/4 趟  走了  4.38 米  路 motor 对调  本机 134 秒
  111  倒了/没建出来        追住 0/2 趟  平均   4.64 米  落后   6.02 米  最近  2.47 米  正前方  44%  静球到了 0/4 趟  走了  0.74 米  路 motor  本机 139 秒
  112  没摔             追住 0/2 趟  平均   3.98 米  落后   5.41 米  最近  1.71 米  正前方   6%  静球到了 0/4 趟  走了  4.50 米  路 orient 对调  本机 136 秒
  113  倒了/没建出来        追住 0/2 趟  平均   3.84 米  落后   5.10 米  最近  0.71 米  正前方  68%  静球到了 0/4 趟  走了  6.19 米  路 motor 对调  本机 133 秒
  114  没摔             追住 0/2 趟  平均   3.46 米  落后   4.82 米  最近  1.36 米  正前方   7%  静球到了 0/4 趟  走了  4.62 米  路 motor  本机 136 秒
  115  没摔             追住 0/2 趟  平均   3.54 米  落后   4.78 米  最近  2.15 米  正前方   9%  静球到了 0/4 趟  走了  1.59 米  路 motor  本机 139 秒
  116  倒了/没建出来        追住 0/0 趟  平均    nan 米  落后    nan 米  最近   nan 米  正前方   0%  静球到了 0/0 趟  走了   nan 米  路 motor  本机 1 秒
  117  没摔             追住 0/2 趟  平均   4.12 米  落后   5.67 米  最近  1.66 米  正前方   7%  静球到了 0/4 趟  走了  5.29 米  路 orient 对调  本机 136 秒
  118  倒了/没建出来        追住 0/0 趟  平均    nan 米  落后    nan 米  最近   nan 米  正前方   0%  静球到了 0/0 趟  走了   nan 米  路 motor 对调  本机 1 秒
  119  倒了/没建出来        追住 0/2 趟  平均   4.33 米  落后   5.70 米  最近  2.50 米  正前方  16%  静球到了 0/4 趟  走了  0.38 米  路 motor  本机 134 秒
  120  倒了/没建出来        追住 0/2 趟  平均   3.03 米  落后   4.33 米  最近  0.75 米  正前方  10%  静球到了 1/4 趟  走了  5.14 米  路 motor 对调  本机 137 秒
  121  没摔             追住 0/2 趟  平均   2.47 米  落后   3.60 米  最近  0.75 米  正前方   9%  静球到了 4/4 趟  走了  4.61 米  (两边都会)  路 motor 对调  本机 136 秒
  122  没摔             追住 0/2 趟  平均   1.34 米  落后   1.96 米  最近  0.40 米  正前方  26%  静球到了 4/4 趟  走了  3.26 米  (两边都会)  路 motor 对调  本机 140 秒
  123  倒了/没建出来        追住 0/2 趟  平均   2.89 米  落后   3.93 米  最近  1.90 米  正前方  51%  静球到了 0/4 趟  走了  1.14 米  路 motor 对调  本机 107 秒
  124  倒了/没建出来        追住 0/2 趟  平均   3.30 米  落后   4.43 米  最近  2.30 米  正前方  52%  静球到了 0/4 趟  走了  0.91 米  路 motor 对调  本机 108 秒
  125  没摔             追住 0/2 趟  平均   3.60 米  落后   5.42 米  最近  1.38 米  正前方  11%  静球到了 0/4 趟  走了  4.14 米  路 motor 对调  本机 107 秒
  126  没摔             追住 0/2 趟  平均   5.37 米  落后   8.42 米  最近  1.92 米  正前方   4%  静球到了 0/4 趟  走了  4.95 米  路 orient 对调  本机 109 秒
  127  没摔             追住 0/2 趟  平均   2.03 米  落后   3.04 米  最近  0.40 米  正前方  13%  静球到了 4/4 趟  走了  4.45 米  (两边都会)  路 orient  本机 108 秒
  128  没摔             追住 0/2 趟  平均   1.66 米  落后   2.48 米  最近  0.03 米  正前方  16%  静球到了 2/4 趟  走了  2.97 米  路 motor 对调  本机 108 秒
  129  倒了/没建出来        追住 0/0 趟  平均    nan 米  落后    nan 米  最近   nan 米  正前方   0%  静球到了 0/0 趟  走了   nan 米  路 motor 对调  本机 1 秒
  130  没摔             追住 0/2 趟  平均   2.33 米  落后   3.42 米  最近  0.87 米  正前方  35%  静球到了 1/4 趟  走了  2.03 米  路 motor 对调  本机 106 秒
  131  没摔             追住 0/2 趟  平均   3.27 米  落后   4.85 米  最近  1.74 米  正前方   6%  静球到了 0/4 趟  走了  3.65 米  路 motor  本机 108 秒
  132  没摔             追住 0/2 趟  平均   2.86 米  落后   4.14 米  最近  0.87 米  正前方   9%  静球到了 1/4 趟  走了  4.83 米  路 motor 对调  本机 108 秒
  133  没摔             追住 0/2 趟  平均   1.95 米  落后   3.33 米  最近  0.07 米  正前方  13%  静球到了 2/4 趟  走了  2.98 米  路 motor 对调  本机 109 秒
  134  倒了/没建出来        追住 0/0 趟  平均    nan 米  落后    nan 米  最近   nan 米  正前方   0%  静球到了 0/0 趟  走了   nan 米  路 motor 对调  本机 1 秒
  135  没摔             追住 0/2 趟  平均   4.24 米  落后   7.06 米  最近  0.43 米  正前方   9%  静球到了 2/4 趟  走了  5.46 米  路 motor 对调  本机 110 秒
  136  没摔             追住 0/2 趟  平均   2.64 米  落后   3.69 米  最近  1.37 米  正前方  56%  静球到了 1/4 趟  走了  1.62 米  路 orient  本机 106 秒
  137  倒了/没建出来        追住 0/0 趟  平均    nan 米  落后    nan 米  最近   nan 米  正前方   0%  静球到了 0/0 趟  走了   nan 米  路 motor 对调  本机 2 秒
  138  倒了/没建出来        追住 0/0 趟  平均    nan 米  落后    nan 米  最近   nan 米  正前方   0%  静球到了 0/0 趟  走了   nan 米  路 motor 对调  本机 1 秒
  139  倒了/没建出来        追住 0/2 趟  平均   3.14 米  落后   4.41 米  最近  1.45 米  正前方   8%  静球到了 0/4 趟  走了  4.31 米  路 orient 对调  本机 133 秒
  140  没摔             追住 0/2 趟  平均   2.67 米  落后   3.74 米  最近  1.74 米  正前方   5%  静球到了 0/4 趟  走了  2.45 米  路 motor  本机 107 秒
  141  倒了/没建出来        追住 0/2 趟  平均   2.06 米  落后   2.81 米  最近  1.07 米  正前方  53%  静球到了 0/4 趟  走了  1.51 米  路 motor 对调  本机 105 秒
  142  倒了/没建出来        追住 0/0 趟  平均    nan 米  落后    nan 米  最近   nan 米  正前方   0%  静球到了 0/0 趟  走了   nan 米  路 orient 对调  本机 2 秒
  143  没摔             追住 0/2 趟  平均   2.30 米  落后   3.37 米  最近  0.99 米  正前方   9%  静球到了 2/4 趟  走了  4.37 米  路 motor 对调  本机 107 秒
  144  没摔             追住 0/2 趟  平均   3.67 米  落后   4.87 米  最近  2.50 米  正前方 100%  静球到了 0/4 趟  走了  0.11 米  路 motor 对调  本机 110 秒
  145  没摔             追住 0/2 趟  平均   4.03 米  落后   5.50 米  最近  1.94 米  正前方   5%  静球到了 0/4 趟  走了  4.39 米  路 orient 对调  本机 107 秒
  146  倒了/没建出来        追住 0/0 趟  平均    nan 米  落后    nan 米  最近   nan 米  正前方   0%  静球到了 0/0 趟  走了   nan 米  路 motor 对调  本机 1 秒
  147  没摔             追住 0/2 趟  平均   1.91 米  落后   2.95 米  最近  0.13 米  正前方  20%  静球到了 4/4 趟  走了  4.05 米  (两边都会)  路 motor 对调  本机 136 秒
  148  没摔             追住 0/2 趟  平均   3.70 米  落后   5.11 米  最近  2.48 米  正前方   2%  静球到了 0/4 趟  走了  1.74 米  路 orient 对调  本机 106 秒
  149  没摔             追住 0/2 趟  平均   2.16 米  落后   3.06 米  最近  1.13 米  正前方  15%  静球到了 2/4 趟  走了  3.45 米  (两边都会)  路 motor 对调  本机 108 秒
  150  没摔             追住 0/2 趟  平均   4.06 米  落后   5.15 米  最近  2.50 米  正前方   6%  静球到了 0/4 趟  走了  0.30 米  路 motor  本机 107 秒
  151  倒了/没建出来        追住 0/2 趟  平均   3.68 米  落后   5.22 米  最近  2.50 米  正前方  34%  静球到了 0/4 趟  走了  0.43 米  路 motor 对调  本机 136 秒
  152  倒了/没建出来        追住 0/0 趟  平均    nan 米  落后    nan 米  最近   nan 米  正前方   0%  静球到了 0/0 趟  走了   nan 米  路 motor 对调  本机 1 秒
  153  没摔             追住 0/2 趟  平均   2.94 米  落后   4.26 米  最近  1.50 米  正前方   9%  静球到了 0/4 趟  走了  2.62 米  路 orient 对调  本机 138 秒
  154  倒了/没建出来        追住 0/2 趟  平均   4.27 米  落后   5.67 米  最近  2.48 米  正前方  16%  静球到了 0/4 趟  走了  0.45 米  路 orient 对调  本机 138 秒
  155  倒了/没建出来        追住 0/0 趟  平均    nan 米  落后    nan 米  最近   nan 米  正前方   0%  静球到了 0/0 趟  走了   nan 米  路 motor 对调  本机 1 秒
  156  倒了/没建出来        追住 0/2 趟  平均   3.50 米  落后   4.63 米  最近  2.36 米  正前方  12%  静球到了 0/4 趟  走了  0.63 米  路 motor 对调  本机 138 秒
  157  没摔             追住 0/2 趟  平均   2.48 米  落后   4.53 米  最近  0.37 米  正前方  11%  静球到了 4/4 趟  走了  4.48 米  (两边都会)  路 motor 对调  本机 109 秒
  158  没摔             追住 0/2 趟  平均   4.39 米  落后   7.24 米  最近  1.19 米  正前方   7%  静球到了 0/4 趟  走了  5.34 米  路 motor 对调  本机 138 秒
  跨代冠军易主：1 代第 159 只  追住 1/2 趟、跑完落后 1.70 米、球在正前方  49% 的时间  没摔
  159  没摔             追住 1/2 趟  平均   1.35 米  落后   1.70 米  最近  0.18 米  正前方  49%  静球到了 2/4 趟  走了  2.86 米  (两边都会)  路 motor 对调  本机 135 秒
  160  倒了/没建出来        追住 0/0 趟  平均    nan 米  落后    nan 米  最近   nan 米  正前方   0%  静球到了 0/0 趟  走了   nan 米  路 motor 对调  本机 1 秒
  161  没摔             追住 0/2 趟  平均   2.49 米  落后   3.59 米  最近  0.32 米  正前方  17%  静球到了 1/4 趟  走了  1.72 米  路 motor 对调  本机 108 秒
  162  没摔             追住 0/2 趟  平均   1.88 米  落后   2.44 米  最近  0.91 米  正前方  76%  静球到了 2/4 趟  走了  2.42 米  (两边都会)  路 motor 对调  本机 137 秒
  163  没摔             追住 0/2 趟  平均   4.34 米  落后   5.99 米  最近  2.46 米  正前方   6%  静球到了 0/4 趟  走了  0.69 米  路 orient 对调  本机 136 秒
  164  倒了/没建出来        追住 0/2 趟  平均   3.14 米  落后   4.79 米  最近  1.71 米  正前方  31%  静球到了 0/4 趟  走了  1.79 米  路 orient 对调  本机 134 秒
  165  没摔             追住 0/2 趟  平均   3.12 米  落后   5.87 米  最近  0.55 米  正前方  11%  静球到了 2/4 趟  走了  4.62 米  (两边都会)  路 motor 对调  本机 137 秒
  166  没摔             追住 0/2 趟  平均   2.60 米  落后   3.33 米  最近  1.23 米  正前方  19%  静球到了 1/4 趟  走了  2.08 米  路 motor 对调  本机 138 秒
  167  倒了/没建出来        追住 0/2 趟  平均   4.36 米  落后   5.47 米  最近  2.48 米  正前方   8%  静球到了 0/4 趟  走了  0.65 米  路 motor 对调  本机 109 秒
  168  倒了/没建出来        追住 0/2 趟  平均   3.66 米  落后   4.99 米  最近  2.35 米  正前方  13%  静球到了 0/4 趟  走了  0.96 米  路 motor 对调  本机 106 秒
  169  没摔             追住 0/2 趟  平均   3.16 米  落后   4.52 米  最近  1.15 米  正前方   8%  静球到了 0/4 趟  走了  5.21 米  路 motor 对调  本机 106 秒
  170  没摔             追住 0/2 趟  平均   3.00 米  落后   4.10 米  最近  1.71 米  正前方   4%  静球到了 0/4 趟  走了  2.56 米  路 motor  本机 106 秒
  171  倒了/没建出来        追住 0/2 趟  平均   3.17 米  落后   4.62 米  最近  1.23 米  正前方  36%  静球到了 1/4 趟  走了  4.71 米  路 motor 对调  本机 107 秒
  172  倒了/没建出来        追住 0/2 趟  平均   4.78 米  落后   6.51 米  最近  1.25 米  正前方  15%  静球到了 0/4 趟  走了  6.70 米  路 motor 对调  本机 105 秒
  173  倒了/没建出来        追住 0/0 趟  平均    nan 米  落后    nan 米  最近   nan 米  正前方   0%  静球到了 0/0 趟  走了   nan 米  路 motor 对调  本机 1 秒
  174  倒了/没建出来        追住 0/0 趟  平均    nan 米  落后    nan 米  最近   nan 米  正前方   0%  静球到了 0/0 趟  走了   nan 米  路 motor  本机 1 秒
  175  没摔             追住 0/2 趟  平均   3.57 米  落后   6.34 米  最近  0.21 米  正前方  11%  静球到了 4/4 趟  走了  5.05 米  (两边都会)  路 motor 对调  本机 106 秒
  176  没摔             追住 0/2 趟  平均   2.69 米  落后   3.29 米  最近  2.12 米  正前方  87%  静球到了 0/4 趟  走了  1.21 米  路 motor 对调  本机 106 秒
  177  没摔             追住 0/2 趟  平均   3.10 米  落后   4.39 米  最近  1.18 米  正前方   8%  静球到了 0/4 趟  走了  4.92 米  路 motor 对调  本机 105 秒
  178  倒了/没建出来        追住 0/2 趟  平均   2.17 米  落后   3.13 米  最近  0.94 米  正前方  15%  静球到了 4/4 趟  走了  4.21 米  (两边都会)  路 motor 对调  本机 108 秒
  179  倒了/没建出来        追住 0/2 趟  平均   3.49 米  落后   4.82 米  最近  2.43 米  正前方  86%  静球到了 0/4 趟  走了  0.30 米  路 motor 对调  本机 109 秒
  180  倒了/没建出来        追住 0/0 趟  平均    nan 米  落后    nan 米  最近   nan 米  正前方   0%  静球到了 0/0 趟  走了   nan 米  路 motor 对调  本机 1 秒
  181  倒了/没建出来        追住 0/2 趟  平均   4.00 米  落后   5.24 米  最近  2.48 米  正前方  81%  静球到了 0/4 趟  走了  0.40 米  路 motor 对调  本机 133 秒
  182  没摔             追住 0/2 趟  平均   2.71 米  落后   3.96 米  最近  1.01 米  正前方   9%  静球到了 3/4 趟  走了  4.68 米  (两边都会)  路 motor 对调  本机 131 秒
  183  倒了/没建出来        追住 0/0 趟  平均    nan 米  落后    nan 米  最近   nan 米  正前方   0%  静球到了 0/0 趟  走了   nan 米  路 motor 对调  本机 2 秒
  184  没摔             追住 0/2 趟  平均   2.13 米  落后   3.45 米  最近  0.55 米  正前方  13%  静球到了 4/4 趟  走了  4.20 米  (两边都会)  路 motor 对调  本机 135 秒
  185  倒了/没建出来        追住 0/2 趟  平均   3.98 米  落后   5.49 米  最近  1.41 米  正前方  40%  静球到了 2/4 趟  走了  5.88 米  (两边都会)  路 orient 对调  本机 137 秒
  186  没摔             追住 0/2 趟  平均   3.72 米  落后   4.94 米  最近  2.50 米  正前方 100%  静球到了 0/4 趟  走了  0.12 米  路 motor 对调  本机 136 秒
  187  没摔             追住 0/2 趟  平均   2.61 米  落后   3.71 米  最近  0.99 米  正前方   9%  静球到了 2/4 趟  走了  4.28 米  路 motor 对调  本机 135 秒
  188  没摔             追住 0/2 趟  平均   1.73 米  落后   2.71 米  最近  0.04 米  正前方  24%  静球到了 4/4 趟  走了  4.02 米  (两边都会)  路 motor 对调  本机 134 秒
  189  倒了/没建出来        追住 0/0 趟  平均    nan 米  落后    nan 米  最近   nan 米  正前方   0%  静球到了 0/0 趟  走了   nan 米  路 motor 对调  本机 1 秒
  190  没摔             追住 0/2 趟  平均   2.26 米  落后   3.20 米  最近  1.07 米  正前方  10%  静球到了 2/4 趟  走了  3.71 米  路 motor 对调  本机 134 秒
  191  没摔             追住 0/2 趟  平均   3.58 米  落后   4.71 米  最近  2.49 米  正前方 100%  静球到了 0/4 趟  走了  0.16 米  路 motor 对调  本机 139 秒
  192  倒了/没建出来        追住 0/0 趟  平均    nan 米  落后    nan 米  最近   nan 米  正前方   0%  静球到了 0/0 趟  走了   nan 米  路 motor 对调  本机 1 秒
  193  倒了/没建出来        追住 0/2 趟  平均   4.37 米  落后   5.84 米  最近  2.47 米  正前方   5%  静球到了 0/4 趟  走了  0.42 米  路 motor 对调  本机 137 秒
  194  倒了/没建出来        追住 0/0 趟  平均    nan 米  落后    nan 米  最近   nan 米  正前方   0%  静球到了 0/0 趟  走了   nan 米  路 motor  本机 1 秒
  195  没摔             追住 1/2 趟  平均   1.42 米  落后   2.02 米  最近  0.23 米  正前方  18%  静球到了 3/4 趟  走了  3.28 米  (两边都会)  路 motor 对调  本机 134 秒
  196  没摔             追住 0/2 趟  平均   1.65 米  落后   2.51 米  最近  0.22 米  正前方  22%  静球到了 3/4 趟  走了  3.27 米  (两边都会)  路 motor 对调  本机 141 秒
  197  倒了/没建出来        追住 0/0 趟  平均    nan 米  落后    nan 米  最近   nan 米  正前方   0%  静球到了 0/0 趟  走了   nan 米  路 motor 对调  本机 1 秒
  198  没摔             追住 0/2 趟  平均   2.21 米  落后   3.89 米  最近  0.07 米  正前方  12%  静球到了 3/4 趟  走了  3.60 米  (两边都会)  路 motor 对调  本机 138 秒
  199  倒了/没建出来        追住 0/0 趟  平均    nan 米  落后    nan 米  最近   nan 米  正前方   0%  静球到了 0/0 趟  走了   nan 米  路 motor 对调  本机 1 秒
  200  倒了/没建出来        追住 0/2 趟  平均   3.65 米  落后   4.78 米  最近  2.45 米  正前方  52%  静球到了 0/4 趟  走了  0.75 米  路 motor 对调  本机 107 秒
  201  没摔             追住 0/2 趟  平均   2.12 米  落后   4.16 米  最近  0.14 米  正前方  20%  静球到了 4/4 趟  走了  3.79 米  (两边都会)  路 motor 对调  本机 106 秒
  202  没摔             追住 0/2 趟  平均   4.73 米  落后   7.73 米  最近  1.06 米  正前方   7%  静球到了 0/4 趟  走了  5.61 米  路 orient 对调  本机 106 秒
  203  没摔             追住 0/2 趟  平均   1.95 米  落后   3.06 米  最近  0.13 米  正前方  20%  静球到了 4/4 趟  走了  3.84 米  (两边都会)  路 motor 对调  本机 107 秒
  204  倒了/没建出来        追住 0/2 趟  平均   2.03 米  落后   3.04 米  最近  0.61 米  正前方  10%  静球到了 1/4 趟  走了  4.21 米  路 motor 对调  本机 107 秒
  205  倒了/没建出来        追住 0/2 趟  平均   3.25 米  落后   5.37 米  最近  0.96 米  正前方  12%  静球到了 0/4 趟  走了  2.03 米  路 motor 对调  本机 107 秒
  206  倒了/没建出来        追住 0/0 趟  平均    nan 米  落后    nan 米  最近   nan 米  正前方   0%  静球到了 0/0 趟  走了   nan 米  路 motor 对调  本机 1 秒
  207  倒了/没建出来        追住 0/0 趟  平均    nan 米  落后    nan 米  最近   nan 米  正前方   0%  静球到了 0/0 趟  走了   nan 米  路 orient 对调  本机 0 秒
  208  倒了/没建出来        追住 0/0 趟  平均    nan 米  落后    nan 米  最近   nan 米  正前方   0%  静球到了 0/0 趟  走了   nan 米  路 motor 对调  本机 1 秒
  209  倒了/没建出来        追住 0/0 趟  平均    nan 米  落后    nan 米  最近   nan 米  正前方   0%  静球到了 0/0 趟  走了   nan 米  路 motor 对调  本机 1 秒
  210  倒了/没建出来        追住 0/0 趟  平均    nan 米  落后    nan 米  最近   nan 米  正前方   0%  静球到了 0/0 趟  走了   nan 米  路 motor 对调  本机 0 秒
  211  倒了/没建出来        追住 0/2 趟  平均   4.94 米  落后   6.73 米  最近  1.05 米  正前方  26%  静球到了 0/4 趟  走了  6.56 米  路 motor  本机 107 秒
  212  倒了/没建出来        追住 0/0 趟  平均    nan 米  落后    nan 米  最近   nan 米  正前方   0%  静球到了 0/0 趟  走了   nan 米  路 motor 对调  本机 1 秒
  213  没摔             追住 1/2 趟  平均   1.59 米  落后   1.95 米  最近  0.37 米  正前方  56%  静球到了 3/4 趟  走了  3.14 米  (两边都会)  路 motor 对调  本机 108 秒
  214  没摔             追住 0/2 趟  平均   4.61 米  落后   7.57 米  最近  1.24 米  正前方   7%  静球到了 0/4 趟  走了  5.52 米  路 orient 对调  本机 106 秒
  215  没摔             追住 0/2 趟  平均   3.37 米  落后   4.62 米  最近  1.95 米  正前方   6%  静球到了 0/4 趟  走了  3.38 米  路 orient 对调  本机 109 秒
  216  没摔             追住 0/2 趟  平均   3.39 米  落后   4.59 米  最近  2.46 米  正前方  52%  静球到了 0/4 趟  走了  0.74 米  路 motor  本机 108 秒
  217  没摔             追住 0/2 趟  平均   3.90 米  落后   5.16 米  最近  2.49 米  正前方  48%  静球到了 0/4 趟  走了  0.08 米  路 motor 对调  本机 132 秒
  218  倒了/没建出来        追住 0/0 趟  平均    nan 米  落后    nan 米  最近   nan 米  正前方   0%  静球到了 0/0 趟  走了   nan 米  路 motor 对调  本机 1 秒
  219  没摔             追住 0/2 趟  平均   3.47 米  落后   4.52 米  最近  2.49 米  正前方  99%  静球到了 0/4 趟  走了  0.35 米  路 motor 对调  本机 133 秒
  220  没摔             追住 0/2 趟  平均   3.77 米  落后   4.88 米  最近  2.50 米  正前方  98%  静球到了 0/4 趟  走了  0.09 米  路 motor 对调  本机 133 秒
  221  倒了/没建出来        追住 0/2 趟  平均   5.04 米  落后   6.64 米  最近  1.85 米  正前方  42%  静球到了 1/4 趟  走了  5.90 米  路 motor 对调  本机 138 秒
  222  倒了/没建出来        追住 0/2 趟  平均   3.55 米  落后   5.28 米  最近  2.23 米  正前方   7%  静球到了 0/4 趟  走了  1.60 米  路 motor  本机 135 秒
  223  倒了/没建出来        追住 0/0 趟  平均    nan 米  落后    nan 米  最近   nan 米  正前方   0%  静球到了 0/0 趟  走了   nan 米  路 motor 对调  本机 2 秒
  224  倒了/没建出来        追住 0/2 趟  平均   4.50 米  落后   6.10 米  最近  1.40 米  正前方  31%  静球到了 0/4 趟  走了  6.49 米  路 motor 对调  本机 137 秒
  225  没摔             追住 0/2 趟  平均   3.14 米  落后   4.43 米  最近  0.95 米  正前方   8%  静球到了 1/4 趟  走了  4.06 米  路 motor 对调  本机 133 秒
  226  倒了/没建出来        追住 0/0 趟  平均    nan 米  落后    nan 米  最近   nan 米  正前方   0%  静球到了 0/0 趟  走了   nan 米  路 motor 对调  本机 1 秒
  227  没摔             追住 0/2 趟  平均   3.59 米  落后   4.67 米  最近  2.49 米  正前方  94%  静球到了 0/4 趟  走了  0.11 米  路 motor 对调  本机 140 秒
  228  没摔             追住 0/2 趟  平均   2.65 米  落后   3.66 米  最近  1.47 米  正前方  12%  静球到了 1/4 趟  走了  1.96 米  路 orient 对调  本机 136 秒
  229  没摔             追住 0/2 趟  平均   4.18 米  落后   5.84 米  最近  1.09 米  正前方   7%  静球到了 0/4 趟  走了  5.69 米  路 orient 对调  本机 136 秒
  230  没摔             追住 0/2 趟  平均   2.78 米  落后   3.99 米  最近  1.14 米  正前方   9%  静球到了 0/4 趟  走了  4.39 米  路 motor 对调  本机 135 秒
  231  倒了/没建出来        追住 0/2 趟  平均   3.82 米  落后   5.01 米  最近  2.46 米  正前方  94%  静球到了 0/4 趟  走了  0.87 米  路 motor 对调  本机 137 秒
  232  倒了/没建出来        追住 0/0 趟  平均    nan 米  落后    nan 米  最近   nan 米  正前方   0%  静球到了 0/0 趟  走了   nan 米  路 motor 对调  本机 1 秒
  233  倒了/没建出来        追住 0/0 趟  平均    nan 米  落后    nan 米  最近   nan 米  正前方   0%  静球到了 0/0 趟  走了   nan 米  路 motor 对调  本机 1 秒
  234  倒了/没建出来        追住 0/0 趟  平均    nan 米  落后    nan 米  最近   nan 米  正前方   0%  静球到了 0/0 趟  走了   nan 米  路 motor 对调  本机 1 秒
  235  没摔             追住 0/2 趟  平均   4.58 米  落后   6.80 米  最近  1.91 米  正前方   3%  静球到了 0/4 趟  走了  3.21 米  路 motor  本机 137 秒
  236  倒了/没建出来        追住 0/0 趟  平均    nan 米  落后    nan 米  最近   nan 米  正前方   0%  静球到了 0/0 趟  走了   nan 米  路 orient 对调  本机 1 秒
  237  倒了/没建出来        追住 0/2 趟  平均   3.69 米  落后   4.84 米  最近  2.37 米  正前方  23%  静球到了 0/4 趟  走了  1.08 米  路 motor 对调  本机 106 秒
  238  没摔             追住 0/2 趟  平均   2.04 米  落后   3.07 米  最近  0.25 米  正前方  16%  静球到了 4/4 趟  走了  4.22 米  (两边都会)  路 motor 对调  本机 109 秒
  239  没摔             追住 0/2 趟  平均   4.70 米  落后   7.55 米  最近  1.42 米  正前方   7%  静球到了 0/4 趟  走了  5.35 米  路 motor 对调  本机 106 秒
  240  倒了/没建出来        追住 0/2 趟  平均   2.63 米  落后   3.71 米  最近  1.18 米  正前方  10%  静球到了 0/4 趟  走了  3.80 米  路 orient 对调  本机 107 秒
  241  倒了/没建出来        追住 0/0 趟  平均    nan 米  落后    nan 米  最近   nan 米  正前方   0%  静球到了 0/0 趟  走了   nan 米  路 orient 对调  本机 2 秒
  242  没摔             追住 0/2 趟  平均   4.45 米  落后   6.13 米  最近  1.96 米  正前方   8%  静球到了 0/4 趟  走了  3.23 米  路 motor 对调  本机 107 秒
  243  倒了/没建出来        追住 0/0 趟  平均    nan 米  落后    nan 米  最近   nan 米  正前方   0%  静球到了 0/0 趟  走了   nan 米  路 orient 对调  本机 0 秒
  244  没摔             追住 0/2 趟  平均   4.34 米  落后   7.25 米  最近  0.56 米  正前方   9%  静球到了 1/4 趟  走了  5.74 米  路 motor 对调  本机 107 秒
  245  倒了/没建出来        追住 0/2 趟  平均   2.74 米  落后   3.80 米  最近  1.65 米  正前方  42%  静球到了 0/4 趟  走了  4.14 米  路 orient 对调  本机 106 秒
  246  倒了/没建出来        追住 0/2 趟  平均   2.85 米  落后   4.05 米  最近  1.14 米  正前方  11%  静球到了 1/4 趟  走了  4.30 米  路 motor 对调  本机 105 秒
  247  倒了/没建出来        追住 0/2 趟  平均   3.06 米  落后   4.19 米  最近  1.93 米  正前方   6%  静球到了 0/4 趟  走了  0.74 米  路 motor 对调  本机 109 秒
  248  没摔             追住 0/2 趟  平均   3.30 米  落后   4.55 米  最近  1.20 米  正前方   8%  静球到了 0/4 趟  走了  4.66 米  路 orient 对调  本机 108 秒
  249  没摔             追住 0/2 趟  平均   2.53 米  落后   3.67 米  最近  1.10 米  正前方  11%  静球到了 0/4 趟  走了  4.43 米  路 motor 对调  本机 110 秒
  250  倒了/没建出来        追住 0/0 趟  平均    nan 米  落后    nan 米  最近   nan 米  正前方   0%  静球到了 0/0 趟  走了   nan 米  路 motor 对调  本机 1 秒
  251  倒了/没建出来        追住 0/0 趟  平均    nan 米  落后    nan 米  最近   nan 米  正前方   0%  静球到了 0/0 趟  走了   nan 米  路 motor 对调  本机 1 秒
  252  没摔             追住 0/2 趟  平均   2.43 米  落后   3.60 米  最近  0.42 米  正前方  12%  静球到了 3/4 趟  走了  4.77 米  (两边都会)  路 motor 对调  本机 139 秒
  253  没摔             追住 0/2 趟  平均   1.69 米  落后   2.77 米  最近  0.07 米  正前方  21%  静球到了 3/4 趟  走了  3.95 米  (两边都会)  路 motor 对调  本机 136 秒
  254  没摔             追住 0/2 趟  平均   2.85 米  落后   4.09 米  最近  1.02 米  正前方   8%  静球到了 3/4 趟  走了  4.87 米  (两边都会)  路 motor 对调  本机 135 秒
  255  没摔             追住 0/2 趟  平均   2.26 米  落后   3.26 米  最近  0.91 米  正前方  15%  静球到了 2/4 趟  走了  2.53 米  (两边都会)  路 motor 对调  本机 135 秒
  256  倒了/没建出来        追住 0/2 趟  平均   3.33 米  落后   4.81 米  最近  1.88 米  正前方  10%  静球到了 0/4 趟  走了  1.73 米  路 motor 对调  本机 136 秒
  257  没摔             追住 0/2 趟  平均   2.74 米  落后   3.95 米  最近  1.04 米  正前方   8%  静球到了 2/4 趟  走了  4.70 米  (两边都会)  路 motor 对调  本机 135 秒
  258  没摔             追住 0/2 趟  平均   4.27 米  落后   7.23 米  最近  1.18 米  正前方   9%  静球到了 0/4 趟  走了  4.81 米  路 orient 对调  本机 136 秒
  259  没摔             追住 0/2 趟  平均   2.61 米  落后   3.68 米  最近  1.48 米  正前方   8%  静球到了 0/4 趟  走了  3.54 米  路 motor 对调  本机 136 秒
  260  倒了/没建出来        追住 0/2 趟  平均   3.68 米  落后   5.27 米  最近  1.17 米  正前方  37%  静球到了 0/4 趟  走了  5.68 米  路 motor 对调  本机 138 秒
  261  没摔             追住 0/2 趟  平均   2.99 米  落后   4.06 米  最近  1.84 米  正前方   3%  静球到了 0/4 趟  走了  3.13 米  路 motor  本机 105 秒
  262  倒了/没建出来        追住 0/0 趟  平均    nan 米  落后    nan 米  最近   nan 米  正前方   0%  静球到了 0/0 趟  走了   nan 米  路 orient 对调  本机 1 秒
  263  倒了/没建出来        追住 0/2 趟  平均   4.46 米  落后   5.67 米  最近  2.48 米  正前方   1%  静球到了 0/4 趟  走了  0.49 米  路 motor  本机 106 秒
  264  倒了/没建出来        追住 0/2 趟  平均   4.65 米  落后   6.37 米  最近  1.02 米  正前方  39%  静球到了 0/4 趟  走了  6.44 米  路 orient 对调  本机 135 秒
  265  没摔             追住 0/2 趟  平均   4.67 米  落后   7.62 米  最近  1.15 米  正前方   7%  静球到了 0/4 趟  走了  5.64 米  路 orient 对调  本机 137 秒
  266  倒了/没建出来        追住 0/2 趟  平均   3.64 米  落后   4.71 米  最近  2.46 米  正前方   7%  静球到了 0/4 趟  走了  0.90 米  路 motor 对调  本机 107 秒
  267  没摔             追住 0/2 趟  平均   1.25 米  落后   1.95 米  最近  0.07 米  正前方  25%  静球到了 4/4 趟  走了  3.19 米  (两边都会)  路 motor 对调  本机 107 秒
  268  倒了/没建出来        追住 0/2 趟  平均   3.61 米  落后   4.92 米  最近  2.13 米  正前方  27%  静球到了 0/4 趟  走了  1.31 米  路 motor 对调  本机 137 秒
  269  倒了/没建出来        追住 0/2 趟  平均   2.32 米  落后   3.43 米  最近  0.79 米  正前方  11%  静球到了 3/4 趟  走了  4.32 米  (两边都会)  路 motor 对调  本机 108 秒
  270  没摔             追住 0/2 趟  平均   3.87 米  落后   5.38 米  最近  1.27 米  正前方   7%  静球到了 0/4 趟  走了  5.76 米  路 motor 对调  本机 105 秒
  271  倒了/没建出来        追住 0/2 趟  平均   2.89 米  落后   4.03 米  最近  1.64 米  正前方  59%  静球到了 0/4 趟  走了  1.66 米  路 motor 对调  本机 108 秒
  272  没摔             追住 0/2 趟  平均   2.91 米  落后   3.89 米  最近  1.88 米  正前方  77%  静球到了 0/4 趟  走了  1.70 米  路 motor 对调  本机 108 秒
  273  没摔             追住 0/2 趟  平均   3.66 米  落后   4.86 米  最近  2.50 米  正前方  99%  静球到了 0/4 趟  走了  0.22 米  路 motor  本机 138 秒
  274  没摔             追住 0/2 趟  平均   3.70 米  落后   5.10 米  最近  1.61 米  正前方   7%  静球到了 0/4 趟  走了  4.32 米  路 orient 对调  本机 104 秒
  275  没摔             追住 0/2 趟  平均   1.85 米  落后   2.59 米  最近  0.21 米  正前方  95%  静球到了 1/4 趟  走了  3.39 米  路 motor 对调  本机 109 秒
  276  没摔             追住 0/2 趟  平均   2.15 米  落后   2.91 米  最近  1.29 米  正前方  25%  静球到了 2/4 趟  走了  1.92 米  (两边都会)  路 motor 对调  本机 108 秒
  277  没摔             追住 0/2 趟  平均   3.58 米  落后   4.76 米  最近  2.49 米  正前方 100%  静球到了 0/4 趟  走了  0.13 米  路 motor 对调  本机 110 秒
  278  没摔             追住 0/2 趟  平均   3.13 米  落后   5.54 米  最近  0.12 米  正前方  12%  静球到了 3/4 趟  走了  4.18 米  (两边都会)  路 motor 对调  本机 102 秒
  279  倒了/没建出来        追住 0/2 趟  平均   4.00 米  落后   5.20 米  最近  2.45 米  正前方   9%  静球到了 0/4 趟  走了  0.76 米  路 motor 对调  本机 102 秒
  280  倒了/没建出来        追住 0/2 趟  平均   3.34 米  落后   4.51 米  最近  2.16 米  正前方  22%  静球到了 0/4 趟  走了  0.94 米  路 motor 对调  本机 101 秒
  281  倒了/没建出来        追住 0/0 趟  平均    nan 米  落后    nan 米  最近   nan 米  正前方   0%  静球到了 0/0 趟  走了   nan 米  路 motor 对调  本机 1 秒
  282  倒了/没建出来        追住 0/2 趟  平均   2.70 米  落后   3.81 米  最近  1.22 米  正前方  11%  静球到了 0/4 趟  走了  2.02 米  路 orient 对调  本机 100 秒
  283  倒了/没建出来        追住 0/2 趟  平均   4.07 米  落后   5.10 米  最近  2.46 米  正前方   8%  静球到了 0/4 趟  走了  0.57 米  路 motor 对调  本机 101 秒
  284  没摔             追住 0/2 趟  平均   3.62 米  落后   4.81 米  最近  2.47 米  正前方  54%  静球到了 0/4 趟  走了  0.33 米  路 orient 对调  本机 112 秒
  285  没摔             追住 0/2 趟  平均   3.08 米  落后   4.32 米  最近  1.12 米  正前方  10%  静球到了 0/4 趟  走了  4.25 米  路 orient 对调  本机 99 秒
  286  倒了/没建出来        追住 0/2 趟  平均   4.81 米  落后   6.39 米  最近  2.48 米  正前方   2%  静球到了 0/4 趟  走了  1.82 米  路 motor  本机 99 秒
  287  倒了/没建出来        追住 0/2 趟  平均   3.29 米  落后   4.40 米  最近  2.14 米  正前方  65%  静球到了 0/4 趟  走了  0.84 米  路 motor 对调  本机 112 秒
  288  倒了/没建出来        追住 0/0 趟  平均    nan 米  落后    nan 米  最近   nan 米  正前方   0%  静球到了 0/0 趟  走了   nan 米  路 motor 对调  本机 1 秒
  289  没摔             追住 0/2 趟  平均   2.13 米  落后   3.15 米  最近  0.73 米  正前方  11%  静球到了 3/4 趟  走了  3.94 米  (两边都会)  路 motor 对调  本机 99 秒
  290  倒了/没建出来        追住 0/2 趟  平均   2.01 米  落后   3.18 米  最近  0.67 米  正前方  57%  静球到了 0/4 趟  走了  2.71 米  路 motor 对调  本机 112 秒
  291  没摔             追住 0/2 趟  平均   2.25 米  落后   3.46 米  最近  0.86 米  正前方  16%  静球到了 1/4 趟  走了  3.58 米  路 motor 对调  本机 102 秒
  292  倒了/没建出来        追住 0/0 趟  平均    nan 米  落后    nan 米  最近   nan 米  正前方   0%  静球到了 0/0 趟  走了   nan 米  路 orient 对调  本机 1 秒
  293  倒了/没建出来        追住 0/2 趟  平均   4.95 米  落后   6.66 米  最近  1.03 米  正前方  43%  静球到了 0/4 趟  走了  5.43 米  路 motor 对调  本机 105 秒
  294  没摔             追住 0/2 趟  平均   3.84 米  落后   6.12 米  最近  1.18 米  正前方   8%  静球到了 0/4 趟  走了  5.47 米  路 motor 对调  本机 95 秒
  295  没摔             追住 0/2 趟  平均   1.60 米  落后   2.44 米  最近  0.21 米  正前方  18%  静球到了 4/4 趟  走了  3.70 米  (两边都会)  路 motor 对调  本机 95 秒
  296  倒了/没建出来        追住 0/2 趟  平均   2.08 米  落后   3.09 米  最近  0.73 米  正前方  10%  静球到了 4/4 趟  走了  4.33 米  (两边都会)  路 motor 对调  本机 105 秒
  297  倒了/没建出来        追住 0/2 趟  平均   4.63 米  落后   6.33 米  最近  1.37 米  正前方  14%  静球到了 0/4 趟  走了  6.46 米  路 motor 对调  本机 102 秒
  298  没摔             追住 0/2 趟  平均   3.39 米  落后   4.86 米  最近  0.94 米  正前方   9%  静球到了 0/4 趟  走了  3.05 米  路 motor  本机 104 秒
  299  倒了/没建出来        追住 0/2 趟  平均   3.45 米  落后   4.69 米  最近  2.07 米  正前方  12%  静球到了 0/4 趟  走了  0.74 米  路 motor 对调  本机 101 秒
第 1 代收工：300 只里建出来 234 只（没摔 150）；真追住球的 6 只，两边都追住的 0 只（球挪走行为会变的 226 只）；追得最好那只落后 1.70 米、球在正前方  49% 的时间、最近贴到 0.18 米；本代花了 20.0 分钟
  这一代自己走出来的、真追住球的 6 只，其中两边都追住的 0 只
  下一代的爹 10 只（artifacts/追球_云_三批_g01_keep.jsonl）：第159只 追住1/2趟 落后1.70米、第195只 追住1/2趟 落后2.02米、第93只 追住1/2趟 落后2.24米、第30只 追住1/2趟 落后2.16米、第213只 追住1/2趟 落后1.95米、第10只 追住1/2趟 落后2.88米、第267只 追住0/2趟 落后1.95米、第122只 追住0/2趟 落后1.96米、第57只 追住0/2趟 落后2.22米、第295只 追住0/2趟 落后2.44米
第 2 代：生 300 只、每只考 4 趟不动球（每趟 6 秒）+ 2 趟追着跑的球（每趟 20 秒，球沿随机曲线逃）+ 1 趟没球对照、24 个进程
    0  没摔             追住 0/2 趟  平均   2.10 米  落后   3.00 米  最近  0.94 米  正前方  11%  静球到了 2/4 趟  走了  3.42 米  路 motor 对调  本机 138 秒
    1  没摔             追住 0/2 趟  平均   3.82 米  落后   6.16 米  最近  1.21 米  正前方   8%  静球到了 0/4 趟  走了  4.65 米  路 motor 对调  本机 136 秒
    2  倒了/没建出来        追住 0/2 趟  平均   3.26 米  落后   4.39 米  最近  2.17 米  正前方   5%  静球到了 0/4 趟  走了  0.80 米  路 motor 对调  本机 141 秒
    3  没摔             追住 0/2 趟  平均   3.08 米  落后   5.28 米  最近  1.09 米  正前方   8%  静球到了 2/4 趟  走了  3.94 米  路 motor 对调  本机 140 秒
    4  倒了/没建出来        追住 0/2 趟  平均   3.06 米  落后   3.97 米  最近  0.56 米  正前方  35%  静球到了 0/4 趟  走了  1.72 米  路 motor 对调  本机 107 秒
    5  没摔             追住 0/2 趟  平均   2.53 米  落后   3.48 米  最近  1.38 米  正前方  21%  静球到了 1/4 趟  走了  2.30 米  路 motor 对调  本机 106 秒
    6  没摔             追住 0/2 趟  平均   3.42 米  落后   4.90 米  最近  2.04 米  正前方   4%  静球到了 0/4 趟  走了  2.38 米  路 orient 对调  本机 108 秒
    7  倒了/没建出来        追住 0/2 趟  平均   3.37 米  落后   4.59 米  最近  2.26 米  正前方   6%  静球到了 1/4 趟  走了  1.27 米  路 motor 对调  本机 109 秒
    8  倒了/没建出来        追住 0/0 趟  平均    nan 米  落后    nan 米  最近   nan 米  正前方   0%  静球到了 0/0 趟  走了   nan 米  路 motor  本机 1 秒
    9  没摔             追住 0/2 趟  平均   3.78 米  落后   5.04 米  最近  2.50 米  正前方   2%  静球到了 0/4 趟  走了  1.65 米  路 motor  本机 107 秒
   10  没摔             追住 0/2 趟  平均   4.72 米  落后   6.19 米  最近  2.48 米  正前方  71%  静球到了 0/4 趟  走了  1.06 米  路 motor 对调  本机 108 秒
   11  没摔             追住 0/2 趟  平均   1.78 米  落后   2.54 米  最近  0.41 米  正前方  16%  静球到了 2/4 趟  走了  2.87 米  路 motor 对调  本机 107 秒
   12  没摔             追住 0/2 趟  平均   3.30 米  落后   4.64 米  最近  1.33 米  正前方   8%  静球到了 0/4 趟  走了  4.87 米  路 motor 对调  本机 108 秒
   13  倒了/没建出来        追住 0/0 趟  平均    nan 米  落后    nan 米  最近   nan 米  正前方   0%  静球到了 0/0 趟  走了   nan 米  路 motor 对调  本机 1 秒
   14  没摔             追住 0/2 趟  平均   3.82 米  落后   6.52 米  最近  0.78 米  正前方   8%  静球到了 2/4 趟  走了  5.21 米  路 motor 对调  本机 109 秒
   15  没摔             追住 0/2 趟  平均   2.98 米  落后   4.32 米  最近  1.15 米  正前方   7%  静球到了 2/4 趟  走了  4.01 米  路 motor 对调  本机 134 秒
   16  没摔             追住 0/2 趟  平均   1.80 米  落后   2.17 米  最近  1.11 米  正前方  75%  静球到了 1/4 趟  走了  2.05 米  路 motor 对调  本机 136 秒
   17  没摔             追住 0/2 趟  平均   2.24 米  落后   2.66 米  最近  1.67 米  正前方 100%  静球到了 0/4 趟  走了  1.51 米  路 motor 对调  本机 111 秒
  跨代冠军易主：2 代第 18 只  追住 1/2 趟、跑完落后 1.63 米、球在正前方  29% 的时间  没摔
   18  没摔             追住 1/2 趟  平均   1.25 米  落后   1.63 米  最近  0.16 米  正前方  29%  静球到了 3/4 趟  走了  2.81 米  (两边都会)  路 motor 对调  本机 138 秒
   19  没摔             追住 1/2 趟  平均   1.34 米  落后   1.84 米  最近  0.07 米  正前方  53%  静球到了 4/4 趟  走了  3.32 米  (两边都会)  路 motor 对调  本机 136 秒
   20  倒了/没建出来        追住 0/2 趟  平均   4.18 米  落后   5.42 米  最近  2.45 米  正前方  90%  静球到了 0/4 趟  走了  0.80 米  路 motor 对调  本机 138 秒
   21  倒了/没建出来        追住 0/0 趟  平均    nan 米  落后    nan 米  最近   nan 米  正前方   0%  静球到了 0/0 趟  走了   nan 米  路 motor 对调  本机 1 秒
   22  没摔             追住 0/2 趟  平均   2.81 米  落后   3.88 米  最近  0.13 米  正前方  17%  静球到了 3/4 趟  走了  3.30 米  (两边都会)  路 motor 对调  本机 139 秒
   23  没摔             追住 1/2 趟  平均   1.32 米  落后   1.54 米  最近  0.28 米  正前方  69%  静球到了 2/4 趟  走了  2.68 米  (两边都会)  路 motor 对调  本机 136 秒
   24  没摔             追住 0/2 趟  平均   1.68 米  落后   1.87 米  最近  0.87 米  正前方  57%  静球到了 1/4 趟  走了  2.51 米  路 motor 对调  本机 137 秒
   25  没摔             追住 1/2 趟  平均   1.58 米  落后   1.90 米  最近  0.53 米  正前方  62%  静球到了 2/4 趟  走了  2.41 米  (两边都会)  路 motor 对调  本机 139 秒
   26  没摔             追住 1/2 趟  平均   1.38 米  落后   1.76 米  最近  0.47 米  正前方 100%  静球到了 2/4 趟  走了  2.55 米  (两边都会)  路 motor 对调  本机 109 秒
   27  倒了/没建出来        追住 0/2 趟  平均   4.68 米  落后   6.01 米  最近  2.45 米  正前方   4%  静球到了 0/4 趟  走了  0.81 米  路 motor  本机 104 秒
   28  倒了/没建出来        追住 0/2 趟  平均   3.14 米  落后   4.27 米  最近  2.15 米  正前方  25%  静球到了 0/4 趟  走了  0.70 米  路 motor 对调  本机 107 秒
   29  没摔             追住 0/2 趟  平均   2.15 米  落后   3.07 米  最近  0.79 米  正前方  13%  静球到了 2/4 趟  走了  3.07 米  路 motor 对调  本机 106 秒
   30  没摔             追住 0/2 趟  平均   3.39 米  落后   5.86 米  最近  0.26 米  正前方  12%  静球到了 2/4 趟  走了  4.80 米  路 motor 对调  本机 108 秒
   31  没摔             追住 0/2 趟  平均   2.62 米  落后   4.17 米  最近  0.44 米  正前方  11%  静球到了 3/4 趟  走了  3.84 米  (两边都会)  路 motor 对调  本机 108 秒
   32  倒了/没建出来        追住 0/0 趟  平均    nan 米  落后    nan 米  最近   nan 米  正前方   0%  静球到了 0/0 趟  走了   nan 米  路 motor 对调  本机 1 秒
   33  倒了/没建出来        追住 0/0 趟  平均    nan 米  落后    nan 米  最近   nan 米  正前方   0%  静球到了 0/0 趟  走了   nan 米  路 motor 对调  本机 0 秒
   34  没摔             追住 0/2 趟  平均   3.21 米  落后   4.44 米  最近  1.57 米  正前方  56%  静球到了 0/4 趟  走了  1.34 米  路 motor 对调  本机 108 秒
   35  倒了/没建出来        追住 0/2 趟  平均   3.87 米  落后   5.41 米  最近  2.26 米  正前方  14%  静球到了 0/4 趟  走了  0.90 米  路 motor 对调  本机 106 秒
   36  没摔             追住 0/2 趟  平均   3.61 米  落后   4.74 米  最近  2.49 米  正前方  86%  静球到了 0/4 趟  走了  0.16 米  路 orient  本机 111 秒
   37  没摔             追住 0/2 趟  平均   1.56 米  落后   2.29 米  最近  0.04 米  正前方  19%  静球到了 3/4 趟  走了  3.96 米  (两边都会)  路 motor 对调  本机 106 秒
   38  倒了/没建出来        追住 0/0 趟  平均    nan 米  落后    nan 米  最近   nan 米  正前方   0%  静球到了 0/0 趟  走了   nan 米  路 motor 对调  本机 1 秒
   39  没摔             追住 0/2 趟  平均   2.37 米  落后   3.32 米  最近  0.67 米  正前方  52%  静球到了 0/4 趟  走了  2.65 米  路 orient 对调  本机 109 秒
   40  倒了/没建出来        追住 0/0 趟  平均    nan 米  落后    nan 米  最近   nan 米  正前方   0%  静球到了 0/0 趟  走了   nan 米  路 motor  本机 2 秒
   41  没摔             追住 0/2 趟  平均   3.56 米  落后   4.69 米  最近  2.50 米  正前方  92%  静球到了 0/4 趟  走了  0.49 米  路 motor 对调  本机 109 秒
   42  倒了/没建出来        追住 0/0 趟  平均    nan 米  落后    nan 米  最近   nan 米  正前方   0%  静球到了 0/0 趟  走了   nan 米  路 orient  本机 2 秒
   43  倒了/没建出来        追住 0/0 趟  平均    nan 米  落后    nan 米  最近   nan 米  正前方   0%  静球到了 0/0 趟  走了   nan 米  路 motor  本机 2 秒
   44  倒了/没建出来        追住 0/0 趟  平均    nan 米  落后    nan 米  最近   nan 米  正前方   0%  静球到了 0/0 趟  走了   nan 米  路 motor 对调  本机 1 秒
   45  倒了/没建出来        追住 0/0 趟  平均    nan 米  落后    nan 米  最近   nan 米  正前方   0%  静球到了 0/0 趟  走了   nan 米  路 motor 对调  本机 1 秒
   46  没摔             追住 0/2 趟  平均   1.36 米  落后   1.54 米  最近  0.35 米  正前方  72%  静球到了 2/4 趟  走了  2.65 米  (两边都会)  路 motor 对调  本机 135 秒
   47  没摔             追住 0/2 趟  平均   4.49 米  落后   5.76 米  最近  2.50 米  正前方   1%  静球到了 0/4 趟  走了  0.31 米  路 motor 对调  本机 135 秒
   48  没摔             追住 0/2 趟  平均   3.50 米  落后   4.66 米  最近  2.43 米  正前方 100%  静球到了 0/4 趟  走了  0.25 米  路 motor 对调  本机 137 秒
   49  没摔             追住 0/2 趟  平均   3.49 米  落后   6.03 米  最近  0.74 米  正前方   9%  静球到了 4/4 趟  走了  4.95 米  (两边都会)  路 motor 对调  本机 135 秒
   50  没摔             追住 0/2 趟  平均   3.24 米  落后   4.47 米  最近  1.99 米  正前方   6%  静球到了 0/4 趟  走了  1.74 米  路 motor  本机 135 秒
   51  倒了/没建出来        追住 0/0 趟  平均    nan 米  落后    nan 米  最近   nan 米  正前方   0%  静球到了 0/0 趟  走了   nan 米  路 motor 对调  本机 1 秒
   52  没摔             追住 0/2 趟  平均   3.17 米  落后   5.49 米  最近  0.37 米  正前方  11%  静球到了 4/4 趟  走了  4.80 米  (两边都会)  路 motor 对调  本机 136 秒
   53  倒了/没建出来        追住 0/0 趟  平均    nan 米  落后    nan 米  最近   nan 米  正前方   0%  静球到了 0/0 趟  走了   nan 米  路 motor 对调  本机 1 秒
   54  没摔             追住 0/2 趟  平均   1.67 米  落后   2.39 米  最近  0.41 米  正前方  19%  静球到了 2/4 趟  走了  3.02 米  (两边都会)  路 motor 对调  本机 137 秒
   55  倒了/没建出来        追住 0/0 趟  平均    nan 米  落后    nan 米  最近   nan 米  正前方   0%  静球到了 0/0 趟  走了   nan 米  路 motor 对调  本机 1 秒
   56  倒了/没建出来        追住 0/0 趟  平均    nan 米  落后    nan 米  最近   nan 米  正前方   0%  静球到了 0/0 趟  走了   nan 米  路 motor 对调  本机 1 秒
   57  没摔             追住 0/2 趟  平均   1.77 米  落后   2.50 米  最近  0.58 米  正前方  11%  静球到了 3/4 趟  走了  3.30 米  (两边都会)  路 motor 对调  本机 136 秒
   58  没摔             追住 0/2 趟  平均   2.31 米  落后   3.35 米  最近  0.91 米  正前方  10%  静球到了 1/4 趟  走了  3.92 米  路 motor 对调  本机 135 秒
   59  没摔             追住 0/2 趟  平均   3.02 米  落后   4.23 米  最近  0.95 米  正前方   9%  静球到了 0/4 趟  走了  4.74 米  路 motor 对调  本机 138 秒
   60  没摔             追住 0/2 趟  平均   1.40 米  落后   2.16 米  最近  0.14 米  正前方  23%  静球到了 4/4 趟  走了  3.27 米  (两边都会)  路 motor 对调  本机 138 秒
   61  没摔             追住 1/2 趟  平均   1.51 米  落后   2.52 米  最近  0.06 米  正前方  45%  静球到了 3/4 趟  走了  3.25 米  (两边都会)  路 motor 对调  本机 138 秒
   62  没摔             追住 0/2 趟  平均   3.75 米  落后   5.02 米  最近  2.50 米  正前方 100%  静球到了 0/4 趟  走了  0.06 米  路 motor 对调  本机 139 秒
   63  没摔             追住 0/2 趟  平均   2.51 米  落后   4.05 米  最近  1.11 米  正前方  10%  静球到了 0/4 趟  走了  3.75 米  路 motor 对调  本机 105 秒
   64  倒了/没建出来        追住 0/0 趟  平均    nan 米  落后    nan 米  最近   nan 米  正前方   0%  静球到了 0/0 趟  走了   nan 米  路 motor 对调  本机 1 秒
   65  没摔             追住 0/2 趟  平均   2.36 米  落后   4.31 米  最近  0.12 米  正前方  15%  静球到了 4/4 趟  走了  3.85 米  (两边都会)  路 motor 对调  本机 104 秒
   66  倒了/没建出来        追住 0/0 趟  平均    nan 米  落后    nan 米  最近   nan 米  正前方   0%  静球到了 0/0 趟  走了   nan 米  路 orient 对调  本机 1 秒
   67  没摔             追住 0/2 趟  平均   2.01 米  落后   3.01 米  最近  0.39 米  正前方  13%  静球到了 4/4 趟  走了  4.30 米  (两边都会)  路 motor 对调  本机 106 秒
   68  没摔             追住 0/2 趟  平均   2.25 米  落后   4.24 米  最近  0.10 米  正前方  15%  静球到了 3/4 趟  走了  3.94 米  (两边都会)  路 motor 对调  本机 106 秒
   69  没摔             追住 0/2 趟  平均   3.71 米  落后   4.87 米  最近  2.48 米  正前方  99%  静球到了 0/4 趟  走了  0.10 米  路 motor 对调  本机 110 秒
   70  没摔             追住 0/2 趟  平均   1.47 米  落后   2.15 米  最近  0.23 米  正前方  41%  静球到了 3/4 趟  走了  3.34 米  (两边都会)  路 motor 对调  本机 109 秒
   71  没摔             追住 0/2 趟  平均   1.68 米  落后   2.56 米  最近  0.13 米  正前方  23%  静球到了 4/4 趟  走了  3.87 米  (两边都会)  路 motor 对调  本机 107 秒
   72  没摔             追住 0/2 趟  平均   3.88 米  落后   6.38 米  最近  1.10 米  正前方   7%  静球到了 0/4 趟  走了  4.71 米  路 orient 对调  本机 107 秒
   73  没摔             追住 0/2 趟  平均   1.69 米  落后   2.52 米  最近  0.19 米  正前方  17%  静球到了 1/4 趟  走了  3.25 米  路 motor 对调  本机 109 秒
   74  没摔             追住 0/2 趟  平均   3.51 米  落后   4.74 米  最近  2.40 米  正前方   4%  静球到了 0/4 趟  走了  1.90 米  路 orient 对调  本机 110 秒
   75  倒了/没建出来        追住 0/2 趟  平均   3.32 米  落后   4.54 米  最近  2.25 米  正前方   2%  静球到了 0/4 趟  走了  1.52 米  路 motor  本机 109 秒
   76  没摔             追住 0/2 趟  平均   1.68 米  落后   2.11 米  最近  0.43 米  正前方  62%  静球到了 2/4 趟  走了  2.57 米  (两边都会)  路 motor 对调  本机 133 秒
   77  没摔             追住 0/2 趟  平均   3.43 米  落后   4.66 米  最近  2.47 米  正前方  34%  静球到了 0/4 趟  走了  0.81 米  路 motor 对调  本机 136 秒
   78  没摔             追住 0/2 趟  平均   4.47 米  落后   5.84 米  最近  2.48 米  正前方 100%  静球到了 0/4 趟  走了  0.86 米  路 motor 对调  本机 135 秒
   79  倒了/没建出来        追住 0/0 趟  平均    nan 米  落后    nan 米  最近   nan 米  正前方   0%  静球到了 0/0 趟  走了   nan 米  路 motor 对调  本机 2 秒
   80  没摔             追住 0/2 趟  平均   3.83 米  落后   5.02 米  最近  2.48 米  正前方   3%  静球到了 0/4 趟  走了  1.36 米  路 motor  本机 137 秒
   81  没摔             追住 0/2 趟  平均   2.02 米  落后   2.73 米  最近  0.60 米  正前方  59%  静球到了 0/4 趟  走了  1.02 米  路 motor 对调  本机 134 秒
   82  没摔             追住 0/2 趟  平均   2.87 米  落后   4.76 米  最近  1.08 米  正前方   8%  静球到了 1/4 趟  走了  4.13 米  路 motor 对调  本机 135 秒
   83  没摔             追住 0/2 趟  平均   2.28 米  落后   3.41 米  最近  0.82 米  正前方  12%  静球到了 2/4 趟  走了  3.03 米  路 motor 对调  本机 135 秒
   84  倒了/没建出来        追住 0/0 趟  平均    nan 米  落后    nan 米  最近   nan 米  正前方   0%  静球到了 0/0 趟  走了   nan 米  路 orient 对调  本机 2 秒
   85  没摔             追住 0/2 趟  平均   4.64 米  落后   7.56 米  最近  1.24 米  正前方   7%  静球到了 2/4 趟  走了  5.62 米  路 motor 对调  本机 134 秒
   86  倒了/没建出来        追住 0/0 趟  平均    nan 米  落后    nan 米  最近   nan 米  正前方   0%  静球到了 0/0 趟  走了   nan 米  路 motor  本机 1 秒
   87  倒了/没建出来        追住 0/2 趟  平均   3.24 米  落后   4.36 米  最近  2.43 米  正前方  47%  静球到了 0/4 趟  走了  1.01 米  路 motor 对调  本机 140 秒
   88  没摔             追住 0/2 趟  平均   2.12 米  落后   3.10 米  最近  0.42 米  正前方  13%  静球到了 4/4 趟  走了  4.40 米  (两边都会)  路 motor 对调  本机 136 秒
   89  没摔             追住 0/2 趟  平均   3.59 米  落后   5.21 米  最近  1.68 米  正前方   7%  静球到了 0/4 趟  走了  3.56 米  路 orient 对调  本机 135 秒
   90  没摔             追住 0/2 趟  平均   3.74 米  落后   4.95 米  最近  2.50 米  正前方 100%  静球到了 0/4 趟  走了  0.09 米  路 motor 对调  本机 138 秒
   91  没摔             追住 0/2 趟  平均   3.15 米  落后   5.27 米  最近  0.64 米  正前方  10%  静球到了 2/4 趟  走了  4.16 米  路 motor 对调  本机 138 秒
   92  倒了/没建出来        追住 0/0 趟  平均    nan 米  落后    nan 米  最近   nan 米  正前方   0%  静球到了 0/0 趟  走了   nan 米  路 orient  本机 2 秒
   93  没摔             追住 0/2 趟  平均   3.78 米  落后   4.79 米  最近  2.48 米  正前方  22%  静球到了 0/4 趟  走了  0.71 米  路 motor  本机 106 秒
   94  倒了/没建出来        追住 0/2 趟  平均   2.78 米  落后   4.04 米  最近  1.16 米  正前方  27%  静球到了 1/4 趟  走了  4.60 米  路 motor 对调  本机 106 秒
   95  没摔             追住 0/2 趟  平均   1.26 米  落后   2.00 米  最近  0.06 米  正前方  25%  静球到了 4/4 趟  走了  3.58 米  (两边都会)  路 motor 对调  本机 106 秒
   96  没摔             追住 0/2 趟  平均   3.16 米  落后   4.36 米  最近  1.77 米  正前方   7%  静球到了 0/4 趟  走了  3.33 米  路 motor  本机 107 秒
   97  没摔             追住 0/2 趟  平均   3.73 米  落后   6.39 米  最近  0.37 米  正前方  10%  静球到了 2/4 趟  走了  5.06 米  路 motor 对调  本机 107 秒
   98  没摔             追住 0/2 趟  平均   1.95 米  落后   2.81 米  最近  0.52 米  正前方  14%  静球到了 2/4 趟  走了  3.12 米  路 motor 对调  本机 107 秒
   99  没摔             追住 0/2 趟  平均   3.94 米  落后   6.64 米  最近  1.16 米  正前方   8%  静球到了 1/4 趟  走了  5.25 米  路 motor 对调  本机 107 秒
  100  倒了/没建出来        追住 0/0 趟  平均    nan 米  落后    nan 米  最近   nan 米  正前方   0%  静球到了 0/0 趟  走了   nan 米  路 motor 对调  本机 1 秒
  101  没摔             追住 0/2 趟  平均   1.64 米  落后   2.55 米  最近  0.14 米  正前方  23%  静球到了 4/4 趟  走了  3.60 米  (两边都会)  路 motor 对调  本机 108 秒
  102  没摔             追住 0/2 趟  平均   1.92 米  落后   2.47 米  最近  0.63 米  正前方  30%  静球到了 1/4 趟  走了  2.16 米  路 motor 对调  本机 109 秒
  103  没摔             追住 0/2 趟  平均   3.15 米  落后   4.49 米  最近  0.91 米  正前方   9%  静球到了 2/4 趟  走了  5.36 米  路 motor 对调  本机 107 秒
  104  倒了/没建出来        追住 0/0 趟  平均    nan 米  落后    nan 米  最近   nan 米  正前方   0%  静球到了 0/0 趟  走了   nan 米  路 motor 对调  本机 0 秒
  105  倒了/没建出来        追住 0/0 趟  平均    nan 米  落后    nan 米  最近   nan 米  正前方   0%  静球到了 0/0 趟  走了   nan 米  路 motor 对调  本机 1 秒
  106  倒了/没建出来        追住 0/2 趟  平均   4.19 米  落后   5.71 米  最近  0.86 米  正前方   9%  静球到了 1/4 趟  走了  6.14 米  路 motor 对调  本机 110 秒
  107  没摔             追住 0/2 趟  平均   1.72 米  落后   3.27 米  最近  0.22 米  正前方  20%  静球到了 4/4 趟  走了  3.61 米  (两边都会)  路 motor 对调  本机 134 秒
  108  没摔             追住 0/2 趟  平均   4.10 米  落后   5.99 米  最近  1.94 米  正前方   5%  静球到了 0/4 趟  走了  3.23 米  路 orient 对调  本机 137 秒
  109  没摔             追住 1/2 趟  平均   1.48 米  落后   1.94 米  最近  0.51 米  正前方  28%  静球到了 3/4 趟  走了  3.16 米  (两边都会)  路 motor 对调  本机 138 秒
  110  倒了/没建出来        追住 0/0 趟  平均    nan 米  落后    nan 米  最近   nan 米  正前方   0%  静球到了 0/0 趟  走了   nan 米  路 orient 对调  本机 2 秒
  111  倒了/没建出来        追住 0/0 趟  平均    nan 米  落后    nan 米  最近   nan 米  正前方   0%  静球到了 0/0 趟  走了   nan 米  路 motor 对调  本机 2 秒
  112  没摔             追住 0/2 趟  平均   3.19 米  落后   4.47 米  最近  1.85 米  正前方   6%  静球到了 0/4 趟  走了  2.51 米  路 orient 对调  本机 136 秒
  113  倒了/没建出来        追住 0/2 趟  平均   3.16 米  落后   4.45 米  最近  1.40 米  正前方   9%  静球到了 0/4 趟  走了  4.54 米  路 orient 对调  本机 136 秒
  114  没摔             追住 0/2 趟  平均   1.92 米  落后   2.84 米  最近  0.44 米  正前方  13%  静球到了 3/4 趟  走了  4.10 米  (两边都会)  路 motor 对调  本机 137 秒
  115  倒了/没建出来        追住 0/0 趟  平均    nan 米  落后    nan 米  最近   nan 米  正前方   0%  静球到了 0/0 趟  走了   nan 米  路 orient 对调  本机 2 秒
  116  倒了/没建出来        追住 0/2 趟  平均   3.04 米  落后   4.45 米  最近  0.83 米  正前方  16%  静球到了 0/4 趟  走了  1.72 米  路 motor 对调  本机 136 秒
  117  倒了/没建出来        追住 0/0 趟  平均    nan 米  落后    nan 米  最近   nan 米  正前方   0%  静球到了 0/0 趟  走了   nan 米  路 orient 对调  本机 2 秒
  118  倒了/没建出来        追住 0/0 趟  平均    nan 米  落后    nan 米  最近   nan 米  正前方   0%  静球到了 0/0 趟  走了   nan 米  路 orient 对调  本机 2 秒
  119  没摔             追住 0/2 趟  平均   2.99 米  落后   4.08 米  最近  1.71 米  正前方   8%  静球到了 0/4 趟  走了  3.22 米  路 orient 对调  本机 139 秒
  120  没摔             追住 0/2 趟  平均   1.85 米  落后   2.82 米  最近  0.68 米  正前方  12%  静球到了 3/4 趟  走了  3.81 米  (两边都会)  路 motor 对调  本机 136 秒
  121  没摔             追住 0/2 趟  平均   1.65 米  落后   2.55 米  最近  0.16 米  正前方  17%  静球到了 3/4 趟  走了  3.58 米  (两边都会)  路 motor 对调  本机 137 秒
  122  倒了/没建出来        追住 0/0 趟  平均    nan 米  落后    nan 米  最近   nan 米  正前方   0%  静球到了 0/0 趟  走了   nan 米  路 orient 对调  本机 1 秒
  123  没摔             追住 0/2 趟  平均   3.40 米  落后   4.72 米  最近  2.28 米  正前方  17%  静球到了 1/4 趟  走了  2.52 米  路 motor  本机 138 秒
  124  没摔             追住 0/2 趟  平均   2.40 米  落后   4.21 米  最近  0.80 米  正前方  11%  静球到了 4/4 趟  走了  3.53 米  (两边都会)  路 motor 对调  本机 139 秒
  125  倒了/没建出来        追住 0/2 趟  平均   1.24 米  落后   1.69 米  最近  0.05 米  正前方  58%  静球到了 3/4 趟  走了  2.51 米  (两边都会)  路 motor 对调  本机 139 秒
  126  没摔             追住 0/2 趟  平均   3.61 米  落后   6.21 米  最近  0.14 米  正前方  12%  静球到了 2/4 趟  走了  4.44 米  路 orient  本机 107 秒
  127  倒了/没建出来        追住 0/0 趟  平均    nan 米  落后    nan 米  最近   nan 米  正前方   0%  静球到了 0/0 趟  走了   nan 米  路 motor  本机 1 秒
  128  没摔             追住 0/2 趟  平均   2.79 米  落后   3.89 米  最近  1.86 米  正前方  18%  静球到了 0/4 趟  走了  1.95 米  路 motor 对调  本机 107 秒
  129  倒了/没建出来        追住 0/0 趟  平均    nan 米  落后    nan 米  最近   nan 米  正前方   0%  静球到了 0/0 趟  走了   nan 米  路 motor 对调  本机 2 秒
  130  倒了/没建出来        追住 0/2 趟  平均   4.41 米  落后   5.97 米  最近  2.46 米  正前方   7%  静球到了 0/4 趟  走了  0.53 米  路 motor 对调  本机 109 秒
  131  倒了/没建出来        追住 0/0 趟  平均    nan 米  落后    nan 米  最近   nan 米  正前方   0%  静球到了 0/0 趟  走了   nan 米  路 motor 对调  本机 0 秒
  132  没摔             追住 0/2 趟  平均   1.39 米  落后   1.90 米  最近  0.29 米  正前方  23%  静球到了 2/4 趟  走了  3.05 米  路 motor 对调  本机 104 秒
  133  没摔             追住 0/2 趟  平均   3.84 米  落后   5.07 米  最近  2.49 米  正前方   3%  静球到了 0/4 趟  走了  1.70 米  路 motor  本机 106 秒
  134  没摔             追住 0/2 趟  平均   3.21 米  落后   4.31 米  最近  2.26 米  正前方  37%  静球到了 0/4 趟  走了  0.72 米  路 motor 对调  本机 105 秒
  135  没摔             追住 0/2 趟  平均   4.54 米  落后   6.90 米  最近  1.89 米  正前方   5%  静球到了 0/4 趟  走了  3.58 米  路 orient 对调  本机 106 秒
  136  没摔             追住 0/2 趟  平均   3.76 米  落后   5.05 米  最近  2.47 米  正前方  82%  静球到了 0/4 趟  走了  0.11 米  路 motor 对调  本机 107 秒
  137  没摔             追住 0/2 趟  平均   2.58 米  落后   3.85 米  最近  0.77 米  正前方   9%  静球到了 2/4 趟  走了  4.04 米  路 motor 对调  本机 109 秒
  138  没摔             追住 0/2 趟  平均   3.68 米  落后   4.89 米  最近  2.49 米  正前方 100%  静球到了 0/4 趟  走了  0.14 米  路 motor 对调  本机 108 秒
  139  倒了/没建出来        追住 0/0 趟  平均    nan 米  落后    nan 米  最近   nan 米  正前方   0%  静球到了 0/0 趟  走了   nan 米  路 motor 对调  本机 1 秒
  140  倒了/没建出来        追住 0/2 趟  平均   3.49 米  落后   4.46 米  最近  2.47 米  正前方  51%  静球到了 0/4 趟  走了  0.48 米  路 motor 对调  本机 109 秒
  141  倒了/没建出来        追住 0/0 趟  平均    nan 米  落后    nan 米  最近   nan 米  正前方   0%  静球到了 0/0 趟  走了   nan 米  路 motor 对调  本机 1 秒
  142  倒了/没建出来        追住 0/2 趟  平均   3.43 米  落后   4.75 米  最近  2.31 米  正前方  33%  静球到了 0/4 趟  走了  0.77 米  路 motor 对调  本机 106 秒
  143  没摔             追住 0/2 趟  平均   3.48 米  落后   4.78 米  最近  1.49 米  正前方   8%  静球到了 0/4 趟  走了  3.61 米  路 orient 对调  本机 105 秒
  144  没摔             追住 0/2 趟  平均   3.64 米  落后   4.82 米  最近  2.50 米  正前方 100%  静球到了 0/4 趟  走了  0.10 米  路 orient 对调  本机 108 秒
  145  没摔             追住 0/2 趟  平均   2.84 米  落后   3.96 米  最近  1.59 米  正前方   8%  静球到了 0/4 趟  走了  2.49 米  路 orient 对调  本机 105 秒
  146  倒了/没建出来        追住 0/0 趟  平均    nan 米  落后    nan 米  最近   nan 米  正前方   0%  静球到了 0/0 趟  走了   nan 米  路 motor 对调  本机 0 秒
  147  倒了/没建出来        追住 0/2 趟  平均   4.14 米  落后   5.38 米  最近  2.50 米  正前方  18%  静球到了 0/4 趟  走了  0.85 米  路 motor  本机 107 秒
  148  倒了/没建出来        追住 0/0 趟  平均    nan 米  落后    nan 米  最近   nan 米  正前方   0%  静球到了 0/0 趟  走了   nan 米  路 motor 对调  本机 1 秒
  149  没摔             追住 0/2 趟  平均   3.73 米  落后   5.02 米  最近  2.14 米  正前方   4%  静球到了 0/4 趟  走了  2.76 米  路 motor  本机 136 秒
  150  没摔             追住 0/2 趟  平均   4.80 米  落后   6.19 米  最近  2.45 米  正前方   4%  静球到了 0/4 趟  走了  1.20 米  路 motor 对调  本机 103 秒
  151  倒了/没建出来        追住 0/2 趟  平均   3.33 米  落后   4.63 米  最近  1.66 米  正前方  45%  静球到了 0/4 趟  走了  1.12 米  路 motor 对调  本机 108 秒
  152  倒了/没建出来        追住 0/2 趟  平均   2.56 米  落后   3.69 米  最近  0.43 米  正前方  13%  静球到了 2/4 趟  走了  3.69 米  路 motor 对调  本机 106 秒
  153  没摔             追住 0/2 趟  平均   2.61 米  落后   3.64 米  最近  0.85 米  正前方  57%  静球到了 1/4 趟  走了  2.06 米  路 motor 对调  本机 136 秒
  154  倒了/没建出来        追住 0/0 趟  平均    nan 米  落后    nan 米  最近   nan 米  正前方   0%  静球到了 0/0 趟  走了   nan 米  路 motor  本机 1 秒
  155  倒了/没建出来        追住 0/0 趟  平均    nan 米  落后    nan 米  最近   nan 米  正前方   0%  静球到了 0/0 趟  走了   nan 米  路 motor 对调  本机 1 秒
  156  倒了/没建出来        追住 0/2 趟  平均   3.82 米  落后   5.10 米  最近  2.45 米  正前方  80%  静球到了 0/4 趟  走了  0.75 米  路 motor 对调  本机 139 秒
  157  倒了/没建出来        追住 0/2 趟  平均   3.04 米  落后   4.18 米  最近  1.80 米  正前方  69%  静球到了 0/4 趟  走了  1.06 米  路 motor 对调  本机 109 秒
  158  没摔             追住 0/2 趟  平均   1.40 米  落后   2.08 米  最近  0.25 米  正前方  26%  静球到了 3/4 趟  走了  2.92 米  (两边都会)  路 motor 对调  本机 135 秒
  159  没摔             追住 0/2 趟  平均   5.15 米  落后   8.12 米  最近  1.32 米  正前方   7%  静球到了 0/4 趟  走了  5.30 米  路 orient 对调  本机 136 秒
  160  没摔             追住 0/2 趟  平均   1.56 米  落后   2.40 米  最近  0.36 米  正前方  19%  静球到了 4/4 趟  走了  3.68 米  (两边都会)  路 motor 对调  本机 109 秒
  161  没摔             追住 0/2 趟  平均   3.22 米  落后   5.74 米  最近  0.10 米  正前方  11%  静球到了 4/4 趟  走了  4.83 米  (两边都会)  路 motor 对调  本机 139 秒
  162  没摔             追住 0/2 趟  平均   3.11 米  落后   4.61 米  最近  1.72 米  正前方   7%  静球到了 0/4 趟  走了  2.93 米  路 motor  本机 134 秒
  163  没摔             追住 0/2 趟  平均   3.67 米  落后   4.83 米  最近  2.50 米  正前方 100%  静球到了 0/4 趟  走了  0.16 米  路 motor 对调  本机 139 秒
  164  倒了/没建出来        追住 0/0 趟  平均    nan 米  落后    nan 米  最近   nan 米  正前方   0%  静球到了 0/0 趟  走了   nan 米  路 motor 对调  本机 2 秒
  165  没摔             追住 0/2 趟  平均   3.30 米  落后   4.76 米  最近  1.84 米  正前方   7%  静球到了 0/4 趟  走了  2.93 米  路 motor  本机 135 秒
  166  没摔             追住 0/2 趟  平均   2.29 米  落后   3.65 米  最近  0.41 米  正前方  14%  静球到了 1/4 趟  走了  3.39 米  路 motor 对调  本机 107 秒
  167  没摔             追住 0/2 趟  平均   3.64 米  落后   4.78 米  最近  2.40 米  正前方  19%  静球到了 0/4 趟  走了  0.97 米  路 motor 对调  本机 137 秒
  168  没摔             追住 0/2 趟  平均   1.39 米  落后   2.00 米  最近  0.39 米  正前方  56%  静球到了 3/4 趟  走了  3.12 米  (两边都会)  路 motor 对调  本机 136 秒
  169  倒了/没建出来        追住 0/0 趟  平均    nan 米  落后    nan 米  最近   nan 米  正前方   0%  静球到了 0/0 趟  走了   nan 米  路 motor 对调  本机 1 秒
  170  没摔             追住 0/2 趟  平均   2.92 米  落后   3.94 米  最近  1.77 米  正前方   5%  静球到了 0/4 趟  走了  2.34 米  路 motor  本机 139 秒
  171  没摔             追住 0/2 趟  平均   3.88 米  落后   5.14 米  最近  2.50 米  正前方 100%  静球到了 0/4 趟  走了  0.13 米  路 motor 对调  本机 136 秒
  172  没摔             追住 0/2 趟  平均   2.54 米  落后   4.19 米  最近  1.10 米  正前方   9%  静球到了 1/4 趟  走了  3.49 米  路 motor 对调  本机 107 秒
  173  倒了/没建出来        追住 0/0 趟  平均    nan 米  落后    nan 米  最近   nan 米  正前方   0%  静球到了 0/0 趟  走了   nan 米  路 motor 对调  本机 2 秒
  174  倒了/没建出来        追住 0/0 趟  平均    nan 米  落后    nan 米  最近   nan 米  正前方   0%  静球到了 0/0 趟  走了   nan 米  路 orient 对调  本机 1 秒
  175  没摔             追住 0/2 趟  平均   2.96 米  落后   5.28 米  最近  0.10 米  正前方  13%  静球到了 2/4 趟  走了  4.44 米  路 motor 对调  本机 106 秒
  176  倒了/没建出来        追住 0/2 趟  平均   4.17 米  落后   5.47 米  最近  2.39 米  正前方  42%  静球到了 0/4 趟  走了  0.85 米  路 motor 对调  本机 107 秒
  177  倒了/没建出来        追住 0/0 趟  平均    nan 米  落后    nan 米  最近   nan 米  正前方   0%  静球到了 0/0 趟  走了   nan 米  路 motor 对调  本机 1 秒
  178  没摔             追住 0/2 趟  平均   3.54 米  落后   5.73 米  最近  1.33 米  正前方   7%  静球到了 0/4 趟  走了  3.99 米  路 orient 对调  本机 106 秒
  179  没摔             追住 0/2 趟  平均   2.60 米  落后   3.52 米  最近  1.66 米  正前方  10%  静球到了 0/4 趟  走了  2.15 米  路 motor 对调  本机 105 秒
  180  没摔             追住 0/2 趟  平均   1.24 米  落后   1.94 米  最近  0.07 米  正前方  25%  静球到了 2/4 趟  走了  3.00 米  (两边都会)  路 motor 对调  本机 106 秒
  181  倒了/没建出来        追住 0/0 趟  平均    nan 米  落后    nan 米  最近   nan 米  正前方   0%  静球到了 0/0 趟  走了   nan 米  路 motor 对调  本机 2 秒
  182  倒了/没建出来        追住 0/2 趟  平均   1.77 米  落后   2.24 米  最近  0.74 米  正前方  38%  静球到了 0/4 趟  走了  1.51 米  路 motor 对调  本机 107 秒
  183  没摔             追住 0/2 趟  平均   4.18 米  落后   5.55 米  最近  2.50 米  正前方  94%  静球到了 0/4 趟  走了  0.53 米  路 motor 对调  本机 107 秒
  184  没摔             追住 0/2 趟  平均   2.44 米  落后   3.48 米  最近  1.16 米  正前方  22%  静球到了 1/4 趟  走了  1.56 米  路 motor 对调  本机 109 秒
  185  没摔             追住 0/2 趟  平均   2.63 米  落后   3.67 米  最近  1.19 米  正前方   9%  静球到了 0/4 趟  走了  3.31 米  路 orient 对调  本机 107 秒
  186  倒了/没建出来        追住 0/2 趟  平均   3.76 米  落后   4.88 米  最近  2.46 米  正前方  46%  静球到了 0/4 趟  走了  0.52 米  路 motor 对调  本机 109 秒
  187  没摔             追住 0/2 趟  平均   2.36 米  落后   4.13 米  最近  0.61 米  正前方  10%  静球到了 3/4 趟  走了  3.92 米  (两边都会)  路 motor 对调  本机 131 秒
  188  没摔             追住 0/2 趟  平均   2.65 米  落后   4.99 米  最近  0.40 米  正前方  13%  静球到了 4/4 趟  走了  4.12 米  (两边都会)  路 motor 对调  本机 140 秒
  189  没摔             追住 0/2 趟  平均   1.40 米  落后   2.18 米  最近  0.05 米  正前方  22%  静球到了 4/4 趟  走了  3.53 米  (两边都会)  路 motor 对调  本机 135 秒
  190  没摔             追住 0/2 趟  平均   4.88 米  落后   6.29 米  最近  2.03 米  正前方  10%  静球到了 1/4 趟  走了  2.42 米  路 motor 对调  本机 134 秒
  191  没摔             追住 0/2 趟  平均   1.41 米  落后   2.08 米  最近  0.43 米  正前方  59%  静球到了 3/4 趟  走了  3.12 米  (两边都会)  路 motor 对调  本机 138 秒
  192  没摔             追住 0/2 趟  平均   2.59 米  落后   3.97 米  最近  1.26 米  正前方   8%  静球到了 0/4 趟  走了  3.54 米  路 motor 对调  本机 135 秒
  193  没摔             追住 0/2 趟  平均   3.67 米  落后   5.31 米  最近  1.99 米  正前方   7%  静球到了 0/4 趟  走了  2.58 米  路 motor  本机 133 秒
  194  倒了/没建出来        追住 0/0 趟  平均    nan 米  落后    nan 米  最近   nan 米  正前方   0%  静球到了 0/0 趟  走了   nan 米  路 motor 对调  本机 1 秒
  195  没摔             追住 0/2 趟  平均   1.78 米  落后   2.73 米  最近  0.05 米  正前方  16%  静球到了 1/4 趟  走了  2.97 米  路 motor 对调  本机 137 秒
  196  倒了/没建出来        追住 0/0 趟  平均    nan 米  落后    nan 米  最近   nan 米  正前方   0%  静球到了 0/0 趟  走了   nan 米  路 orient 对调  本机 2 秒
  197  倒了/没建出来        追住 0/2 趟  平均   3.96 米  落后   5.31 米  最近  2.41 米  正前方  46%  静球到了 0/4 趟  走了  0.80 米  路 motor 对调  本机 134 秒
  198  没摔             追住 0/2 趟  平均   3.39 米  落后   5.57 米  最近  1.43 米  正前方   8%  静球到了 0/4 趟  走了  3.64 米  路 orient 对调  本机 133 秒
  199  没摔             追住 0/2 趟  平均   3.94 米  落后   6.40 米  最近  1.18 米  正前方   7%  静球到了 0/4 趟  走了  4.65 米  路 orient 对调  本机 137 秒
  200  倒了/没建出来        追住 0/0 趟  平均    nan 米  落后    nan 米  最近   nan 米  正前方   0%  静球到了 0/0 趟  走了   nan 米  路 motor 对调  本机 1 秒
  201  没摔             追住 0/2 趟  平均   1.95 米  落后   2.90 米  最近  0.64 米  正前方  10%  静球到了 4/4 趟  走了  4.28 米  (两边都会)  路 motor 对调  本机 136 秒
  202  没摔             追住 0/2 趟  平均   1.88 米  落后   2.66 米  最近  0.90 米  正前方  17%  静球到了 1/4 趟  走了  3.08 米  路 motor 对调  本机 138 秒
  203  倒了/没建出来        追住 0/2 趟  平均   1.89 米  落后   2.71 米  最近  0.81 米  正前方  99%  静球到了 2/4 趟  走了  2.08 米  (两边都会)  路 motor 对调  本机 106 秒
  204  没摔             追住 0/2 趟  平均   3.32 米  落后   4.64 米  最近  2.14 米  正前方   3%  静球到了 0/4 趟  走了  2.11 米  路 motor  本机 108 秒
  205  倒了/没建出来        追住 0/2 趟  平均   3.75 米  落后   5.04 米  最近  2.20 米  正前方  40%  静球到了 0/4 趟  走了  0.94 米  路 motor 对调  本机 107 秒
  206  没摔             追住 0/2 趟  平均   2.91 米  落后   3.99 米  最近  1.72 米  正前方  14%  静球到了 0/4 趟  走了  2.36 米  路 motor 对调  本机 107 秒
  207  没摔             追住 0/2 趟  平均   3.00 米  落后   3.90 米  最近  2.28 米  正前方  42%  静球到了 0/4 趟  走了  0.74 米  路 motor 对调  本机 108 秒
  208  倒了/没建出来        追住 0/0 趟  平均    nan 米  落后    nan 米  最近   nan 米  正前方   0%  静球到了 0/0 趟  走了   nan 米  路 motor 对调  本机 1 秒
  209  倒了/没建出来        追住 0/2 趟  平均   3.85 米  落后   5.21 米  最近  2.39 米  正前方  54%  静球到了 0/4 趟  走了  1.00 米  路 motor 对调  本机 105 秒
  210  倒了/没建出来        追住 0/2 趟  平均   3.79 米  落后   4.84 米  最近  2.15 米  正前方   5%  静球到了 1/4 趟  走了  1.18 米  路 motor  本机 106 秒
  211  倒了/没建出来        追住 0/0 趟  平均    nan 米  落后    nan 米  最近   nan 米  正前方   0%  静球到了 0/0 趟  走了   nan 米  路 motor 对调  本机 0 秒
  212  倒了/没建出来        追住 0/0 趟  平均    nan 米  落后    nan 米  最近   nan 米  正前方   0%  静球到了 0/0 趟  走了   nan 米  路 motor 对调  本机 1 秒
  213  没摔             追住 0/2 趟  平均   2.49 米  落后   3.52 米  最近  1.21 米  正前方  11%  静球到了 0/4 趟  走了  2.95 米  路 motor 对调  本机 106 秒
  214  没摔             追住 1/2 趟  平均   1.16 米  落后   1.41 米  最近  0.15 米  正前方  64%  静球到了 2/4 趟  走了  2.49 米  路 motor 对调  本机 109 秒
  215  没摔             追住 0/2 趟  平均   2.01 米  落后   2.96 米  最近  0.86 米  正前方  11%  静球到了 3/4 趟  走了  3.95 米  (两边都会)  路 motor 对调  本机 107 秒
  216  没摔             追住 0/2 趟  平均   1.84 米  落后   2.73 米  最近  0.10 米  正前方  18%  静球到了 4/4 趟  走了  3.41 米  (两边都会)  路 motor 对调  本机 109 秒
  217  倒了/没建出来        追住 0/0 趟  平均    nan 米  落后    nan 米  最近   nan 米  正前方   0%  静球到了 0/0 趟  走了   nan 米  路 motor  本机 1 秒
  218  没摔             追住 0/2 趟  平均   4.32 米  落后   5.31 米  最近  2.36 米  正前方  19%  静球到了 0/4 趟  走了  0.64 米  路 motor 对调  本机 134 秒
  219  没摔             追住 0/2 趟  平均   1.31 米  落后   1.98 米  最近  0.22 米  正前方  23%  静球到了 4/4 趟  走了  3.53 米  (两边都会)  路 motor 对调  本机 137 秒
  220  倒了/没建出来        追住 0/2 趟  平均   4.15 米  落后   5.42 米  最近  2.45 米  正前方  91%  静球到了 0/4 趟  走了  0.81 米  路 motor 对调  本机 134 秒
  221  没摔             追住 0/2 趟  平均   2.09 米  落后   2.88 米  最近  0.74 米  正前方  40%  静球到了 1/4 趟  走了  2.61 米  路 motor 对调  本机 134 秒
  222  没摔             追住 0/2 趟  平均   2.69 米  落后   3.82 米  最近  1.15 米  正前方   9%  静球到了 0/4 趟  走了  4.04 米  路 motor 对调  本机 136 秒
  223  没摔             追住 0/2 趟  平均   2.01 米  落后   3.92 米  最近  0.02 米  正前方  24%  静球到了 2/4 趟  走了  3.44 米  (两边都会)  路 motor 对调  本机 132 秒
  224  没摔             追住 0/2 趟  平均   1.93 米  落后   2.91 米  最近  0.59 米  正前方  12%  静球到了 3/4 趟  走了  3.68 米  (两边都会)  路 motor 对调  本机 136 秒
  225  没摔             追住 0/2 趟  平均   3.55 米  落后   5.16 米  最近  1.90 米  正前方   6%  静球到了 0/4 趟  走了  2.84 米  路 motor  本机 135 秒
  跨代冠军易主：2 代第 226 只  追住 2/2 趟、跑完落后 1.33 米、球在正前方 100% 的时间  没摔
  226  没摔             追住 2/2 趟  平均   1.25 米  落后   1.33 米  最近  0.57 米  正前方 100%  静球到了 2/4 趟  走了  2.01 米  (两边都会)  路 motor 对调  本机 137 秒
  227  倒了/没建出来        追住 0/2 趟  平均   2.70 米  落后   3.62 米  最近  1.87 米  正前方   7%  静球到了 0/4 趟  走了  1.09 米  路 orient 对调  本机 135 秒
  228  倒了/没建出来        追住 0/0 趟  平均    nan 米  落后    nan 米  最近   nan 米  正前方   0%  静球到了 0/0 趟  走了   nan 米  路 motor  本机 2 秒
  229  没摔             追住 0/2 趟  平均   3.08 米  落后   5.54 米  最近  0.55 米  正前方  10%  静球到了 4/4 趟  走了  4.54 米  (两边都会)  路 motor 对调  本机 139 秒
  230  没摔             追住 0/2 趟  平均   1.90 米  落后   2.78 米  最近  0.29 米  正前方  14%  静球到了 3/4 趟  走了  4.28 米  (两边都会)  路 motor 对调  本机 135 秒
  231  没摔             追住 0/2 趟  平均   3.07 米  落后   4.30 米  最近  1.70 米  正前方   7%  静球到了 0/4 趟  走了  3.61 米  路 motor  本机 136 秒
  232  没摔             追住 0/2 趟  平均   2.92 米  落后   4.05 米  最近  1.81 米  正前方   8%  静球到了 0/4 趟  走了  2.47 米  路 motor  本机 106 秒
  233  倒了/没建出来        追住 0/0 趟  平均    nan 米  落后    nan 米  最近   nan 米  正前方   0%  静球到了 0/0 趟  走了   nan 米  路 motor 对调  本机 2 秒
  234  倒了/没建出来        追住 0/0 趟  平均    nan 米  落后    nan 米  最近   nan 米  正前方   0%  静球到了 0/0 趟  走了   nan 米  路 motor 对调  本机 1 秒
  235  没摔             追住 0/2 趟  平均   4.19 米  落后   6.79 米  最近  0.74 米  正前方   8%  静球到了 2/4 趟  走了  5.39 米  路 motor 对调  本机 106 秒
  236  倒了/没建出来        追住 0/0 趟  平均    nan 米  落后    nan 米  最近   nan 米  正前方   0%  静球到了 0/0 趟  走了   nan 米  路 motor  本机 1 秒
  237  没摔             追住 0/2 趟  平均   3.06 米  落后   4.19 米  最近  1.72 米  正前方   7%  静球到了 0/4 趟  走了  3.38 米  路 motor  本机 108 秒
  238  没摔             追住 0/2 趟  平均   3.80 米  落后   4.97 米  最近  2.50 米  正前方  21%  静球到了 0/4 趟  走了  0.04 米  路 orient 对调  本机 105 秒
  239  没摔             追住 0/2 趟  平均   1.78 米  落后   2.10 米  最近  1.06 米  正前方 100%  静球到了 2/4 趟  走了  2.20 米  (两边都会)  路 motor 对调  本机 108 秒
  240  没摔             追住 0/2 趟  平均   1.24 米  落后   2.17 米  最近  0.07 米  正前方  27%  静球到了 4/4 趟  走了  3.22 米  (两边都会)  路 motor 对调  本机 109 秒
  241  没摔             追住 0/2 趟  平均   3.42 米  落后   4.72 米  最近  1.71 米  正前方   8%  静球到了 0/4 趟  走了  3.41 米  路 orient 对调  本机 106 秒
  242  倒了/没建出来        追住 0/2 趟  平均   3.29 米  落后   4.48 米  最近  1.89 米  正前方   8%  静球到了 0/4 趟  走了  1.75 米  路 motor 对调  本机 107 秒
  243  倒了/没建出来        追住 0/2 趟  平均   5.64 米  落后   7.61 米  最近  0.96 米  正前方   9%  静球到了 0/4 趟  走了  7.68 米  路 motor 对调  本机 108 秒
  244  倒了/没建出来        追住 0/2 趟  平均   3.31 米  落后   4.54 米  最近  1.45 米  正前方  14%  静球到了 0/4 趟  走了  1.92 米  路 motor 对调  本机 108 秒
  245  倒了/没建出来        追住 0/0 趟  平均    nan 米  落后    nan 米  最近   nan 米  正前方   0%  静球到了 0/0 趟  走了   nan 米  路 motor 对调  本机 0 秒
  246  倒了/没建出来        追住 0/0 趟  平均    nan 米  落后    nan 米  最近   nan 米  正前方   0%  静球到了 0/0 趟  走了   nan 米  路 motor 对调  本机 1 秒
  247  倒了/没建出来        追住 0/0 趟  平均    nan 米  落后    nan 米  最近   nan 米  正前方   0%  静球到了 0/0 趟  走了   nan 米  路 motor 对调  本机 2 秒
  248  没摔             追住 0/2 趟  平均   3.02 米  落后   3.86 米  最近  2.33 米  正前方  29%  静球到了 0/4 趟  走了  0.75 米  路 motor 对调  本机 109 秒
  249  倒了/没建出来        追住 0/0 趟  平均    nan 米  落后    nan 米  最近   nan 米  正前方   0%  静球到了 0/0 趟  走了   nan 米  路 motor  本机 2 秒
  250  没摔             追住 0/2 趟  平均   2.41 米  落后   3.66 米  最近  0.91 米  正前方  10%  静球到了 1/4 趟  走了  3.18 米  路 orient  本机 135 秒
  251  倒了/没建出来        追住 0/2 趟  平均   3.52 米  落后   4.82 米  最近  2.12 米  正前方   8%  静球到了 0/4 趟  走了  0.63 米  路 motor 对调  本机 136 秒
  252  没摔             追住 0/2 趟  平均   2.45 米  落后   3.43 米  最近  0.81 米  正前方  49%  静球到了 2/4 趟  走了  2.53 米  (两边都会)  路 motor 对调  本机 133 秒
  253  没摔             追住 0/2 趟  平均   1.65 米  落后   2.93 米  最近  0.46 米  正前方  18%  静球到了 3/4 趟  走了  3.30 米  (两边都会)  路 motor 对调  本机 137 秒
  254  没摔             追住 0/2 趟  平均   1.82 米  落后   3.54 米  最近  0.21 米  正前方  22%  静球到了 3/4 趟  走了  3.51 米  (两边都会)  路 motor 对调  本机 136 秒
  255  没摔             追住 0/2 趟  平均   3.84 米  落后   5.25 米  最近  2.28 米  正前方   8%  静球到了 0/4 趟  走了  1.21 米  路 motor  本机 105 秒
  256  没摔             追住 0/2 趟  平均   2.05 米  落后   3.28 米  最近  0.76 米  正前方  11%  静球到了 2/4 趟  走了  3.16 米  (两边都会)  路 motor 对调  本机 139 秒
  257  没摔             追住 0/2 趟  平均   2.18 米  落后   3.43 米  最近  0.99 米  正前方   9%  静球到了 1/4 趟  走了  3.35 米  路 motor 对调  本机 137 秒
  258  没摔             追住 0/2 趟  平均   2.22 米  落后   3.28 米  最近  0.90 米  正前方  11%  静球到了 2/4 趟  走了  3.21 米  路 motor 对调  本机 136 秒
  259  没摔             追住 1/2 趟  平均   2.31 米  落后   2.66 米  最近  0.71 米  正前方  55%  静球到了 1/4 趟  走了  2.63 米  路 motor 对调  本机 136 秒
  260  倒了/没建出来        追住 0/2 趟  平均   4.06 米  落后   5.29 米  最近  2.40 米  正前方  13%  静球到了 0/4 趟  走了  0.51 米  路 motor 对调  本机 107 秒
  261  没摔             追住 0/2 趟  平均   1.30 米  落后   2.02 米  最近  0.06 米  正前方  25%  静球到了 4/4 趟  走了  3.61 米  (两边都会)  路 motor 对调  本机 137 秒
  262  倒了/没建出来        追住 0/0 趟  平均    nan 米  落后    nan 米  最近   nan 米  正前方   0%  静球到了 0/0 趟  走了   nan 米  路 motor 对调  本机 1 秒
  263  没摔             追住 0/2 趟  平均   4.03 米  落后   6.90 米  最近  0.81 米  正前方   7%  静球到了 2/4 趟  走了  5.40 米  路 motor 对调  本机 105 秒
  264  没摔             追住 0/2 趟  平均   2.59 米  落后   3.47 米  最近  0.74 米  正前方  49%  静球到了 1/4 趟  走了  2.12 米  路 motor 对调  本机 106 秒
  265  没摔             追住 0/2 趟  平均   1.96 米  落后   2.96 米  最近  0.07 米  正前方  16%  静球到了 4/4 趟  走了  4.35 米  (两边都会)  路 motor 对调  本机 106 秒
  266  倒了/没建出来        追住 0/0 趟  平均    nan 米  落后    nan 米  最近   nan 米  正前方   0%  静球到了 0/0 趟  走了   nan 米  路 motor  本机 1 秒
  267  倒了/没建出来        追住 0/2 趟  平均   3.58 米  落后   4.84 米  最近  2.21 米  正前方  32%  静球到了 0/4 趟  走了  1.07 米  路 motor  本机 109 秒
  268  没摔             追住 0/2 趟  平均   2.76 米  落后   4.48 米  最近  1.19 米  正前方   8%  静球到了 0/4 趟  走了  3.37 米  路 orient  本机 134 秒
  269  倒了/没建出来        追住 0/0 趟  平均    nan 米  落后    nan 米  最近   nan 米  正前方   0%  静球到了 0/0 趟  走了   nan 米  路 motor 对调  本机 1 秒
  270  没摔             追住 0/2 趟  平均   2.17 米  落后   3.17 米  最近  0.76 米  正前方  11%  静球到了 2/4 趟  走了  4.16 米  路 motor 对调  本机 105 秒
  271  倒了/没建出来        追住 0/0 趟  平均    nan 米  落后    nan 米  最近   nan 米  正前方   0%  静球到了 0/0 趟  走了   nan 米  路 motor 对调  本机 1 秒
  272  倒了/没建出来        追住 0/0 趟  平均    nan 米  落后    nan 米  最近   nan 米  正前方   0%  静球到了 0/0 趟  走了   nan 米  路 motor 对调  本机 2 秒
  273  没摔             追住 0/2 趟  平均   3.01 米  落后   4.40 米  最近  1.62 米  正前方   4%  静球到了 1/4 趟  走了  2.88 米  路 motor  本机 106 秒
  274  倒了/没建出来        追住 0/2 趟  平均   3.44 米  落后   4.69 米  最近  2.10 米  正前方  51%  静球到了 0/4 趟  走了  0.71 米  路 motor 对调  本机 135 秒
  275  没摔             追住 0/2 趟  平均   3.99 米  落后   6.61 米  最近  1.00 米  正前方   8%  静球到了 0/4 趟  走了  5.22 米  路 motor 对调  本机 134 秒
  276  倒了/没建出来        追住 0/2 趟  平均   4.22 米  落后   5.27 米  最近  2.48 米  正前方  86%  静球到了 0/4 趟  走了  0.58 米  路 motor 对调  本机 110 秒
  277  没摔             追住 0/2 趟  平均   1.85 米  落后   2.73 米  最近  0.74 米  正前方  12%  静球到了 3/4 趟  走了  3.65 米  (两边都会)  路 motor 对调  本机 107 秒
  278  没摔             追住 0/2 趟  平均   1.66 米  落后   2.25 米  最近  0.75 米  正前方  35%  静球到了 2/4 趟  走了  2.87 米  路 motor 对调  本机 108 秒
  279  没摔             追住 0/2 趟  平均   1.43 米  落后   2.02 米  最近  0.11 米  正前方  59%  静球到了 2/4 趟  走了  3.04 米  (两边都会)  路 motor 对调  本机 93 秒
  280  没摔             追住 0/2 趟  平均   4.32 米  落后   5.75 米  最近  2.50 米  正前方  18%  静球到了 0/4 趟  走了  0.44 米  路 motor 对调  本机 98 秒
  281  没摔             追住 1/2 趟  平均   1.33 米  落后   1.45 米  最近  0.12 米  正前方  97%  静球到了 2/4 趟  走了  2.36 米  (两边都会)  路 motor 对调  本机 97 秒
  282  没摔             追住 0/2 趟  平均   3.90 米  落后   5.45 米  最近  2.04 米  正前方   3%  静球到了 0/4 趟  走了  2.37 米  路 orient 对调  本机 97 秒
  283  没摔             追住 0/2 趟  平均   1.30 米  落后   2.18 米  最近  0.19 米  正前方  37%  静球到了 4/4 趟  走了  3.27 米  (两边都会)  路 motor 对调  本机 97 秒
  284  倒了/没建出来        追住 0/0 趟  平均    nan 米  落后    nan 米  最近   nan 米  正前方   0%  静球到了 0/0 趟  走了   nan 米  路 motor 对调  本机 1 秒
  285  没摔             追住 0/2 趟  平均   1.78 米  落后   2.73 米  最近  0.54 米  正前方  12%  静球到了 4/4 趟  走了  4.31 米  (两边都会)  路 motor 对调  本机 96 秒
  286  倒了/没建出来        追住 0/2 趟  平均   2.94 米  落后   3.97 米  最近  1.84 米  正前方  85%  静球到了 0/4 趟  走了  1.41 米  路 motor 对调  本机 96 秒
  287  没摔             追住 1/2 趟  平均   1.29 米  落后   1.37 米  最近  0.03 米  正前方  90%  静球到了 2/4 趟  走了  2.64 米  (两边都会)  路 motor 对调  本机 95 秒
  288  倒了/没建出来        追住 0/0 趟  平均    nan 米  落后    nan 米  最近   nan 米  正前方   0%  静球到了 0/0 趟  走了   nan 米  路 orient 对调  本机 1 秒
  289  倒了/没建出来        追住 0/0 趟  平均    nan 米  落后    nan 米  最近   nan 米  正前方   0%  静球到了 0/0 趟  走了   nan 米  路 orient 对调  本机 2 秒
  290  没摔             追住 0/2 趟  平均   2.14 米  落后   2.82 米  最近  0.03 米  正前方  16%  静球到了 2/4 趟  走了  2.78 米  路 motor 对调  本机 82 秒
  291  倒了/没建出来        追住 0/0 趟  平均    nan 米  落后    nan 米  最近   nan 米  正前方   0%  静球到了 0/0 趟  走了   nan 米  路 motor 对调  本机 1 秒
  292  倒了/没建出来        追住 0/2 趟  平均   3.92 米  落后   5.20 米  最近  2.47 米  正前方  78%  静球到了 0/4 趟  走了  0.60 米  路 motor 对调  本机 81 秒
  293  没摔             追住 0/2 趟  平均   5.33 米  落后   8.25 米  最近  1.69 米  正前方   6%  静球到了 0/4 趟  走了  4.32 米  路 motor  本机 80 秒
  294  没摔             追住 0/2 趟  平均   3.37 米  落后   5.09 米  最近  1.74 米  正前方   7%  静球到了 0/4 趟  走了  3.43 米  路 orient 对调  本机 89 秒
  295  倒了/没建出来        追住 0/0 趟  平均    nan 米  落后    nan 米  最近   nan 米  正前方   0%  静球到了 0/0 趟  走了   nan 米  路 motor 对调  本机 1 秒
  296  倒了/没建出来        追住 0/0 趟  平均    nan 米  落后    nan 米  最近   nan 米  正前方   0%  静球到了 0/0 趟  走了   nan 米  路 motor 对调  本机 1 秒
  297  倒了/没建出来        追住 0/2 趟  平均   1.86 米  落后   2.48 米  最近  0.93 米  正前方  26%  静球到了 0/4 趟  走了  2.63 米  路 motor  本机 89 秒
  298  没摔             追住 0/2 趟  平均   2.63 米  落后   3.43 米  最近  1.92 米  正前方 100%  静球到了 0/4 趟  走了  1.21 米  路 motor 对调  本机 78 秒
  299  倒了/没建出来        追住 0/2 趟  平均   3.22 米  落后   3.91 米  最近  2.05 米  正前方  23%  静球到了 0/4 趟  走了  0.97 米  路 motor 对调  本机 78 秒
第 2 代收工：300 只里建出来 229 只（没摔 185）；真追住球的 12 只，两边都追住的 1 只（球挪走行为会变的 222 只）；追得最好那只落后 1.33 米、球在正前方 100% 的时间、最近贴到 0.57 米；本代花了 19.7 分钟
  这一代自己走出来的、真追住球的 12 只，其中两边都追住的 1 只
  下一代的爹 10 只（artifacts/追球_云_三批_g02_keep.jsonl）：第226只 追住2/2趟 落后1.33米、第18只 追住1/2趟 落后1.63米、第287只 追住1/2趟 落后1.37米、第23只 追住1/2趟 落后1.54米、第281只 追住1/2趟 落后1.45米、第19只 追住1/2趟 落后1.84米、第26只 追住1/2趟 落后1.76米、第109只 追住1/2趟 落后1.94米、第61只 追住1/2趟 落后2.52米、第25只 追住1/2趟 落后1.90米
第 3 代：生 300 只、每只考 4 趟不动球（每趟 6 秒）+ 2 趟追着跑的球（每趟 20 秒，球沿随机曲线逃）+ 1 趟没球对照、24 个进程
    0  倒了/没建出来        追住 0/2 趟  平均   3.95 米  落后   5.42 米  最近  1.17 米  正前方  51%  静球到了 0/4 趟  走了  1.06 米  路 motor 对调  本机 139 秒
    1  没摔             追住 2/2 趟  平均   1.26 米  落后   1.37 米  最近  0.58 米  正前方 100%  静球到了 2/4 趟  走了  2.57 米  (两边都会)  路 motor 对调  本机 139 秒
    2  倒了/没建出来        追住 0/0 趟  平均    nan 米  落后    nan 米  最近   nan 米  正前方   0%  静球到了 0/0 趟  走了   nan 米  路 orient 对调  本机 2 秒
    3  倒了/没建出来        追住 0/2 趟  平均   4.37 米  落后   5.65 米  最近  2.46 米  正前方  51%  静球到了 0/4 趟  走了  0.64 米  路 motor 对调  本机 139 秒
    4  没摔             追住 0/2 趟  平均   1.94 米  落后   2.92 米  最近  0.77 米  正前方  13%  静球到了 2/4 趟  走了  3.37 米  (两边都会)  路 motor 对调  本机 107 秒
    5  没摔             追住 1/2 趟  平均   1.03 米  落后   1.56 米  最近  0.08 米  正前方  68%  静球到了 3/4 趟  走了  3.02 米  (两边都会)  路 motor 对调  本机 139 秒
    6  没摔             追住 1/2 趟  平均   1.48 米  落后   2.39 米  最近  0.17 米  正前方  55%  静球到了 4/4 趟  走了  3.25 米  (两边都会)  路 motor 对调  本机 139 秒
  跨代冠军易主：3 代第 7 只  追住 2/2 趟、跑完落后 0.81 米、球在正前方  85% 的时间  没摔
    7  没摔             追住 2/2 趟  平均   0.94 米  落后   0.81 米  最近  0.11 米  正前方  85%  静球到了 3/4 趟  走了  2.95 米  (两边都会)  路 motor 对调  本机 139 秒
    8  倒了/没建出来        追住 0/2 趟  平均   3.08 米  落后   4.08 米  最近  2.21 米  正前方  56%  静球到了 0/4 趟  走了  0.96 米  路 motor 对调  本机 140 秒
    9  倒了/没建出来        追住 0/2 趟  平均   3.35 米  落后   4.45 米  最近  2.27 米  正前方  92%  静球到了 0/4 趟  走了  0.59 米  路 motor 对调  本机 113 秒
   10  没摔             追住 0/2 趟  平均   3.00 米  落后   4.18 米  最近  1.72 米  正前方   7%  静球到了 0/4 趟  走了  3.21 米  路 motor  本机 137 秒
   11  倒了/没建出来        追住 0/0 趟  平均    nan 米  落后    nan 米  最近   nan 米  正前方   0%  静球到了 0/0 趟  走了   nan 米  路 motor 对调  本机 1 秒
   12  倒了/没建出来        追住 0/0 趟  平均    nan 米  落后    nan 米  最近   nan 米  正前方   0%  静球到了 0/0 趟  走了   nan 米  路 motor 对调  本机 1 秒
   13  倒了/没建出来        追住 0/2 趟  平均   3.10 米  落后   4.14 米  最近  1.73 米  正前方  95%  静球到了 0/4 趟  走了  1.23 米  路 motor 对调  本机 107 秒
   14  没摔             追住 0/2 趟  平均   1.67 米  落后   2.16 米  最近  0.66 米  正前方  61%  静球到了 2/4 趟  走了  2.62 米  (两边都会)  路 motor 对调  本机 139 秒
   15  倒了/没建出来        追住 0/0 趟  平均    nan 米  落后    nan 米  最近   nan 米  正前方   0%  静球到了 0/0 趟  走了   nan 米  路 motor 对调  本机 0 秒
   16  没摔             追住 0/2 趟  平均   4.40 米  落后   7.06 米  最近  1.42 米  正前方   7%  静球到了 0/4 趟  走了  4.88 米  路 orient 对调  本机 139 秒
   17  没摔             追住 0/2 趟  平均   4.19 米  落后   5.57 米  最近  2.50 米  正前方  32%  静球到了 0/4 趟  走了  0.70 米  路 motor  本机 137 秒
   18  没摔             追住 0/2 趟  平均   2.16 米  落后   3.06 米  最近  1.31 米  正前方  12%  静球到了 1/4 趟  走了  2.78 米  路 motor 对调  本机 139 秒
   19  倒了/没建出来        追住 0/0 趟  平均    nan 米  落后    nan 米  最近   nan 米  正前方   0%  静球到了 0/0 趟  走了   nan 米  路 motor  本机 1 秒
   20  倒了/没建出来        追住 0/0 趟  平均    nan 米  落后    nan 米  最近   nan 米  正前方   0%  静球到了 0/0 趟  走了   nan 米  路 orient 对调  本机 1 秒
   21  没摔             追住 0/2 趟  平均   3.27 米  落后   4.42 米  最近  2.47 米  正前方  56%  静球到了 0/4 趟  走了  0.77 米  路 motor  本机 107 秒
   22  没摔             追住 0/2 趟  平均   1.51 米  落后   2.31 米  最近  0.35 米  正前方  20%  静球到了 4/4 趟  走了  3.54 米  (两边都会)  路 motor 对调  本机 109 秒
   23  没摔             追住 0/2 趟  平均   3.60 米  落后   4.77 米  最近  2.48 米  正前方 100%  静球到了 0/4 趟  走了  0.24 米  路 motor 对调  本机 110 秒
   24  没摔             追住 0/2 趟  平均   2.82 米  落后   3.53 米  最近  2.22 米  正前方 100%  静球到了 0/4 趟  走了  0.82 米  路 motor 对调  本机 107 秒
   25  倒了/没建出来        追住 0/2 趟  平均   4.23 米  落后   5.55 米  最近  2.50 米  正前方  49%  静球到了 0/4 趟  走了  0.53 米  路 motor 对调  本机 107 秒
   26  没摔             追住 1/2 趟  平均   1.33 米  落后   2.21 米  最近  0.13 米  正前方  22%  静球到了 4/4 趟  走了  3.35 米  (两边都会)  路 motor 对调  本机 107 秒
   27  没摔             追住 0/2 趟  平均   4.60 米  落后   7.06 米  最近  1.62 米  正前方   7%  静球到了 0/4 趟  走了  3.94 米  路 orient 对调  本机 106 秒
   28  没摔             追住 0/2 趟  平均   1.46 米  落后   2.47 米  最近  0.21 米  正前方  21%  静球到了 4/4 趟  走了  3.30 米  (两边都会)  路 motor 对调  本机 107 秒
   29  没摔             追住 0/2 趟  平均   1.32 米  落后   2.07 米  最近  0.09 米  正前方  25%  静球到了 4/4 趟  走了  3.48 米  (两边都会)  路 motor 对调  本机 138 秒
   30  没摔             追住 1/2 趟  平均   1.17 米  落后   1.51 米  最近  0.17 米  正前方  61%  静球到了 4/4 趟  走了  3.10 米  (两边都会)  路 motor 对调  本机 108 秒
   31  没摔             追住 0/2 趟  平均   3.32 米  落后   5.00 米  最近  1.80 米  正前方   6%  静球到了 0/4 趟  走了  2.94 米  路 motor  本机 107 秒
   32  没摔             追住 0/2 趟  平均   1.59 米  落后   2.50 米  最近  0.27 米  正前方  19%  静球到了 4/4 趟  走了  3.72 米  (两边都会)  路 motor 对调  本机 110 秒
   33  没摔             追住 0/2 趟  平均   1.71 米  落后   2.63 米  最近  0.23 米  正前方  18%  静球到了 2/4 趟  走了  3.03 米  (两边都会)  路 motor 对调  本机 106 秒
   34  没摔             追住 0/2 趟  平均   3.42 米  落后   4.46 米  最近  2.48 米  正前方  90%  静球到了 0/4 趟  走了  0.33 米  路 motor 对调  本机 108 秒
   35  没摔             追住 0/2 趟  平均   1.22 米  落后   1.89 米  最近  0.05 米  正前方  17%  静球到了 4/4 趟  走了  3.77 米  (两边都会)  路 motor 对调  本机 108 秒
   36  倒了/没建出来        追住 0/0 趟  平均    nan 米  落后    nan 米  最近   nan 米  正前方   0%  静球到了 0/0 趟  走了   nan 米  路 motor  本机 1 秒
   37  没摔             追住 0/2 趟  平均   2.64 米  落后   4.47 米  最近  1.11 米  正前方   9%  静球到了 1/4 趟  走了  3.63 米  路 motor 对调  本机 106 秒
   38  倒了/没建出来        追住 0/2 趟  平均   3.53 米  落后   4.46 米  最近  2.42 米  正前方  18%  静球到了 0/4 趟  走了  0.60 米  路 motor 对调  本机 108 秒
   39  倒了/没建出来        追住 0/2 趟  平均   3.97 米  落后   5.49 米  最近  1.97 米  正前方   7%  静球到了 0/4 趟  走了  0.75 米  路 motor 对调  本机 109 秒
   40  没摔             追住 0/2 趟  平均   5.10 米  落后   8.88 米  最近  0.90 米  正前方   8%  静球到了 2/4 趟  走了  6.46 米  路 motor 对调  本机 109 秒
   41  没摔             追住 0/2 趟  平均   4.37 米  落后   6.58 米  最近  2.00 米  正前方   5%  静球到了 0/4 趟  走了  3.13 米  路 motor  本机 107 秒
   42  没摔             追住 0/2 趟  平均   1.77 米  落后   2.61 米  最近  0.68 米  正前方  16%  静球到了 2/4 趟  走了  3.14 米  路 motor 对调  本机 134 秒
   43  倒了/没建出来        追住 0/0 趟  平均    nan 米  落后    nan 米  最近   nan 米  正前方   0%  静球到了 0/0 趟  走了   nan 米  路 orient 对调  本机 2 秒
   44  没摔             追住 0/2 趟  平均   2.49 米  落后   4.12 米  最近  0.81 米  正前方  11%  静球到了 1/4 趟  走了  3.51 米  路 motor 对调  本机 137 秒
   45  倒了/没建出来        追住 0/0 趟  平均    nan 米  落后    nan 米  最近   nan 米  正前方   0%  静球到了 0/0 趟  走了   nan 米  路 motor  本机 1 秒
   46  倒了/没建出来        追住 0/2 趟  平均   3.61 米  落后   4.84 米  最近  2.50 米  正前方  98%  静球到了 0/4 趟  走了  0.45 米  路 motor 对调  本机 136 秒
   47  没摔             追住 0/2 趟  平均   2.31 米  落后   3.45 米  最近  0.23 米  正前方  13%  静球到了 2/4 趟  走了  3.64 米  路 motor 对调  本机 137 秒
   48  没摔             追住 0/2 趟  平均   2.82 米  落后   3.94 米  最近  1.48 米  正前方   8%  静球到了 0/4 趟  走了  3.35 米  路 motor 对调  本机 136 秒
   49  没摔             追住 0/2 趟  平均   2.00 米  落后   3.50 米  最近  0.11 米  正前方  32%  静球到了 3/4 趟  走了  3.59 米  (两边都会)  路 motor 对调  本机 139 秒
   50  没摔             追住 0/2 趟  平均   3.56 米  落后   4.80 米  最近  2.49 米  正前方   2%  静球到了 0/4 趟  走了  1.33 米  路 motor  本机 138 秒
   51  没摔             追住 0/2 趟  平均   2.42 米  落后   3.37 米  最近  1.52 米  正前方   9%  静球到了 1/4 趟  走了  2.34 米  路 orient 对调  本机 136 秒
   52  没摔             追住 1/2 趟  平均   1.80 米  落后   3.01 米  最近  0.20 米  正前方  18%  静球到了 4/4 趟  走了  3.59 米  (两边都会)  路 motor 对调  本机 140 秒
   53  倒了/没建出来        追住 0/2 趟  平均   4.20 米  落后   5.57 米  最近  2.50 米  正前方  54%  静球到了 0/4 趟  走了  0.35 米  路 motor 对调  本机 137 秒
   54  倒了/没建出来        追住 0/0 趟  平均    nan 米  落后    nan 米  最近   nan 米  正前方   0%  静球到了 0/0 趟  走了   nan 米  路 motor 对调  本机 1 秒
   55  没摔             追住 0/2 趟  平均   3.00 米  落后   4.84 米  最近  0.63 米  正前方  12%  静球到了 1/4 趟  走了  3.07 米  路 motor 对调  本机 139 秒
   56  没摔             追住 0/2 趟  平均   2.09 米  落后   3.42 米  最近  0.18 米  正前方  15%  静球到了 1/4 趟  走了  3.42 米  路 motor 对调  本机 139 秒
   57  倒了/没建出来        追住 0/0 趟  平均    nan 米  落后    nan 米  最近   nan 米  正前方   0%  静球到了 0/0 趟  走了   nan 米  路 orient 对调  本机 2 秒
   58  没摔             追住 0/2 趟  平均   2.68 米  落后   3.33 米  最近  2.13 米  正前方 100%  静球到了 0/4 趟  走了  1.05 米  路 motor 对调  本机 139 秒
   59  倒了/没建出来        追住 0/0 趟  平均    nan 米  落后    nan 米  最近   nan 米  正前方   0%  静球到了 0/0 趟  走了   nan 米  路 motor 对调  本机 1 秒
   60  没摔             追住 0/2 趟  平均   2.24 米  落后   2.81 米  最近  0.96 米  正前方  49%  静球到了 1/4 趟  走了  2.39 米  路 motor 对调  本机 108 秒
   61  倒了/没建出来        追住 0/2 趟  平均   3.35 米  落后   4.54 米  最近  2.03 米  正前方  47%  静球到了 0/4 趟  走了  0.47 米  路 motor 对调  本机 107 秒
   62  倒了/没建出来        追住 0/0 趟  平均    nan 米  落后    nan 米  最近   nan 米  正前方   0%  静球到了 0/0 趟  走了   nan 米  路 motor 对调  本机 0 秒
   63  没摔             追住 1/2 趟  平均   1.31 米  落后   1.43 米  最近  0.06 米  正前方  33%  静球到了 3/4 趟  走了  3.03 米  (两边都会)  路 motor 对调  本机 105 秒
   64  倒了/没建出来        追住 0/2 趟  平均   4.12 米  落后   5.40 米  最近  2.50 米  正前方   4%  静球到了 0/4 趟  走了  1.27 米  路 motor  本机 107 秒
   65  没摔             追住 0/2 趟  平均   3.40 米  落后   4.48 米  最近  2.49 米  正前方   7%  静球到了 0/4 趟  走了  0.88 米  路 motor  本机 107 秒
   66  没摔             追住 0/2 趟  平均   4.05 米  落后   6.20 米  最近  1.90 米  正前方   6%  静球到了 0/4 趟  走了  3.38 米  路 motor  本机 106 秒
   67  没摔             追住 1/2 趟  平均   1.61 米  落后   2.33 米  最近  0.15 米  正前方  31%  静球到了 2/4 趟  走了  2.99 米  (两边都会)  路 motor 对调  本机 106 秒
   68  没摔             追住 0/2 趟  平均   1.93 米  落后   2.81 米  最近  0.78 米  正前方 100%  静球到了 2/4 趟  走了  2.33 米  (两边都会)  路 motor 对调  本机 110 秒
   69  倒了/没建出来        追住 0/0 趟  平均    nan 米  落后    nan 米  最近   nan 米  正前方   0%  静球到了 0/0 趟  走了   nan 米  路 motor 对调  本机 1 秒
   70  没摔             追住 0/2 趟  平均   2.00 米  落后   2.93 米  最近  1.09 米  正前方  16%  静球到了 0/4 趟  走了  2.74 米  路 motor 对调  本机 108 秒
   71  没摔             追住 0/2 趟  平均   1.48 米  落后   2.29 米  最近  0.31 米  正前方  25%  静球到了 3/4 趟  走了  3.13 米  (两边都会)  路 motor 对调  本机 107 秒
   72  没摔             追住 0/2 趟  平均   3.71 米  落后   4.93 米  最近  2.49 米  正前方 100%  静球到了 0/4 趟  走了  0.09 米  路 motor 对调  本机 109 秒
   73  没摔             追住 1/2 趟  平均   1.29 米  落后   2.15 米  最近  0.06 米  正前方  41%  静球到了 4/4 趟  走了  3.17 米  (两边都会)  路 motor 对调  本机 132 秒
   74  倒了/没建出来        追住 0/0 趟  平均    nan 米  落后    nan 米  最近   nan 米  正前方   0%  静球到了 0/0 趟  走了   nan 米  路 motor 对调  本机 1 秒
   75  倒了/没建出来        追住 0/0 趟  平均    nan 米  落后    nan 米  最近   nan 米  正前方   0%  静球到了 0/0 趟  走了   nan 米  路 motor 对调  本机 1 秒
   76  没摔             追住 0/2 趟  平均   3.25 米  落后   4.39 米  最近  2.26 米  正前方  74%  静球到了 0/4 趟  走了  0.59 米  路 motor  本机 134 秒
   77  倒了/没建出来        追住 0/2 趟  平均   3.61 米  落后   4.74 米  最近  2.13 米  正前方   6%  静球到了 0/4 趟  走了  1.13 米  路 motor  本机 137 秒
   78  倒了/没建出来        追住 0/2 趟  平均   3.93 米  落后   5.46 米  最近  2.44 米  正前方  56%  静球到了 0/4 趟  走了  0.67 米  路 motor 对调  本机 136 秒
   79  没摔             追住 1/2 趟  平均   1.29 米  落后   1.46 米  最近  0.46 米  正前方  34%  静球到了 2/4 趟  走了  2.76 米  (两边都会)  路 motor 对调  本机 137 秒
   80  倒了/没建出来        追住 0/0 趟  平均    nan 米  落后    nan 米  最近   nan 米  正前方   0%  静球到了 0/0 趟  走了   nan 米  路 motor 对调  本机 1 秒
   81  没摔             追住 0/2 趟  平均   2.08 米  落后   2.97 米  最近  1.03 米  正前方  96%  静球到了 1/4 趟  走了  2.30 米  路 motor 对调  本机 138 秒
   82  倒了/没建出来        追住 0/0 趟  平均    nan 米  落后    nan 米  最近   nan 米  正前方   0%  静球到了 0/0 趟  走了   nan 米  路 orient 对调  本机 2 秒
   83  没摔             追住 0/2 趟  平均   4.81 米  落后   7.77 米  最近  1.23 米  正前方   7%  静球到了 0/4 趟  走了  5.50 米  路 orient 对调  本机 134 秒
   84  没摔             追住 0/2 趟  平均   4.79 米  落后   6.49 米  最近  2.50 米  正前方  80%  静球到了 0/4 趟  走了  1.15 米  路 motor  本机 139 秒
   85  没摔             追住 1/2 趟  平均   1.21 米  落后   2.03 米  最近  0.05 米  正前方  43%  静球到了 4/4 趟  走了  3.15 米  (两边都会)  路 motor 对调  本机 135 秒
   86  倒了/没建出来        追住 0/2 趟  平均   3.68 米  落后   4.88 米  最近  2.29 米  正前方  67%  静球到了 0/4 趟  走了  0.46 米  路 motor 对调  本机 138 秒
   87  倒了/没建出来        追住 0/0 趟  平均    nan 米  落后    nan 米  最近   nan 米  正前方   0%  静球到了 0/0 趟  走了   nan 米  路 motor  本机 1 秒
   88  倒了/没建出来        追住 0/2 趟  平均   3.29 米  落后   4.34 米  最近  2.33 米  正前方  10%  静球到了 0/4 趟  走了  1.28 米  路 motor 对调  本机 135 秒
   89  没摔             追住 1/2 趟  平均   1.38 米  落后   1.38 米  最近  0.27 米  正前方  78%  静球到了 3/4 趟  走了  2.95 米  (两边都会)  路 motor 对调  本机 135 秒
   90  倒了/没建出来        追住 0/2 趟  平均   3.89 米  落后   4.99 米  最近  2.49 米  正前方   2%  静球到了 0/4 趟  走了  0.55 米  路 motor  本机 140 秒
   91  没摔             追住 0/2 趟  平均   1.63 米  落后   2.76 米  最近  0.30 米  正前方  18%  静球到了 4/4 趟  走了  3.37 米  (两边都会)  路 motor 对调  本机 107 秒
   92  没摔             追住 0/2 趟  平均   3.53 米  落后   4.63 米  最近  2.43 米  正前方 100%  静球到了 0/4 趟  走了  0.19 米  路 motor 对调  本机 109 秒
   93  倒了/没建出来        追住 0/2 趟  平均   3.36 米  落后   4.28 米  最近  2.45 米  正前方  48%  静球到了 0/4 趟  走了  0.55 米  路 motor 对调  本机 106 秒
   94  没摔             追住 0/2 趟  平均   3.66 米  落后   4.84 米  最近  2.47 米  正前方  78%  静球到了 0/4 趟  走了  0.11 米  路 motor 对调  本机 107 秒
   95  倒了/没建出来        追住 0/0 趟  平均    nan 米  落后    nan 米  最近   nan 米  正前方   0%  静球到了 0/0 趟  走了   nan 米  路 orient 对调  本机 1 秒
   96  倒了/没建出来        追住 0/2 趟  平均   3.85 米  落后   5.09 米  最近  2.50 米  正前方   8%  静球到了 0/4 趟  走了  0.75 米  路 motor 对调  本机 106 秒
   97  没摔             追住 0/2 趟  平均   2.06 米  落后   3.56 米  最近  0.11 米  正前方  15%  静球到了 1/4 趟  走了  3.51 米  路 motor 对调  本机 105 秒
   98  倒了/没建出来        追住 0/0 趟  平均    nan 米  落后    nan 米  最近   nan 米  正前方   0%  静球到了 0/0 趟  走了   nan 米  路 motor 对调  本机 1 秒
   99  没摔             追住 0/2 趟  平均   1.36 米  落后   2.12 米  最近  0.19 米  正前方  24%  静球到了 4/4 趟  走了  3.42 米  (两边都会)  路 motor 对调  本机 107 秒
  100  倒了/没建出来        追住 0/2 趟  平均   3.61 米  落后   4.72 米  最近  2.33 米  正前方  49%  静球到了 0/4 趟  走了  0.86 米  路 motor 对调  本机 110 秒
  101  没摔             追住 0/2 趟  平均   1.64 米  落后   2.32 米  最近  0.26 米  正前方  63%  静球到了 2/4 趟  走了  2.52 米  路 motor 对调  本机 109 秒
  102  没摔             追住 1/2 趟  平均   1.42 米  落后   1.98 米  最近  0.03 米  正前方  38%  静球到了 3/4 趟  走了  3.09 米  (两边都会)  路 motor 对调  本机 108 秒
  103  没摔             追住 1/2 趟  平均   1.45 米  落后   1.72 米  最近  0.58 米  正前方  87%  静球到了 1/4 趟  走了  2.66 米  路 motor 对调  本机 106 秒
  104  没摔             追住 0/2 趟  平均   2.83 米  落后   3.89 米  最近  1.93 米  正前方  10%  静球到了 0/4 趟  走了  2.11 米  路 motor 对调  本机 136 秒
  105  没摔             追住 0/2 趟  平均   2.69 米  落后   3.81 米  最近  0.82 米  正前方  10%  静球到了 2/4 趟  走了  3.76 米  路 motor 对调  本机 135 秒
  106  倒了/没建出来        追住 0/2 趟  平均   3.56 米  落后   4.80 米  最近  2.44 米  正前方  51%  静球到了 0/4 趟  走了  0.74 米  路 motor 对调  本机 137 秒
  107  没摔             追住 0/2 趟  平均   3.29 米  落后   4.43 米  最近  2.49 米  正前方   7%  静球到了 0/4 趟  走了  1.17 米  路 motor  本机 137 秒
  108  倒了/没建出来        追住 0/2 趟  平均   3.03 米  落后   4.15 米  最近  1.51 米  正前方  54%  静球到了 0/4 趟  走了  0.88 米  路 motor 对调  本机 138 秒
  109  倒了/没建出来        追住 0/0 趟  平均    nan 米  落后    nan 米  最近   nan 米  正前方   0%  静球到了 0/0 趟  走了   nan 米  路 orient 对调  本机 2 秒
  110  倒了/没建出来        追住 0/0 趟  平均    nan 米  落后    nan 米  最近   nan 米  正前方   0%  静球到了 0/0 趟  走了   nan 米  路 motor 对调  本机 2 秒
  111  没摔             追住 0/2 趟  平均   2.04 米  落后   2.98 米  最近  0.95 米  正前方  10%  静球到了 3/4 趟  走了  3.72 米  (两边都会)  路 motor 对调  本机 136 秒
  112  没摔             追住 0/2 趟  平均   3.84 米  落后   5.10 米  最近  2.50 米  正前方  16%  静球到了 0/4 趟  走了  0.07 米  路 motor 对调  本机 136 秒
  113  没摔             追住 0/2 趟  平均   4.36 米  落后   5.78 米  最近  2.37 米  正前方   5%  静球到了 0/4 趟  走了  0.39 米  路 motor  本机 137 秒
  114  没摔             追住 0/2 趟  平均   3.33 米  落后   4.54 米  最近  2.15 米  正前方   6%  静球到了 0/4 趟  走了  2.55 米  路 motor  本机 134 秒
  115  没摔             追住 0/2 趟  平均   2.47 米  落后   4.27 米  最近  0.38 米  正前方  13%  静球到了 2/4 趟  走了  3.63 米  路 motor 对调  本机 138 秒
  116  倒了/没建出来        追住 0/0 趟  平均    nan 米  落后    nan 米  最近   nan 米  正前方   0%  静球到了 0/0 趟  走了   nan 米  路 motor 对调  本机 1 秒
  117  没摔             追住 0/2 趟  平均   2.16 米  落后   2.92 米  最近  0.83 米  正前方  78%  静球到了 1/4 趟  走了  2.33 米  路 motor 对调  本机 138 秒
  118  倒了/没建出来        追住 0/2 趟  平均   3.91 米  落后   5.10 米  最近  2.46 米  正前方  50%  静球到了 0/4 趟  走了  0.70 米  路 motor 对调  本机 138 秒
  119  倒了/没建出来        追住 0/2 趟  平均   3.86 米  落后   5.11 米  最近  2.44 米  正前方  16%  静球到了 0/4 趟  走了  0.90 米  路 motor 对调  本机 137 秒
  120  没摔             追住 0/2 趟  平均   4.43 米  落后   5.82 米  最近  2.50 米  正前方  98%  静球到了 0/4 趟  走了  0.69 米  路 motor 对调  本机 106 秒
  121  没摔             追住 1/2 趟  平均   1.27 米  落后   1.55 米  最近  0.57 米  正前方  22%  静球到了 2/4 趟  走了  2.45 米  (两边都会)  路 motor 对调  本机 106 秒
  122  没摔             追住 0/2 趟  平均   3.98 米  落后   5.19 米  最近  2.50 米  正前方   5%  静球到了 0/4 趟  走了  0.30 米  路 motor  本机 106 秒
  123  没摔             追住 0/2 趟  平均   3.56 米  落后   4.79 米  最近  2.13 米  正前方   6%  静球到了 0/4 趟  走了  3.04 米  路 orient 对调  本机 107 秒
  124  倒了/没建出来        追住 0/2 趟  平均   3.57 米  落后   4.76 米  最近  2.44 米  正前方  53%  静球到了 0/4 趟  走了  0.89 米  路 motor 对调  本机 107 秒
  125  倒了/没建出来        追住 0/2 趟  平均   3.86 米  落后   5.12 米  最近  2.45 米  正前方  56%  静球到了 0/4 趟  走了  0.74 米  路 motor 对调  本机 108 秒
  126  倒了/没建出来        追住 0/2 趟  平均   4.06 米  落后   5.16 米  最近  2.44 米  正前方  34%  静球到了 0/4 趟  走了  0.74 米  路 motor 对调  本机 108 秒
  127  没摔             追住 0/2 趟  平均   2.02 米  落后   3.57 米  最近  0.10 米  正前方  18%  静球到了 4/4 趟  走了  4.10 米  (两边都会)  路 motor 对调  本机 107 秒
  128  没摔             追住 0/2 趟  平均   1.54 米  落后   2.34 米  最近  0.39 米  正前方  20%  静球到了 4/4 趟  走了  3.74 米  (两边都会)  路 motor 对调  本机 109 秒
  129  没摔             追住 0/2 趟  平均   1.87 米  落后   2.84 米  最近  0.72 米  正前方 100%  静球到了 1/4 趟  走了  2.47 米  路 motor 对调  本机 109 秒
  130  倒了/没建出来        追住 0/0 趟  平均    nan 米  落后    nan 米  最近   nan 米  正前方   0%  静球到了 0/0 趟  走了   nan 米  路 orient 对调  本机 1 秒
  131  没摔             追住 0/2 趟  平均   4.56 米  落后   7.57 米  最近  0.94 米  正前方   8%  静球到了 1/4 趟  走了  5.88 米  路 motor 对调  本机 107 秒
  132  倒了/没建出来        追住 0/0 趟  平均    nan 米  落后    nan 米  最近   nan 米  正前方   0%  静球到了 0/0 趟  走了   nan 米  路 orient 对调  本机 2 秒
  133  倒了/没建出来        追住 0/0 趟  平均    nan 米  落后    nan 米  最近   nan 米  正前方   0%  静球到了 0/0 趟  走了   nan 米  路 orient 对调  本机 1 秒
  134  没摔             追住 0/2 趟  平均   3.66 米  落后   4.80 米  最近  2.48 米  正前方 100%  静球到了 0/4 趟  走了  0.11 米  路 orient  本机 108 秒
  135  没摔             追住 1/2 趟  平均   1.36 米  落后   1.54 米  最近  0.66 米  正前方  62%  静球到了 2/4 趟  走了  2.84 米  (两边都会)  路 motor 对调  本机 107 秒
  136  没摔             追住 0/2 趟  平均   2.96 米  落后   5.54 米  最近  0.14 米  正前方  12%  静球到了 2/4 趟  走了  3.15 米  路 motor 对调  本机 108 秒
  137  倒了/没建出来        追住 0/2 趟  平均   3.48 米  落后   4.64 米  最近  2.29 米  正前方  19%  静球到了 0/4 趟  走了  1.36 米  路 motor 对调  本机 106 秒
  138  没摔             追住 0/2 趟  平均   2.94 米  落后   5.24 米  最近  0.62 米  正前方  11%  静球到了 4/4 趟  走了  4.36 米  (两边都会)  路 motor 对调  本机 106 秒
  139  倒了/没建出来        追住 0/0 趟  平均    nan 米  落后    nan 米  最近   nan 米  正前方   0%  静球到了 0/0 趟  走了   nan 米  路 orient 对调  本机 2 秒
  140  没摔             追住 0/2 趟  平均   2.50 米  落后   3.67 米  最近  1.04 米  正前方  12%  静球到了 0/4 趟  走了  2.91 米  路 orient  本机 105 秒
  141  倒了/没建出来        追住 0/2 趟  平均   3.94 米  落后   5.21 米  最近  2.47 米  正前方  42%  静球到了 0/4 趟  走了  0.53 米  路 motor 对调  本机 106 秒
  142  没摔             追住 1/2 趟  平均   1.17 米  落后   1.59 米  最近  0.05 米  正前方  67%  静球到了 2/4 趟  走了  3.04 米  (两边都会)  路 motor 对调  本机 136 秒
  143  倒了/没建出来        追住 0/2 趟  平均   2.31 米  落后   3.29 米  最近  0.95 米  正前方  98%  静球到了 0/4 趟  走了  1.16 米  路 motor 对调  本机 106 秒
  144  没摔             追住 0/2 趟  平均   2.49 米  落后   3.50 米  最近  1.40 米  正前方  10%  静球到了 0/4 趟  走了  3.01 米  路 orient 对调  本机 136 秒
  145  没摔             追住 0/2 趟  平均   3.22 米  落后   4.43 米  最近  1.66 米  正前方   7%  静球到了 0/4 趟  走了  3.54 米  路 motor  本机 108 秒
  146  没摔             追住 0/2 趟  平均   1.99 米  落后   2.96 米  最近  0.94 米  正前方 100%  静球到了 2/4 趟  走了  2.35 米  (两边都会)  路 motor 对调  本机 110 秒
  147  没摔             追住 0/2 趟  平均   2.59 米  落后   3.35 米  最近  1.68 米  正前方  29%  静球到了 0/4 趟  走了  1.91 米  路 motor 对调  本机 109 秒
  148  倒了/没建出来        追住 0/0 趟  平均    nan 米  落后    nan 米  最近   nan 米  正前方   0%  静球到了 0/0 趟  走了   nan 米  路 motor 对调  本机 2 秒
  149  没摔             追住 0/2 趟  平均   2.75 米  落后   4.54 米  最近  1.02 米  正前方   9%  静球到了 1/4 趟  走了  3.65 米  路 motor 对调  本机 137 秒
  150  倒了/没建出来        追住 0/2 趟  平均   3.66 米  落后   4.87 米  最近  2.44 米  正前方  94%  静球到了 0/4 趟  走了  0.66 米  路 motor 对调  本机 140 秒
  151  倒了/没建出来        追住 0/2 趟  平均   3.14 米  落后   4.00 米  最近  2.07 米  正前方  31%  静球到了 0/4 趟  走了  1.54 米  路 motor 对调  本机 137 秒
  152  没摔             追住 0/2 趟  平均   3.52 米  落后   4.70 米  最近  2.24 米  正前方  52%  静球到了 0/4 趟  走了  1.05 米  路 motor 对调  本机 134 秒
  153  没摔             追住 0/2 趟  平均   1.45 米  落后   2.18 米  最近  0.14 米  正前方  62%  静球到了 4/4 趟  走了  3.29 米  (两边都会)  路 motor 对调  本机 137 秒
  154  没摔             追住 0/2 趟  平均   4.48 米  落后   5.83 米  最近  2.45 米  正前方   2%  静球到了 0/4 趟  走了  0.70 米  路 motor 对调  本机 137 秒
  155  没摔             追住 0/2 趟  平均   2.41 米  落后   4.15 米  最近  0.16 米  正前方  18%  静球到了 2/4 趟  走了  3.43 米  (两边都会)  路 motor 对调  本机 136 秒
  156  没摔             追住 0/2 趟  平均   2.56 米  落后   3.59 米  最近  1.42 米  正前方   9%  静球到了 0/4 趟  走了  3.43 米  路 orient  本机 136 秒
  157  没摔             追住 0/2 趟  平均   3.99 米  落后   5.73 米  最近  2.18 米  正前方   4%  静球到了 0/4 趟  走了  2.54 米  路 motor  本机 136 秒
  158  倒了/没建出来        追住 0/0 趟  平均    nan 米  落后    nan 米  最近   nan 米  正前方   0%  静球到了 0/0 趟  走了   nan 米  路 motor 对调  本机 1 秒
  159  没摔             追住 0/2 趟  平均   1.67 米  落后   2.62 米  最近  0.31 米  正前方  19%  静球到了 2/4 趟  走了  3.34 米  路 motor 对调  本机 138 秒
  160  没摔             追住 0/2 趟  平均   1.78 米  落后   3.13 米  最近  0.10 米  正前方  19%  静球到了 2/4 趟  走了  3.40 米  路 motor 对调  本机 138 秒
  161  倒了/没建出来        追住 0/0 趟  平均    nan 米  落后    nan 米  最近   nan 米  正前方   0%  静球到了 0/0 趟  走了   nan 米  路 motor 对调  本机 1 秒
  162  倒了/没建出来        追住 0/2 趟  平均   3.81 米  落后   5.12 米  最近  2.47 米  正前方  19%  静球到了 0/4 趟  走了  0.66 米  路 motor 对调  本机 107 秒
  163  倒了/没建出来        追住 0/0 趟  平均    nan 米  落后    nan 米  最近   nan 米  正前方   0%  静球到了 0/0 趟  走了   nan 米  路 motor 对调  本机 1 秒
  164  倒了/没建出来        追住 0/0 趟  平均    nan 米  落后    nan 米  最近   nan 米  正前方   0%  静球到了 0/0 趟  走了   nan 米  路 motor  本机 1 秒
  165  没摔             追住 1/2 趟  平均   1.54 米  落后   2.65 米  最近  0.05 米  正前方  29%  静球到了 4/4 趟  走了  3.27 米  (两边都会)  路 motor 对调  本机 105 秒
  166  没摔             追住 0/2 趟  平均   3.77 米  落后   4.99 米  最近  2.50 米  正前方 100%  静球到了 0/4 趟  走了  0.08 米  路 motor 对调  本机 108 秒
  167  没摔             追住 0/2 趟  平均   4.19 米  落后   6.21 米  最近  1.66 米  正前方   6%  静球到了 0/4 趟  走了  4.42 米  路 orient 对调  本机 107 秒
  168  没摔             追住 0/2 趟  平均   1.63 米  落后   2.49 米  最近  0.12 米  正前方  30%  静球到了 2/4 趟  走了  2.73 米  (两边都会)  路 motor 对调  本机 105 秒
  169  没摔             追住 0/2 趟  平均   2.37 米  落后   3.31 米  最近  1.46 米  正前方  98%  静球到了 1/4 趟  走了  1.88 米  路 motor 对调  本机 107 秒
  170  倒了/没建出来        追住 0/2 趟  平均   4.26 米  落后   5.73 米  最近  2.44 米  正前方  35%  静球到了 0/4 趟  走了  0.66 米  路 motor 对调  本机 105 秒
  171  没摔             追住 0/2 趟  平均   2.00 米  落后   2.96 米  最近  0.95 米  正前方  55%  静球到了 2/4 趟  走了  2.62 米  (两边都会)  路 motor 对调  本机 106 秒
  172  倒了/没建出来        追住 0/2 趟  平均   4.01 米  落后   4.90 米  最近  2.37 米  正前方  54%  静球到了 0/4 趟  走了  0.82 米  路 motor 对调  本机 108 秒
  173  倒了/没建出来        追住 0/0 趟  平均    nan 米  落后    nan 米  最近   nan 米  正前方   0%  静球到了 0/0 趟  走了   nan 米  路 orient  本机 1 秒
  174  没摔             追住 0/2 趟  平均   3.29 米  落后   4.44 米  最近  1.98 米  正前方  15%  静球到了 0/4 趟  走了  0.55 米  路 orient 对调  本机 108 秒
  175  倒了/没建出来        追住 0/2 趟  平均   3.91 米  落后   5.36 米  最近  2.44 米  正前方  43%  静球到了 0/4 趟  走了  0.77 米  路 motor 对调  本机 109 秒
  176  倒了/没建出来        追住 0/2 趟  平均   3.71 米  落后   4.80 米  最近  2.42 米  正前方  20%  静球到了 0/4 趟  走了  0.93 米  路 motor 对调  本机 139 秒
  177  倒了/没建出来        追住 0/0 趟  平均    nan 米  落后    nan 米  最近   nan 米  正前方   0%  静球到了 0/0 趟  走了   nan 米  路 motor 对调  本机 1 秒
  178  倒了/没建出来        追住 0/0 趟  平均    nan 米  落后    nan 米  最近   nan 米  正前方   0%  静球到了 0/0 趟  走了   nan 米  路 motor 对调  本机 1 秒
  179  没摔             追住 1/2 趟  平均   1.61 米  落后   2.47 米  最近  0.07 米  正前方  27%  静球到了 3/4 趟  走了  3.27 米  (两边都会)  路 motor 对调  本机 136 秒
  180  没摔             追住 0/2 趟  平均   1.80 米  落后   2.02 米  最近  1.24 米  正前方 100%  静球到了 1/4 趟  走了  1.92 米  路 motor 对调  本机 139 秒
  181  倒了/没建出来        追住 0/2 趟  平均   2.80 米  落后   3.98 米  最近  1.00 米  正前方  17%  静球到了 0/4 趟  走了  3.51 米  路 motor 对调  本机 136 秒
  182  倒了/没建出来        追住 0/0 趟  平均    nan 米  落后    nan 米  最近   nan 米  正前方   0%  静球到了 0/0 趟  走了   nan 米  路 motor 对调  本机 1 秒
  183  没摔             追住 0/2 趟  平均   1.50 米  落后   1.80 米  最近  0.61 米  正前方  89%  静球到了 2/4 趟  走了  2.39 米  (两边都会)  路 motor 对调  本机 138 秒
  184  倒了/没建出来        追住 0/2 趟  平均   3.83 米  落后   5.04 米  最近  2.49 米  正前方  64%  静球到了 0/4 趟  走了  0.43 米  路 motor 对调  本机 139 秒
  185  没摔             追住 0/2 趟  平均   3.83 米  落后   6.11 米  最近  1.37 米  正前方   7%  静球到了 0/4 趟  走了  4.26 米  路 orient 对调  本机 137 秒
  186  没摔             追住 0/2 趟  平均   1.47 米  落后   2.69 米  最近  0.04 米  正前方  24%  静球到了 4/4 趟  走了  3.34 米  (两边都会)  路 motor 对调  本机 139 秒
  187  没摔             追住 0/2 趟  平均   3.73 米  落后   5.28 米  最近  1.98 米  正前方   9%  静球到了 0/4 趟  走了  1.27 米  路 motor 对调  本机 138 秒
  188  没摔             追住 0/2 趟  平均   2.58 米  落后   3.66 米  最近  1.14 米  正前方  10%  静球到了 0/4 趟  走了  3.47 米  路 orient 对调  本机 138 秒
  189  没摔             追住 0/2 趟  平均   3.60 米  落后   4.75 米  最近  2.48 米  正前方  54%  静球到了 0/4 趟  走了  0.43 米  路 orient 对调  本机 138 秒
  190  没摔             追住 0/2 趟  平均   2.62 米  落后   3.97 米  最近  0.98 米  正前方  10%  静球到了 0/4 趟  走了  3.27 米  路 orient 对调  本机 138 秒
  191  没摔             追住 0/2 趟  平均   2.43 米  落后   3.30 米  最近  1.63 米  正前方  40%  静球到了 0/4 趟  走了  1.94 米  路 motor 对调  本机 138 秒
  192  倒了/没建出来        追住 0/2 趟  平均   3.29 米  落后   4.31 米  最近  2.17 米  正前方   9%  静球到了 0/4 趟  走了  0.56 米  路 motor 对调  本机 107 秒
  193  没摔             追住 0/2 趟  平均   2.64 米  落后   4.57 米  最近  0.89 米  正前方   8%  静球到了 2/4 趟  走了  4.02 米  路 motor 对调  本机 106 秒
  跨代冠军易主：3 代第 194 只  追住 2/2 趟、跑完落后 0.98 米、球在正前方  56% 的时间  没摔
  194  没摔             追住 2/2 趟  平均   0.89 米  落后   0.98 米  最近  0.07 米  正前方  56%  静球到了 4/4 趟  走了  3.27 米  (两边都会)  路 motor 对调  本机 106 秒
  195  没摔             追住 1/2 趟  平均   1.19 米  落后   1.28 米  最近  0.04 米  正前方  69%  静球到了 2/4 趟  走了  3.01 米  (两边都会)  路 motor 对调  本机 107 秒
  196  倒了/没建出来        追住 0/0 趟  平均    nan 米  落后    nan 米  最近   nan 米  正前方   0%  静球到了 0/0 趟  走了   nan 米  路 motor 对调  本机 1 秒
  197  倒了/没建出来        追住 0/2 趟  平均   3.83 米  落后   5.09 米  最近  2.38 米  正前方  87%  静球到了 0/4 趟  走了  1.00 米  路 motor 对调  本机 109 秒
  198  没摔             追住 0/2 趟  平均   1.77 米  落后   2.65 米  最近  0.38 米  正前方  16%  静球到了 4/4 趟  走了  3.67 米  (两边都会)  路 motor 对调  本机 107 秒
  199  没摔             追住 0/2 趟  平均   3.07 米  落后   4.13 米  最近  2.14 米  正前方   3%  静球到了 0/4 趟  走了  2.21 米  路 motor  本机 107 秒
  200  倒了/没建出来        追住 0/2 趟  平均   3.92 米  落后   5.23 米  最近  2.47 米  正前方  62%  静球到了 0/4 趟  走了  0.34 米  路 motor 对调  本机 108 秒
  201  没摔             追住 0/2 趟  平均   4.30 米  落后   5.75 米  最近  2.48 米  正前方  21%  静球到了 0/4 趟  走了  0.46 米  路 motor 对调  本机 107 秒
  202  没摔             追住 0/2 趟  平均   3.12 米  落后   4.12 米  最近  2.26 米  正前方  90%  静球到了 0/4 趟  走了  0.91 米  路 orient 对调  本机 108 秒
  203  没摔             追住 0/2 趟  平均   2.01 米  落后   3.18 米  最近  0.59 米  正前方  13%  静球到了 4/4 趟  走了  3.40 米  (两边都会)  路 motor 对调  本机 109 秒
  204  倒了/没建出来        追住 0/2 趟  平均   5.16 米  落后   6.73 米  最近  2.46 米  正前方   2%  静球到了 0/4 趟  走了  1.69 米  路 motor  本机 135 秒
  205  没摔             追住 0/2 趟  平均   3.82 米  落后   5.06 米  最近  2.50 米  正前方  19%  静球到了 0/4 趟  走了  0.08 米  路 motor 对调  本机 134 秒
  206  没摔             追住 0/2 趟  平均   2.40 米  落后   3.24 米  最近  1.04 米  正前方  55%  静球到了 0/4 趟  走了  0.90 米  路 motor 对调  本机 138 秒
  207  倒了/没建出来        追住 0/0 趟  平均    nan 米  落后    nan 米  最近   nan 米  正前方   0%  静球到了 0/0 趟  走了   nan 米  路 motor 对调  本机 1 秒
  208  倒了/没建出来        追住 0/0 趟  平均    nan 米  落后    nan 米  最近   nan 米  正前方   0%  静球到了 0/0 趟  走了   nan 米  路 motor 对调  本机 1 秒
  209  没摔             追住 0/2 趟  平均   2.71 米  落后   3.49 米  最近  1.80 米  正前方 100%  静球到了 0/4 趟  走了  1.27 米  路 motor 对调  本机 137 秒
  210  倒了/没建出来        追住 0/0 趟  平均    nan 米  落后    nan 米  最近   nan 米  正前方   0%  静球到了 0/0 趟  走了   nan 米  路 motor 对调  本机 1 秒
  211  没摔             追住 0/2 趟  平均   1.45 米  落后   2.23 米  最近  0.08 米  正前方  22%  静球到了 4/4 趟  走了  3.72 米  (两边都会)  路 motor 对调  本机 138 秒
  212  没摔             追住 0/2 趟  平均   3.11 米  落后   4.57 米  最近  1.75 米  正前方   5%  静球到了 0/4 趟  走了  2.55 米  路 motor  本机 136 秒
  213  没摔             追住 0/2 趟  平均   1.63 米  落后   2.12 米  最近  0.77 米  正前方  94%  静球到了 2/4 趟  走了  2.14 米  (两边都会)  路 motor 对调  本机 138 秒
  214  没摔             追住 0/2 趟  平均   1.77 米  落后   2.67 米  最近  0.64 米  正前方  14%  静球到了 3/4 趟  走了  3.80 米  (两边都会)  路 motor 对调  本机 138 秒
  215  没摔             追住 0/2 趟  平均   1.80 米  落后   3.11 米  最近  0.35 米  正前方  20%  静球到了 3/4 趟  走了  3.13 米  (两边都会)  路 motor 对调  本机 137 秒
  216  倒了/没建出来        追住 0/0 趟  平均    nan 米  落后    nan 米  最近   nan 米  正前方   0%  静球到了 0/0 趟  走了   nan 米  路 motor 对调  本机 1 秒
  217  没摔             追住 0/2 趟  平均   3.49 米  落后   5.17 米  最近  1.96 米  正前方   6%  静球到了 0/4 趟  走了  2.91 米  路 motor  本机 138 秒
  218  倒了/没建出来        追住 0/0 趟  平均    nan 米  落后    nan 米  最近   nan 米  正前方   0%  静球到了 0/0 趟  走了   nan 米  路 orient  本机 2 秒
  219  没摔             追住 0/2 趟  平均   2.60 米  落后   3.65 米  最近  1.56 米  正前方   8%  静球到了 0/4 趟  走了  2.86 米  路 orient 对调  本机 138 秒
  220  没摔             追住 0/2 趟  平均   1.63 米  落后   1.91 米  最近  0.80 米  正前方 100%  静球到了 2/4 趟  走了  2.77 米  (两边都会)  路 motor 对调  本机 139 秒
  221  没摔             追住 0/2 趟  平均   1.46 米  落后   2.30 米  最近  0.14 米  正前方  63%  静球到了 2/4 趟  走了  2.71 米  (两边都会)  路 motor 对调  本机 138 秒
  222  没摔             追住 0/2 趟  平均   1.68 米  落后   2.50 米  最近  0.61 米  正前方 100%  静球到了 2/4 趟  走了  2.62 米  (两边都会)  路 motor 对调  本机 107 秒
  223  没摔             追住 0/2 趟  平均   3.02 米  落后   4.91 米  最近  0.67 米  正前方  11%  静球到了 2/4 趟  走了  3.53 米  路 orient 对调  本机 105 秒
  224  没摔             追住 0/2 趟  平均   2.18 米  落后   3.15 米  最近  1.01 米  正前方 100%  静球到了 2/4 趟  走了  2.20 米  (两边都会)  路 motor 对调  本机 107 秒
  225  没摔             追住 0/2 趟  平均   1.45 米  落后   2.22 米  最近  0.14 米  正前方  24%  静球到了 2/4 趟  走了  3.43 米  路 motor 对调  本机 106 秒
  226  没摔             追住 0/2 趟  平均   3.50 米  落后   4.67 米  最近  1.95 米  正前方   3%  静球到了 0/4 趟  走了  2.32 米  路 orient 对调  本机 106 秒
  227  没摔             追住 0/2 趟  平均   4.15 米  落后   6.13 米  最近  0.91 米  正前方  12%  静球到了 1/4 趟  走了  2.60 米  路 motor 对调  本机 107 秒
  228  没摔             追住 0/2 趟  平均   1.35 米  落后   2.15 米  最近  0.36 米  正前方  23%  静球到了 2/4 趟  走了  3.18 米  (两边都会)  路 motor 对调  本机 106 秒
  229  没摔             追住 0/2 趟  平均   3.67 米  落后   4.91 米  最近  2.47 米  正前方  97%  静球到了 0/4 趟  走了  0.15 米  路 motor 对调  本机 108 秒
  230  倒了/没建出来        追住 0/2 趟  平均   3.89 米  落后   5.19 米  最近  2.50 米  正前方  59%  静球到了 0/4 趟  走了  0.63 米  路 motor 对调  本机 108 秒
  231  没摔             追住 0/2 趟  平均   2.86 米  落后   3.99 米  最近  1.60 米  正前方   7%  静球到了 1/4 趟  走了  3.58 米  路 motor 对调  本机 110 秒
  232  没摔             追住 1/2 趟  平均   1.41 米  落后   2.22 米  最近  0.13 米  正前方  34%  静球到了 4/4 趟  走了  3.10 米  (两边都会)  路 motor 对调  本机 108 秒
  233  没摔             追住 0/2 趟  平均   1.50 米  落后   2.23 米  最近  0.27 米  正前方  98%  静球到了 2/4 趟  走了  2.82 米  (两边都会)  路 motor 对调  本机 137 秒
  234  倒了/没建出来        追住 0/2 趟  平均   4.15 米  落后   5.57 米  最近  2.46 米  正前方  50%  静球到了 0/4 趟  走了  0.94 米  路 motor 对调  本机 136 秒
  235  没摔             追住 0/2 趟  平均   4.52 米  落后   5.85 米  最近  2.46 米  正前方   2%  静球到了 0/4 趟  走了  0.69 米  路 motor  本机 106 秒
  236  没摔             追住 0/2 趟  平均   1.51 米  落后   2.20 米  最近  0.44 米  正前方  17%  静球到了 3/4 趟  走了  3.32 米  (两边都会)  路 motor 对调  本机 138 秒
  237  没摔             追住 1/2 趟  平均   1.20 米  落后   1.68 米  最近  0.24 米  正前方  83%  静球到了 3/4 趟  走了  2.97 米  (两边都会)  路 motor 对调  本机 107 秒
  238  没摔             追住 0/2 趟  平均   4.79 米  落后   6.53 米  最近  2.50 米  正前方 100%  静球到了 0/4 趟  走了  1.22 米  路 motor 对调  本机 140 秒
  239  倒了/没建出来        追住 0/2 趟  平均   3.49 米  落后   4.99 米  最近  2.12 米  正前方  29%  静球到了 0/4 趟  走了  0.97 米  路 motor 对调  本机 105 秒
  240  没摔             追住 0/2 趟  平均   1.64 米  落后   2.59 米  最近  0.49 米  正前方  19%  静球到了 4/4 趟  走了  3.27 米  (两边都会)  路 motor 对调  本机 138 秒
  241  没摔             追住 0/2 趟  平均   3.70 米  落后   5.71 米  最近  1.57 米  正前方   7%  静球到了 0/4 趟  走了  3.52 米  路 orient 对调  本机 107 秒
  242  没摔             追住 0/2 趟  平均   3.60 米  落后   4.77 米  最近  2.48 米  正前方 100%  静球到了 0/4 趟  走了  0.14 米  路 motor 对调  本机 108 秒
  243  没摔             追住 0/2 趟  平均   4.12 米  落后   5.40 米  最近  2.47 米  正前方 100%  静球到了 0/4 趟  走了  0.37 米  路 motor 对调  本机 137 秒
  244  倒了/没建出来        追住 0/0 趟  平均    nan 米  落后    nan 米  最近   nan 米  正前方   0%  静球到了 0/0 趟  走了   nan 米  路 motor 对调  本机 1 秒
  245  没摔             追住 2/2 趟  平均   1.01 米  落后   1.09 米  最近  0.19 米  正前方  68%  静球到了 2/4 趟  走了  2.81 米  (两边都会)  路 motor 对调  本机 136 秒
  246  没摔             追住 1/2 趟  平均   1.60 米  落后   1.73 米  最近  0.29 米  正前方  98%  静球到了 2/4 趟  走了  2.71 米  (两边都会)  路 motor 对调  本机 136 秒
  247  没摔             追住 0/2 趟  平均   3.81 米  落后   5.03 米  最近  2.48 米  正前方  19%  静球到了 0/4 趟  走了  0.04 米  路 orient 对调  本机 106 秒
  248  没摔             追住 0/2 趟  平均   4.47 米  落后   5.81 米  最近  2.48 米  正前方  55%  静球到了 0/4 趟  走了  1.00 米  路 motor 对调  本机 137 秒
  249  没摔             追住 0/2 趟  平均   2.02 米  落后   3.65 米  最近  0.10 米  正前方  15%  静球到了 4/4 趟  走了  3.43 米  (两边都会)  路 motor 对调  本机 107 秒
  250  没摔             追住 0/2 趟  平均   1.62 米  落后   2.51 米  最近  0.22 米  正前方  19%  静球到了 3/4 趟  走了  3.42 米  (两边都会)  路 motor 对调  本机 137 秒
  跨代冠军易主：3 代第 251 只  追住 2/2 趟、跑完落后 0.88 米、球在正前方  66% 的时间  没摔
  251  没摔             追住 2/2 趟  平均   0.83 米  落后   0.88 米  最近  0.03 米  正前方  66%  静球到了 3/4 趟  走了  3.15 米  (两边都会)  路 motor 对调  本机 105 秒
  252  没摔             追住 0/2 趟  平均   2.13 米  落后   3.67 米  最近  0.07 米  正前方  16%  静球到了 3/4 趟  走了  3.26 米  (两边都会)  路 motor 对调  本机 136 秒
  253  没摔             追住 1/2 趟  平均   1.58 米  落后   2.08 米  最近  0.32 米  正前方  46%  静球到了 3/4 趟  走了  2.86 米  (两边都会)  路 motor 对调  本机 137 秒
  254  没摔             追住 0/2 趟  平均   3.78 米  落后   5.07 米  最近  2.50 米  正前方  90%  静球到了 0/4 趟  走了  0.07 米  路 motor 对调  本机 138 秒
  255  没摔             追住 2/2 趟  平均   1.09 米  落后   0.94 米  最近  0.29 米  正前方  99%  静球到了 3/4 趟  走了  2.80 米  (两边都会)  路 motor 对调  本机 108 秒
  256  倒了/没建出来        追住 0/0 趟  平均    nan 米  落后    nan 米  最近   nan 米  正前方   0%  静球到了 0/0 趟  走了   nan 米  路 motor 对调  本机 1 秒
  257  没摔             追住 2/2 趟  平均   0.97 米  落后   0.90 米  最近  0.12 米  正前方 100%  静球到了 3/4 趟  走了  3.04 米  (两边都会)  路 motor 对调  本机 110 秒
  258  没摔             追住 0/2 趟  平均   1.73 米  落后   2.57 米  最近  0.41 米  正前方  19%  静球到了 4/4 趟  走了  3.47 米  (两边都会)  路 motor 对调  本机 110 秒
  259  没摔             追住 0/2 趟  平均   3.54 米  落后   4.81 米  最近  2.06 米  正前方   6%  静球到了 0/4 趟  走了  2.83 米  路 motor  本机 107 秒
  260  没摔             追住 2/2 趟  平均   1.25 米  落后   1.09 米  最近  0.17 米  正前方  98%  静球到了 2/4 趟  走了  2.58 米  (两边都会)  路 motor 对调  本机 108 秒
  261  没摔             追住 0/2 趟  平均   2.96 米  落后   4.84 米  最近  0.80 米  正前方  12%  静球到了 2/4 趟  走了  3.34 米  路 motor 对调  本机 107 秒
  262  倒了/没建出来        追住 0/0 趟  平均    nan 米  落后    nan 米  最近   nan 米  正前方   0%  静球到了 0/0 趟  走了   nan 米  路 motor 对调  本机 2 秒
  263  没摔             追住 0/2 趟  平均   2.12 米  落后   2.74 米  最近  1.03 米  正前方   7%  静球到了 1/4 趟  走了  2.61 米  路 orient 对调  本机 108 秒
  264  没摔             追住 0/2 趟  平均   2.47 米  落后   4.28 米  最近  0.16 米  正前方  14%  静球到了 2/4 趟  走了  3.46 米  路 motor 对调  本机 108 秒
  265  倒了/没建出来        追住 0/2 趟  平均   4.38 米  落后   5.62 米  最近  2.48 米  正前方  25%  静球到了 0/4 趟  走了  0.73 米  路 motor 对调  本机 108 秒
  266  倒了/没建出来        追住 0/2 趟  平均   2.73 米  落后   3.80 米  最近  1.73 米  正前方  94%  静球到了 0/4 趟  走了  1.65 米  路 motor 对调  本机 108 秒
  267  没摔             追住 0/2 趟  平均   1.86 米  落后   2.34 米  最近  1.12 米  正前方  63%  静球到了 2/4 趟  走了  2.40 米  (两边都会)  路 motor 对调  本机 108 秒
  268  倒了/没建出来        追住 0/0 趟  平均    nan 米  落后    nan 米  最近   nan 米  正前方   0%  静球到了 0/0 趟  走了   nan 米  路 motor  本机 1 秒
  269  没摔             追住 0/2 趟  平均   2.34 米  落后   3.37 米  最近  1.29 米  正前方  10%  静球到了 0/4 趟  走了  3.36 米  路 motor 对调  本机 110 秒
  270  没摔             追住 0/2 趟  平均   3.33 米  落后   5.34 米  最近  0.74 米  正前方  10%  静球到了 2/4 趟  走了  3.87 米  路 motor 对调  本机 130 秒
  271  没摔             追住 2/2 趟  平均   1.27 米  落后   1.39 米  最近  0.56 米  正前方 100%  静球到了 2/4 趟  走了  2.44 米  (两边都会)  路 motor 对调  本机 136 秒
  272  没摔             追住 0/2 趟  平均   3.83 米  落后   5.13 米  最近  2.48 米  正前方  28%  静球到了 0/4 趟  走了  0.20 米  路 motor 对调  本机 109 秒
  273  没摔             追住 0/2 趟  平均   2.76 米  落后   4.30 米  最近  1.29 米  正前方   9%  静球到了 1/4 趟  走了  3.36 米  路 orient 对调  本机 109 秒
  274  没摔             追住 0/2 趟  平均   3.47 米  落后   4.70 米  最近  2.48 米  正前方  78%  静球到了 0/4 趟  走了  0.41 米  路 motor 对调  本机 136 秒
  275  没摔             追住 0/2 趟  平均   3.53 米  落后   4.63 米  最近  2.48 米  正前方  98%  静球到了 0/4 趟  走了  0.23 米  路 motor 对调  本机 137 秒
  276  没摔             追住 0/2 趟  平均   3.63 米  落后   4.81 米  最近  2.48 米  正前方  99%  静球到了 0/4 趟  走了  0.15 米  路 motor 对调  本机 137 秒
  277  没摔             追住 0/2 趟  平均   1.40 米  落后   2.15 米  最近  0.06 米  正前方  23%  静球到了 4/4 趟  走了  3.72 米  (两边都会)  路 motor 对调  本机 135 秒
  278  倒了/没建出来        追住 0/0 趟  平均    nan 米  落后    nan 米  最近   nan 米  正前方   0%  静球到了 0/0 趟  走了   nan 米  路 motor 对调  本机 2 秒
  279  没摔             追住 0/2 趟  平均   3.69 米  落后   4.91 米  最近  2.47 米  正前方  99%  静球到了 0/4 趟  走了  0.11 米  路 motor 对调  本机 137 秒
  280  倒了/没建出来        追住 0/2 趟  平均   3.60 米  落后   4.89 米  最近  2.45 米  正前方  57%  静球到了 0/4 趟  走了  0.86 米  路 motor 对调  本机 136 秒
  281  没摔             追住 0/2 趟  平均   2.32 米  落后   3.75 米  最近  0.29 米  正前方  14%  静球到了 1/4 趟  走了  3.52 米  路 motor 对调  本机 135 秒
  282  没摔             追住 0/2 趟  平均   4.43 米  落后   6.64 米  最近  1.95 米  正前方   6%  静球到了 0/4 趟  走了  3.12 米  路 motor  本机 136 秒
  283  倒了/没建出来        追住 0/2 趟  平均   4.50 米  落后   5.99 米  最近  2.48 米  正前方  16%  静球到了 0/4 趟  走了  0.74 米  路 motor 对调  本机 135 秒
  284  没摔             追住 0/2 趟  平均   1.74 米  落后   2.57 米  最近  0.51 米  正前方  14%  静球到了 2/4 趟  走了  3.49 米  路 motor 对调  本机 132 秒
  285  倒了/没建出来        追住 0/2 趟  平均   3.57 米  落后   4.72 米  最近  2.47 米  正前方   9%  静球到了 0/4 趟  走了  1.05 米  路 motor  本机 131 秒
  286  没摔             追住 0/2 趟  平均   2.29 米  落后   3.31 米  最近  1.10 米  正前方  10%  静球到了 2/4 趟  走了  3.67 米  路 motor 对调  本机 100 秒
  287  没摔             追住 1/2 趟  平均   1.22 米  落后   1.79 米  最近  0.06 米  正前方  31%  静球到了 4/4 趟  走了  3.64 米  (两边都会)  路 motor 对调  本机 95 秒
  288  没摔             追住 0/2 趟  平均   2.73 米  落后   4.65 米  最近  0.67 米  正前方   9%  静球到了 4/4 趟  走了  4.08 米  (两边都会)  路 motor 对调  本机 101 秒
  289  没摔             追住 2/2 趟  平均   0.86 米  落后   0.89 米  最近  0.04 米  正前方  54%  静球到了 4/4 趟  走了  3.36 米  (两边都会)  路 motor 对调  本机 99 秒
  290  没摔             追住 0/2 趟  平均   3.17 米  落后   4.35 米  最近  1.35 米  正前方  42%  静球到了 0/4 趟  走了  1.40 米  路 motor 对调  本机 92 秒
  291  倒了/没建出来        追住 0/2 趟  平均   3.13 米  落后   4.17 米  最近  2.19 米  正前方  92%  静球到了 0/4 趟  走了  1.11 米  路 motor 对调  本机 98 秒
  292  没摔             追住 0/2 趟  平均   1.85 米  落后   3.27 米  最近  0.45 米  正前方  11%  静球到了 2/4 趟  走了  3.43 米  (两边都会)  路 motor 对调  本机 99 秒
  293  倒了/没建出来        追住 0/2 趟  平均   4.19 米  落后   5.47 米  最近  2.47 米  正前方  10%  静球到了 0/4 趟  走了  0.72 米  路 motor  本机 98 秒
  294  没摔             追住 0/2 趟  平均   3.42 米  落后   4.61 米  最近  2.06 米  正前方   6%  静球到了 0/4 趟  走了  2.62 米  路 motor  本机 93 秒
  295  倒了/没建出来        追住 0/0 趟  平均    nan 米  落后    nan 米  最近   nan 米  正前方   0%  静球到了 0/0 趟  走了   nan 米  路 motor 对调  本机 1 秒
  296  没摔             追住 0/2 趟  平均   3.00 米  落后   4.02 米  最近  1.75 米  正前方  11%  静球到了 1/4 趟  走了  2.43 米  路 motor 对调  本机 90 秒
  297  没摔             追住 0/2 趟  平均   2.19 米  落后   2.63 米  最近  1.59 米  正前方 100%  静球到了 0/4 趟  走了  1.62 米  路 motor 对调  本机 84 秒
  298  倒了/没建出来        追住 0/0 趟  平均    nan 米  落后    nan 米  最近   nan 米  正前方   0%  静球到了 0/0 趟  走了   nan 米  路 motor 对调  本机 2 秒
  299  没摔             追住 0/2 趟  平均   2.55 米  落后   3.57 米  最近  0.73 米  正前方  12%  静球到了 1/4 趟  走了  2.77 米  路 motor 对调  本机 70 秒
第 3 代收工：300 只里建出来 250 只（没摔 197）；真追住球的 34 只，两边都追住的 10 只（球挪走行为会变的 241 只）；追得最好那只落后 0.88 米、球在正前方  66% 的时间、最近贴到 0.03 米；本代花了 21.5 分钟
  这一代自己走出来的、真追住球的 34 只，其中两边都追住的 10 只
  下一代的爹 10 只（artifacts/追球_云_三批_g03_keep.jsonl）：第251只 追住2/2趟 落后0.88米、第289只 追住2/2趟 落后0.89米、第194只 追住2/2趟 落后0.98米、第7只 追住2/2趟 落后0.81米、第257只 追住2/2趟 落后0.90米、第245只 追住2/2趟 落后1.09米、第255只 追住2/2趟 落后0.94米、第260只 追住2/2趟 落后1.09米、第1只 追住2/2趟 落后1.37米、第271只 追住2/2趟 落后1.39米
第 4 代：生 300 只、每只考 4 趟不动球（每趟 6 秒）+ 2 趟追着跑的球（每趟 20 秒，球沿随机曲线逃）+ 1 趟没球对照、24 个进程
    0  倒了/没建出来        追住 0/2 趟  平均   2.19 米  落后   3.16 米  最近  1.03 米  正前方  99%  静球到了 0/4 趟  走了  1.66 米  路 motor 对调  本机 141 秒
    1  没摔             追住 0/2 趟  平均   3.11 米  落后   5.05 米  最近  1.15 米  正前方   9%  静球到了 0/4 趟  走了  3.71 米  路 orient 对调  本机 143 秒
    2  没摔             追住 0/2 趟  平均   3.93 米  落后   5.16 米  最近  2.47 米  正前方   2%  静球到了 0/4 趟  走了  1.22 米  路 motor  本机 144 秒
    3  没摔             追住 0/2 趟  平均   4.73 米  落后   7.12 米  最近  2.38 米  正前方   3%  静球到了 0/4 趟  走了  2.78 米  路 motor  本机 126 秒
    4  没摔             追住 0/2 趟  平均   2.15 米  落后   2.94 米  最近  0.88 米  正前方  13%  静球到了 1/4 趟  走了  2.38 米  路 motor 对调  本机 143 秒
    5  没摔             追住 0/2 趟  平均   2.09 米  落后   3.67 米  最近  0.56 米  正前方  11%  静球到了 2/4 趟  走了  3.50 米  (两边都会)  路 motor 对调  本机 145 秒
    6  没摔             追住 0/2 趟  平均   4.37 米  落后   6.27 米  最近  2.24 米  正前方   3%  静球到了 0/4 趟  走了  2.35 米  路 motor  本机 146 秒
    7  没摔             追住 0/2 趟  平均   2.73 米  落后   4.18 米  最近  1.36 米  正前方   9%  静球到了 0/4 趟  走了  3.10 米  路 orient 对调  本机 145 秒
    8  倒了/没建出来        追住 1/2 趟  平均   1.57 米  落后   1.68 米  最近  0.52 米  正前方 100%  静球到了 0/4 趟  走了  1.10 米  路 motor 对调  本机 147 秒
    9  没摔             追住 2/2 趟  平均   1.14 米  落后   1.21 米  最近  0.38 米  正前方  77%  静球到了 2/4 趟  走了  2.82 米  (两边都会)  路 motor 对调  本机 144 秒
   10  没摔             追住 0/2 趟  平均   2.02 米  落后   3.28 米  最近  0.45 米  正前方  14%  静球到了 1/4 趟  走了  3.40 米  路 motor 对调  本机 146 秒
   11  没摔             追住 0/2 趟  平均   1.58 米  落后   2.78 米  最近  0.17 米  正前方  22%  静球到了 4/4 趟  走了  3.31 米  (两边都会)  路 motor 对调  本机 146 秒
   12  没摔             追住 1/2 趟  平均   1.33 米  落后   1.86 米  最近  0.21 米  正前方  23%  静球到了 4/4 趟  走了  3.38 米  (两边都会)  路 motor 对调  本机 147 秒
   13  没摔             追住 0/2 趟  平均   2.81 米  落后   3.55 米  最近  2.13 米  正前方   8%  静球到了 0/4 趟  走了  2.12 米  路 motor 对调  本机 147 秒
   14  没摔             追住 1/2 趟  平均   1.61 米  落后   1.63 米  最近  0.70 米  正前方 100%  静球到了 1/4 趟  走了  2.39 米  路 motor 对调  本机 98 秒
   15  倒了/没建出来        追住 0/0 趟  平均    nan 米  落后    nan 米  最近   nan 米  正前方   0%  静球到了 0/0 趟  走了   nan 米  路 motor 对调  本机 1 秒
   16  没摔             追住 1/2 趟  平均   1.04 米  落后   1.39 米  最近  0.03 米  正前方  54%  静球到了 2/4 趟  走了  3.15 米  (两边都会)  路 motor 对调  本机 99 秒
   17  没摔             追住 0/2 趟  平均   1.97 米  落后   3.79 米  最近  0.42 米  正前方  17%  静球到了 4/4 趟  走了  3.24 米  (两边都会)  路 motor 对调  本机 100 秒
   18  没摔             追住 0/2 趟  平均   1.96 米  落后   2.69 米  最近  1.01 米  正前方  12%  静球到了 1/4 趟  走了  2.64 米  路 motor 对调  本机 99 秒
   19  倒了/没建出来        追住 0/0 趟  平均    nan 米  落后    nan 米  最近   nan 米  正前方   0%  静球到了 0/0 趟  走了   nan 米  路 orient 对调  本机 1 秒
   20  倒了/没建出来        追住 0/0 趟  平均    nan 米  落后    nan 米  最近   nan 米  正前方   0%  静球到了 0/0 趟  走了   nan 米  路 motor 对调  本机 1 秒
   21  没摔             追住 0/2 趟  平均   1.85 米  落后   3.42 米  最近  0.07 米  正前方  18%  静球到了 4/4 趟  走了  3.39 米  (两边都会)  路 motor 对调  本机 101 秒
   22  没摔             追住 0/2 趟  平均   1.86 米  落后   2.91 米  最近  0.70 米  正前方  10%  静球到了 4/4 趟  走了  3.34 米  (两边都会)  路 motor 对调  本机 110 秒
   23  倒了/没建出来        追住 0/0 趟  平均    nan 米  落后    nan 米  最近   nan 米  正前方   0%  静球到了 0/0 趟  走了   nan 米  路 orient  本机 1 秒
   24  没摔             追住 0/2 趟  平均   2.53 米  落后   4.48 米  最近  0.31 米  正前方  13%  静球到了 1/4 趟  走了  3.64 米  路 motor 对调  本机 126 秒
   25  没摔             追住 0/2 趟  平均   2.80 米  落后   4.60 米  最近  1.10 米  正前方   8%  静球到了 0/4 趟  走了  3.68 米  路 motor 对调  本机 100 秒
   26  没摔             追住 0/2 趟  平均   1.86 米  落后   2.46 米  最近  0.38 米  正前方  53%  静球到了 2/4 趟  走了  2.87 米  (两边都会)  路 motor 对调  本机 101 秒
   27  倒了/没建出来        追住 0/2 趟  平均   4.17 米  落后   5.53 米  最近  2.43 米  正前方  39%  静球到了 0/4 趟  走了  0.69 米  路 motor 对调  本机 99 秒
   28  没摔             追住 0/2 趟  平均   1.81 米  落后   2.18 米  最近  0.91 米  正前方  79%  静球到了 1/4 趟  走了  1.94 米  路 motor 对调  本机 106 秒
   29  没摔             追住 1/2 趟  平均   1.35 米  落后   1.50 米  最近  0.28 米  正前方  43%  静球到了 2/4 趟  走了  2.60 米  (两边都会)  路 motor 对调  本机 107 秒
   30  没摔             追住 0/2 趟  平均   3.19 米  落后   5.21 米  最近  1.38 米  正前方   8%  静球到了 0/4 趟  走了  3.67 米  路 orient 对调  本机 105 秒
   31  没摔             追住 1/2 趟  平均   1.33 米  落后   2.20 米  最近  0.06 米  正前方  39%  静球到了 4/4 趟  走了  3.31 米  (两边都会)  路 motor 对调  本机 105 秒
   32  没摔             追住 0/2 趟  平均   2.69 米  落后   3.71 米  最近  1.25 米  正前方  19%  静球到了 1/4 趟  走了  2.78 米  路 motor 对调  本机 105 秒
   33  没摔             追住 2/2 趟  平均   1.30 米  落后   1.31 米  最近  0.40 米  正前方 100%  静球到了 2/4 趟  走了  2.60 米  (两边都会)  路 motor 对调  本机 107 秒
   34  倒了/没建出来        追住 0/0 趟  平均    nan 米  落后    nan 米  最近   nan 米  正前方   0%  静球到了 0/0 趟  走了   nan 米  路 motor 对调  本机 1 秒
   35  没摔             追住 0/2 趟  平均   3.53 米  落后   5.24 米  最近  1.71 米  正前方   6%  静球到了 0/4 趟  走了  3.02 米  路 orient 对调  本机 107 秒
   36  没摔             追住 0/2 趟  平均   4.10 米  落后   5.90 米  最近  2.14 米  正前方   3%  静球到了 0/4 趟  走了  2.39 米  路 motor  本机 108 秒
   37  倒了/没建出来        追住 0/0 趟  平均    nan 米  落后    nan 米  最近   nan 米  正前方   0%  静球到了 0/0 趟  走了   nan 米  路 motor 对调  本机 1 秒
   38  没摔             追住 0/2 趟  平均   4.16 米  落后   5.63 米  最近  2.48 米  正前方   2%  静球到了 0/4 趟  走了  1.97 米  路 motor  本机 108 秒
   39  没摔             追住 0/2 趟  平均   2.01 米  落后   3.52 米  最近  0.32 米  正前方  15%  静球到了 4/4 趟  走了  3.23 米  (两边都会)  路 motor 对调  本机 108 秒
   40  没摔             追住 0/2 趟  平均   2.77 米  落后   4.48 米  最近  0.40 米  正前方  12%  静球到了 2/4 趟  走了  3.44 米  路 motor 对调  本机 109 秒
   41  倒了/没建出来        追住 0/2 趟  平均   3.78 米  落后   5.04 米  最近  2.44 米  正前方  57%  静球到了 0/4 趟  走了  0.73 米  路 motor 对调  本机 136 秒
   42  没摔             追住 0/2 趟  平均   2.36 米  落后   4.36 米  最近  0.37 米  正前方  16%  静球到了 3/4 趟  走了  3.77 米  (两边都会)  路 motor 对调  本机 134 秒
   43  倒了/没建出来        追住 0/2 趟  平均   3.51 米  落后   4.61 米  最近  2.02 米  正前方  33%  静球到了 0/4 趟  走了  0.34 米  路 motor 对调  本机 141 秒
   44  没摔             追住 0/2 趟  平均   2.84 米  落后   4.86 米  最近  0.43 米  正前方  10%  静球到了 3/4 趟  走了  4.29 米  (两边都会)  路 motor 对调  本机 133 秒
   45  没摔             追住 0/2 趟  平均   1.72 米  落后   2.27 米  最近  0.77 米  正前方  17%  静球到了 2/4 趟  走了  2.88 米  (两边都会)  路 motor 对调  本机 138 秒
   46  没摔             追住 0/2 趟  平均   1.50 米  落后   2.30 米  最近  0.31 米  正前方  39%  静球到了 3/4 趟  走了  3.38 米  (两边都会)  路 motor 对调  本机 139 秒
   47  没摔             追住 0/2 趟  平均   1.79 米  落后   2.09 米  最近  1.10 米  正前方 100%  静球到了 1/4 趟  走了  2.02 米  路 motor 对调  本机 136 秒
   48  倒了/没建出来        追住 0/0 趟  平均    nan 米  落后    nan 米  最近   nan 米  正前方   0%  静球到了 0/0 趟  走了   nan 米  路 motor 对调  本机 1 秒
   49  倒了/没建出来        追住 0/0 趟  平均    nan 米  落后    nan 米  最近   nan 米  正前方   0%  静球到了 0/0 趟  走了   nan 米  路 motor  本机 1 秒
   50  没摔             追住 0/2 趟  平均   3.11 米  落后   5.06 米  最近  1.10 米  正前方   8%  静球到了 0/4 趟  走了  3.69 米  路 orient 对调  本机 135 秒
   51  没摔             追住 2/2 趟  平均   0.84 米  落后   0.94 米  最近  0.03 米  正前方  71%  静球到了 4/4 趟  走了  3.05 米  (两边都会)  路 motor 对调  本机 136 秒
   52  没摔             追住 0/2 趟  平均   3.25 米  落后   5.25 米  最近  1.16 米  正前方   8%  静球到了 0/4 趟  走了  3.99 米  路 orient 对调  本机 136 秒
   53  没摔             追住 0/2 趟  平均   3.85 米  落后   5.09 米  最近  2.50 米  正前方 100%  静球到了 0/4 趟  走了  0.14 米  路 motor 对调  本机 138 秒
   54  没摔             追住 0/2 趟  平均   3.58 米  落后   4.69 米  最近  2.48 米  正前方  67%  静球到了 0/4 趟  走了  0.16 米  路 motor 对调  本机 140 秒
   55  没摔             追住 0/2 趟  平均   1.98 米  落后   3.71 米  最近  0.23 米  正前方  18%  静球到了 3/4 趟  走了  3.69 米  (两边都会)  路 motor 对调  本机 142 秒
   56  没摔             追住 1/2 趟  平均   1.48 米  落后   1.91 米  最近  0.05 米  正前方  59%  静球到了 3/4 趟  走了  2.91 米  (两边都会)  路 motor 对调  本机 105 秒
   57  没摔             追住 1/2 趟  平均   1.44 米  落后   1.58 米  最近  0.57 米  正前方  99%  静球到了 2/4 趟  走了  2.35 米  (两边都会)  路 motor 对调  本机 107 秒
   58  没摔             追住 2/2 趟  平均   0.96 米  落后   0.78 米  最近  0.09 米  正前方  95%  静球到了 2/4 趟  走了  2.83 米  (两边都会)  路 motor 对调  本机 106 秒
   59  没摔             追住 0/2 趟  平均   3.81 米  落后   5.43 米  最近  1.86 米  正前方   7%  静球到了 0/4 趟  走了  2.05 米  路 motor  本机 105 秒
   60  没摔             追住 0/2 趟  平均   1.16 米  落后   1.82 米  最近  0.07 米  正前方  26%  静球到了 4/4 趟  走了  3.20 米  (两边都会)  路 motor 对调  本机 105 秒
   61  没摔             追住 0/2 趟  平均   2.11 米  落后   3.63 米  最近  0.68 米  正前方  10%  静球到了 3/4 趟  走了  3.53 米  (两边都会)  路 motor 对调  本机 105 秒
   62  没摔             追住 0/2 趟  平均   1.71 米  落后   1.78 米  最近  1.20 米  正前方 100%  静球到了 1/4 趟  走了  1.95 米  路 motor 对调  本机 109 秒
   63  没摔             追住 0/2 趟  平均   3.04 米  落后   4.80 米  最近  1.05 米  正前方   9%  静球到了 0/4 趟  走了  3.63 米  路 orient 对调  本机 107 秒
   64  倒了/没建出来        追住 0/2 趟  平均   2.83 米  落后   3.49 米  最近  1.83 米  正前方  28%  静球到了 0/4 趟  走了  1.65 米  路 orient 对调  本机 108 秒
   65  没摔             追住 0/2 趟  平均   2.24 米  落后   3.15 米  最近  1.21 米  正前方 100%  静球到了 2/4 趟  走了  1.90 米  (两边都会)  路 motor 对调  本机 107 秒
   66  倒了/没建出来        追住 0/2 趟  平均   3.22 米  落后   4.42 米  最近  2.14 米  正前方  60%  静球到了 0/4 趟  走了  1.01 米  路 motor 对调  本机 108 秒
   67  没摔             追住 1/2 趟  平均   1.26 米  落后   1.50 米  最近  0.38 米  正前方 100%  静球到了 2/4 趟  走了  2.53 米  (两边都会)  路 motor 对调  本机 134 秒
   68  没摔             追住 0/2 趟  平均   3.71 米  落后   4.87 米  最近  2.48 米  正前方  37%  静球到了 0/4 趟  走了  0.10 米  路 motor 对调  本机 134 秒
   69  没摔             追住 0/2 趟  平均   3.85 米  落后   4.85 米  最近  2.46 米  正前方  60%  静球到了 0/4 趟  走了  0.27 米  路 motor 对调  本机 134 秒
   70  没摔             追住 0/2 趟  平均   1.48 米  落后   2.56 米  最近  0.08 米  正前方  26%  静球到了 4/4 趟  走了  3.48 米  (两边都会)  路 motor 对调  本机 139 秒
   71  没摔             追住 0/2 趟  平均   2.38 米  落后   4.01 米  最近  0.79 米  正前方  10%  静球到了 1/4 趟  走了  3.59 米  路 motor 对调  本机 138 秒
   72  没摔             追住 0/2 趟  平均   2.46 米  落后   4.14 米  最近  0.41 米  正前方  12%  静球到了 2/4 趟  走了  3.57 米  路 motor 对调  本机 136 秒
   73  没摔             追住 2/2 趟  平均   0.90 米  落后   1.04 米  最近  0.05 米  正前方  60%  静球到了 4/4 趟  走了  3.15 米  (两边都会)  路 motor 对调  本机 140 秒
   74  倒了/没建出来        追住 0/2 趟  平均   3.53 米  落后   4.73 米  最近  2.36 米  正前方  49%  静球到了 0/4 趟  走了  0.74 米  路 motor 对调  本机 138 秒
   75  没摔             追住 0/2 趟  平均   3.42 米  落后   4.58 米  最近  1.85 米  正前方  23%  静球到了 0/4 趟  走了  1.49 米  路 orient 对调  本机 139 秒
   76  没摔             追住 0/2 趟  平均   3.11 米  落后   4.51 米  最近  1.63 米  正前方  48%  静球到了 1/4 趟  走了  2.13 米  路 motor 对调  本机 136 秒
   77  没摔             追住 0/2 趟  平均   3.66 米  落后   4.76 米  最近  2.49 米  正前方  96%  静球到了 0/4 趟  走了  0.13 米  路 motor  本机 140 秒
   78  没摔             追住 0/2 趟  平均   1.66 米  落后   3.17 米  最近  0.11 米  正前方  23%  静球到了 4/4 趟  走了  3.34 米  (两边都会)  路 motor 对调  本机 138 秒
   79  没摔             追住 0/2 趟  平均   3.22 米  落后   5.21 米  最近  1.16 米  正前方   9%  静球到了 0/4 趟  走了  3.67 米  路 motor 对调  本机 140 秒
   80  倒了/没建出来        追住 0/2 趟  平均   3.60 米  落后   4.78 米  最近  2.45 米  正前方   6%  静球到了 0/4 趟  走了  0.78 米  路 motor 对调  本机 107 秒
   81  倒了/没建出来        追住 0/2 趟  平均   3.76 米  落后   5.02 米  最近  2.43 米  正前方   8%  静球到了 0/4 趟  走了  0.50 米  路 motor 对调  本机 105 秒
   82  倒了/没建出来        追住 0/2 趟  平均   3.27 米  落后   4.44 米  最近  2.01 米  正前方  31%  静球到了 0/4 趟  走了  0.54 米  路 motor 对调  本机 107 秒
   83  没摔             追住 0/2 趟  平均   1.92 米  落后   2.56 米  最近  1.00 米  正前方  14%  静球到了 0/4 趟  走了  2.68 米  路 motor 对调  本机 106 秒
   84  没摔             追住 0/2 趟  平均   4.06 米  落后   5.84 米  最近  2.13 米  正前方   6%  静球到了 0/4 趟  走了  2.25 米  路 motor  本机 106 秒
   85  倒了/没建出来        追住 0/2 趟  平均   4.47 米  落后   5.97 米  最近  2.45 米  正前方  47%  静球到了 0/4 趟  走了  0.64 米  路 motor 对调  本机 104 秒
   86  没摔             追住 0/2 趟  平均   3.16 米  落后   4.39 米  最近  1.44 米  正前方   8%  静球到了 0/4 趟  走了  4.26 米  路 orient 对调  本机 105 秒
   87  倒了/没建出来        追住 0/0 趟  平均    nan 米  落后    nan 米  最近   nan 米  正前方   0%  静球到了 0/0 趟  走了   nan 米  路 motor 对调  本机 1 秒
   88  没摔             追住 2/2 趟  平均   1.00 米  落后   1.07 米  最近  0.03 米  正前方  92%  静球到了 3/4 趟  走了  2.87 米  (两边都会)  路 motor 对调  本机 109 秒
   89  没摔             追住 0/2 趟  平均   1.49 米  落后   1.69 米  最近  0.72 米  正前方 100%  静球到了 2/4 趟  走了  2.33 米  (两边都会)  路 motor 对调  本机 106 秒
   90  倒了/没建出来        追住 0/2 趟  平均   3.82 米  落后   5.10 米  最近  2.40 米  正前方  79%  静球到了 0/4 趟  走了  0.63 米  路 motor 对调  本机 108 秒
   91  没摔             追住 0/2 趟  平均   3.62 米  落后   4.77 米  最近  2.50 米  正前方  94%  静球到了 0/4 趟  走了  0.16 米  路 motor  本机 113 秒
   92  倒了/没建出来        追住 0/0 趟  平均    nan 米  落后    nan 米  最近   nan 米  正前方   0%  静球到了 0/0 趟  走了   nan 米  路 motor 对调  本机 1 秒
   93  倒了/没建出来        追住 0/2 趟  平均   3.65 米  落后   4.81 米  最近  2.50 米  正前方  57%  静球到了 0/4 趟  走了  0.76 米  路 motor 对调  本机 132 秒
   94  没摔             追住 0/2 趟  平均   1.90 米  落后   2.77 米  最近  0.74 米  正前方  99%  静球到了 1/4 趟  走了  2.36 米  路 motor 对调  本机 133 秒
   95  没摔             追住 0/2 趟  平均   3.08 米  落后   4.98 米  最近  0.93 米  正前方   9%  静球到了 0/4 趟  走了  3.69 米  路 orient 对调  本机 131 秒
   96  倒了/没建出来        追住 0/2 趟  平均   3.57 米  落后   4.76 米  最近  2.44 米  正前方  31%  静球到了 0/4 趟  走了  0.60 米  路 motor 对调  本机 107 秒
   97  没摔             追住 0/2 趟  平均   4.91 米  落后   6.69 米  最近  2.48 米  正前方   2%  静球到了 0/4 趟  走了  1.25 米  路 motor  本机 106 秒
   98  没摔             追住 2/2 趟  平均   1.05 米  落后   0.95 米  最近  0.21 米  正前方  82%  静球到了 3/4 趟  走了  2.80 米  (两边都会)  路 motor 对调  本机 107 秒
   99  倒了/没建出来        追住 0/2 趟  平均   3.44 米  落后   4.58 米  最近  2.30 米  正前方  97%  静球到了 0/4 趟  走了  1.94 米  路 motor 对调  本机 110 秒
  100  没摔             追住 0/2 趟  平均   2.82 米  落后   5.03 米  最近  0.23 米  正前方  13%  静球到了 3/4 趟  走了  3.79 米  (两边都会)  路 motor 对调  本机 107 秒
  101  没摔             追住 0/2 趟  平均   3.12 米  落后   5.02 米  最近  1.34 米  正前方   8%  静球到了 0/4 趟  走了  3.68 米  路 orient 对调  本机 104 秒
  102  没摔             追住 0/2 趟  平均   1.77 米  落后   1.85 米  最近  1.16 米  正前方 100%  静球到了 1/4 趟  走了  1.93 米  路 motor 对调  本机 131 秒
  103  没摔             追住 0/2 趟  平均   4.31 米  落后   5.79 米  最近  2.48 米  正前方 100%  静球到了 0/4 趟  走了  0.61 米  路 motor 对调  本机 129 秒
  104  没摔             追住 0/2 趟  平均   3.95 米  落后   5.30 米  最近  2.49 米  正前方  99%  静球到了 0/4 趟  走了  0.19 米  路 orient 对调  本机 128 秒
  105  没摔             追住 0/2 趟  平均   3.38 米  落后   5.48 米  最近  1.20 米  正前方   8%  静球到了 0/4 趟  走了  4.02 米  路 orient 对调  本机 129 秒
  106  没摔             追住 0/2 趟  平均   3.70 米  落后   4.88 米  最近  2.49 米  正前方 100%  静球到了 0/4 趟  走了  0.11 米  路 motor 对调  本机 134 秒
  107  倒了/没建出来        追住 0/0 趟  平均    nan 米  落后    nan 米  最近   nan 米  正前方   0%  静球到了 0/0 趟  走了   nan 米  路 motor  本机 2 秒
  108  没摔             追住 0/2 趟  平均   2.39 米  落后   4.13 米  最近  0.65 米  正前方  11%  静球到了 1/4 趟  走了  3.58 米  路 motor 对调  本机 111 秒
  109  没摔             追住 2/2 趟  平均   1.01 米  落后   1.01 米  最近  0.07 米  正前方  87%  静球到了 3/4 趟  走了  2.80 米  (两边都会)  路 motor 对调  本机 133 秒
  110  没摔             追住 1/2 趟  平均   1.32 米  落后   1.58 米  最近  0.38 米  正前方  52%  静球到了 2/4 趟  走了  2.70 米  (两边都会)  路 motor 对调  本机 131 秒
  111  倒了/没建出来        追住 0/2 趟  平均   4.14 米  落后   5.36 米  最近  2.44 米  正前方  52%  静球到了 0/4 趟  走了  1.09 米  路 motor 对调  本机 132 秒
  112  没摔             追住 0/2 趟  平均   4.18 米  落后   6.10 米  最近  2.17 米  正前方   7%  静球到了 0/4 趟  走了  3.33 米  路 motor 对调  本机 135 秒
  113  没摔             追住 0/2 趟  平均   4.38 米  落后   5.91 米  最近  2.50 米  正前方  46%  静球到了 0/4 趟  走了  0.67 米  路 motor 对调  本机 110 秒
  114  倒了/没建出来        追住 0/0 趟  平均    nan 米  落后    nan 米  最近   nan 米  正前方   0%  静球到了 0/0 趟  走了   nan 米  路 orient 对调  本机 2 秒
  115  没摔             追住 0/2 趟  平均   1.72 米  落后   2.75 米  最近  0.39 米  正前方  15%  静球到了 2/4 趟  走了  3.14 米  (两边都会)  路 motor 对调  本机 132 秒
  116  倒了/没建出来        追住 0/2 趟  平均   3.40 米  落后   4.55 米  最近  2.45 米  正前方  53%  静球到了 0/4 趟  走了  0.63 米  路 motor 对调  本机 110 秒
  117  倒了/没建出来        追住 0/2 趟  平均   3.11 米  落后   5.52 米  最近  0.38 米  正前方  13%  静球到了 1/4 趟  走了  3.31 米  路 motor 对调  本机 112 秒
  118  倒了/没建出来        追住 0/0 趟  平均    nan 米  落后    nan 米  最近   nan 米  正前方   0%  静球到了 0/0 趟  走了   nan 米  路 motor 对调  本机 1 秒
  119  没摔             追住 0/2 趟  平均   3.38 米  落后   4.52 米  最近  2.48 米  正前方  12%  静球到了 0/4 趟  走了  0.79 米  路 motor 对调  本机 112 秒
  120  倒了/没建出来        追住 0/0 趟  平均    nan 米  落后    nan 米  最近   nan 米  正前方   0%  静球到了 0/0 趟  走了   nan 米  路 motor 对调  本机 1 秒
  121  没摔             追住 1/2 趟  平均   1.31 米  落后   1.77 米  最近  0.14 米  正前方  56%  静球到了 2/4 趟  走了  3.00 米  (两边都会)  路 motor 对调  本机 111 秒
  122  没摔             追住 0/2 趟  平均   3.64 米  落后   4.80 米  最近  2.50 米  正前方 100%  静球到了 0/4 趟  走了  0.17 米  路 motor 对调  本机 115 秒
  123  没摔             追住 0/2 趟  平均   2.26 米  落后   3.10 米  最近  0.87 米  正前方  15%  静球到了 1/4 趟  走了  2.52 米  路 motor 对调  本机 111 秒
  124  没摔             追住 0/2 趟  平均   3.17 米  落后   5.18 米  最近  1.16 米  正前方   9%  静球到了 0/4 趟  走了  3.62 米  路 orient 对调  本机 112 秒
  125  倒了/没建出来        追住 0/2 趟  平均   3.70 米  落后   4.96 米  最近  2.32 米  正前方  13%  静球到了 0/4 趟  走了  1.22 米  路 motor 对调  本机 112 秒
  126  倒了/没建出来        追住 0/2 趟  平均   3.77 米  落后   4.78 米  最近  2.45 米  正前方   7%  静球到了 0/4 趟  走了  0.57 米  路 motor 对调  本机 112 秒
  127  倒了/没建出来        追住 0/2 趟  平均   3.51 米  落后   4.48 米  最近  2.44 米  正前方  61%  静球到了 0/4 趟  走了  0.65 米  路 motor 对调  本机 112 秒
  128  倒了/没建出来        追住 0/0 趟  平均    nan 米  落后    nan 米  最近   nan 米  正前方   0%  静球到了 0/0 趟  走了   nan 米  路 orient 对调  本机 2 秒
  129  没摔             追住 1/2 趟  平均   0.98 米  落后   1.54 米  最近  0.04 米  正前方  52%  静球到了 4/4 趟  走了  3.25 米  (两边都会)  路 motor 对调  本机 113 秒
  130  倒了/没建出来        追住 0/2 趟  平均   3.99 米  落后   5.10 米  最近  2.49 米  正前方  42%  静球到了 0/4 趟  走了  0.60 米  路 motor 对调  本机 127 秒
  131  没摔             追住 1/2 趟  平均   1.37 米  落后   2.30 米  最近  0.12 米  正前方  32%  静球到了 4/4 趟  走了  3.19 米  (两边都会)  路 motor 对调  本机 127 秒
  132  倒了/没建出来        追住 0/0 趟  平均    nan 米  落后    nan 米  最近   nan 米  正前方   0%  静球到了 0/0 趟  走了   nan 米  路 motor  本机 2 秒
  133  没摔             追住 0/2 趟  平均   2.00 米  落后   2.96 米  最近  0.76 米  正前方  10%  静球到了 3/4 趟  走了  4.07 米  (两边都会)  路 motor 对调  本机 127 秒
  134  没摔             追住 0/2 趟  平均   2.08 米  落后   3.51 米  最近  0.86 米  正前方   9%  静球到了 2/4 趟  走了  3.52 米  (两边都会)  路 motor 对调  本机 113 秒
  135  倒了/没建出来        追住 0/0 趟  平均    nan 米  落后    nan 米  最近   nan 米  正前方   0%  静球到了 0/0 趟  走了   nan 米  路 motor 对调  本机 2 秒
  136  没摔             追住 1/2 趟  平均   2.77 米  落后   3.36 米  最近  0.60 米  正前方  55%  静球到了 0/4 趟  走了  1.34 米  路 motor 对调  本机 126 秒
  137  倒了/没建出来        追住 0/0 趟  平均    nan 米  落后    nan 米  最近   nan 米  正前方   0%  静球到了 0/0 趟  走了   nan 米  路 motor 对调  本机 1 秒
  138  倒了/没建出来        追住 0/0 趟  平均    nan 米  落后    nan 米  最近   nan 米  正前方   0%  静球到了 0/0 趟  走了   nan 米  路 motor 对调  本机 2 秒
  139  倒了/没建出来        追住 0/2 趟  平均   3.82 米  落后   5.12 米  最近  2.41 米  正前方  36%  静球到了 0/4 趟  走了  0.54 米  路 motor 对调  本机 128 秒
  140  倒了/没建出来        追住 0/0 趟  平均    nan 米  落后    nan 米  最近   nan 米  正前方   0%  静球到了 0/0 趟  走了   nan 米  路 orient 对调  本机 1 秒
  141  倒了/没建出来        追住 0/2 趟  平均   3.51 米  落后   5.23 米  最近  1.84 米  正前方  40%  静球到了 0/4 趟  走了  2.48 米  路 orient 对调  本机 127 秒
  142  倒了/没建出来        追住 0/2 趟  平均   3.80 米  落后   5.13 米  最近  1.93 米  正前方   7%  静球到了 0/4 趟  走了  0.95 米  路 motor  本机 115 秒
  143  没摔             追住 0/2 趟  平均   2.70 米  落后   4.26 米  最近  1.47 米  正前方   8%  静球到了 0/4 趟  走了  3.09 米  路 orient 对调  本机 127 秒
  144  倒了/没建出来        追住 0/2 趟  平均   3.45 米  落后   4.53 米  最近  2.31 米  正前方  52%  静球到了 0/4 趟  走了  0.69 米  路 motor 对调  本机 126 秒
  145  没摔             追住 0/2 趟  平均   2.17 米  落后   3.12 米  最近  1.17 米  正前方  10%  静球到了 0/4 趟  走了  3.06 米  路 motor 对调  本机 128 秒
  146  没摔             追住 0/2 趟  平均   3.64 米  落后   4.85 米  最近  2.48 米  正前方 100%  静球到了 0/4 趟  走了  0.15 米  路 motor 对调  本机 131 秒
  147  没摔             追住 0/2 趟  平均   4.16 米  落后   5.42 米  最近  2.50 米  正前方  99%  静球到了 0/4 趟  走了  0.38 米  路 motor 对调  本机 130 秒
  148  没摔             追住 0/2 趟  平均   1.74 米  落后   2.49 米  最近  0.53 米  正前方 100%  静球到了 2/4 趟  走了  2.56 米  (两边都会)  路 motor 对调  本机 115 秒
  149  没摔             追住 1/2 趟  平均   1.11 米  落后   1.16 米  最近  0.08 米  正前方  88%  静球到了 2/4 趟  走了  2.70 米  (两边都会)  路 motor 对调  本机 129 秒
  150  没摔             追住 1/2 趟  平均   1.02 米  落后   1.40 米  最近  0.04 米  正前方  34%  静球到了 2/4 趟  走了  3.34 米  路 motor 对调  本机 115 秒
  151  没摔             追住 0/2 趟  平均   3.66 米  落后   4.82 米  最近  2.48 米  正前方  75%  静球到了 0/4 趟  走了  0.16 米  路 orient 对调  本机 112 秒
  152  没摔             追住 0/2 趟  平均   4.01 米  落后   5.37 米  最近  1.96 米  正前方   6%  静球到了 0/4 趟  走了  3.97 米  路 motor  本机 107 秒
  153  没摔             追住 0/2 趟  平均   2.24 米  落后   3.20 米  最近  1.24 米  正前方 100%  静球到了 0/4 趟  走了  1.87 米  路 motor 对调  本机 110 秒
  154  没摔             追住 0/2 趟  平均   2.93 米  落后   4.95 米  最近  0.68 米  正前方  10%  静球到了 1/4 趟  走了  3.90 米  路 motor 对调  本机 110 秒
  155  没摔             追住 0/2 趟  平均   2.04 米  落后   2.97 米  最近  0.98 米  正前方  98%  静球到了 2/4 趟  走了  2.03 米  (两边都会)  路 motor 对调  本机 109 秒
  156  没摔             追住 0/2 趟  平均   2.96 米  落后   3.71 米  最近  2.29 米  正前方 100%  静球到了 0/4 趟  走了  0.79 米  路 motor 对调  本机 110 秒
  157  没摔             追住 0/2 趟  平均   2.47 米  落后   4.17 米  最近  0.75 米  正前方  10%  静球到了 1/4 趟  走了  3.62 米  路 motor 对调  本机 111 秒
  158  没摔             追住 0/2 趟  平均   3.00 米  落后   4.98 米  最近  0.64 米  正前方  11%  静球到了 1/4 趟  走了  3.63 米  路 motor 对调  本机 111 秒
  159  没摔             追住 0/2 趟  平均   4.12 米  落后   5.58 米  最近  2.31 米  正前方   3%  静球到了 0/4 趟  走了  1.98 米  路 motor  本机 111 秒
  160  没摔             追住 0/2 趟  平均   4.43 米  落后   6.73 米  最近  1.75 米  正前方   6%  静球到了 0/4 趟  走了  3.75 米  路 motor  本机 110 秒
  161  没摔             追住 1/2 趟  平均   1.00 米  落后   1.47 米  最近  0.10 米  正前方  54%  静球到了 4/4 趟  走了  3.08 米  (两边都会)  路 motor 对调  本机 135 秒
  162  没摔             追住 0/2 趟  平均   1.46 米  落后   1.97 米  最近  0.46 米  正前方 100%  静球到了 2/4 趟  走了  2.33 米  (两边都会)  路 motor 对调  本机 136 秒
  163  没摔             追住 0/2 趟  平均   1.94 米  落后   3.10 米  最近  0.77 米  正前方  15%  静球到了 3/4 趟  走了  3.61 米  (两边都会)  路 motor 对调  本机 137 秒
  164  没摔             追住 0/2 趟  平均   1.84 米  落后   2.73 米  最近  0.35 米  正前方  90%  静球到了 1/4 趟  走了  2.48 米  路 motor 对调  本机 132 秒
  165  没摔             追住 0/2 趟  平均   3.84 米  落后   5.08 米  最近  2.48 米  正前方  73%  静球到了 0/4 趟  走了  0.09 米  路 motor 对调  本机 108 秒
  166  没摔             追住 0/2 趟  平均   2.68 米  落后   4.53 米  最近  1.19 米  正前方   9%  静球到了 1/4 趟  走了  3.64 米  路 motor 对调  本机 133 秒
  167  没摔             追住 0/2 趟  平均   3.66 米  落后   4.83 米  最近  2.49 米  正前方  33%  静球到了 0/4 趟  走了  0.12 米  路 orient 对调  本机 136 秒
  168  倒了/没建出来        追住 0/0 趟  平均    nan 米  落后    nan 米  最近   nan 米  正前方   0%  静球到了 0/0 趟  走了   nan 米  路 motor 对调  本机 2 秒
  169  没摔             追住 0/2 趟  平均   3.76 米  落后   6.07 米  最近  1.10 米  正前方   8%  静球到了 0/4 趟  走了  4.56 米  路 orient 对调  本机 135 秒
  170  没摔             追住 0/2 趟  平均   2.22 米  落后   3.81 米  最近  0.13 米  正前方  15%  静球到了 2/4 趟  走了  3.56 米  路 motor 对调  本机 135 秒
  171  没摔             追住 0/2 趟  平均   1.91 米  落后   2.50 米  最近  0.58 米  正前方  70%  静球到了 2/4 趟  走了  2.53 米  路 motor 对调  本机 137 秒
  172  没摔             追住 1/2 趟  平均   1.44 米  落后   2.48 米  最近  0.16 米  正前方  28%  静球到了 4/4 趟  走了  3.22 米  (两边都会)  路 motor 对调  本机 136 秒
  173  倒了/没建出来        追住 0/2 趟  平均   3.95 米  落后   5.06 米  最近  2.48 米  正前方  28%  静球到了 0/4 趟  走了  0.88 米  路 motor 对调  本机 136 秒
  174  没摔             追住 0/2 趟  平均   1.87 米  落后   2.92 米  最近  0.26 米  正前方  17%  静球到了 4/4 趟  走了  4.17 米  (两边都会)  路 motor 对调  本机 136 秒
  175  没摔             追住 1/2 趟  平均   1.41 米  落后   1.47 米  最近  0.72 米  正前方  89%  静球到了 2/4 趟  走了  2.68 米  (两边都会)  路 motor 对调  本机 137 秒
  176  没摔             追住 0/2 趟  平均   4.50 米  落后   6.82 米  最近  1.63 米  正前方   7%  静球到了 0/4 趟  走了  3.35 米  路 motor  本机 107 秒
  177  倒了/没建出来        追住 0/0 趟  平均    nan 米  落后    nan 米  最近   nan 米  正前方   0%  静球到了 0/0 趟  走了   nan 米  路 motor 对调  本机 0 秒
  178  倒了/没建出来        追住 0/0 趟  平均    nan 米  落后    nan 米  最近   nan 米  正前方   0%  静球到了 0/0 趟  走了   nan 米  路 motor  本机 0 秒
  179  没摔             追住 0/2 趟  平均   3.67 米  落后   4.91 米  最近  2.49 米  正前方 100%  静球到了 0/4 趟  走了  0.13 米  路 motor 对调  本机 109 秒
  180  没摔             追住 0/2 趟  平均   1.85 米  落后   3.05 米  最近  0.29 米  正前方  16%  静球到了 2/4 趟  走了  3.32 米  (两边都会)  路 motor 对调  本机 107 秒
  181  没摔             追住 2/2 趟  平均   1.13 米  落后   1.17 米  最近  0.38 米  正前方 100%  静球到了 3/4 趟  走了  2.86 米  (两边都会)  路 motor 对调  本机 106 秒
  182  倒了/没建出来        追住 0/2 趟  平均   4.14 米  落后   5.33 米  最近  2.50 米  正前方  19%  静球到了 0/4 趟  走了  0.34 米  路 motor 对调  本机 107 秒
  183  没摔             追住 0/2 趟  平均   1.86 米  落后   3.15 米  最近  0.61 米  正前方  19%  静球到了 3/4 趟  走了  3.06 米  (两边都会)  路 motor 对调  本机 107 秒
  184  没摔             追住 0/2 趟  平均   4.55 米  落后   6.82 米  最近  2.30 米  正前方   4%  静球到了 0/4 趟  走了  2.49 米  路 motor  本机 108 秒
  185  没摔             追住 1/2 趟  平均   2.80 米  落后   3.60 米  最近  0.54 米  正前方  55%  静球到了 1/4 趟  走了  1.28 米  路 motor 对调  本机 108 秒
  186  倒了/没建出来        追住 0/2 趟  平均   2.08 米  落后   2.76 米  最近  1.16 米  正前方 100%  静球到了 0/4 趟  走了  1.01 米  路 motor 对调  本机 110 秒
  187  没摔             追住 1/2 趟  平均   1.29 米  落后   1.65 米  最近  0.17 米  正前方  62%  静球到了 3/4 趟  走了  3.19 米  (两边都会)  路 motor 对调  本机 109 秒
  188  没摔             追住 0/2 趟  平均   2.12 米  落后   2.99 米  最近  1.07 米  正前方  11%  静球到了 1/4 趟  走了  3.05 米  路 motor 对调  本机 108 秒
  189  倒了/没建出来        追住 0/2 趟  平均   3.44 米  落后   5.28 米  最近  1.78 米  正前方  11%  静球到了 0/4 趟  走了  2.72 米  路 motor 对调  本机 137 秒
  190  倒了/没建出来        追住 0/0 趟  平均    nan 米  落后    nan 米  最近   nan 米  正前方   0%  静球到了 0/0 趟  走了   nan 米  路 motor 对调  本机 1 秒
  191  没摔             追住 0/2 趟  平均   3.42 米  落后   4.82 米  最近  1.73 米  正前方  10%  静球到了 0/4 趟  走了  1.60 米  路 motor 对调  本机 136 秒
  192  没摔             追住 2/2 趟  平均   1.18 米  落后   1.36 米  最近  0.41 米  正前方  69%  静球到了 2/4 趟  走了  2.83 米  (两边都会)  路 motor 对调  本机 135 秒
  193  没摔             追住 0/2 趟  平均   3.02 米  落后   4.90 米  最近  1.28 米  正前方   8%  静球到了 0/4 趟  走了  3.66 米  路 orient 对调  本机 134 秒
  194  没摔             追住 0/2 趟  平均   2.16 米  落后   3.87 米  最近  0.50 米  正前方  12%  静球到了 3/4 趟  走了  3.77 米  (两边都会)  路 motor 对调  本机 138 秒
  195  没摔             追住 1/2 趟  平均   1.21 米  落后   1.85 米  最近  0.05 米  正前方  37%  静球到了 3/4 趟  走了  3.07 米  (两边都会)  路 motor 对调  本机 139 秒
  196  倒了/没建出来        追住 0/2 趟  平均   3.82 米  落后   5.11 米  最近  2.43 米  正前方  17%  静球到了 0/4 趟  走了  0.89 米  路 motor 对调  本机 139 秒
  197  倒了/没建出来        追住 0/0 趟  平均    nan 米  落后    nan 米  最近   nan 米  正前方   0%  静球到了 0/0 趟  走了   nan 米  路 orient 对调  本机 2 秒
  198  没摔             追住 0/2 趟  平均   2.29 米  落后   3.24 米  最近  1.28 米  正前方  10%  静球到了 0/4 趟  走了  2.97 米  路 orient  本机 138 秒
  199  没摔             追住 0/2 趟  平均   3.67 米  落后   5.00 米  最近  2.47 米  正前方  57%  静球到了 0/4 趟  走了  0.52 米  路 motor 对调  本机 137 秒
  200  没摔             追住 0/2 趟  平均   1.83 米  落后   2.73 米  最近  0.53 米  正前方  49%  静球到了 2/4 趟  走了  3.41 米  路 motor 对调  本机 141 秒
  201  没摔             追住 0/2 趟  平均   3.48 米  落后   4.80 米  最近  0.18 米  正前方  13%  静球到了 3/4 趟  走了  4.71 米  (两边都会)  路 motor 对调  本机 137 秒
  202  没摔             追住 0/2 趟  平均   2.10 米  落后   2.61 米  最近  1.08 米  正前方  53%  静球到了 0/4 趟  走了  2.23 米  路 motor 对调  本机 137 秒
  203  倒了/没建出来        追住 0/2 趟  平均   3.98 米  落后   5.36 米  最近  2.14 米  正前方  59%  静球到了 0/4 趟  走了  0.83 米  路 motor 对调  本机 139 秒
  204  没摔             追住 0/2 趟  平均   3.48 米  落后   4.60 米  最近  2.50 米  正前方  97%  静球到了 0/4 趟  走了  0.34 米  路 motor 对调  本机 106 秒
  205  没摔             追住 0/2 趟  平均   3.12 米  落后   5.28 米  最近  0.59 米  正前方  11%  静球到了 2/4 趟  走了  3.78 米  路 motor 对调  本机 107 秒
  206  没摔             追住 0/2 趟  平均   2.14 米  落后   2.82 米  最近  0.91 米  正前方 100%  静球到了 1/4 趟  走了  1.99 米  路 motor 对调  本机 109 秒
  207  倒了/没建出来        追住 0/2 趟  平均   3.70 米  落后   4.99 米  最近  2.49 米  正前方  13%  静球到了 0/4 趟  走了  1.30 米  路 motor 对调  本机 106 秒
  208  没摔             追住 1/2 趟  平均   1.65 米  落后   1.74 米  最近  0.89 米  正前方  67%  静球到了 1/4 趟  走了  2.31 米  路 motor 对调  本机 104 秒
  209  倒了/没建出来        追住 0/2 趟  平均   3.51 米  落后   4.62 米  最近  2.48 米  正前方  43%  静球到了 0/4 趟  走了  0.38 米  路 motor  本机 107 秒
  210  倒了/没建出来        追住 0/2 趟  平均   3.71 米  落后   4.86 米  最近  2.35 米  正前方  35%  静球到了 0/4 趟  走了  0.69 米  路 motor 对调  本机 110 秒
  211  没摔             追住 0/2 趟  平均   1.60 米  落后   2.01 米  最近  0.76 米  正前方  60%  静球到了 1/4 趟  走了  2.55 米  路 motor 对调  本机 108 秒
  212  没摔             追住 0/2 趟  平均   3.04 米  落后   4.89 米  最近  1.21 米  正前方   8%  静球到了 0/4 趟  走了  3.71 米  路 orient 对调  本机 106 秒
  213  没摔             追住 0/2 趟  平均   3.11 米  落后   5.01 米  最近  1.04 米  正前方   9%  静球到了 0/4 趟  走了  3.71 米  路 orient 对调  本机 106 秒
  214  倒了/没建出来        追住 0/0 趟  平均    nan 米  落后    nan 米  最近   nan 米  正前方   0%  静球到了 0/0 趟  走了   nan 米  路 motor 对调  本机 1 秒
  215  倒了/没建出来        追住 0/0 趟  平均    nan 米  落后    nan 米  最近   nan 米  正前方   0%  静球到了 0/0 趟  走了   nan 米  路 motor 对调  本机 1 秒
  216  没摔             追住 2/2 趟  平均   1.03 米  落后   1.13 米  最近  0.19 米  正前方  65%  静球到了 3/4 趟  走了  2.90 米  (两边都会)  路 motor 对调  本机 108 秒
  217  倒了/没建出来        追住 0/2 趟  平均   3.66 米  落后   4.94 米  最近  2.33 米  正前方  45%  静球到了 0/4 趟  走了  1.26 米  路 orient 对调  本机 135 秒
  218  没摔             追住 0/2 趟  平均   2.70 米  落后   3.78 米  最近  1.90 米  正前方   9%  静球到了 0/4 趟  走了  1.97 米  路 orient 对调  本机 137 秒
  219  没摔             追住 0/2 趟  平均   3.11 米  落后   5.00 米  最近  1.29 米  正前方   8%  静球到了 0/4 趟  走了  3.71 米  路 orient 对调  本机 133 秒
  220  没摔             追住 0/2 趟  平均   1.71 米  落后   2.55 米  最近  0.58 米  正前方  18%  静球到了 3/4 趟  走了  2.89 米  (两边都会)  路 motor 对调  本机 140 秒
  221  没摔             追住 0/2 趟  平均   2.17 米  落后   3.85 米  最近  0.39 米  正前方  12%  静球到了 2/4 趟  走了  3.53 米  (两边都会)  路 motor 对调  本机 135 秒
  222  没摔             追住 0/2 趟  平均   3.51 米  落后   4.58 米  最近  2.49 米  正前方  78%  静球到了 0/4 趟  走了  0.27 米  路 orient 对调  本机 107 秒
  223  没摔             追住 0/2 趟  平均   3.68 米  落后   4.86 米  最近  2.46 米  正前方  93%  静球到了 0/4 趟  走了  0.19 米  路 motor 对调  本机 139 秒
  224  倒了/没建出来        追住 0/2 趟  平均   3.16 米  落后   3.99 米  最近  1.90 米  正前方  48%  静球到了 0/4 趟  走了  1.07 米  路 motor 对调  本机 138 秒
  225  没摔             追住 0/2 趟  平均   1.57 米  落后   1.92 米  最近  0.54 米  正前方 100%  静球到了 2/4 趟  走了  1.90 米  (两边都会)  路 motor 对调  本机 139 秒
  226  没摔             追住 1/2 趟  平均   1.87 米  落后   2.45 米  最近  0.09 米  正前方  35%  静球到了 1/4 趟  走了  2.78 米  路 motor 对调  本机 137 秒
  227  倒了/没建出来        追住 0/2 趟  平均   3.83 米  落后   5.00 米  最近  2.45 米  正前方   5%  静球到了 0/4 趟  走了  0.77 米  路 motor 对调  本机 107 秒
  228  没摔             追住 0/2 趟  平均   3.51 米  落后   4.59 米  最近  2.50 米  正前方  57%  静球到了 0/4 趟  走了  0.44 米  路 motor 对调  本机 106 秒
  229  倒了/没建出来        追住 0/2 趟  平均   5.87 米  落后   8.13 米  最近  2.04 米  正前方  39%  静球到了 0/4 趟  走了  2.55 米  路 motor 对调  本机 107 秒
  230  倒了/没建出来        追住 0/2 趟  平均   3.80 米  落后   5.08 米  最近  2.47 米  正前方  53%  静球到了 0/4 趟  走了  0.98 米  路 motor 对调  本机 137 秒
  231  倒了/没建出来        追住 0/0 趟  平均    nan 米  落后    nan 米  最近   nan 米  正前方   0%  静球到了 0/0 趟  走了   nan 米  路 motor 对调  本机 2 秒
  232  没摔             追住 1/2 趟  平均   1.37 米  落后   1.48 米  最近  0.47 米  正前方  80%  静球到了 2/4 趟  走了  2.48 米  (两边都会)  路 motor 对调  本机 106 秒
  233  没摔             追住 0/2 趟  平均   5.07 米  落后   8.43 米  最近  0.92 米  正前方   8%  静球到了 1/4 趟  走了  6.22 米  路 motor 对调  本机 105 秒
  234  没摔             追住 0/2 趟  平均   4.01 米  落后   5.40 米  最近  2.49 米  正前方   5%  静球到了 0/4 趟  走了  0.89 米  路 motor  本机 140 秒
  235  没摔             追住 0/2 趟  平均   3.84 米  落后   5.08 米  最近  2.49 米  正前方 100%  静球到了 0/4 趟  走了  0.17 米  路 motor 对调  本机 135 秒
  236  没摔             追住 0/2 趟  平均   3.37 米  落后   5.48 米  最近  0.98 米  正前方   8%  静球到了 0/4 趟  走了  4.07 米  路 orient 对调  本机 138 秒
  237  没摔             追住 0/2 趟  平均   4.48 米  落后   6.24 米  最近  2.46 米  正前方   2%  静球到了 0/4 趟  走了  2.25 米  路 motor  本机 107 秒
  238  倒了/没建出来        追住 0/2 趟  平均   3.86 米  落后   5.22 米  最近  2.15 米  正前方  10%  静球到了 0/4 趟  走了  1.02 米  路 motor 对调  本机 109 秒
  239  倒了/没建出来        追住 0/0 趟  平均    nan 米  落后    nan 米  最近   nan 米  正前方   0%  静球到了 0/0 趟  走了   nan 米  路 motor 对调  本机 1 秒
  240  倒了/没建出来        追住 0/2 趟  平均   4.10 米  落后   5.62 米  最近  2.44 米  正前方  65%  静球到了 0/4 趟  走了  0.67 米  路 motor  本机 108 秒
  241  没摔             追住 0/2 趟  平均   2.34 米  落后   3.78 米  最近  0.18 米  正前方  15%  静球到了 2/4 趟  走了  3.49 米  路 motor 对调  本机 109 秒
  242  倒了/没建出来        追住 0/0 趟  平均    nan 米  落后    nan 米  最近   nan 米  正前方   0%  静球到了 0/0 趟  走了   nan 米  路 motor 对调  本机 1 秒
  243  倒了/没建出来        追住 0/2 趟  平均   3.39 米  落后   4.30 米  最近  2.39 米  正前方   2%  静球到了 0/4 趟  走了  0.38 米  路 motor 对调  本机 109 秒
  244  没摔             追住 0/2 趟  平均   3.17 米  落后   4.34 米  最近  1.71 米  正前方  53%  静球到了 0/4 趟  走了  1.76 米  路 motor 对调  本机 106 秒
  245  倒了/没建出来        追住 0/0 趟  平均    nan 米  落后    nan 米  最近   nan 米  正前方   0%  静球到了 0/0 趟  走了   nan 米  路 motor 对调  本机 2 秒
  246  没摔             追住 0/2 趟  平均   3.03 米  落后   4.81 米  最近  1.18 米  正前方   8%  静球到了 0/4 趟  走了  3.71 米  路 orient 对调  本机 104 秒
  247  没摔             追住 0/2 趟  平均   2.41 米  落后   4.36 米  最近  0.40 米  正前方  13%  静球到了 4/4 趟  走了  3.65 米  (两边都会)  路 motor 对调  本机 106 秒
  248  倒了/没建出来        追住 0/2 趟  平均   4.50 米  落后   5.64 米  最近  2.46 米  正前方  28%  静球到了 0/4 趟  走了  0.44 米  路 motor  本机 105 秒
  249  倒了/没建出来        追住 0/2 趟  平均   3.73 米  落后   4.86 米  最近  2.47 米  正前方   7%  静球到了 0/4 趟  走了  0.74 米  路 motor  本机 106 秒
  250  倒了/没建出来        追住 0/2 趟  平均   3.53 米  落后   4.62 米  最近  2.45 米  正前方  70%  静球到了 0/4 趟  走了  1.13 米  路 motor 对调  本机 104 秒
  251  没摔             追住 0/2 趟  平均   2.19 米  落后   3.67 米  最近  0.75 米  正前方  10%  静球到了 2/4 趟  走了  3.52 米  (两边都会)  路 motor 对调  本机 138 秒
  252  没摔             追住 1/2 趟  平均   2.46 米  落后   3.63 米  最近  0.55 米  正前方  22%  静球到了 1/4 趟  走了  2.80 米  路 motor 对调  本机 135 秒
  253  没摔             追住 0/2 趟  平均   1.54 米  落后   2.07 米  最近  0.52 米  正前方  93%  静球到了 2/4 趟  走了  2.70 米  (两边都会)  路 motor 对调  本机 134 秒
  254  没摔             追住 2/2 趟  平均   1.02 米  落后   1.12 米  最近  0.19 米  正前方  66%  静球到了 2/4 趟  走了  2.84 米  (两边都会)  路 motor 对调  本机 106 秒
  255  倒了/没建出来        追住 0/2 趟  平均   4.40 米  落后   5.82 米  最近  2.30 米  正前方  39%  静球到了 0/4 趟  走了  0.93 米  路 motor 对调  本机 138 秒
  256  没摔             追住 0/2 趟  平均   4.14 米  落后   5.21 米  最近  2.49 米  正前方   4%  静球到了 0/4 趟  走了  0.18 米  路 motor  本机 135 秒
  257  没摔             追住 0/2 趟  平均   1.65 米  落后   1.81 米  最近  0.92 米  正前方 100%  静球到了 1/4 趟  走了  2.00 米  路 motor 对调  本机 109 秒
  258  没摔             追住 0/2 趟  平均   3.19 米  落后   4.43 米  最近  1.41 米  正前方   8%  静球到了 0/4 趟  走了  4.15 米  路 orient 对调  本机 136 秒
  259  没摔             追住 1/2 趟  平均   1.23 米  落后   1.47 米  最近  0.19 米  正前方  62%  静球到了 3/4 趟  走了  2.85 米  (两边都会)  路 motor 对调  本机 135 秒
  260  倒了/没建出来        追住 0/2 趟  平均   3.40 米  落后   4.56 米  最近  2.08 米  正前方  16%  静球到了 0/4 趟  走了  0.67 米  路 motor 对调  本机 109 秒
  261  没摔             追住 2/2 趟  平均   0.87 米  落后   1.12 米  最近  0.09 米  正前方  60%  静球到了 4/4 趟  走了  3.07 米  (两边都会)  路 motor 对调  本机 139 秒
  262  倒了/没建出来        追住 0/2 趟  平均   3.02 米  落后   4.43 米  最近  1.43 米  正前方  55%  静球到了 1/4 趟  走了  1.31 米  路 motor 对调  本机 137 秒
  263  没摔             追住 0/2 趟  平均   3.46 米  落后   4.52 米  最近  2.50 米  正前方  56%  静球到了 0/4 趟  走了  0.30 米  路 motor 对调  本机 140 秒
  264  没摔             追住 0/2 趟  平均   4.00 米  落后   5.32 米  最近  2.49 米  正前方 100%  静球到了 0/4 趟  走了  0.26 米  路 motor 对调  本机 140 秒
  265  没摔             追住 0/2 趟  平均   2.36 米  落后   3.25 米  最近  1.47 米  正前方  99%  静球到了 0/4 趟  走了  1.43 米  路 motor 对调  本机 111 秒
  266  没摔             追住 0/2 趟  平均   2.19 米  落后   3.08 米  最近  1.34 米  正前方  12%  静球到了 0/4 趟  走了  2.52 米  路 orient  本机 136 秒
  267  倒了/没建出来        追住 0/0 趟  平均    nan 米  落后    nan 米  最近   nan 米  正前方   0%  静球到了 0/0 趟  走了   nan 米  路 motor 对调  本机 1 秒
  268  没摔             追住 0/2 趟  平均   2.12 米  落后   3.22 米  最近  0.52 米  正前方  12%  静球到了 1/4 趟  走了  3.89 米  路 motor 对调  本机 138 秒
  269  倒了/没建出来        追住 0/0 趟  平均    nan 米  落后    nan 米  最近   nan 米  正前方   0%  静球到了 0/0 趟  走了   nan 米  路 motor 对调  本机 1 秒
  270  倒了/没建出来        追住 0/2 趟  平均   2.26 米  落后   3.29 米  最近  0.31 米  正前方  17%  静球到了 2/4 趟  走了  3.97 米  (两边都会)  路 motor 对调  本机 107 秒
  271  倒了/没建出来        追住 0/2 趟  平均   3.86 米  落后   4.86 米  最近  2.42 米  正前方  30%  静球到了 0/4 趟  走了  0.60 米  路 motor 对调  本机 106 秒
  272  没摔             追住 0/2 趟  平均   2.11 米  落后   3.50 米  最近  0.19 米  正前方  22%  静球到了 3/4 趟  走了  3.08 米  (两边都会)  路 motor 对调  本机 105 秒
  273  没摔             追住 0/2 趟  平均   1.58 米  落后   2.46 米  最近  0.19 米  正前方  23%  静球到了 4/4 趟  走了  3.33 米  (两边都会)  路 motor 对调  本机 107 秒
  274  没摔             追住 0/2 趟  平均   1.64 米  落后   2.23 米  最近  0.73 米  正前方 100%  静球到了 2/4 趟  走了  2.31 米  (两边都会)  路 motor 对调  本机 107 秒
  275  倒了/没建出来        追住 0/2 趟  平均   4.14 米  落后   5.12 米  最近  2.44 米  正前方  35%  静球到了 0/4 趟  走了  0.52 米  路 motor 对调  本机 105 秒
  276  没摔             追住 2/2 趟  平均   1.22 米  落后   1.16 米  最近  0.34 米  正前方 100%  静球到了 2/4 趟  走了  2.40 米  (两边都会)  路 motor 对调  本机 107 秒
  277  倒了/没建出来        追住 0/2 趟  平均   3.96 米  落后   5.60 米  最近  2.46 米  正前方   5%  静球到了 0/4 趟  走了  1.11 米  路 motor 对调  本机 104 秒
  278  没摔             追住 0/2 趟  平均   2.64 米  落后   4.62 米  最近  0.07 米  正前方  13%  静球到了 3/4 趟  走了  4.21 米  (两边都会)  路 motor 对调  本机 101 秒
  279  没摔             追住 1/2 趟  平均   1.49 米  落后   1.95 米  最近  0.49 米  正前方  90%  静球到了 2/4 趟  走了  2.39 米  (两边都会)  路 motor 对调  本机 100 秒
  280  没摔             追住 0/2 趟  平均   1.70 米  落后   2.42 米  最近  0.48 米  正前方  52%  静球到了 1/4 趟  走了  2.88 米  路 motor 对调  本机 99 秒
  281  倒了/没建出来        追住 0/2 趟  平均   3.32 米  落后   4.22 米  最近  2.46 米  正前方  53%  静球到了 0/4 趟  走了  0.47 米  路 motor 对调  本机 116 秒
  282  没摔             追住 0/2 趟  平均   1.45 米  落后   1.99 米  最近  0.43 米  正前方  96%  静球到了 2/4 趟  走了  2.81 米  (两边都会)  路 motor 对调  本机 130 秒
  283  没摔             追住 0/2 趟  平均   1.88 米  落后   2.65 米  最近  0.83 米  正前方  98%  静球到了 2/4 趟  走了  2.41 米  (两边都会)  路 motor 对调  本机 131 秒
  284  倒了/没建出来        追住 0/0 趟  平均    nan 米  落后    nan 米  最近   nan 米  正前方   0%  静球到了 0/0 趟  走了   nan 米  路 motor 对调  本机 1 秒
  285  没摔             追住 0/2 趟  平均   2.18 米  落后   2.60 米  最近  1.54 米  正前方 100%  静球到了 0/4 趟  走了  1.56 米  路 motor 对调  本机 128 秒
  286  倒了/没建出来        追住 0/0 趟  平均    nan 米  落后    nan 米  最近   nan 米  正前方   0%  静球到了 0/0 趟  走了   nan 米  路 motor  本机 1 秒
  287  没摔             追住 0/2 趟  平均   1.97 米  落后   2.89 米  最近  0.89 米  正前方 100%  静球到了 2/4 趟  走了  2.48 米  (两边都会)  路 motor 对调  本机 116 秒
  288  没摔             追住 0/2 趟  平均   1.67 米  落后   2.36 米  最近  0.54 米  正前方  18%  静球到了 1/4 趟  走了  2.81 米  路 motor 对调  本机 93 秒
  289  没摔             追住 2/2 趟  平均   1.18 米  落后   1.25 米  最近  0.46 米  正前方 100%  静球到了 2/4 趟  走了  2.67 米  (两边都会)  路 motor 对调  本机 124 秒
  290  没摔             追住 0/2 趟  平均   2.12 米  落后   3.03 米  最近  1.09 米  正前方  90%  静球到了 0/4 趟  走了  1.81 米  路 motor 对调  本机 125 秒
  291  倒了/没建出来        追住 0/2 趟  平均   4.23 米  落后   5.39 米  最近  2.47 米  正前方   2%  静球到了 0/4 趟  走了  0.62 米  路 motor 对调  本机 125 秒
  292  没摔             追住 1/2 趟  平均   1.23 米  落后   1.36 米  最近  0.10 米  正前方  98%  静球到了 3/4 趟  走了  2.77 米  (两边都会)  路 motor 对调  本机 119 秒
  293  倒了/没建出来        追住 0/2 趟  平均   2.31 米  落后   3.33 米  最近  0.68 米  正前方  15%  静球到了 2/4 趟  走了  1.74 米  (两边都会)  路 motor 对调  本机 120 秒
  294  没摔             追住 0/2 趟  平均   3.80 米  落后   5.07 米  最近  2.49 米  正前方  51%  静球到了 0/4 趟  走了  0.14 米  路 motor 对调  本机 120 秒
  295  倒了/没建出来        追住 0/2 趟  平均   3.54 米  落后   4.68 米  最近  2.13 米  正前方  11%  静球到了 0/4 趟  走了  0.66 米  路 motor  本机 117 秒
  296  没摔             追住 0/2 趟  平均   3.82 米  落后   5.08 米  最近  2.50 米  正前方  42%  静球到了 0/4 趟  走了  0.11 米  路 orient 对调  本机 116 秒
  297  倒了/没建出来        追住 0/2 趟  平均   3.56 米  落后   4.58 米  最近  2.12 米  正前方  15%  静球到了 0/4 趟  走了  0.91 米  路 motor  本机 72 秒
  298  倒了/没建出来        追住 0/0 趟  平均    nan 米  落后    nan 米  最近   nan 米  正前方   0%  静球到了 0/0 趟  走了   nan 米  路 motor  本机 1 秒
  299  没摔             追住 0/2 趟  平均   3.27 米  落后   5.20 米  最近  1.22 米  正前方   8%  静球到了 0/4 趟  走了  3.66 米  路 orient 对调  本机 70 秒
第 4 代收工：300 只里建出来 264 只（没摔 205）；真追住球的 44 只，两边都追住的 15 只（球挪走行为会变的 251 只）；追得最好那只落后 0.94 米、球在正前方  71% 的时间、最近贴到 0.03 米；本代花了 22.7 分钟
  这一代自己走出来的、真追住球的 44 只，其中两边都追住的 15 只
  下一代的爹 10 只（artifacts/追球_云_三批_g04_keep.jsonl）：第51只 追住2/2趟 落后0.94米、第261只 追住2/2趟 落后1.12米、第73只 追住2/2趟 落后1.04米、第58只 追住2/2趟 落后0.78米、第88只 追住2/2趟 落后1.07米、第109只 追住2/2趟 落后1.01米、第254只 追住2/2趟 落后1.12米、第216只 追住2/2趟 落后1.13米、第98只 追住2/2趟 落后0.95米、第181只 追住2/2趟 落后1.17米
第 5 代：生 300 只、每只考 4 趟不动球（每趟 6 秒）+ 2 趟追着跑的球（每趟 20 秒，球沿随机曲线逃）+ 1 趟没球对照、24 个进程
    0  没摔             追住 0/2 趟  平均   4.17 米  落后   6.40 米  最近  1.65 米  正前方   1%  静球到了 0/4 趟  走了  3.78 米  路 motor  本机 106 秒
    1  倒了/没建出来        追住 0/0 趟  平均    nan 米  落后    nan 米  最近   nan 米  正前方   0%  静球到了 0/0 趟  走了   nan 米  路 orient 对调  本机 1 秒
    2  没摔             追住 0/2 趟  平均   2.05 米  落后   2.96 米  最近  1.05 米  正前方  99%  静球到了 0/4 趟  走了  1.55 米  路 motor 对调  本机 138 秒
    3  没摔             追住 1/2 趟  平均   1.15 米  落后   1.61 米  最近  0.26 米  正前方  43%  静球到了 3/4 趟  走了  3.04 米  (两边都会)  路 motor 对调  本机 108 秒
    4  倒了/没建出来        追住 0/2 趟  平均   4.05 米  落后   5.35 米  最近  2.32 米  正前方  10%  静球到了 0/4 趟  走了  0.58 米  路 motor 对调  本机 109 秒
    5  没摔             追住 0/2 趟  平均   2.46 米  落后   4.34 米  最近  0.29 米  正前方  13%  静球到了 1/4 趟  走了  3.61 米  路 motor 对调  本机 109 秒
    6  倒了/没建出来        追住 0/2 趟  平均   3.77 米  落后   4.73 米  最近  2.44 米  正前方  41%  静球到了 0/4 趟  走了  1.10 米  路 motor 对调  本机 111 秒
    7  没摔             追住 1/2 趟  平均   2.39 米  落后   3.66 米  最近  0.39 米  正前方  31%  静球到了 1/4 趟  走了  3.09 米  路 motor 对调  本机 108 秒
    8  没摔             追住 0/2 趟  平均   4.37 米  落后   6.24 米  最近  2.22 米  正前方   5%  静球到了 0/4 趟  走了  2.00 米  路 motor  本机 109 秒
    9  没摔             追住 0/2 趟  平均   2.88 米  落后   4.87 米  最近  0.68 米  正前方   9%  静球到了 1/4 趟  走了  3.63 米  路 orient  本机 110 秒
   10  没摔             追住 0/2 趟  平均   2.79 米  落后   3.60 米  最近  1.85 米  正前方  58%  静球到了 0/4 趟  走了  1.63 米  路 motor 对调  本机 138 秒
   11  没摔             追住 0/2 趟  平均   2.23 米  落后   3.92 米  最近  0.72 米  正前方  11%  静球到了 2/4 趟  走了  3.56 米  (两边都会)  路 motor 对调  本机 134 秒
   12  没摔             追住 0/2 趟  平均   1.59 米  落后   1.73 米  最近  0.80 米  正前方  69%  静球到了 2/4 趟  走了  2.34 米  (两边都会)  路 motor 对调  本机 107 秒
   13  没摔             追住 0/2 趟  平均   3.79 米  落后   4.99 米  最近  2.50 米  正前方  77%  静球到了 0/4 趟  走了  0.07 米  路 motor 对调  本机 110 秒
   14  没摔             追住 0/2 趟  平均   3.84 米  落后   5.13 米  最近  2.49 米  正前方 100%  静球到了 0/4 趟  走了  0.13 米  路 motor 对调  本机 138 秒
   15  倒了/没建出来        追住 0/0 趟  平均    nan 米  落后    nan 米  最近   nan 米  正前方   0%  静球到了 0/0 趟  走了   nan 米  路 motor 对调  本机 1 秒
   16  没摔             追住 0/2 趟  平均   2.43 米  落后   4.27 米  最近  0.94 米  正前方  10%  静球到了 1/4 趟  走了  3.60 米  路 motor 对调  本机 136 秒
   17  没摔             追住 0/2 趟  平均   3.16 米  落后   4.20 米  最近  2.47 米  正前方 100%  静球到了 0/4 趟  走了  0.72 米  路 motor 对调  本机 139 秒
   18  倒了/没建出来        追住 0/2 趟  平均   4.41 米  落后   5.97 米  最近  2.47 米  正前方  15%  静球到了 0/4 趟  走了  0.37 米  路 motor 对调  本机 137 秒
   19  没摔             追住 1/2 趟  平均   1.30 米  落后   1.47 米  最近  0.52 米  正前方 100%  静球到了 2/4 趟  走了  2.63 米  (两边都会)  路 motor 对调  本机 137 秒
   20  没摔             追住 0/2 趟  平均   3.42 米  落后   4.41 米  最近  2.48 米  正前方  84%  静球到了 0/4 趟  走了  0.28 米  路 motor 对调  本机 138 秒
   21  倒了/没建出来        追住 0/0 趟  平均    nan 米  落后    nan 米  最近   nan 米  正前方   0%  静球到了 0/0 趟  走了   nan 米  路 motor 对调  本机 0 秒
   22  没摔             追住 0/2 趟  平均   3.31 米  落后   4.26 米  最近  2.49 米  正前方 100%  静球到了 0/4 趟  走了  0.45 米  路 motor 对调  本机 137 秒
   23  没摔             追住 0/2 趟  平均   2.42 米  落后   3.46 米  最近  1.58 米  正前方  10%  静球到了 0/4 趟  走了  2.86 米  路 motor 对调  本机 135 秒
   24  倒了/没建出来        追住 0/2 趟  平均   3.62 米  落后   4.80 米  最近  2.43 米  正前方  49%  静球到了 0/4 趟  走了  0.69 米  路 motor 对调  本机 138 秒
   25  没摔             追住 0/2 趟  平均   3.27 米  落后   4.99 米  最近  1.37 米  正前方   8%  静球到了 0/4 趟  走了  3.33 米  路 orient 对调  本机 135 秒
   26  倒了/没建出来        追住 0/0 趟  平均    nan 米  落后    nan 米  最近   nan 米  正前方   0%  静球到了 0/0 趟  走了   nan 米  路 motor 对调  本机 1 秒
   27  没摔             追住 0/2 趟  平均   5.72 米  落后   9.21 米  最近  1.07 米  正前方   7%  静球到了 0/4 趟  走了  5.93 米  路 motor  本机 108 秒
   28  倒了/没建出来        追住 0/2 趟  平均   3.82 米  落后   5.24 米  最近  2.35 米  正前方  20%  静球到了 0/4 趟  走了  0.60 米  路 motor 对调  本机 104 秒
   29  倒了/没建出来        追住 0/0 趟  平均    nan 米  落后    nan 米  最近   nan 米  正前方   0%  静球到了 0/0 趟  走了   nan 米  路 motor 对调  本机 1 秒
   30  没摔             追住 1/2 趟  平均   1.35 米  落后   1.58 米  最近  0.28 米  正前方  94%  静球到了 2/4 趟  走了  2.25 米  (两边都会)  路 motor 对调  本机 106 秒
   31  没摔             追住 1/2 趟  平均   0.94 米  落后   1.23 米  最近  0.06 米  正前方  73%  静球到了 2/4 趟  走了  3.01 米  (两边都会)  路 motor 对调  本机 105 秒
   32  倒了/没建出来        追住 0/2 趟  平均   3.46 米  落后   4.59 米  最近  2.45 米  正前方  58%  静球到了 0/4 趟  走了  0.65 米  路 motor 对调  本机 106 秒
   33  没摔             追住 0/2 趟  平均   1.37 米  落后   1.88 米  最近  0.52 米  正前方  39%  静球到了 2/4 趟  走了  2.82 米  (两边都会)  路 motor 对调  本机 106 秒
   34  没摔             追住 0/2 趟  平均   1.63 米  落后   2.45 米  最近  0.40 米  正前方 100%  静球到了 3/4 趟  走了  2.65 米  (两边都会)  路 motor 对调  本机 108 秒
   35  没摔             追住 0/2 趟  平均   4.18 米  落后   5.71 米  最近  2.26 米  正前方   3%  静球到了 0/4 趟  走了  2.30 米  路 motor  本机 109 秒
   36  倒了/没建出来        追住 0/0 趟  平均    nan 米  落后    nan 米  最近   nan 米  正前方   0%  静球到了 0/0 趟  走了   nan 米  路 motor 对调  本机 1 秒
   37  没摔             追住 0/2 趟  平均   5.33 米  落后   7.77 米  最近  2.47 米  正前方   3%  静球到了 0/4 趟  走了  2.25 米  路 motor  本机 109 秒
   38  倒了/没建出来        追住 0/2 趟  平均   3.80 米  落后   5.05 米  最近  2.35 米  正前方  92%  静球到了 0/4 趟  走了  0.82 米  路 motor 对调  本机 107 秒
   39  没摔             追住 0/2 趟  平均   3.62 米  落后   4.81 米  最近  2.48 米  正前方 100%  静球到了 0/4 趟  走了  0.14 米  路 motor 对调  本机 107 秒
   40  倒了/没建出来        追住 0/2 趟  平均   3.82 米  落后   5.08 米  最近  2.40 米  正前方  59%  静球到了 0/4 趟  走了  0.51 米  路 motor 对调  本机 107 秒
   41  没摔             追住 0/2 趟  平均   4.26 米  落后   6.33 米  最近  2.29 米  正前方   3%  静球到了 0/4 趟  走了  2.50 米  路 motor  本机 138 秒
   42  倒了/没建出来        追住 0/0 趟  平均    nan 米  落后    nan 米  最近   nan 米  正前方   0%  静球到了 0/0 趟  走了   nan 米  路 motor 对调  本机 1 秒
   43  没摔             追住 1/2 趟  平均   1.31 米  落后   1.72 米  最近  0.41 米  正前方  26%  静球到了 2/4 趟  走了  2.77 米  (两边都会)  路 motor 对调  本机 138 秒
   44  倒了/没建出来        追住 0/2 趟  平均   4.29 米  落后   5.53 米  最近  2.45 米  正前方  46%  静球到了 0/4 趟  走了  0.50 米  路 motor 对调  本机 139 秒
   45  倒了/没建出来        追住 0/2 趟  平均   3.75 米  落后   4.90 米  最近  2.37 米  正前方  65%  静球到了 0/4 趟  走了  0.57 米  路 motor 对调  本机 136 秒
   46  没摔             追住 0/2 趟  平均   3.88 米  落后   5.25 米  最近  2.40 米  正前方   2%  静球到了 0/4 趟  走了  1.28 米  路 motor  本机 139 秒
   47  没摔             追住 0/2 趟  平均   3.78 米  落后   4.97 米  最近  2.46 米  正前方  92%  静球到了 0/4 趟  走了  0.53 米  路 motor 对调  本机 138 秒
   48  倒了/没建出来        追住 0/0 趟  平均    nan 米  落后    nan 米  最近   nan 米  正前方   0%  静球到了 0/0 趟  走了   nan 米  路 motor 对调  本机 1 秒
   49  倒了/没建出来        追住 0/2 趟  平均   3.68 米  落后   4.93 米  最近  2.37 米  正前方  56%  静球到了 0/4 趟  走了  0.76 米  路 motor 对调  本机 139 秒
   50  倒了/没建出来        追住 0/0 趟  平均    nan 米  落后    nan 米  最近   nan 米  正前方   0%  静球到了 0/0 趟  走了   nan 米  路 motor 对调  本机 0 秒
   51  没摔             追住 0/2 趟  平均   3.12 米  落后   4.99 米  最近  1.24 米  正前方   8%  静球到了 0/4 趟  走了  3.70 米  路 orient 对调  本机 137 秒
   52  倒了/没建出来        追住 0/0 趟  平均    nan 米  落后    nan 米  最近   nan 米  正前方   0%  静球到了 0/0 趟  走了   nan 米  路 motor 对调  本机 0 秒
   53  没摔             追住 0/2 趟  平均   2.03 米  落后   3.58 米  最近  0.14 米  正前方  15%  静球到了 3/4 趟  走了  3.50 米  (两边都会)  路 motor 对调  本机 140 秒
   54  没摔             追住 0/2 趟  平均   4.72 米  落后   7.47 米  最近  1.04 米  正前方   8%  静球到了 0/4 趟  走了  4.85 米  路 orient 对调  本机 139 秒
   55  没摔             追住 0/2 趟  平均   2.39 米  落后   2.80 米  最近  1.85 米  正前方 100%  静球到了 0/4 趟  走了  1.33 米  路 motor 对调  本机 139 秒
   56  没摔             追住 0/2 趟  平均   2.95 米  落后   4.72 米  最近  1.09 米  正前方   8%  静球到了 0/4 趟  走了  3.48 米  路 orient 对调  本机 136 秒
   57  倒了/没建出来        追住 0/2 趟  平均   3.22 米  落后   4.40 米  最近  2.24 米  正前方  55%  静球到了 0/4 趟  走了  0.62 米  路 motor  本机 142 秒
   58  没摔             追住 2/2 趟  平均   1.09 米  落后   0.90 米  最近  0.04 米  正前方  92%  静球到了 3/4 趟  走了  2.66 米  (两边都会)  路 motor 对调  本机 106 秒
   59  倒了/没建出来        追住 0/2 趟  平均   3.96 米  落后   5.26 米  最近  2.50 米  正前方   7%  静球到了 0/4 趟  走了  0.90 米  路 motor  本机 107 秒
   60  没摔             追住 0/2 趟  平均   2.15 米  落后   3.70 米  最近  0.36 米  正前方  14%  静球到了 2/4 趟  走了  3.52 米  (两边都会)  路 motor 对调  本机 106 秒
   61  没摔             追住 2/2 趟  平均   1.11 米  落后   1.22 米  最近  0.37 米  正前方  72%  静球到了 2/4 趟  走了  2.75 米  (两边都会)  路 motor 对调  本机 104 秒
   62  没摔             追住 0/2 趟  平均   1.84 米  落后   2.71 米  最近  0.70 米  正前方 100%  静球到了 2/4 趟  走了  2.56 米  (两边都会)  路 motor 对调  本机 108 秒
   63  倒了/没建出来        追住 0/2 趟  平均   3.36 米  落后   4.50 米  最近  1.98 米  正前方  50%  静球到了 0/4 趟  走了  1.34 米  路 motor 对调  本机 107 秒
   64  没摔             追住 0/2 趟  平均   3.96 米  落后   5.26 米  最近  2.46 米  正前方   1%  静球到了 0/4 趟  走了  0.14 米  路 motor 对调  本机 109 秒
   65  没摔             追住 0/2 趟  平均   2.97 米  落后   4.61 米  最近  1.29 米  正前方   9%  静球到了 0/4 趟  走了  3.40 米  路 motor  本机 106 秒
   66  没摔             追住 0/2 趟  平均   1.84 米  落后   3.18 米  最近  0.26 米  正前方  15%  静球到了 2/4 趟  走了  3.41 米  (两边都会)  路 motor 对调  本机 105 秒
   67  没摔             追住 0/2 趟  平均   3.83 米  落后   5.11 米  最近  2.50 米  正前方   4%  静球到了 0/4 趟  走了  1.12 米  路 motor  本机 107 秒
   68  没摔             追住 0/2 趟  平均   3.73 米  落后   5.01 米  最近  2.50 米  正前方 100%  静球到了 0/4 趟  走了  0.08 米  路 motor 对调  本机 109 秒
   69  没摔             追住 2/2 趟  平均   1.24 米  落后   1.35 米  最近  0.48 米  正前方 100%  静球到了 2/4 趟  走了  2.52 米  (两边都会)  路 motor 对调  本机 135 秒
   70  没摔             追住 0/2 趟  平均   3.80 米  落后   5.48 米  最近  2.06 米  正前方   5%  静球到了 0/4 趟  走了  3.08 米  路 motor  本机 137 秒
   71  没摔             追住 1/2 趟  平均   1.48 米  落后   2.32 米  最近  0.24 米  正前方  43%  静球到了 3/4 趟  走了  2.92 米  (两边都会)  路 motor 对调  本机 136 秒
   72  没摔             追住 2/2 趟  平均   1.36 米  落后   1.45 米  最近  0.63 米  正前方  99%  静球到了 2/4 趟  走了  2.56 米  (两边都会)  路 motor 对调  本机 138 秒
   73  倒了/没建出来        追住 0/2 趟  平均   3.03 米  落后   4.12 米  最近  1.91 米  正前方  94%  静球到了 0/4 趟  走了  1.34 米  路 motor 对调  本机 138 秒
   74  没摔             追住 1/2 趟  平均   1.46 米  落后   1.90 米  最近  0.58 米  正前方  20%  静球到了 1/4 趟  走了  2.95 米  路 motor 对调  本机 139 秒
   75  没摔             追住 0/2 趟  平均   2.36 米  落后   3.79 米  最近  0.80 米  正前方   9%  静球到了 1/4 趟  走了  3.62 米  路 motor 对调  本机 136 秒
   76  倒了/没建出来        追住 0/2 趟  平均   3.94 米  落后   5.37 米  最近  2.29 米  正前方  10%  静球到了 0/4 趟  走了  0.87 米  路 motor 对调  本机 138 秒
   77  没摔             追住 2/2 趟  平均   1.12 米  落后   1.29 米  最近  0.26 米  正前方  64%  静球到了 3/4 趟  走了  2.86 米  (两边都会)  路 motor 对调  本机 138 秒
   78  没摔             追住 0/2 趟  平均   2.00 米  落后   2.22 米  最近  1.34 米  正前方 100%  静球到了 2/4 趟  走了  2.38 米  (两边都会)  路 motor 对调  本机 136 秒
   79  倒了/没建出来        追住 0/0 趟  平均    nan 米  落后    nan 米  最近   nan 米  正前方   0%  静球到了 0/0 趟  走了   nan 米  路 orient 对调  本机 1 秒
   80  倒了/没建出来        追住 0/0 趟  平均    nan 米  落后    nan 米  最近   nan 米  正前方   0%  静球到了 0/0 趟  走了   nan 米  路 motor 对调  本机 1 秒
   81  没摔             追住 0/2 趟  平均   1.31 米  落后   2.26 米  最近  0.12 米  正前方  25%  静球到了 4/4 趟  走了  3.25 米  (两边都会)  路 motor 对调  本机 136 秒
   82  倒了/没建出来        追住 0/2 趟  平均   2.30 米  落后   3.18 米  最近  0.80 米  正前方  99%  静球到了 0/4 趟  走了  1.63 米  路 motor 对调  本机 140 秒
   83  没摔             追住 0/2 趟  平均   2.41 米  落后   4.13 米  最近  1.02 米  正前方   9%  静球到了 1/4 趟  走了  3.57 米  路 motor 对调  本机 140 秒
   84  没摔             追住 0/2 趟  平均   3.00 米  落后   4.92 米  最近  1.44 米  正前方   7%  静球到了 0/4 趟  走了  3.63 米  路 orient 对调  本机 104 秒
   85  倒了/没建出来        追住 0/2 趟  平均   4.41 米  落后   6.68 米  最近  2.44 米  正前方  33%  静球到了 0/4 趟  走了  0.38 米  路 motor 对调  本机 105 秒
   86  倒了/没建出来        追住 0/0 趟  平均    nan 米  落后    nan 米  最近   nan 米  正前方   0%  静球到了 0/0 趟  走了   nan 米  路 motor 对调  本机 1 秒
   87  没摔             追住 1/2 趟  平均   1.49 米  落后   1.92 米  最近  0.66 米  正前方 100%  静球到了 2/4 趟  走了  2.55 米  (两边都会)  路 motor 对调  本机 108 秒
   88  倒了/没建出来        追住 0/0 趟  平均    nan 米  落后    nan 米  最近   nan 米  正前方   0%  静球到了 0/0 趟  走了   nan 米  路 motor 对调  本机 1 秒
   89  没摔             追住 1/2 趟  平均   1.14 米  落后   1.33 米  最近  0.17 米  正前方  32%  静球到了 2/4 趟  走了  2.90 米  (两边都会)  路 motor 对调  本机 108 秒
   90  没摔             追住 0/2 趟  平均   3.11 米  落后   5.06 米  最近  1.20 米  正前方   8%  静球到了 0/4 趟  走了  3.72 米  路 orient 对调  本机 106 秒
   91  没摔             追住 0/2 趟  平均   1.14 米  落后   1.64 米  最近  0.03 米  正前方  56%  静球到了 4/4 趟  走了  3.15 米  (两边都会)  路 motor 对调  本机 107 秒
   92  没摔             追住 0/2 趟  平均   1.86 米  落后   3.37 米  最近  0.35 米  正前方  15%  静球到了 3/4 趟  走了  3.61 米  (两边都会)  路 motor 对调  本机 109 秒
   93  没摔             追住 0/2 趟  平均   2.08 米  落后   2.98 米  最近  0.83 米  正前方  13%  静球到了 0/4 趟  走了  3.06 米  路 motor 对调  本机 107 秒
   94  没摔             追住 1/2 趟  平均   1.47 米  落后   1.61 米  最近  0.68 米  正前方 100%  静球到了 2/4 趟  走了  2.37 米  (两边都会)  路 motor 对调  本机 110 秒
   95  没摔             追住 0/2 趟  平均   1.93 米  落后   3.30 米  最近  0.62 米  正前方  18%  静球到了 4/4 趟  走了  3.36 米  (两边都会)  路 motor 对调  本机 108 秒
   96  没摔             追住 0/2 趟  平均   3.16 米  落后   4.78 米  最近  1.54 米  正前方   8%  静球到了 0/4 趟  走了  3.05 米  路 orient 对调  本机 108 秒
   97  没摔             追住 1/2 趟  平均   1.26 米  落后   1.85 米  最近  0.19 米  正前方  62%  静球到了 3/4 趟  走了  2.92 米  (两边都会)  路 motor 对调  本机 134 秒
   98  没摔             追住 0/2 趟  平均   3.09 米  落后   4.80 米  最近  1.69 米  正前方   5%  静球到了 0/4 趟  走了  3.07 米  路 orient 对调  本机 132 秒
   99  倒了/没建出来        追住 0/2 趟  平均   3.92 米  落后   5.26 米  最近  2.33 米  正前方  18%  静球到了 0/4 趟  走了  1.00 米  路 motor 对调  本机 133 秒
  100  没摔             追住 0/2 趟  平均   6.06 米  落后   9.99 米  最近  0.33 米  正前方  10%  静球到了 2/4 趟  走了  6.19 米  路 motor 对调  本机 133 秒
  101  倒了/没建出来        追住 0/2 趟  平均   4.67 米  落后   6.63 米  最近  2.44 米  正前方   8%  静球到了 0/4 趟  走了  0.83 米  路 motor 对调  本机 136 秒
  102  没摔             追住 2/2 趟  平均   1.23 米  落后   1.29 米  最近  0.45 米  正前方 100%  静球到了 2/4 趟  走了  2.73 米  (两边都会)  路 motor 对调  本机 134 秒
  103  没摔             追住 0/2 趟  平均   2.46 米  落后   3.82 米  最近  1.20 米  正前方   9%  静球到了 0/4 趟  走了  3.59 米  路 motor 对调  本机 134 秒
  104  没摔             追住 0/2 趟  平均   3.09 米  落后   4.90 米  最近  1.29 米  正前方   8%  静球到了 0/4 趟  走了  3.53 米  路 orient 对调  本机 134 秒
  105  倒了/没建出来        追住 0/2 趟  平均   4.17 米  落后   5.34 米  最近  2.47 米  正前方   9%  静球到了 0/4 趟  走了  0.92 米  路 motor 对调  本机 134 秒
  106  没摔             追住 0/2 趟  平均   1.82 米  落后   2.45 米  最近  0.85 米  正前方 100%  静球到了 1/4 趟  走了  2.33 米  路 motor 对调  本机 137 秒
  107  倒了/没建出来        追住 0/0 趟  平均    nan 米  落后    nan 米  最近   nan 米  正前方   0%  静球到了 0/0 趟  走了   nan 米  路 motor 对调  本机 2 秒
  108  没摔             追住 0/2 趟  平均   1.38 米  落后   1.85 米  最近  0.22 米  正前方  46%  静球到了 3/4 趟  走了  2.81 米  (两边都会)  路 motor 对调  本机 133 秒
  109  没摔             追住 1/2 趟  平均   1.06 米  落后   1.39 米  最近  0.13 米  正前方  61%  静球到了 4/4 趟  走了  3.25 米  (两边都会)  路 motor 对调  本机 133 秒
  110  没摔             追住 0/2 趟  平均   1.34 米  落后   2.00 米  最近  0.09 米  正前方  32%  静球到了 4/4 趟  走了  3.12 米  (两边都会)  路 motor 对调  本机 105 秒
  111  没摔             追住 0/2 趟  平均   2.43 米  落后   2.92 米  最近  1.84 米  正前方  80%  静球到了 1/4 趟  走了  2.23 米  路 motor 对调  本机 136 秒
  112  没摔             追住 0/2 趟  平均   1.95 米  落后   2.89 米  最近  0.87 米  正前方 100%  静球到了 2/4 趟  走了  2.29 米  (两边都会)  路 motor 对调  本机 108 秒
  113  没摔             追住 0/2 趟  平均   3.30 米  落后   5.23 米  最近  1.40 米  正前方   8%  静球到了 0/4 趟  走了  3.47 米  路 orient 对调  本机 106 秒
  114  没摔             追住 2/2 趟  平均   1.09 米  落后   0.96 米  最近  0.06 米  正前方  87%  静球到了 2/4 趟  走了  2.46 米  (两边都会)  路 motor 对调  本机 106 秒
  115  倒了/没建出来        追住 0/2 趟  平均   1.89 米  落后   2.67 米  最近  0.95 米  正前方  56%  静球到了 1/4 趟  走了  2.58 米  路 motor 对调  本机 109 秒
  116  没摔             追住 0/2 趟  平均   2.53 米  落后   3.67 米  最近  1.34 米  正前方  10%  静球到了 0/4 趟  走了  2.33 米  路 motor 对调  本机 108 秒
  117  没摔             追住 0/2 趟  平均   1.94 米  落后   3.38 米  最近  0.17 米  正前方  15%  静球到了 3/4 趟  走了  3.54 米  (两边都会)  路 motor 对调  本机 108 秒
  118  没摔             追住 0/2 趟  平均   3.67 米  落后   4.84 米  最近  2.49 米  正前方 100%  静球到了 0/4 趟  走了  0.09 米  路 motor 对调  本机 112 秒
  119  没摔             追住 2/2 趟  平均   0.96 米  落后   1.10 米  最近  0.07 米  正前方  72%  静球到了 2/4 趟  走了  2.82 米  (两边都会)  路 motor 对调  本机 109 秒
  120  没摔             追住 0/2 趟  平均   3.98 米  落后   7.02 米  最近  0.34 米  正前方  10%  静球到了 2/4 趟  走了  5.47 米  路 motor 对调  本机 111 秒
  121  没摔             追住 0/2 趟  平均   3.27 米  落后   4.71 米  最近  1.88 米  正前方   8%  静球到了 0/4 趟  走了  3.04 米  路 motor  本机 111 秒
  122  没摔             追住 1/2 趟  平均   1.33 米  落后   1.81 米  最近  0.19 米  正前方 100%  静球到了 2/4 趟  走了  2.57 米  (两边都会)  路 motor 对调  本机 111 秒
  123  没摔             追住 0/2 趟  平均   2.48 米  落后   4.36 米  最近  0.51 米  正前方  11%  静球到了 1/4 趟  走了  3.62 米  路 motor 对调  本机 112 秒
  124  没摔             追住 0/2 趟  平均   2.02 米  落后   2.55 米  最近  1.14 米  正前方  97%  静球到了 0/4 趟  走了  1.68 米  路 motor 对调  本机 112 秒
  125  倒了/没建出来        追住 0/2 趟  平均   3.69 米  落后   5.29 米  最近  2.42 米  正前方  39%  静球到了 0/4 趟  走了  1.20 米  路 motor 对调  本机 112 秒
  126  没摔             追住 0/2 趟  平均   3.50 米  落后   4.84 米  最近  1.04 米  正前方  45%  静球到了 2/4 趟  走了  1.95 米  (两边都会)  路 motor 对调  本机 113 秒
  127  倒了/没建出来        追住 0/2 趟  平均   2.44 米  落后   3.58 米  最近  1.47 米  正前方  68%  静球到了 0/4 趟  走了  1.79 米  路 motor 对调  本机 113 秒
  128  没摔             追住 0/2 趟  平均   3.68 米  落后   5.92 米  最近  1.20 米  正前方   9%  静球到了 0/4 趟  走了  3.12 米  路 orient 对调  本机 111 秒
  129  倒了/没建出来        追住 0/2 趟  平均   4.29 米  落后   5.62 米  最近  2.45 米  正前方  56%  静球到了 0/4 趟  走了  0.48 米  路 motor 对调  本机 131 秒
  130  没摔             追住 0/2 趟  平均   3.06 米  落后   4.94 米  最近  1.43 米  正前方   7%  静球到了 0/4 趟  走了  3.67 米  路 orient 对调  本机 114 秒
  131  倒了/没建出来        追住 0/2 趟  平均   3.66 米  落后   4.87 米  最近  2.46 米  正前方  49%  静球到了 0/4 趟  走了  0.46 米  路 motor 对调  本机 129 秒
  132  没摔             追住 0/2 趟  平均   2.15 米  落后   3.88 米  最近  0.32 米  正前方  13%  静球到了 2/4 趟  走了  3.54 米  (两边都会)  路 motor 对调  本机 111 秒
  133  没摔             追住 0/2 趟  平均   3.63 米  落后   4.78 米  最近  2.48 米  正前方 100%  静球到了 0/4 趟  走了  0.13 米  路 motor 对调  本机 116 秒
  134  没摔             追住 0/2 趟  平均   2.47 米  落后   3.78 米  最近  0.67 米  正前方  11%  静球到了 1/4 趟  走了  3.21 米  路 orient  本机 129 秒
  135  没摔             追住 0/2 趟  平均   2.01 米  落后   3.35 米  最近  0.63 米  正前方  13%  静球到了 2/4 趟  走了  3.18 米  (两边都会)  路 motor 对调  本机 120 秒
  136  没摔             追住 2/2 趟  平均   1.01 米  落后   1.20 米  最近  0.13 米  正前方  61%  静球到了 3/4 趟  走了  2.92 米  (两边都会)  路 motor 对调  本机 113 秒
  137  倒了/没建出来        追住 0/2 趟  平均   2.95 米  落后   3.85 米  最近  2.30 米  正前方  37%  静球到了 0/4 趟  走了  0.92 米  路 motor 对调  本机 130 秒
  138  没摔             追住 0/2 趟  平均   3.91 米  落后   5.18 米  最近  2.49 米  正前方  58%  静球到了 0/4 趟  走了  0.17 米  路 motor 对调  本机 132 秒
  139  没摔             追住 1/2 趟  平均   1.18 米  落后   1.43 米  最近  0.35 米  正前方  57%  静球到了 2/4 趟  走了  2.86 米  (两边都会)  路 motor 对调  本机 132 秒
  140  没摔             追住 0/2 趟  平均   3.47 米  落后   5.29 米  最近  1.65 米  正前方  12%  静球到了 0/4 趟  走了  2.15 米  路 motor  本机 130 秒
  141  没摔             追住 0/2 趟  平均   1.81 米  落后   2.62 米  最近  0.72 米  正前方  17%  静球到了 2/4 趟  走了  3.08 米  路 motor 对调  本机 131 秒
  142  没摔             追住 0/2 趟  平均   4.16 米  落后   5.50 米  最近  2.48 米  正前方 100%  静球到了 0/4 趟  走了  0.36 米  路 motor 对调  本机 131 秒
  143  没摔             追住 0/2 趟  平均   2.60 米  落后   4.11 米  最近  1.29 米  正前方   9%  静球到了 0/4 趟  走了  3.12 米  路 motor 对调  本机 130 秒
  144  没摔             追住 0/2 趟  平均   3.12 米  落后   5.13 米  最近  1.17 米  正前方   8%  静球到了 0/4 趟  走了  3.67 米  路 orient 对调  本机 132 秒
  145  没摔             追住 0/2 趟  平均   3.54 米  落后   4.66 米  最近  2.49 米  正前方  66%  静球到了 0/4 趟  走了  0.24 米  路 motor  本机 136 秒
  146  没摔             追住 0/2 趟  平均   2.69 米  落后   4.28 米  最近  1.26 米  正前方  12%  静球到了 1/4 趟  走了  3.02 米  路 motor 对调  本机 108 秒
  147  没摔             追住 0/2 趟  平均   3.72 米  落后   4.92 米  最近  2.49 米  正前方 100%  静球到了 0/4 趟  走了  0.12 米  路 motor 对调  本机 108 秒
  148  没摔             追住 0/2 趟  平均   3.04 米  落后   5.06 米  最近  0.83 米  正前方  10%  静球到了 1/4 趟  走了  3.66 米  路 motor 对调  本机 109 秒
  149  没摔             追住 0/2 趟  平均   2.45 米  落后   3.29 米  最近  1.29 米  正前方  33%  静球到了 0/4 趟  走了  2.50 米  路 motor 对调  本机 108 秒
  150  没摔             追住 0/2 趟  平均   4.08 米  落后   5.69 米  最近  0.60 米  正前方  10%  静球到了 1/4 趟  走了  5.91 米  路 motor 对调  本机 107 秒
  151  倒了/没建出来        追住 0/2 趟  平均   1.99 米  落后   2.87 米  最近  1.08 米  正前方 100%  静球到了 3/4 趟  走了  2.19 米  (两边都会)  路 motor 对调  本机 110 秒
  152  没摔             追住 0/2 趟  平均   4.11 米  落后   5.39 米  最近  2.49 米  正前方  30%  静球到了 0/4 趟  走了  0.36 米  路 motor  本机 109 秒
  153  没摔             追住 0/2 趟  平均   2.68 米  落后   4.63 米  最近  0.49 米  正前方  10%  静球到了 1/4 趟  走了  4.07 米  路 motor 对调  本机 109 秒
  154  没摔             追住 0/2 趟  平均   1.94 米  落后   2.25 米  最近  1.05 米  正前方  47%  静球到了 0/4 趟  走了  2.03 米  路 motor 对调  本机 110 秒
  155  没摔             追住 0/2 趟  平均   1.93 米  落后   3.53 米  最近  0.22 米  正前方  19%  静球到了 4/4 趟  走了  3.36 米  (两边都会)  路 motor 对调  本机 109 秒
  156  没摔             追住 1/2 趟  平均   1.34 米  落后   2.33 米  最近  0.03 米  正前方  34%  静球到了 4/4 趟  走了  3.24 米  (两边都会)  路 motor 对调  本机 108 秒
  157  倒了/没建出来        追住 0/2 趟  平均   3.82 米  落后   5.21 米  最近  2.13 米  正前方  53%  静球到了 0/4 趟  走了  0.93 米  路 motor 对调  本机 141 秒
  158  没摔             追住 0/2 趟  平均   2.19 米  落后   3.06 米  最近  1.04 米  正前方  84%  静球到了 1/4 趟  走了  1.94 米  路 motor 对调  本机 137 秒
  159  倒了/没建出来        追住 0/2 趟  平均   3.67 米  落后   4.93 米  最近  2.29 米  正前方  54%  静球到了 0/4 趟  走了  0.65 米  路 motor 对调  本机 136 秒
  160  没摔             追住 0/2 趟  平均   1.94 米  落后   2.70 米  最近  0.92 米  正前方 100%  静球到了 1/4 趟  走了  1.90 米  路 motor 对调  本机 140 秒
  161  倒了/没建出来        追住 0/2 趟  平均   3.21 米  落后   4.28 米  最近  2.36 米  正前方  14%  静球到了 0/4 趟  走了  0.67 米  路 motor 对调  本机 139 秒
  162  没摔             追住 0/2 趟  平均   4.95 米  落后   8.11 米  最近  0.49 米  正前方   9%  静球到了 1/4 趟  走了  5.89 米  路 orient 对调  本机 134 秒
  163  没摔             追住 2/2 趟  平均   1.08 米  落后   0.78 米  最近  0.35 米  正前方 100%  静球到了 2/4 趟  走了  2.76 米  (两边都会)  路 motor 对调  本机 138 秒
  164  没摔             追住 1/2 趟  平均   1.02 米  落后   1.21 米  最近  0.17 米  正前方  61%  静球到了 3/4 趟  走了  2.90 米  (两边都会)  路 motor 对调  本机 139 秒
  165  没摔             追住 2/2 趟  平均   1.12 米  落后   0.98 米  最近  0.24 米  正前方  94%  静球到了 3/4 趟  走了  2.78 米  (两边都会)  路 motor 对调  本机 136 秒
  166  没摔             追住 0/2 趟  平均   2.83 米  落后   3.58 米  最近  2.14 米  正前方 100%  静球到了 0/4 趟  走了  0.94 米  路 motor 对调  本机 136 秒
  167  没摔             追住 0/2 趟  平均   2.50 米  落后   4.19 米  最近  0.70 米  正前方  11%  静球到了 1/4 趟  走了  3.63 米  路 motor 对调  本机 139 秒
  168  倒了/没建出来        追住 0/2 趟  平均   4.36 米  落后   5.57 米  最近  2.49 米  正前方  46%  静球到了 0/4 趟  走了  0.41 米  路 motor  本机 139 秒
  169  没摔             追住 2/2 趟  平均   1.10 米  落后   1.07 米  最近  0.24 米  正前方  91%  静球到了 4/4 趟  走了  2.95 米  (两边都会)  路 motor 对调  本机 140 秒
  170  倒了/没建出来        追住 0/2 趟  平均   4.03 米  落后   5.22 米  最近  2.50 米  正前方   2%  静球到了 0/4 趟  走了  0.63 米  路 motor  本机 105 秒
  171  没摔             追住 0/2 趟  平均   2.72 米  落后   4.18 米  最近  1.25 米  正前方   8%  静球到了 0/4 趟  走了  3.12 米  路 orient 对调  本机 105 秒
  172  倒了/没建出来        追住 0/2 趟  平均   3.68 米  落后   4.91 米  最近  2.29 米  正前方  54%  静球到了 0/4 趟  走了  0.87 米  路 motor 对调  本机 104 秒
  173  倒了/没建出来        追住 0/2 趟  平均   3.89 米  落后   5.18 米  最近  2.29 米  正前方  46%  静球到了 0/4 趟  走了  0.95 米  路 motor 对调  本机 108 秒
  174  倒了/没建出来        追住 0/2 趟  平均   3.85 米  落后   5.11 米  最近  2.34 米  正前方  50%  静球到了 0/4 趟  走了  1.13 米  路 motor 对调  本机 107 秒
  175  没摔             追住 0/2 趟  平均   2.26 米  落后   3.91 米  最近  0.22 米  正前方  17%  静球到了 4/4 趟  走了  3.87 米  (两边都会)  路 motor 对调  本机 107 秒
  176  倒了/没建出来        追住 0/0 趟  平均    nan 米  落后    nan 米  最近   nan 米  正前方   0%  静球到了 0/0 趟  走了   nan 米  路 orient 对调  本机 1 秒
  177  倒了/没建出来        追住 0/2 趟  平均   3.37 米  落后   4.46 米  最近  2.47 米  正前方  94%  静球到了 0/4 趟  走了  1.54 米  路 motor 对调  本机 108 秒
  178  倒了/没建出来        追住 0/0 趟  平均    nan 米  落后    nan 米  最近   nan 米  正前方   0%  静球到了 0/0 趟  走了   nan 米  路 motor 对调  本机 0 秒
  179  倒了/没建出来        追住 0/0 趟  平均    nan 米  落后    nan 米  最近   nan 米  正前方   0%  静球到了 0/0 趟  走了   nan 米  路 orient  本机 1 秒
  180  没摔             追住 0/2 趟  平均   3.06 米  落后   3.99 米  最近  1.82 米  正前方  65%  静球到了 0/4 趟  走了  0.93 米  路 motor 对调  本机 109 秒
  181  没摔             追住 0/2 趟  平均   4.40 米  落后   6.46 米  最近  2.12 米  正前方   4%  静球到了 0/4 趟  走了  2.89 米  路 motor  本机 109 秒
  182  没摔             追住 0/2 趟  平均   3.09 米  落后   5.08 米  最近  1.01 米  正前方   9%  静球到了 0/4 趟  走了  3.71 米  路 orient 对调  本机 107 秒
  183  没摔             追住 0/2 趟  平均   4.66 米  落后   6.89 米  最近  2.41 米  正前方   5%  静球到了 0/4 趟  走了  2.23 米  路 motor  本机 108 秒
  184  没摔             追住 2/2 趟  平均   1.18 米  落后   1.26 米  最近  0.44 米  正前方  33%  静球到了 2/4 趟  走了  2.83 米  (两边都会)  路 motor 对调  本机 139 秒
  185  倒了/没建出来        追住 0/2 趟  平均   2.49 米  落后   3.41 米  最近  0.92 米  正前方  95%  静球到了 0/4 趟  走了  1.05 米  路 motor 对调  本机 138 秒
  186  倒了/没建出来        追住 0/0 趟  平均    nan 米  落后    nan 米  最近   nan 米  正前方   0%  静球到了 0/0 趟  走了   nan 米  路 motor 对调  本机 1 秒
  187  没摔             追住 2/2 趟  平均   1.05 米  落后   1.08 米  最近  0.22 米  正前方  94%  静球到了 2/4 趟  走了  2.77 米  (两边都会)  路 motor 对调  本机 135 秒
  188  倒了/没建出来        追住 0/0 趟  平均    nan 米  落后    nan 米  最近   nan 米  正前方   0%  静球到了 0/0 趟  走了   nan 米  路 motor  本机 1 秒
  189  倒了/没建出来        追住 0/0 趟  平均    nan 米  落后    nan 米  最近   nan 米  正前方   0%  静球到了 0/0 趟  走了   nan 米  路 motor 对调  本机 2 秒
  190  没摔             追住 1/2 趟  平均   1.17 米  落后   1.45 米  最近  0.08 米  正前方  52%  静球到了 2/4 趟  走了  3.06 米  路 motor 对调  本机 135 秒
  191  没摔             追住 2/2 趟  平均   1.20 米  落后   1.41 米  最近  0.39 米  正前方 100%  静球到了 2/4 趟  走了  2.75 米  (两边都会)  路 motor 对调  本机 140 秒
  192  没摔             追住 2/2 趟  平均   1.13 米  落后   1.16 米  最近  0.24 米  正前方  84%  静球到了 3/4 趟  走了  2.85 米  (两边都会)  路 motor 对调  本机 138 秒
  193  没摔             追住 0/2 趟  平均   1.67 米  落后   2.45 米  最近  0.50 米  正前方  99%  静球到了 2/4 趟  走了  2.47 米  (两边都会)  路 orient  本机 138 秒
  194  没摔             追住 0/2 趟  平均   2.54 米  落后   3.26 米  最近  1.68 米  正前方  16%  静球到了 0/4 趟  走了  1.85 米  路 orient 对调  本机 137 秒
  195  没摔             追住 0/2 趟  平均   3.82 米  落后   5.03 米  最近  2.49 米  正前方   3%  静球到了 0/4 趟  走了  1.71 米  路 motor  本机 136 秒
  196  倒了/没建出来        追住 0/0 趟  平均    nan 米  落后    nan 米  最近   nan 米  正前方   0%  静球到了 0/0 趟  走了   nan 米  路 motor 对调  本机 1 秒
  197  没摔             追住 0/2 趟  平均   3.64 米  落后   4.83 米  最近  2.47 米  正前方  98%  静球到了 0/4 趟  走了  0.30 米  路 motor 对调  本机 138 秒
  198  没摔             追住 0/2 趟  平均   4.67 米  落后   6.41 米  最近  2.49 米  正前方 100%  静球到了 0/4 趟  走了  0.93 米  路 motor 对调  本机 137 秒
  199  倒了/没建出来        追住 0/2 趟  平均   3.75 米  落后   4.99 米  最近  2.42 米  正前方  15%  静球到了 0/4 趟  走了  0.97 米  路 motor 对调  本机 137 秒
  200  没摔             追住 0/2 趟  平均   1.36 米  落后   2.16 米  最近  0.11 米  正前方  58%  静球到了 2/4 趟  走了  2.79 米  (两边都会)  路 motor 对调  本机 135 秒
  201  倒了/没建出来        追住 0/2 趟  平均   3.12 米  落后   4.34 米  最近  1.56 米  正前方  14%  静球到了 0/4 趟  走了  1.49 米  路 motor 对调  本机 107 秒
  202  倒了/没建出来        追住 0/2 趟  平均   3.53 米  落后   4.68 米  最近  2.48 米  正前方  58%  静球到了 0/4 趟  走了  0.53 米  路 motor 对调  本机 108 秒
  203  没摔             追住 0/2 趟  平均   4.07 米  落后   5.39 米  最近  2.50 米  正前方 100%  静球到了 0/4 趟  走了  0.49 米  路 motor 对调  本机 105 秒
  204  没摔             追住 1/2 趟  平均   1.52 米  落后   1.89 米  最近  0.30 米  正前方  90%  静球到了 1/4 趟  走了  1.87 米  路 motor 对调  本机 107 秒
  205  没摔             追住 0/2 趟  平均   4.20 米  落后   5.52 米  最近  2.42 米  正前方   8%  静球到了 0/4 趟  走了  0.78 米  路 motor 对调  本机 105 秒
  206  没摔             追住 1/2 趟  平均   1.47 米  落后   1.79 米  最近  0.73 米  正前方  20%  静球到了 1/4 趟  走了  2.85 米  路 motor 对调  本机 108 秒
  207  没摔             追住 0/2 趟  平均   4.65 米  落后   6.31 米  最近  2.50 米  正前方 100%  静球到了 0/4 趟  走了  0.93 米  路 motor 对调  本机 108 秒
  208  没摔             追住 0/2 趟  平均   3.73 米  落后   4.94 米  最近  2.49 米  正前方  26%  静球到了 0/4 趟  走了  0.13 米  路 motor 对调  本机 108 秒
  209  倒了/没建出来        追住 0/2 趟  平均   3.53 米  落后   4.70 米  最近  2.49 米  正前方  52%  静球到了 0/4 趟  走了  0.47 米  路 motor 对调  本机 108 秒
  210  没摔             追住 0/2 趟  平均   4.11 米  落后   6.38 米  最近  1.87 米  正前方   6%  静球到了 0/4 趟  走了  3.45 米  路 motor  本机 109 秒
  211  没摔             追住 0/2 趟  平均   4.37 米  落后   5.84 米  最近  2.50 米  正前方   9%  静球到了 0/4 趟  走了  0.47 米  路 motor  本机 109 秒
  212  倒了/没建出来        追住 0/0 趟  平均    nan 米  落后    nan 米  最近   nan 米  正前方   0%  静球到了 0/0 趟  走了   nan 米  路 motor 对调  本机 1 秒
  213  没摔             追住 0/2 趟  平均   3.88 米  落后   5.11 米  最近  2.48 米  正前方  50%  静球到了 0/4 趟  走了  0.11 米  路 motor  本机 142 秒
  214  倒了/没建出来        追住 0/2 趟  平均   3.73 米  落后   4.94 米  最近  2.41 米  正前方  51%  静球到了 0/4 趟  走了  0.59 米  路 motor 对调  本机 138 秒
  215  倒了/没建出来        追住 0/2 趟  平均   3.29 米  落后   4.59 米  最近  2.15 米  正前方  26%  静球到了 0/4 趟  走了  1.16 米  路 motor 对调  本机 138 秒
  216  没摔             追住 0/2 趟  平均   4.56 米  落后   6.02 米  最近  2.47 米  正前方  84%  静球到了 0/4 趟  走了  0.83 米  路 motor 对调  本机 139 秒
  217  倒了/没建出来        追住 0/0 趟  平均    nan 米  落后    nan 米  最近   nan 米  正前方   0%  静球到了 0/0 趟  走了   nan 米  路 motor 对调  本机 1 秒
  218  倒了/没建出来        追住 0/0 趟  平均    nan 米  落后    nan 米  最近   nan 米  正前方   0%  静球到了 0/0 趟  走了   nan 米  路 motor 对调  本机 1 秒
  219  倒了/没建出来        追住 0/0 趟  平均    nan 米  落后    nan 米  最近   nan 米  正前方   0%  静球到了 0/0 趟  走了   nan 米  路 motor 对调  本机 1 秒
  220  没摔             追住 0/2 趟  平均   1.63 米  落后   2.71 米  最近  0.15 米  正前方  17%  静球到了 2/4 趟  走了  3.29 米  (两边都会)  路 motor 对调  本机 138 秒
  221  倒了/没建出来        追住 0/0 趟  平均    nan 米  落后    nan 米  最近   nan 米  正前方   0%  静球到了 0/0 趟  走了   nan 米  路 motor 对调  本机 1 秒
  222  没摔             追住 1/2 趟  平均   1.29 米  落后   1.48 米  最近  0.45 米  正前方 100%  静球到了 2/4 趟  走了  2.40 米  (两边都会)  路 motor 对调  本机 137 秒
  223  没摔             追住 0/2 趟  平均   2.21 米  落后   2.73 米  最近  1.48 米  正前方  95%  静球到了 0/4 趟  走了  1.66 米  路 motor 对调  本机 140 秒
  224  没摔             追住 0/2 趟  平均   3.06 米  落后   5.02 米  最近  1.02 米  正前方   8%  静球到了 0/4 趟  走了  3.67 米  路 orient 对调  本机 137 秒
  225  倒了/没建出来        追住 0/0 趟  平均    nan 米  落后    nan 米  最近   nan 米  正前方   0%  静球到了 0/0 趟  走了   nan 米  路 motor 对调  本机 1 秒
  226  倒了/没建出来        追住 0/0 趟  平均    nan 米  落后    nan 米  最近   nan 米  正前方   0%  静球到了 0/0 趟  走了   nan 米  路 motor 对调  本机 1 秒
  227  没摔             追住 0/2 趟  平均   1.95 米  落后   2.84 米  最近  0.98 米  正前方 100%  静球到了 2/4 趟  走了  2.32 米  (两边都会)  路 motor 对调  本机 139 秒
  228  倒了/没建出来        追住 0/0 趟  平均    nan 米  落后    nan 米  最近   nan 米  正前方   0%  静球到了 0/0 趟  走了   nan 米  路 motor 对调  本机 1 秒
  229  没摔             追住 0/2 趟  平均   2.75 米  落后   4.41 米  最近  1.23 米  正前方   8%  静球到了 0/4 趟  走了  3.29 米  路 orient 对调  本机 138 秒
  230  倒了/没建出来        追住 0/2 趟  平均   4.82 米  落后   6.70 米  最近  2.13 米  正前方  10%  静球到了 0/4 趟  走了  2.32 米  路 motor 对调  本机 106 秒
  231  倒了/没建出来        追住 0/2 趟  平均   3.29 米  落后   4.28 米  最近  2.24 米  正前方  52%  静球到了 0/4 趟  走了  1.04 米  路 motor 对调  本机 139 秒
  232  没摔             追住 1/2 趟  平均   1.22 米  落后   1.62 米  最近  0.22 米  正前方  43%  静球到了 2/4 趟  走了  3.08 米  (两边都会)  路 motor 对调  本机 135 秒
  233  倒了/没建出来        追住 0/2 趟  平均   2.66 米  落后   3.91 米  最近  1.41 米  正前方  19%  静球到了 0/4 趟  走了  1.34 米  路 motor 对调  本机 106 秒
  234  倒了/没建出来        追住 0/0 趟  平均    nan 米  落后    nan 米  最近   nan 米  正前方   0%  静球到了 0/0 趟  走了   nan 米  路 orient 对调  本机 1 秒
  235  没摔             追住 0/2 趟  平均   1.93 米  落后   3.47 米  最近  0.33 米  正前方  13%  静球到了 3/4 趟  走了  3.66 米  (两边都会)  路 motor 对调  本机 106 秒
  236  没摔             追住 0/2 趟  平均   1.51 米  落后   1.62 米  最近  0.89 米  正前方  57%  静球到了 2/4 趟  走了  2.25 米  (两边都会)  路 motor 对调  本机 106 秒
  237  没摔             追住 0/2 趟  平均   2.82 米  落后   3.76 米  最近  1.83 米  正前方  14%  静球到了 0/4 趟  走了  1.64 米  路 motor 对调  本机 139 秒
  238  没摔             追住 0/2 趟  平均   2.57 米  落后   4.31 米  最近  1.10 米  正前方   9%  静球到了 1/4 趟  走了  3.63 米  路 motor 对调  本机 106 秒
  239  没摔             追住 0/2 趟  平均   2.53 米  落后   3.59 米  最近  1.23 米  正前方  10%  静球到了 0/4 趟  走了  2.94 米  路 orient 对调  本机 106 秒
  240  没摔             追住 0/2 趟  平均   3.73 米  落后   5.05 米  最近  2.30 米  正前方  42%  静球到了 0/4 趟  走了  1.94 米  路 orient 对调  本机 108 秒
  241  没摔             追住 1/2 趟  平均   1.74 米  落后   2.60 米  最近  0.61 米  正前方  17%  静球到了 2/4 趟  走了  3.01 米  (两边都会)  路 motor 对调  本机 107 秒
  242  倒了/没建出来        追住 0/2 趟  平均   4.18 米  落后   5.62 米  最近  2.47 米  正前方  13%  静球到了 0/4 趟  走了  0.71 米  路 motor 对调  本机 107 秒
  243  没摔             追住 0/2 趟  平均   4.45 米  落后   6.68 米  最近  2.01 米  正前方   5%  静球到了 0/4 趟  走了  3.17 米  路 motor  本机 109 秒
  244  没摔             追住 1/2 趟  平均   1.47 米  落后   1.83 米  最近  0.40 米  正前方  60%  静球到了 2/4 趟  走了  2.50 米  (两边都会)  路 motor 对调  本机 107 秒
  245  没摔             追住 1/2 趟  平均   1.32 米  落后   2.13 米  最近  0.08 米  正前方  34%  静球到了 3/4 趟  走了  3.24 米  (两边都会)  路 motor 对调  本机 105 秒
  246  没摔             追住 2/2 趟  平均   1.30 米  落后   1.26 米  最近  0.55 米  正前方 100%  静球到了 2/4 趟  走了  2.55 米  (两边都会)  路 motor 对调  本机 106 秒
  247  没摔             追住 0/2 趟  平均   4.00 米  落后   6.70 米  最近  0.65 米  正前方   8%  静球到了 1/4 趟  走了  5.34 米  路 motor 对调  本机 104 秒
  248  没摔             追住 0/2 趟  平均   3.11 米  落后   4.26 米  最近  2.16 米  正前方  14%  静球到了 0/4 趟  走了  1.04 米  路 motor 对调  本机 107 秒
  249  没摔             追住 0/2 趟  平均   3.23 米  落后   5.24 米  最近  1.45 米  正前方   7%  静球到了 0/4 趟  走了  3.67 米  路 motor  本机 106 秒
  250  倒了/没建出来        追住 0/2 趟  平均   2.55 米  落后   3.72 米  最近  1.66 米  正前方  99%  静球到了 0/4 趟  走了  1.86 米  路 motor 对调  本机 106 秒
  251  没摔             追住 0/2 趟  平均   3.00 米  落后   3.99 米  最近  2.25 米  正前方  96%  静球到了 0/4 趟  走了  0.82 米  路 motor 对调  本机 138 秒
  252  倒了/没建出来        追住 0/2 趟  平均   3.82 米  落后   5.03 米  最近  2.33 米  正前方  44%  静球到了 0/4 趟  走了  0.68 米  路 motor 对调  本机 138 秒
  253  没摔             追住 0/2 趟  平均   4.62 米  落后   6.27 米  最近  2.49 米  正前方  62%  静球到了 0/4 趟  走了  0.87 米  路 motor 对调  本机 107 秒
  254  没摔             追住 0/2 趟  平均   3.18 米  落后   5.35 米  最近  0.74 米  正前方  12%  静球到了 3/4 趟  走了  3.82 米  (两边都会)  路 motor 对调  本机 137 秒
  255  倒了/没建出来        追住 0/0 趟  平均    nan 米  落后    nan 米  最近   nan 米  正前方   0%  静球到了 0/0 趟  走了   nan 米  路 orient 对调  本机 1 秒
  256  没摔             追住 2/2 趟  平均   1.03 米  落后   1.15 米  最近  0.32 米  正前方  46%  静球到了 3/4 趟  走了  3.17 米  (两边都会)  路 motor 对调  本机 108 秒
  257  没摔             追住 0/2 趟  平均   3.30 米  落后   5.58 米  最近  1.46 米  正前方   7%  静球到了 0/4 趟  走了  3.27 米  路 motor  本机 137 秒
  258  没摔             追住 1/2 趟  平均   1.50 米  落后   1.89 米  最近  0.06 米  正前方  48%  静球到了 2/4 趟  走了  2.99 米  (两边都会)  路 motor 对调  本机 107 秒
  259  没摔             追住 0/2 趟  平均   3.55 米  落后   4.75 米  最近  2.46 米  正前方 100%  静球到了 0/4 趟  走了  0.16 米  路 motor 对调  本机 138 秒
  260  没摔             追住 2/2 趟  平均   1.13 米  落后   1.22 米  最近  0.34 米  正前方  84%  静球到了 2/4 趟  走了  2.84 米  (两边都会)  路 motor 对调  本机 139 秒
  261  没摔             追住 0/2 趟  平均   4.18 米  落后   6.25 米  最近  2.00 米  正前方   6%  静球到了 0/4 趟  走了  2.60 米  路 motor  本机 107 秒
  262  没摔             追住 0/2 趟  平均   2.05 米  落后   3.69 米  最近  0.60 米  正前方  14%  静球到了 2/4 趟  走了  3.52 米  (两边都会)  路 motor 对调  本机 134 秒
  263  倒了/没建出来        追住 0/2 趟  平均   2.95 米  落后   4.01 米  最近  1.03 米  正前方  61%  静球到了 0/4 趟  走了  1.92 米  路 motor 对调  本机 109 秒
  264  没摔             追住 0/2 趟  平均   1.96 米  落后   3.43 米  最近  0.45 米  正前方  12%  静球到了 2/4 趟  走了  3.52 米  (两边都会)  路 motor 对调  本机 136 秒
  265  没摔             追住 1/2 趟  平均   1.33 米  落后   1.47 米  最近  0.44 米  正前方  61%  静球到了 2/4 趟  走了  2.57 米  (两边都会)  路 motor 对调  本机 138 秒
  266  没摔             追住 0/2 趟  平均   2.60 米  落后   4.17 米  最近  1.31 米  正前方   8%  静球到了 1/4 趟  走了  3.24 米  路 motor 对调  本机 136 秒
  267  倒了/没建出来        追住 0/0 趟  平均    nan 米  落后    nan 米  最近   nan 米  正前方   0%  静球到了 0/0 趟  走了   nan 米  路 motor  本机 1 秒
  268  没摔             追住 0/2 趟  平均   2.07 米  落后   3.48 米  最近  0.28 米  正前方  14%  静球到了 2/4 趟  走了  3.51 米  路 motor 对调  本机 137 秒
  269  没摔             追住 0/2 趟  平均   3.76 米  落后   4.98 米  最近  2.48 米  正前方 100%  静球到了 0/4 趟  走了  0.11 米  路 motor 对调  本机 141 秒
  270  没摔             追住 0/2 趟  平均   3.10 米  落后   5.03 米  最近  1.31 米  正前方   7%  静球到了 0/4 趟  走了  3.73 米  路 orient 对调  本机 138 秒
  271  倒了/没建出来        追住 0/0 趟  平均    nan 米  落后    nan 米  最近   nan 米  正前方   0%  静球到了 0/0 趟  走了   nan 米  路 motor 对调  本机 1 秒
  272  没摔             追住 1/2 趟  平均   1.62 米  落后   2.25 米  最近  0.31 米  正前方  31%  静球到了 2/4 趟  走了  3.01 米  (两边都会)  路 motor 对调  本机 106 秒
  273  没摔             追住 0/2 趟  平均   1.19 米  落后   2.12 米  最近  0.14 米  正前方  29%  静球到了 4/4 趟  走了  3.09 米  (两边都会)  路 motor 对调  本机 104 秒
  274  没摔             追住 0/2 趟  平均   3.39 米  落后   5.15 米  最近  1.48 米  正前方   8%  静球到了 0/4 趟  走了  3.27 米  路 orient 对调  本机 104 秒
  275  没摔             追住 1/2 趟  平均   1.15 米  落后   1.43 米  最近  0.33 米  正前方  46%  静球到了 3/4 趟  走了  3.11 米  (两边都会)  路 motor 对调  本机 105 秒
  276  倒了/没建出来        追住 0/2 趟  平均   4.66 米  落后   6.50 米  最近  2.33 米  正前方  47%  静球到了 0/4 趟  走了  1.30 米  路 motor 对调  本机 106 秒
  277  没摔             追住 0/2 趟  平均   4.01 米  落后   5.65 米  最近  2.23 米  正前方   3%  静球到了 0/4 趟  走了  2.21 米  路 motor  本机 104 秒
  278  没摔             追住 0/2 趟  平均   1.67 米  落后   2.97 米  最近  0.25 米  正前方  15%  静球到了 4/4 趟  走了  3.45 米  (两边都会)  路 motor 对调  本机 105 秒
  279  没摔             追住 0/2 趟  平均   3.41 米  落后   4.36 米  最近  2.49 米  正前方  99%  静球到了 0/4 趟  走了  0.36 米  路 motor 对调  本机 104 秒
  280  没摔             追住 1/2 趟  平均   1.33 米  落后   1.40 米  最近  0.22 米  正前方  73%  静球到了 2/4 趟  走了  2.68 米  (两边都会)  路 motor 对调  本机 104 秒
  281  没摔             追住 0/2 趟  平均   3.62 米  落后   4.86 米  最近  2.46 米  正前方 100%  静球到了 0/4 趟  走了  0.17 米  路 motor 对调  本机 104 秒
  282  没摔             追住 0/2 趟  平均   3.18 米  落后   4.96 米  最近  1.47 米  正前方   8%  静球到了 0/4 趟  走了  3.23 米  路 orient 对调  本机 102 秒
  283  没摔             追住 0/2 趟  平均   5.09 米  落后   7.54 米  最近  2.49 米  正前方   4%  静球到了 0/4 趟  走了  1.69 米  路 motor  本机 131 秒
  284  没摔             追住 0/2 趟  平均   3.08 米  落后   5.06 米  最近  1.32 米  正前方   8%  静球到了 0/4 趟  走了  3.70 米  路 motor 对调  本机 130 秒
  285  没摔             追住 0/2 趟  平均   2.86 米  落后   4.69 米  最近  1.12 米  正前方   9%  静球到了 1/4 趟  走了  3.59 米  路 orient  本机 129 秒
  286  没摔             追住 0/2 趟  平均   3.30 米  落后   4.25 米  最近  2.49 米  正前方 100%  静球到了 0/4 趟  走了  0.53 米  路 motor 对调  本机 115 秒
  287  没摔             追住 1/2 趟  平均   1.83 米  落后   2.55 米  最近  0.70 米  正前方  17%  静球到了 2/4 趟  走了  2.97 米  (两边都会)  路 motor 对调  本机 129 秒
  288  没摔             追住 0/2 趟  平均   4.13 米  落后   5.66 米  最近  2.48 米  正前方   3%  静球到了 0/4 趟  走了  1.78 米  路 motor  本机 128 秒
  289  没摔             追住 0/2 趟  平均   2.74 米  落后   4.61 米  最近  0.81 米  正前方  10%  静球到了 2/4 趟  走了  3.90 米  路 motor 对调  本机 127 秒
  290  没摔             追住 0/2 趟  平均   3.08 米  落后   5.07 米  最近  1.42 米  正前方   7%  静球到了 0/4 趟  走了  3.68 米  路 orient 对调  本机 112 秒
  291  没摔             追住 0/2 趟  平均   1.74 米  落后   2.13 米  最近  0.81 米  正前方  82%  静球到了 1/4 趟  走了  2.22 米  路 motor 对调  本机 126 秒
  292  没摔             追住 0/2 趟  平均   3.10 米  落后   4.94 米  最近  1.02 米  正前方   9%  静球到了 0/4 趟  走了  3.72 米  路 orient 对调  本机 125 秒
  293  没摔             追住 0/2 趟  平均   1.81 米  落后   2.28 米  最近  0.96 米  正前方  96%  静球到了 2/4 趟  走了  2.61 米  (两边都会)  路 motor 对调  本机 126 秒
  294  没摔             追住 0/2 趟  平均   3.27 米  落后   4.63 米  最近  1.01 米  正前方   9%  静球到了 3/4 趟  走了  5.67 米  (两边都会)  路 motor 对调  本机 123 秒
  295  没摔             追住 0/2 趟  平均   2.58 米  落后   3.47 米  最近  1.70 米  正前方  99%  静球到了 0/4 趟  走了  1.78 米  路 motor 对调  本机 119 秒
  296  倒了/没建出来        追住 0/0 趟  平均    nan 米  落后    nan 米  最近   nan 米  正前方   0%  静球到了 0/0 趟  走了   nan 米  路 motor 对调  本机 0 秒
  297  没摔             追住 0/2 趟  平均   3.53 米  落后   4.66 米  最近  2.48 米  正前方  66%  静球到了 0/4 趟  走了  0.22 米  路 motor  本机 75 秒
  298  倒了/没建出来        追住 0/0 趟  平均    nan 米  落后    nan 米  最近   nan 米  正前方   0%  静球到了 0/0 趟  走了   nan 米  路 orient  本机 1 秒
  299  没摔             追住 0/2 趟  平均   3.54 米  落后   5.71 米  最近  1.44 米  正前方   8%  静球到了 0/4 趟  走了  3.32 米  路 orient 对调  本机 69 秒
第 5 代收工：300 只里建出来 264 只（没摔 212）；真追住球的 50 只，两边都追住的 19 只（球挪走行为会变的 251 只）；追得最好那只落后 1.10 米、球在正前方  72% 的时间、最近贴到 0.07 米；本代花了 22.7 分钟
  这一代自己走出来的、真追住球的 50 只，其中两边都追住的 19 只
  下一代的爹 10 只（artifacts/追球_云_三批_g05_keep.jsonl）：第119只 追住2/2趟 落后1.10米、第136只 追住2/2趟 落后1.20米、第256只 追住2/2趟 落后1.15米、第187只 追住2/2趟 落后1.08米、第163只 追住2/2趟 落后0.78米、第58只 追住2/2趟 落后0.90米、第114只 追住2/2趟 落后0.96米、第169只 追住2/2趟 落后1.07米、第61只 追住2/2趟 落后1.22米、第165只 追住2/2趟 落后0.98米
第 6 代：生 300 只、每只考 4 趟不动球（每趟 6 秒）+ 2 趟追着跑的球（每趟 20 秒，球沿随机曲线逃）+ 1 趟没球对照、24 个进程
    0  没摔             追住 0/2 趟  平均   1.31 米  落后   2.25 米  最近  0.22 米  正前方  27%  静球到了 4/4 趟  走了  3.24 米  (两边都会)  路 motor 对调  本机 110 秒
    1  没摔             追住 0/2 趟  平均   1.96 米  落后   3.48 米  最近  0.11 米  正前方  15%  静球到了 2/4 趟  走了  3.50 米  (两边都会)  路 motor 对调  本机 109 秒
    2  没摔             追住 2/2 趟  平均   1.00 米  落后   1.32 米  最近  0.06 米  正前方  40%  静球到了 4/4 趟  走了  3.20 米  (两边都会)  路 motor 对调  本机 108 秒
    3  没摔             追住 0/2 趟  平均   2.92 米  落后   4.85 米  最近  1.13 米  正前方   8%  静球到了 0/4 趟  走了  3.69 米  路 motor 对调  本机 110 秒
    4  没摔             追住 1/2 趟  平均   1.32 米  落后   1.77 米  最近  0.16 米  正前方  61%  静球到了 3/4 趟  走了  2.72 米  (两边都会)  路 motor 对调  本机 139 秒
    5  没摔             追住 0/2 趟  平均   1.95 米  落后   3.47 米  最近  0.45 米  正前方  13%  静球到了 3/4 趟  走了  3.53 米  (两边都会)  路 motor 对调  本机 111 秒
    6  没摔             追住 0/2 趟  平均   3.03 米  落后   4.86 米  最近  1.48 米  正前方   7%  静球到了 0/4 趟  走了  3.69 米  路 orient  本机 111 秒
    7  没摔             追住 0/2 趟  平均   2.81 米  落后   4.75 米  最近  0.89 米  正前方   9%  静球到了 1/4 趟  走了  3.69 米  路 motor 对调  本机 110 秒
    8  没摔             追住 0/2 趟  平均   3.74 米  落后   4.92 米  最近  2.49 米  正前方   5%  静球到了 0/4 趟  走了  0.12 米  路 motor  本机 112 秒
    9  没摔             追住 1/2 趟  平均   1.47 米  落后   1.52 米  最近  0.52 米  正前方  54%  静球到了 2/4 趟  走了  2.57 米  (两边都会)  路 motor 对调  本机 111 秒
   10  倒了/没建出来        追住 0/2 趟  平均   3.49 米  落后   4.68 米  最近  2.43 米  正前方  60%  静球到了 0/4 趟  走了  1.31 米  路 motor 对调  本机 140 秒
   11  没摔             追住 0/2 趟  平均   3.93 米  落后   5.23 米  最近  2.50 米  正前方 100%  静球到了 0/4 趟  走了  0.12 米  路 motor 对调  本机 108 秒
   12  没摔             追住 0/2 趟  平均   2.86 米  落后   5.05 米  最近  0.32 米  正前方  12%  静球到了 2/4 趟  走了  4.17 米  路 motor 对调  本机 108 秒
   13  没摔             追住 0/2 趟  平均   3.17 米  落后   5.00 米  最近  1.55 米  正前方   8%  静球到了 0/4 趟  走了  3.50 米  路 orient 对调  本机 135 秒
   14  倒了/没建出来        追住 0/2 趟  平均   3.78 米  落后   5.16 米  最近  2.47 米  正前方  45%  静球到了 0/4 趟  走了  0.70 米  路 motor 对调  本机 137 秒
   15  没摔             追住 0/2 趟  平均   1.98 米  落后   3.50 米  最近  0.05 米  正前方  19%  静球到了 1/4 趟  走了  3.62 米  路 motor 对调  本机 135 秒
   16  倒了/没建出来        追住 0/2 趟  平均   2.70 米  落后   3.45 米  最近  1.48 米  正前方  97%  静球到了 1/4 趟  走了  2.15 米  路 motor 对调  本机 136 秒
   17  没摔             追住 0/2 趟  平均   2.52 米  落后   3.29 米  最近  1.45 米  正前方  12%  静球到了 0/4 趟  走了  2.13 米  路 orient 对调  本机 135 秒
   18  没摔             追住 0/2 趟  平均   5.84 米  落后   9.57 米  最近  0.99 米  正前方   7%  静球到了 0/4 趟  走了  6.97 米  路 motor 对调  本机 136 秒
   19  倒了/没建出来        追住 0/0 趟  平均    nan 米  落后    nan 米  最近   nan 米  正前方   0%  静球到了 0/0 趟  走了   nan 米  路 motor 对调  本机 1 秒
   20  没摔             追住 0/2 趟  平均   1.34 米  落后   1.89 米  最近  0.27 米  正前方  31%  静球到了 2/4 趟  走了  2.94 米  (两边都会)  路 motor 对调  本机 139 秒
   21  没摔             追住 0/2 趟  平均   2.82 米  落后   4.74 米  最近  0.84 米  正前方   9%  静球到了 1/4 趟  走了  3.68 米  路 motor 对调  本机 136 秒
   22  倒了/没建出来        追住 0/2 趟  平均   3.67 米  落后   4.93 米  最近  2.40 米  正前方   6%  静球到了 0/4 趟  走了  0.61 米  路 motor 对调  本机 136 秒
   23  倒了/没建出来        追住 0/0 趟  平均    nan 米  落后    nan 米  最近   nan 米  正前方   0%  静球到了 0/0 趟  走了   nan 米  路 motor  本机 0 秒
   24  没摔             追住 0/2 趟  平均   1.94 米  落后   2.87 米  最近  0.87 米  正前方 100%  静球到了 1/4 趟  走了  1.98 米  路 motor 对调  本机 137 秒
   25  没摔             追住 0/2 趟  平均   2.84 米  落后   4.70 米  最近  1.10 米  正前方   9%  静球到了 0/4 趟  走了  3.49 米  路 motor 对调  本机 135 秒
   26  没摔             追住 0/2 趟  平均   1.44 米  落后   2.60 米  最近  0.05 米  正前方  25%  静球到了 4/4 趟  走了  3.32 米  (两边都会)  路 motor 对调  本机 105 秒
   27  倒了/没建出来        追住 0/0 趟  平均    nan 米  落后    nan 米  最近   nan 米  正前方   0%  静球到了 0/0 趟  走了   nan 米  路 motor  本机 1 秒
   28  没摔             追住 1/2 趟  平均   2.17 米  落后   2.74 米  最近  0.79 米  正前方  52%  静球到了 1/4 趟  走了  2.51 米  路 motor 对调  本机 107 秒
   29  没摔             追住 0/2 趟  平均   3.24 米  落后   5.27 米  最近  1.26 米  正前方   8%  静球到了 0/4 趟  走了  3.65 米  路 orient 对调  本机 105 秒
   30  倒了/没建出来        追住 0/0 趟  平均    nan 米  落后    nan 米  最近   nan 米  正前方   0%  静球到了 0/0 趟  走了   nan 米  路 motor 对调  本机 1 秒
   31  没摔             追住 0/2 趟  平均   2.05 米  落后   2.76 米  最近  1.08 米  正前方  96%  静球到了 1/4 趟  走了  1.82 米  路 motor 对调  本机 108 秒
   32  没摔             追住 0/2 趟  平均   2.68 米  落后   4.31 米  最近  0.66 米  正前方   9%  静球到了 2/4 趟  走了  3.49 米  (两边都会)  路 motor 对调  本机 107 秒
   33  没摔             追住 0/2 趟  平均   1.89 米  落后   2.86 米  最近  0.68 米  正前方  12%  静球到了 3/4 趟  走了  3.59 米  (两边都会)  路 orient  本机 105 秒
   34  没摔             追住 0/2 趟  平均   1.83 米  落后   2.15 米  最近  1.12 米  正前方 100%  静球到了 0/4 趟  走了  1.97 米  路 motor 对调  本机 109 秒
   35  倒了/没建出来        追住 0/0 趟  平均    nan 米  落后    nan 米  最近   nan 米  正前方   0%  静球到了 0/0 趟  走了   nan 米  路 motor 对调  本机 1 秒
   36  倒了/没建出来        追住 1/2 趟  平均   2.31 米  落后   2.16 米  最近  1.28 米  正前方  59%  静球到了 0/4 趟  走了  1.53 米  路 motor 对调  本机 108 秒
   37  没摔             追住 0/2 趟  平均   2.08 米  落后   3.26 米  最近  0.54 米  正前方  13%  静球到了 1/4 趟  走了  3.07 米  路 motor 对调  本机 108 秒
   38  倒了/没建出来        追住 0/0 趟  平均    nan 米  落后    nan 米  最近   nan 米  正前方   0%  静球到了 0/0 趟  走了   nan 米  路 motor  本机 1 秒
   39  没摔             追住 0/2 趟  平均   2.36 米  落后   3.51 米  最近  0.85 米  正前方  12%  静球到了 1/4 趟  走了  3.17 米  路 motor 对调  本机 109 秒
   40  没摔             追住 0/2 趟  平均   3.59 米  落后   4.58 米  最近  2.49 米  正前方 100%  静球到了 0/4 趟  走了  0.42 米  路 motor 对调  本机 108 秒
   41  没摔             追住 0/2 趟  平均   4.80 米  落后   8.31 米  最近  0.27 米  正前方  12%  静球到了 1/4 趟  走了  4.33 米  路 motor 对调  本机 135 秒
   42  没摔             追住 0/2 趟  平均   2.56 米  落后   3.82 米  最近  0.59 米  正前方  15%  静球到了 1/4 趟  走了  2.91 米  路 motor 对调  本机 139 秒
   43  没摔             追住 0/2 趟  平均   2.82 米  落后   3.92 米  最近  1.57 米  正前方  10%  静球到了 0/4 趟  走了  2.26 米  路 motor  本机 137 秒
   44  没摔             追住 1/2 趟  平均   1.47 米  落后   1.76 米  最近  0.58 米  正前方  20%  静球到了 2/4 趟  走了  2.78 米  (两边都会)  路 motor 对调  本机 137 秒
   45  倒了/没建出来        追住 0/2 趟  平均   3.43 米  落后   4.48 米  最近  2.16 米  正前方   9%  静球到了 0/4 趟  走了  0.61 米  路 motor 对调  本机 138 秒
   46  没摔             追住 0/2 趟  平均   2.71 米  落后   4.41 米  最近  1.11 米  正前方   9%  静球到了 1/4 趟  走了  3.34 米  路 motor 对调  本机 137 秒
   47  没摔             追住 0/2 趟  平均   4.28 米  落后   5.77 米  最近  2.46 米  正前方   6%  静球到了 0/4 趟  走了  0.67 米  路 motor  本机 136 秒
   48  没摔             追住 1/2 趟  平均   0.93 米  落后   1.21 米  最近  0.10 米  正前方  46%  静球到了 3/4 趟  走了  3.00 米  (两边都会)  路 motor 对调  本机 138 秒
   49  没摔             追住 0/2 趟  平均   3.66 米  落后   4.83 米  最近  2.49 米  正前方  99%  静球到了 0/4 趟  走了  0.14 米  路 motor 对调  本机 141 秒
   50  没摔             追住 0/2 趟  平均   2.71 米  落后   3.39 米  最近  2.18 米  正前方 100%  静球到了 0/4 趟  走了  1.11 米  路 motor 对调  本机 139 秒
   51  没摔             追住 1/2 趟  平均   1.31 米  落后   1.84 米  最近  0.18 米  正前方 100%  静球到了 3/4 趟  走了  2.78 米  (两边都会)  路 motor 对调  本机 140 秒
   52  没摔             追住 1/2 趟  平均   2.31 米  落后   3.28 米  最近  0.67 米  正前方  23%  静球到了 1/4 趟  走了  2.86 米  路 motor 对调  本机 139 秒
   53  没摔             追住 0/2 趟  平均   3.70 米  落后   4.88 米  最近  2.49 米  正前方  22%  静球到了 0/4 趟  走了  0.91 米  路 motor  本机 140 秒
   54  没摔             追住 2/2 趟  平均   1.25 米  落后   1.08 米  最近  0.42 米  正前方 100%  静球到了 2/4 趟  走了  2.55 米  (两边都会)  路 motor 对调  本机 106 秒
   55  没摔             追住 0/2 趟  平均   3.43 米  落后   5.82 米  最近  0.80 米  正前方   9%  静球到了 2/4 趟  走了  4.89 米  路 motor 对调  本机 106 秒
   56  没摔             追住 0/2 趟  平均   3.48 米  落后   4.87 米  最近  1.33 米  正前方  51%  静球到了 1/4 趟  走了  1.31 米  路 motor 对调  本机 107 秒
   57  没摔             追住 2/2 趟  平均   1.07 米  落后   1.05 米  最近  0.15 米  正前方  97%  静球到了 2/4 趟  走了  2.76 米  (两边都会)  路 motor 对调  本机 107 秒
   58  没摔             追住 0/2 趟  平均   1.25 米  落后   1.64 米  最近  0.38 米  正前方  43%  静球到了 4/4 趟  走了  2.98 米  (两边都会)  路 motor 对调  本机 106 秒
   59  没摔             追住 1/2 趟  平均   1.44 米  落后   1.86 米  最近  0.49 米  正前方  60%  静球到了 3/4 趟  走了  3.12 米  (两边都会)  路 motor 对调  本机 109 秒
   60  倒了/没建出来        追住 0/2 趟  平均   3.73 米  落后   4.89 米  最近  2.43 米  正前方  26%  静球到了 0/4 趟  走了  0.40 米  路 motor 对调  本机 108 秒
   61  倒了/没建出来        追住 0/0 趟  平均    nan 米  落后    nan 米  最近   nan 米  正前方   0%  静球到了 0/0 趟  走了   nan 米  路 orient 对调  本机 1 秒
   62  没摔             追住 1/2 趟  平均   2.39 米  落后   3.36 米  最近  0.91 米  正前方  31%  静球到了 1/4 趟  走了  2.61 米  路 motor 对调  本机 109 秒
   63  没摔             追住 0/2 趟  平均   2.45 米  落后   3.07 米  最近  1.68 米  正前方  17%  静球到了 0/4 趟  走了  1.63 米  路 motor 对调  本机 108 秒
   64  没摔             追住 1/2 趟  平均   1.27 米  落后   1.46 米  最近  0.34 米  正前方  55%  静球到了 2/4 趟  走了  2.89 米  (两边都会)  路 motor 对调  本机 109 秒
   65  倒了/没建出来        追住 0/2 趟  平均   3.62 米  落后   4.85 米  最近  2.34 米  正前方  41%  静球到了 0/4 趟  走了  0.60 米  路 motor 对调  本机 109 秒
   66  没摔             追住 0/2 趟  平均   1.94 米  落后   2.37 米  最近  1.05 米  正前方  39%  静球到了 0/4 趟  走了  2.26 米  路 motor 对调  本机 137 秒
   67  没摔             追住 0/2 趟  平均   2.26 米  落后   3.90 米  最近  0.77 米  正前方   9%  静球到了 2/4 趟  走了  3.61 米  (两边都会)  路 motor 对调  本机 138 秒
   68  没摔             追住 0/2 趟  平均   3.47 米  落后   5.52 米  最近  1.11 米  正前方   9%  静球到了 0/4 趟  走了  3.60 米  路 orient 对调  本机 138 秒
   69  没摔             追住 0/2 趟  平均   2.68 米  落后   3.64 米  最近  1.46 米  正前方 100%  静球到了 0/4 趟  走了  1.00 米  路 motor 对调  本机 138 秒
   70  没摔             追住 0/2 趟  平均   2.31 米  落后   3.26 米  最近  1.16 米  正前方  11%  静球到了 0/4 趟  走了  3.37 米  路 motor 对调  本机 141 秒
   71  没摔             追住 0/2 趟  平均   2.10 米  落后   3.61 米  最近  0.55 米  正前方  12%  静球到了 2/4 趟  走了  3.37 米  (两边都会)  路 motor 对调  本机 136 秒
   72  没摔             追住 0/2 趟  平均   2.43 米  落后   3.44 米  最近  1.17 米  正前方  13%  静球到了 2/4 趟  走了  2.89 米  (两边都会)  路 motor 对调  本机 139 秒
   73  没摔             追住 0/2 趟  平均   4.69 米  落后   6.30 米  最近  2.50 米  正前方  97%  静球到了 0/4 趟  走了  1.09 米  路 motor 对调  本机 139 秒
   74  没摔             追住 0/2 趟  平均   2.56 米  落后   4.12 米  最近  0.46 米  正前方  11%  静球到了 2/4 趟  走了  3.16 米  路 orient  本机 139 秒
   75  没摔             追住 0/2 趟  平均   2.48 米  落后   3.77 米  最近  1.43 米  正前方   9%  静球到了 0/4 趟  走了  2.48 米  路 motor 对调  本机 139 秒
   76  倒了/没建出来        追住 0/2 趟  平均   2.98 米  落后   3.97 米  最近  1.76 米  正前方  68%  静球到了 0/4 趟  走了  1.03 米  路 motor 对调  本机 139 秒
   77  没摔             追住 0/2 趟  平均   1.79 米  落后   2.69 米  最近  0.76 米  正前方 100%  静球到了 2/4 趟  走了  2.37 米  (两边都会)  路 motor 对调  本机 137 秒
   78  没摔             追住 1/2 趟  平均   1.80 米  落后   2.28 米  最近  0.71 米  正前方 100%  静球到了 0/4 趟  走了  2.37 米  路 motor 对调  本机 140 秒
   79  没摔             追住 0/2 趟  平均   3.86 米  落后   5.02 米  最近  2.50 米  正前方  52%  静球到了 0/4 趟  走了  0.50 米  路 orient 对调  本机 105 秒
   80  没摔             追住 1/2 趟  平均   1.14 米  落后   1.27 米  最近  0.18 米  正前方  45%  静球到了 1/4 趟  走了  2.82 米  路 motor 对调  本机 104 秒
   81  没摔             追住 0/2 趟  平均   2.88 米  落后   5.04 米  最近  0.81 米  正前方  10%  静球到了 2/4 趟  走了  4.30 米  路 motor 对调  本机 104 秒
   82  没摔             追住 1/2 趟  平均   1.50 米  落后   2.36 米  最近  0.03 米  正前方  20%  静球到了 2/4 趟  走了  3.27 米  (两边都会)  路 motor 对调  本机 106 秒
   83  没摔             追住 0/2 趟  平均   1.61 米  落后   1.72 米  最近  0.97 米  正前方 100%  静球到了 1/4 趟  走了  2.21 米  路 motor 对调  本机 106 秒
   84  倒了/没建出来        追住 0/0 趟  平均    nan 米  落后    nan 米  最近   nan 米  正前方   0%  静球到了 0/0 趟  走了   nan 米  路 orient 对调  本机 2 秒
   85  倒了/没建出来        追住 0/2 趟  平均   3.38 米  落后   4.46 米  最近  2.42 米  正前方  57%  静球到了 0/4 趟  走了  1.26 米  路 motor 对调  本机 108 秒
   86  没摔             追住 0/2 趟  平均   1.86 米  落后   2.71 米  最近  0.67 米  正前方 100%  静球到了 1/4 趟  走了  2.23 米  路 motor 对调  本机 110 秒
   87  倒了/没建出来        追住 0/2 趟  平均   2.93 米  落后   4.04 米  最近  1.59 米  正前方  85%  静球到了 0/4 趟  走了  0.95 米  路 motor 对调  本机 109 秒
   88  没摔             追住 2/2 趟  平均   1.03 米  落后   0.81 米  最近  0.25 米  正前方  79%  静球到了 2/4 趟  走了  2.74 米  (两边都会)  路 motor 对调  本机 109 秒
   89  没摔             追住 1/2 趟  平均   1.51 米  落后   1.00 米  最近  0.31 米  正前方 100%  静球到了 0/4 趟  走了  1.72 米  路 motor 对调  本机 108 秒
   90  倒了/没建出来        追住 0/2 趟  平均   1.93 米  落后   2.24 米  最近  1.19 米  正前方  81%  静球到了 1/4 趟  走了  1.61 米  路 motor 对调  本机 108 秒
   91  没摔             追住 0/2 趟  平均   1.82 米  落后   2.43 米  最近  0.76 米  正前方  27%  静球到了 1/4 趟  走了  2.73 米  路 motor 对调  本机 138 秒
   92  倒了/没建出来        追住 0/0 趟  平均    nan 米  落后    nan 米  最近   nan 米  正前方   0%  静球到了 0/0 趟  走了   nan 米  路 motor 对调  本机 1 秒
   93  倒了/没建出来        追住 0/2 趟  平均   3.53 米  落后   4.66 米  最近  2.45 米  正前方  39%  静球到了 0/4 趟  走了  0.93 米  路 motor 对调  本机 138 秒
   94  没摔             追住 0/2 趟  平均   2.77 米  落后   3.79 米  最近  1.50 米  正前方  20%  静球到了 0/4 趟  走了  0.90 米  路 motor 对调  本机 137 秒
   95  没摔             追住 0/2 趟  平均   3.89 米  落后   5.18 米  最近  2.49 米  正前方 100%  静球到了 0/4 趟  走了  0.19 米  路 motor 对调  本机 137 秒
   96  倒了/没建出来        追住 0/0 趟  平均    nan 米  落后    nan 米  最近   nan 米  正前方   0%  静球到了 0/0 趟  走了   nan 米  路 motor  本机 1 秒
   97  没摔             追住 2/2 趟  平均   1.08 米  落后   1.06 米  最近  0.20 米  正前方  64%  静球到了 3/4 趟  走了  2.99 米  (两边都会)  路 motor 对调  本机 140 秒
   98  倒了/没建出来        追住 0/0 趟  平均    nan 米  落后    nan 米  最近   nan 米  正前方   0%  静球到了 0/0 趟  走了   nan 米  路 motor 对调  本机 1 秒
   99  倒了/没建出来        追住 0/0 趟  平均    nan 米  落后    nan 米  最近   nan 米  正前方   0%  静球到了 0/0 趟  走了   nan 米  路 motor  本机 1 秒
  100  没摔             追住 0/2 趟  平均   1.68 米  落后   2.21 米  最近  0.77 米  正前方 100%  静球到了 1/4 趟  走了  2.25 米  路 motor 对调  本机 140 秒
  101  没摔             追住 0/2 趟  平均   4.53 米  落后   6.92 米  最近  1.70 米  正前方   6%  静球到了 0/4 趟  走了  3.26 米  路 motor  本机 139 秒
  102  没摔             追住 0/2 趟  平均   3.94 米  落后   6.10 米  最近  2.11 米  正前方   5%  静球到了 0/4 趟  走了  2.76 米  路 motor  本机 136 秒
  103  没摔             追住 0/2 趟  平均   3.94 米  落后   6.33 米  最近  1.41 米  正前方   7%  静球到了 0/4 趟  走了  3.86 米  路 motor  本机 139 秒
  104  没摔             追住 0/2 趟  平均   3.06 米  落后   4.90 米  最近  1.53 米  正前方   7%  静球到了 0/4 趟  走了  3.55 米  路 orient 对调  本机 138 秒
  105  没摔             追住 1/2 趟  平均   1.39 米  落后   1.70 米  最近  0.58 米  正前方  61%  静球到了 2/4 趟  走了  2.66 米  (两边都会)  路 motor 对调  本机 138 秒
  106  没摔             追住 0/2 趟  平均   2.82 米  落后   4.39 米  最近  1.04 米  正前方  10%  静球到了 0/4 趟  走了  3.09 米  路 orient 对调  本机 138 秒
  107  倒了/没建出来        追住 0/2 趟  平均   4.18 米  落后   4.98 米  最近  2.39 米  正前方  61%  静球到了 0/4 趟  走了  0.84 米  路 motor 对调  本机 141 秒
  108  没摔             追住 0/2 趟  平均   2.64 米  落后   4.34 米  最近  1.18 米  正前方   8%  静球到了 1/4 趟  走了  3.80 米  路 motor 对调  本机 104 秒
  109  倒了/没建出来        追住 0/0 趟  平均    nan 米  落后    nan 米  最近   nan 米  正前方   0%  静球到了 0/0 趟  走了   nan 米  路 motor 对调  本机 1 秒
  110  没摔             追住 0/2 趟  平均   2.00 米  落后   2.83 米  最近  0.90 米  正前方  60%  静球到了 1/4 趟  走了  2.43 米  路 motor 对调  本机 106 秒
  111  没摔             追住 0/2 趟  平均   3.40 米  落后   4.16 米  最近  2.19 米  正前方  43%  静球到了 0/4 趟  走了  0.85 米  路 motor 对调  本机 106 秒
  112  倒了/没建出来        追住 0/2 趟  平均   3.99 米  落后   5.17 米  最近  2.40 米  正前方  51%  静球到了 0/4 趟  走了  0.51 米  路 motor 对调  本机 108 秒
  113  没摔             追住 0/2 趟  平均   2.15 米  落后   3.01 米  最近  1.20 米  正前方 100%  静球到了 1/4 趟  走了  2.36 米  路 motor 对调  本机 106 秒
  114  没摔             追住 0/2 趟  平均   2.77 米  落后   4.35 米  最近  1.40 米  正前方   8%  静球到了 0/4 趟  走了  3.13 米  路 orient 对调  本机 107 秒
  115  倒了/没建出来        追住 0/2 趟  平均   4.09 米  落后   5.55 米  最近  2.34 米  正前方  15%  静球到了 0/4 趟  走了  0.91 米  路 motor 对调  本机 107 秒
  116  倒了/没建出来        追住 0/2 趟  平均   3.22 米  落后   4.31 米  最近  1.99 米  正前方  44%  静球到了 0/4 趟  走了  0.78 米  路 motor 对调  本机 108 秒
  117  没摔             追住 0/2 趟  平均   3.12 米  落后   3.98 米  最近  2.48 米  正前方  51%  静球到了 0/4 趟  走了  0.78 米  路 orient 对调  本机 110 秒
  118  没摔             追住 0/2 趟  平均   2.44 米  落后   2.97 米  最近  1.88 米  正前方 100%  静球到了 0/4 趟  走了  1.27 米  路 motor 对调  本机 109 秒
  119  没摔             追住 0/2 趟  平均   1.97 米  落后   3.66 米  最近  0.48 米  正前方  18%  静球到了 4/4 趟  走了  3.46 米  (两边都会)  路 motor 对调  本机 108 秒
  120  没摔             追住 0/2 趟  平均   1.65 米  落后   2.07 米  最近  0.68 米  正前方 100%  静球到了 2/4 趟  走了  2.44 米  (两边都会)  路 motor 对调  本机 106 秒
  121  倒了/没建出来        追住 0/2 趟  平均   3.96 米  落后   5.30 米  最近  2.43 米  正前方  68%  静球到了 0/4 趟  走了  0.50 米  路 motor 对调  本机 107 秒
  122  没摔             追住 0/2 趟  平均   3.93 米  落后   5.23 米  最近  2.49 米  正前方  90%  静球到了 0/4 趟  走了  0.18 米  路 motor 对调  本机 106 秒
  123  倒了/没建出来        追住 0/2 趟  平均   3.99 米  落后   5.50 米  最近  2.33 米  正前方  20%  静球到了 0/4 趟  走了  0.67 米  路 motor 对调  本机 107 秒
  124  没摔             追住 0/2 趟  平均   2.73 米  落后   4.28 米  最近  1.40 米  正前方   8%  静球到了 0/4 趟  走了  3.12 米  路 orient 对调  本机 107 秒
  125  倒了/没建出来        追住 0/0 趟  平均    nan 米  落后    nan 米  最近   nan 米  正前方   0%  静球到了 0/0 趟  走了   nan 米  路 motor 对调  本机 1 秒
  126  没摔             追住 0/2 趟  平均   3.06 米  落后   4.83 米  最近  1.03 米  正前方  10%  静球到了 0/4 趟  走了  3.24 米  路 motor 对调  本机 108 秒
  127  没摔             追住 2/2 趟  平均   1.10 米  落后   1.30 米  最近  0.16 米  正前方  95%  静球到了 4/4 趟  走了  2.88 米  (两边都会)  路 motor 对调  本机 107 秒
  128  倒了/没建出来        追住 0/2 趟  平均   3.80 米  落后   5.14 米  最近  2.35 米  正前方  23%  静球到了 0/4 趟  走了  0.34 米  路 motor 对调  本机 136 秒
  129  没摔             追住 0/2 趟  平均   2.24 米  落后   2.68 米  最近  1.46 米  正前方  57%  静球到了 0/4 趟  走了  1.79 米  路 motor 对调  本机 108 秒
  130  没摔             追住 0/2 趟  平均   2.10 米  落后   3.71 米  最近  0.68 米  正前方  10%  静球到了 4/4 趟  走了  3.56 米  (两边都会)  路 motor 对调  本机 107 秒
  131  倒了/没建出来        追住 0/0 趟  平均    nan 米  落后    nan 米  最近   nan 米  正前方   0%  静球到了 0/0 趟  走了   nan 米  路 motor 对调  本机 1 秒
  132  倒了/没建出来        追住 0/0 趟  平均    nan 米  落后    nan 米  最近   nan 米  正前方   0%  静球到了 0/0 趟  走了   nan 米  路 motor 对调  本机 1 秒
  133  倒了/没建出来        追住 0/2 趟  平均   3.78 米  落后   5.04 米  最近  2.43 米  正前方  17%  静球到了 0/4 趟  走了  1.09 米  路 motor 对调  本机 108 秒
  134  倒了/没建出来        追住 0/0 趟  平均    nan 米  落后    nan 米  最近   nan 米  正前方   0%  静球到了 0/0 趟  走了   nan 米  路 motor 对调  本机 1 秒
  135  倒了/没建出来        追住 0/0 趟  平均    nan 米  落后    nan 米  最近   nan 米  正前方   0%  静球到了 0/0 趟  走了   nan 米  路 motor 对调  本机 1 秒
  136  没摔             追住 0/2 趟  平均   3.50 米  落后   4.64 米  最近  2.49 米  正前方  93%  静球到了 0/4 趟  走了  0.27 米  路 orient  本机 139 秒
  137  倒了/没建出来        追住 0/2 趟  平均   3.18 米  落后   4.04 米  最近  2.40 米  正前方  25%  静球到了 0/4 趟  走了  0.75 米  路 motor 对调  本机 108 秒
  138  没摔             追住 0/2 趟  平均   1.73 米  落后   3.11 米  最近  0.23 米  正前方  17%  静球到了 4/4 趟  走了  3.38 米  (两边都会)  路 motor 对调  本机 137 秒
  139  倒了/没建出来        追住 0/2 趟  平均   3.97 米  落后   5.28 米  最近  2.46 米  正前方  12%  静球到了 0/4 趟  走了  0.51 米  路 motor 对调  本机 137 秒
  140  没摔             追住 0/2 趟  平均   3.38 米  落后   5.48 米  最近  1.36 米  正前方   8%  静球到了 0/4 趟  走了  3.62 米  路 orient 对调  本机 136 秒
  141  倒了/没建出来        追住 0/0 趟  平均    nan 米  落后    nan 米  最近   nan 米  正前方   0%  静球到了 0/0 趟  走了   nan 米  路 orient 对调  本机 1 秒
  142  没摔             追住 0/2 趟  平均   2.25 米  落后   3.10 米  最近  0.88 米  正前方  53%  静球到了 1/4 趟  走了  2.30 米  路 motor 对调  本机 137 秒
  143  没摔             追住 0/2 趟  平均   1.43 米  落后   2.03 米  最近  0.51 米  正前方 100%  静球到了 2/4 趟  走了  2.50 米  (两边都会)  路 motor 对调  本机 138 秒
  144  没摔             追住 1/2 趟  平均   1.36 米  落后   1.48 米  最近  0.55 米  正前方 100%  静球到了 2/4 趟  走了  2.44 米  (两边都会)  路 motor 对调  本机 140 秒
  145  没摔             追住 2/2 趟  平均   1.08 米  落后   1.14 米  最近  0.31 米  正前方  97%  静球到了 2/4 趟  走了  2.76 米  (两边都会)  路 motor 对调  本机 136 秒
  146  没摔             追住 0/2 趟  平均   3.59 米  落后   5.83 米  最近  0.95 米  正前方   8%  静球到了 0/4 趟  走了  4.54 米  路 orient  本机 139 秒
  147  没摔             追住 0/2 趟  平均   2.69 米  落后   4.23 米  最近  1.07 米  正前方   9%  静球到了 0/4 趟  走了  3.13 米  路 orient 对调  本机 138 秒
  148  没摔             追住 0/2 趟  平均   2.34 米  落后   3.31 米  最近  1.30 米  正前方  97%  静球到了 0/4 趟  走了  1.51 米  路 motor 对调  本机 138 秒
  149  倒了/没建出来        追住 0/0 趟  平均    nan 米  落后    nan 米  最近   nan 米  正前方   0%  静球到了 0/0 趟  走了   nan 米  路 motor 对调  本机 1 秒
  150  没摔             追住 0/2 趟  平均   2.74 米  落后   4.85 米  最近  0.29 米  正前方  13%  静球到了 1/4 趟  走了  3.47 米  路 orient  本机 139 秒
  151  没摔             追住 0/2 趟  平均   1.49 米  落后   2.25 米  最近  0.40 米  正前方  21%  静球到了 3/4 趟  走了  3.28 米  (两边都会)  路 motor 对调  本机 105 秒
  152  倒了/没建出来        追住 0/2 趟  平均   1.33 米  落后   1.80 米  最近  0.32 米  正前方  97%  静球到了 2/4 趟  走了  2.55 米  (两边都会)  路 motor 对调  本机 106 秒
  153  没摔             追住 0/2 趟  平均   3.82 米  落后   5.07 米  最近  2.42 米  正前方   8%  静球到了 0/4 趟  走了  2.00 米  路 motor 对调  本机 105 秒
  154  没摔             追住 0/2 趟  平均   3.64 米  落后   4.84 米  最近  2.47 米  正前方 100%  静球到了 0/4 趟  走了  0.10 米  路 motor 对调  本机 108 秒
  155  倒了/没建出来        追住 0/2 趟  平均   4.01 米  落后   5.17 米  最近  2.38 米  正前方  49%  静球到了 0/4 趟  走了  1.32 米  路 motor 对调  本机 107 秒
  156  没摔             追住 0/2 趟  平均   3.11 米  落后   5.02 米  最近  1.42 米  正前方   7%  静球到了 0/4 趟  走了  3.72 米  路 orient 对调  本机 107 秒
  157  没摔             追住 0/2 趟  平均   1.82 米  落后   2.61 米  最近  0.54 米  正前方  17%  静球到了 2/4 趟  走了  3.04 米  路 motor 对调  本机 108 秒
  158  倒了/没建出来        追住 0/2 趟  平均   4.38 米  落后   5.68 米  最近  2.37 米  正前方  12%  静球到了 0/4 趟  走了  0.78 米  路 motor 对调  本机 108 秒
  159  没摔             追住 0/2 趟  平均   3.34 米  落后   5.59 米  最近  1.04 米  正前方   8%  静球到了 1/4 趟  走了  4.42 米  路 motor 对调  本机 108 秒
  160  没摔             追住 0/2 趟  平均   1.76 米  落后   3.07 米  最近  0.32 米  正前方  14%  静球到了 3/4 趟  走了  3.40 米  (两边都会)  路 motor 对调  本机 108 秒
  161  倒了/没建出来        追住 0/2 趟  平均   2.66 米  落后   3.80 米  最近  0.46 米  正前方  51%  静球到了 0/4 趟  走了  1.26 米  路 motor 对调  本机 109 秒
  162  没摔             追住 0/2 趟  平均   3.50 米  落后   5.76 米  最近  1.06 米  正前方   8%  静球到了 0/4 趟  走了  4.22 米  路 motor 对调  本机 135 秒
  163  倒了/没建出来        追住 0/0 趟  平均    nan 米  落后    nan 米  最近   nan 米  正前方   0%  静球到了 0/0 趟  走了   nan 米  路 motor 对调  本机 1 秒
  164  没摔             追住 2/2 趟  平均   1.28 米  落后   1.34 米  最近  0.29 米  正前方 100%  静球到了 3/4 趟  走了  2.50 米  (两边都会)  路 motor 对调  本机 140 秒
  165  倒了/没建出来        追住 0/0 趟  平均    nan 米  落后    nan 米  最近   nan 米  正前方   0%  静球到了 0/0 趟  走了   nan 米  路 motor 对调  本机 1 秒
  166  没摔             追住 0/2 趟  平均   1.64 米  落后   2.47 米  最近  0.47 米  正前方  99%  静球到了 1/4 趟  走了  2.37 米  路 motor 对调  本机 139 秒
  167  倒了/没建出来        追住 0/0 趟  平均    nan 米  落后    nan 米  最近   nan 米  正前方   0%  静球到了 0/0 趟  走了   nan 米  路 motor 对调  本机 1 秒
  168  没摔             追住 0/2 趟  平均   1.87 米  落后   2.74 米  最近  0.69 米  正前方 100%  静球到了 1/4 趟  走了  2.31 米  路 motor 对调  本机 139 秒
  169  没摔             追住 0/2 趟  平均   3.71 米  落后   6.09 米  最近  0.94 米  正前方   8%  静球到了 3/4 趟  走了  5.41 米  (两边都会)  路 motor 对调  本机 137 秒
  170  没摔             追住 0/2 趟  平均   1.95 米  落后   2.97 米  最近  0.78 米  正前方  11%  静球到了 2/4 趟  走了  2.75 米  路 motor 对调  本机 139 秒
  171  没摔             追住 1/2 趟  平均   1.66 米  落后   2.30 米  最近  0.36 米  正前方  98%  静球到了 0/4 趟  走了  1.14 米  路 motor 对调  本机 136 秒
  172  没摔             追住 0/2 趟  平均   2.68 米  落后   4.18 米  最近  1.34 米  正前方   9%  静球到了 0/4 趟  走了  3.12 米  路 motor 对调  本机 139 秒
  173  没摔             追住 0/2 趟  平均   1.17 米  落后   1.55 米  最近  0.19 米  正前方  50%  静球到了 3/4 趟  走了  3.02 米  (两边都会)  路 motor 对调  本机 137 秒
  174  倒了/没建出来        追住 0/0 趟  平均    nan 米  落后    nan 米  最近   nan 米  正前方   0%  静球到了 0/0 趟  走了   nan 米  路 orient 对调  本机 1 秒
  175  没摔             追住 0/2 趟  平均   2.76 米  落后   3.38 米  最近  2.09 米  正前方  27%  静球到了 0/4 趟  走了  1.23 米  路 motor 对调  本机 140 秒
  176  没摔             追住 1/2 趟  平均   1.25 米  落后   1.43 米  最近  0.22 米  正前方  44%  静球到了 2/4 趟  走了  2.77 米  (两边都会)  路 motor 对调  本机 137 秒
  177  没摔             追住 2/2 趟  平均   1.30 米  落后   1.25 米  最近  0.52 米  正前方  95%  静球到了 2/4 趟  走了  2.73 米  (两边都会)  路 motor 对调  本机 137 秒
  178  没摔             追住 0/2 趟  平均   1.49 米  落后   2.58 米  最近  0.04 米  正前方  22%  静球到了 4/4 趟  走了  3.28 米  (两边都会)  路 motor 对调  本机 140 秒
  179  没摔             追住 1/2 趟  平均   1.64 米  落后   2.23 米  最近  0.05 米  正前方  30%  静球到了 0/4 趟  走了  2.88 米  路 motor 对调  本机 106 秒
  180  没摔             追住 0/2 趟  平均   1.53 米  落后   1.61 米  最近  0.89 米  正前方 100%  静球到了 2/4 趟  走了  2.37 米  (两边都会)  路 motor 对调  本机 105 秒
  181  倒了/没建出来        追住 0/2 趟  平均   3.67 米  落后   4.88 米  最近  2.25 米  正前方  55%  静球到了 0/4 趟  走了  0.85 米  路 motor  本机 106 秒
  182  倒了/没建出来        追住 0/2 趟  平均   3.65 米  落后   4.79 米  最近  2.48 米  正前方  98%  静球到了 0/4 趟  走了  1.52 米  路 motor 对调  本机 109 秒
  183  没摔             追住 0/2 趟  平均   1.55 米  落后   3.19 米  最近  0.08 米  正前方  23%  静球到了 4/4 趟  走了  3.62 米  (两边都会)  路 motor 对调  本机 105 秒
  184  倒了/没建出来        追住 0/0 趟  平均    nan 米  落后    nan 米  最近   nan 米  正前方   0%  静球到了 0/0 趟  走了   nan 米  路 motor  本机 2 秒
  185  倒了/没建出来        追住 0/2 趟  平均   2.85 米  落后   3.98 米  最近  1.38 米  正前方   9%  静球到了 0/4 趟  走了  1.96 米  路 motor  本机 109 秒
  186  没摔             追住 0/2 趟  平均   2.61 米  落后   3.10 米  最近  1.99 米  正前方 100%  静球到了 0/4 趟  走了  1.24 米  路 motor 对调  本机 107 秒
  187  没摔             追住 0/2 趟  平均   1.67 米  落后   2.93 米  最近  0.17 米  正前方  18%  静球到了 4/4 趟  走了  3.45 米  (两边都会)  路 motor 对调  本机 107 秒
  188  倒了/没建出来        追住 0/2 趟  平均   3.85 米  落后   5.06 米  最近  2.45 米  正前方  62%  静球到了 0/4 趟  走了  0.96 米  路 motor 对调  本机 110 秒
  189  倒了/没建出来        追住 0/2 趟  平均   4.75 米  落后   6.53 米  最近  2.43 米  正前方  63%  静球到了 0/4 趟  走了  0.34 米  路 motor 对调  本机 108 秒
  190  没摔             追住 2/2 趟  平均   1.24 米  落后   0.81 米  最近  0.59 米  正前方  99%  静球到了 2/4 趟  走了  2.54 米  (两边都会)  路 motor 对调  本机 107 秒
  191  没摔             追住 0/2 趟  平均   3.83 米  落后   5.59 米  最近  2.22 米  正前方   5%  静球到了 0/4 趟  走了  2.62 米  路 motor  本机 135 秒
  192  倒了/没建出来        追住 0/0 趟  平均    nan 米  落后    nan 米  最近   nan 米  正前方   0%  静球到了 0/0 趟  走了   nan 米  路 motor 对调  本机 1 秒
  193  没摔             追住 0/2 趟  平均   6.01 米  落后   9.46 米  最近  1.09 米  正前方   7%  静球到了 0/4 趟  走了  6.19 米  路 motor 对调  本机 135 秒
  194  倒了/没建出来        追住 0/2 趟  平均   3.11 米  落后   4.05 米  最近  2.13 米  正前方  52%  静球到了 0/4 趟  走了  1.30 米  路 motor 对调  本机 137 秒
  195  倒了/没建出来        追住 0/0 趟  平均    nan 米  落后    nan 米  最近   nan 米  正前方   0%  静球到了 0/0 趟  走了   nan 米  路 motor 对调  本机 1 秒
  196  没摔             追住 0/2 趟  平均   3.68 米  落后   4.94 米  最近  2.47 米  正前方 100%  静球到了 0/4 趟  走了  0.15 米  路 motor 对调  本机 139 秒
  197  倒了/没建出来        追住 0/2 趟  平均   4.03 米  落后   5.51 米  最近  2.49 米  正前方  58%  静球到了 0/4 趟  走了  0.08 米  路 motor 对调  本机 136 秒
  198  没摔             追住 1/2 趟  平均   1.61 米  落后   2.11 米  最近  0.11 米  正前方  48%  静球到了 1/4 趟  走了  3.08 米  路 motor 对调  本机 136 秒
  199  没摔             追住 0/2 趟  平均   1.99 米  落后   2.90 米  最近  0.94 米  正前方 100%  静球到了 1/4 趟  走了  1.93 米  路 motor 对调  本机 136 秒
  200  没摔             追住 0/2 趟  平均   1.78 米  落后   2.54 米  最近  0.51 米  正前方  78%  静球到了 2/4 趟  走了  2.63 米  (两边都会)  路 motor 对调  本机 139 秒
  201  倒了/没建出来        追住 0/2 趟  平均   3.41 米  落后   4.56 米  最近  2.35 米  正前方  11%  静球到了 0/4 趟  走了  1.01 米  路 motor 对调  本机 138 秒
  202  没摔             追住 0/2 趟  平均   5.46 米  落后   8.45 米  最近  1.25 米  正前方   7%  静球到了 0/4 趟  走了  5.20 米  路 motor  本机 138 秒
  203  没摔             追住 0/2 趟  平均   2.83 米  落后   4.37 米  最近  1.36 米  正前方   8%  静球到了 0/4 趟  走了  3.42 米  路 orient  本机 139 秒
  204  倒了/没建出来        追住 0/0 趟  平均    nan 米  落后    nan 米  最近   nan 米  正前方   0%  静球到了 0/0 趟  走了   nan 米  路 motor  本机 1 秒
  205  没摔             追住 0/2 趟  平均   2.04 米  落后   3.57 米  最近  0.56 米  正前方  11%  静球到了 3/4 趟  走了  3.61 米  (两边都会)  路 motor 对调  本机 136 秒
  206  倒了/没建出来        追住 0/2 趟  平均   3.29 米  落后   4.41 米  最近  2.25 米  正前方  10%  静球到了 0/4 趟  走了  0.76 米  路 motor 对调  本机 139 秒
  207  没摔             追住 0/2 趟  平均   2.95 米  落后   4.94 米  最近  1.06 米  正前方   8%  静球到了 0/4 趟  走了  3.67 米  路 motor 对调  本机 106 秒
  208  没摔             追住 0/2 趟  平均   2.89 米  落后   3.55 米  最近  2.39 米  正前方 100%  静球到了 0/4 趟  走了  0.81 米  路 motor 对调  本机 105 秒
  209  没摔             追住 2/2 趟  平均   1.08 米  落后   1.18 米  最近  0.17 米  正前方  72%  静球到了 2/4 趟  走了  2.73 米  (两边都会)  路 motor 对调  本机 105 秒
  210  没摔             追住 1/2 趟  平均   1.36 米  落后   2.36 米  最近  0.10 米  正前方  36%  静球到了 4/4 趟  走了  3.19 米  (两边都会)  路 motor 对调  本机 106 秒
  211  倒了/没建出来        追住 0/0 趟  平均    nan 米  落后    nan 米  最近   nan 米  正前方   0%  静球到了 0/0 趟  走了   nan 米  路 motor 对调  本机 1 秒
  212  倒了/没建出来        追住 0/2 趟  平均   3.57 米  落后   5.02 米  最近  2.32 米  正前方  18%  静球到了 0/4 趟  走了  0.75 米  路 motor 对调  本机 105 秒
  213  没摔             追住 0/2 趟  平均   1.88 米  落后   2.26 米  最近  1.13 米  正前方  96%  静球到了 2/4 趟  走了  1.87 米  (两边都会)  路 motor 对调  本机 109 秒
  214  倒了/没建出来        追住 0/2 趟  平均   3.76 米  落后   4.88 米  最近  2.28 米  正前方  57%  静球到了 0/4 趟  走了  0.77 米  路 motor  本机 108 秒
  215  没摔             追住 2/2 趟  平均   1.08 米  落后   0.58 米  最近  0.19 米  正前方  94%  静球到了 2/4 趟  走了  2.75 米  (两边都会)  路 motor 对调  本机 108 秒
  216  倒了/没建出来        追住 0/0 趟  平均    nan 米  落后    nan 米  最近   nan 米  正前方   0%  静球到了 0/0 趟  走了   nan 米  路 motor  本机 1 秒
  217  没摔             追住 1/2 趟  平均   0.89 米  落后   0.86 米  最近  0.01 米  正前方  53%  静球到了 4/4 趟  走了  3.08 米  (两边都会)  路 motor 对调  本机 107 秒
  218  倒了/没建出来        追住 0/2 趟  平均   1.66 米  落后   2.33 米  最近  0.53 米  正前方  38%  静球到了 2/4 趟  走了  1.98 米  (两边都会)  路 motor 对调  本机 109 秒
  219  倒了/没建出来        追住 0/0 趟  平均    nan 米  落后    nan 米  最近   nan 米  正前方   0%  静球到了 0/0 趟  走了   nan 米  路 motor  本机 2 秒
  220  没摔             追住 1/2 趟  平均   1.21 米  落后   1.28 米  最近  0.17 米  正前方  84%  静球到了 2/4 趟  走了  2.64 米  (两边都会)  路 motor 对调  本机 109 秒
  221  没摔             追住 0/2 趟  平均   3.15 米  落后   5.08 米  最近  1.26 米  正前方   8%  静球到了 0/4 趟  走了  3.71 米  路 orient 对调  本机 137 秒
  222  没摔             追住 0/2 趟  平均   4.24 米  落后   6.45 米  最近  2.01 米  正前方   5%  静球到了 0/4 趟  走了  3.12 米  路 motor  本机 109 秒
  223  没摔             追住 0/2 趟  平均   4.41 米  落后   6.89 米  最近  1.56 米  正前方   7%  静球到了 0/4 趟  走了  3.79 米  路 motor  本机 108 秒
  224  倒了/没建出来        追住 0/0 趟  平均    nan 米  落后    nan 米  最近   nan 米  正前方   0%  静球到了 0/0 趟  走了   nan 米  路 motor 对调  本机 1 秒
  225  没摔             追住 2/2 趟  平均   1.01 米  落后   1.00 米  最近  0.26 米  正前方  82%  静球到了 4/4 趟  走了  2.85 米  (两边都会)  路 motor 对调  本机 109 秒
  226  倒了/没建出来        追住 0/0 趟  平均    nan 米  落后    nan 米  最近   nan 米  正前方   0%  静球到了 0/0 趟  走了   nan 米  路 motor 对调  本机 2 秒
  227  没摔             追住 2/2 趟  平均   1.44 米  落后   1.26 米  最近  0.78 米  正前方  92%  静球到了 2/4 趟  走了  2.26 米  (两边都会)  路 motor 对调  本机 108 秒
  228  没摔             追住 0/2 趟  平均   3.10 米  落后   3.99 米  最近  2.49 米  正前方  99%  静球到了 0/4 趟  走了  0.63 米  路 motor 对调  本机 133 秒
  229  倒了/没建出来        追住 0/0 趟  平均    nan 米  落后    nan 米  最近   nan 米  正前方   0%  静球到了 0/0 趟  走了   nan 米  路 orient 对调  本机 1 秒
  230  没摔             追住 0/2 趟  平均   1.61 米  落后   2.09 米  最近  0.69 米  正前方  53%  静球到了 2/4 趟  走了  2.49 米  (两边都会)  路 motor 对调  本机 134 秒
  231  没摔             追住 0/2 趟  平均   1.78 米  落后   2.74 米  最近  0.66 米  正前方  43%  静球到了 2/4 趟  走了  2.93 米  (两边都会)  路 motor 对调  本机 133 秒
  232  没摔             追住 0/2 趟  平均   2.24 米  落后   2.98 米  最近  1.10 米  正前方  18%  静球到了 0/4 趟  走了  2.47 米  路 motor 对调  本机 133 秒
  233  倒了/没建出来        追住 0/0 趟  平均    nan 米  落后    nan 米  最近   nan 米  正前方   0%  静球到了 0/0 趟  走了   nan 米  路 motor 对调  本机 1 秒
  234  没摔             追住 1/2 趟  平均   1.48 米  落后   2.42 米  最近  0.20 米  正前方  42%  静球到了 4/4 趟  走了  3.29 米  (两边都会)  路 motor 对调  本机 110 秒
  235  没摔             追住 0/2 趟  平均   2.57 米  落后   3.25 米  最近  1.99 米  正前方 100%  静球到了 0/4 趟  走了  1.11 米  路 motor 对调  本机 134 秒
  236  没摔             追住 2/2 趟  平均   0.96 米  落后   0.83 米  最近  0.07 米  正前方  97%  静球到了 4/4 趟  走了  3.12 米  (两边都会)  路 motor 对调  本机 134 秒
  237  倒了/没建出来        追住 0/2 趟  平均   4.20 米  落后   5.41 米  最近  2.45 米  正前方  23%  静球到了 0/4 趟  走了  0.67 米  路 motor 对调  本机 138 秒
  238  没摔             追住 0/2 趟  平均   3.37 米  落后   4.35 米  最近  2.16 米  正前方  28%  静球到了 0/4 趟  走了  2.05 米  路 motor 对调  本机 135 秒
  239  倒了/没建出来        追住 0/2 趟  平均   4.57 米  落后   6.12 米  最近  2.47 米  正前方   2%  静球到了 0/4 趟  走了  0.84 米  路 motor  本机 136 秒
  240  没摔             追住 0/2 趟  平均   1.98 米  落后   2.91 米  最近  0.91 米  正前方  99%  静球到了 2/4 趟  走了  2.03 米  (两边都会)  路 motor 对调  本机 138 秒
  241  倒了/没建出来        追住 0/2 趟  平均   3.09 米  落后   4.27 米  最近  1.83 米  正前方  56%  静球到了 0/4 趟  走了  1.45 米  路 motor 对调  本机 136 秒
  242  没摔             追住 0/2 趟  平均   1.77 米  落后   2.55 米  最近  0.85 米  正前方  15%  静球到了 2/4 趟  走了  3.13 米  (两边都会)  路 motor 对调  本机 108 秒
  243  没摔             追住 0/2 趟  平均   1.79 米  落后   3.34 米  最近  0.38 米  正前方  17%  静球到了 3/4 趟  走了  3.48 米  (两边都会)  路 motor 对调  本机 111 秒
  244  倒了/没建出来        追住 0/0 趟  平均    nan 米  落后    nan 米  最近   nan 米  正前方   0%  静球到了 0/0 趟  走了   nan 米  路 motor 对调  本机 1 秒
  245  没摔             追住 0/2 趟  平均   3.00 米  落后   3.90 米  最近  1.94 米  正前方  22%  静球到了 0/4 趟  走了  1.40 米  路 motor 对调  本机 110 秒
  246  没摔             追住 0/2 趟  平均   2.30 米  落后   4.33 米  最近  0.35 米  正前方  12%  静球到了 4/4 趟  走了  4.27 米  (两边都会)  路 motor 对调  本机 111 秒
  247  没摔             追住 0/2 趟  平均   2.92 米  落后   4.65 米  最近  1.37 米  正前方   8%  静球到了 0/4 趟  走了  3.65 米  路 orient  本机 135 秒
  248  没摔             追住 1/2 趟  平均   1.24 米  落后   1.32 米  最近  0.36 米  正前方  77%  静球到了 2/4 趟  走了  2.75 米  (两边都会)  路 motor 对调  本机 110 秒
  249  倒了/没建出来        追住 0/2 趟  平均   4.22 米  落后   5.79 米  最近  2.49 米  正前方   3%  静球到了 0/4 趟  走了  1.22 米  路 motor  本机 109 秒
  250  倒了/没建出来        追住 0/0 趟  平均    nan 米  落后    nan 米  最近   nan 米  正前方   0%  静球到了 0/0 趟  走了   nan 米  路 motor 对调  本机 1 秒
  251  没摔             追住 0/2 趟  平均   2.65 米  落后   4.15 米  最近  1.32 米  正前方   9%  静球到了 0/4 趟  走了  3.11 米  路 motor 对调  本机 106 秒
  252  没摔             追住 0/2 趟  平均   2.95 米  落后   3.76 米  最近  2.07 米  正前方  98%  静球到了 0/4 趟  走了  1.04 米  路 motor 对调  本机 106 秒
  253  没摔             追住 0/2 趟  平均   2.30 米  落后   4.07 米  最近  1.02 米  正前方  12%  静球到了 1/4 趟  走了  3.33 米  路 motor 对调  本机 106 秒
  254  没摔             追住 0/2 趟  平均   3.08 米  落后   3.93 米  最近  2.48 米  正前方 100%  静球到了 0/4 趟  走了  0.66 米  路 motor 对调  本机 108 秒
  255  没摔             追住 0/2 趟  平均   4.39 米  落后   5.88 米  最近  2.49 米  正前方  57%  静球到了 0/4 趟  走了  0.68 米  路 motor 对调  本机 107 秒
  256  没摔             追住 0/2 趟  平均   3.81 米  落后   5.50 米  最近  1.88 米  正前方  10%  静球到了 0/4 趟  走了  1.93 米  路 motor 对调  本机 108 秒
  257  没摔             追住 0/2 趟  平均   4.56 米  落后   5.94 米  最近  2.48 米  正前方  93%  静球到了 0/4 趟  走了  0.83 米  路 motor 对调  本机 137 秒
  258  没摔             追住 0/2 趟  平均   3.54 米  落后   4.89 米  最近  2.35 米  正前方   3%  静球到了 0/4 趟  走了  2.39 米  路 motor  本机 107 秒
  259  没摔             追住 0/2 趟  平均   3.37 米  落后   4.54 米  最近  2.37 米  正前方  22%  静球到了 0/4 趟  走了  0.62 米  路 motor 对调  本机 108 秒
  260  没摔             追住 0/2 趟  平均   3.20 米  落后   5.18 米  最近  1.37 米  正前方   8%  静球到了 0/4 趟  走了  3.85 米  路 orient 对调  本机 108 秒
  261  没摔             追住 0/2 趟  平均   1.60 米  落后   2.36 米  最近  0.36 米  正前方  33%  静球到了 3/4 趟  走了  3.27 米  (两边都会)  路 motor 对调  本机 110 秒
  262  倒了/没建出来        追住 0/0 趟  平均    nan 米  落后    nan 米  最近   nan 米  正前方   0%  静球到了 0/0 趟  走了   nan 米  路 motor 对调  本机 1 秒
  263  倒了/没建出来        追住 0/0 趟  平均    nan 米  落后    nan 米  最近   nan 米  正前方   0%  静球到了 0/0 趟  走了   nan 米  路 motor 对调  本机 1 秒
  264  没摔             追住 0/2 趟  平均   4.34 米  落后   5.70 米  最近  2.50 米  正前方   4%  静球到了 0/4 趟  走了  0.84 米  路 motor  本机 108 秒
  265  没摔             追住 0/2 趟  平均   4.19 米  落后   5.50 米  最近  2.49 米  正前方 100%  静球到了 0/4 趟  走了  0.61 米  路 motor 对调  本机 139 秒
  266  没摔             追住 0/2 趟  平均   1.82 米  落后   2.31 米  最近  0.97 米  正前方  19%  静球到了 1/4 趟  走了  2.59 米  路 motor 对调  本机 139 秒
  267  没摔             追住 0/2 趟  平均   2.44 米  落后   3.29 米  最近  1.41 米  正前方 100%  静球到了 0/4 趟  走了  1.87 米  路 motor 对调  本机 140 秒
  268  没摔             追住 0/2 趟  平均   2.19 米  落后   4.51 米  最近  0.26 米  正前方  17%  静球到了 4/4 趟  走了  3.73 米  (两边都会)  路 motor 对调  本机 136 秒
  269  没摔             追住 0/2 趟  平均   2.44 米  落后   3.13 米  最近  1.41 米  正前方  54%  静球到了 0/4 趟  走了  1.61 米  路 motor 对调  本机 139 秒
  270  没摔             追住 1/2 趟  平均   1.22 米  落后   1.71 米  最近  0.22 米  正前方  81%  静球到了 2/4 趟  走了  2.74 米  (两边都会)  路 motor 对调  本机 139 秒
  271  没摔             追住 0/2 趟  平均   2.91 米  落后   4.72 米  最近  1.34 米  正前方   8%  静球到了 0/4 趟  走了  3.49 米  路 orient 对调  本机 137 秒
  272  没摔             追住 2/2 趟  平均   0.96 米  落后   1.28 米  最近  0.11 米  正前方  62%  静球到了 4/4 趟  走了  3.11 米  (两边都会)  路 motor 对调  本机 137 秒
  273  倒了/没建出来        追住 0/2 趟  平均   4.04 米  落后   5.32 米  最近  2.47 米  正前方   9%  静球到了 0/4 趟  走了  0.41 米  路 motor 对调  本机 139 秒
  274  倒了/没建出来        追住 0/2 趟  平均   4.88 米  落后   6.17 米  最近  2.50 米  正前方  14%  静球到了 0/4 趟  走了  1.51 米  路 motor 对调  本机 138 秒
  275  倒了/没建出来        追住 0/0 趟  平均    nan 米  落后    nan 米  最近   nan 米  正前方   0%  静球到了 0/0 趟  走了   nan 米  路 motor 对调  本机 1 秒
  276  没摔             追住 0/2 趟  平均   2.55 米  落后   3.64 米  最近  0.77 米  正前方  10%  静球到了 2/4 趟  走了  4.01 米  路 motor 对调  本机 138 秒
  277  没摔             追住 0/2 趟  平均   2.15 米  落后   3.67 米  最近  0.88 米  正前方  11%  静球到了 1/4 趟  走了  3.34 米  路 motor 对调  本机 136 秒
  278  没摔             追住 0/2 趟  平均   3.35 米  落后   4.51 米  最近  2.22 米  正前方  22%  静球到了 0/4 趟  走了  1.55 米  路 motor 对调  本机 106 秒
  279  倒了/没建出来        追住 0/2 趟  平均   3.86 米  落后   5.10 米  最近  2.42 米  正前方  48%  静球到了 0/4 趟  走了  0.52 米  路 motor 对调  本机 109 秒
  280  没摔             追住 0/2 趟  平均   2.53 米  落后   3.59 米  最近  1.35 米  正前方  10%  静球到了 0/4 趟  走了  2.90 米  路 orient 对调  本机 105 秒
  281  没摔             追住 2/2 趟  平均   0.95 米  落后   0.95 米  最近  0.12 米  正前方  75%  静球到了 2/4 趟  走了  2.81 米  (两边都会)  路 motor 对调  本机 105 秒
  282  没摔             追住 1/2 趟  平均   1.15 米  落后   1.36 米  最近  0.24 米  正前方  40%  静球到了 3/4 趟  走了  2.98 米  (两边都会)  路 motor 对调  本机 104 秒
  283  没摔             追住 0/2 趟  平均   2.46 米  落后   3.57 米  最近  0.39 米  正前方  31%  静球到了 1/4 趟  走了  2.88 米  路 orient 对调  本机 102 秒
  284  没摔             追住 2/2 趟  平均   1.00 米  落后   1.06 米  最近  0.16 米  正前方 100%  静球到了 2/4 趟  走了  2.69 米  (两边都会)  路 motor 对调  本机 101 秒
  285  倒了/没建出来        追住 0/2 趟  平均   3.01 米  落后   4.10 米  最近  1.87 米  正前方  96%  静球到了 0/4 趟  走了  0.60 米  路 motor 对调  本机 100 秒
  286  没摔             追住 0/2 趟  平均   4.20 米  落后   5.42 米  最近  2.46 米  正前方   7%  静球到了 0/4 趟  走了  0.13 米  路 motor 对调  本机 99 秒
  287  没摔             追住 0/2 趟  平均   1.63 米  落后   2.40 米  最近  0.22 米  正前方  14%  静球到了 4/4 趟  走了  3.34 米  (两边都会)  路 motor 对调  本机 99 秒
  288  没摔             追住 0/2 趟  平均   1.75 米  落后   3.29 米  最近  0.13 米  正前方  20%  静球到了 4/4 趟  走了  3.38 米  (两边都会)  路 motor 对调  本机 98 秒
  289  倒了/没建出来        追住 0/2 趟  平均   3.75 米  落后   4.96 米  最近  2.50 米  正前方  21%  静球到了 0/4 趟  走了  0.47 米  路 motor  本机 112 秒
  290  倒了/没建出来        追住 0/0 趟  平均    nan 米  落后    nan 米  最近   nan 米  正前方   0%  静球到了 0/0 趟  走了   nan 米  路 motor 对调  本机 1 秒
  291  没摔             追住 0/2 趟  平均   4.46 米  落后   6.97 米  最近  2.06 米  正前方   5%  静球到了 0/4 趟  走了  3.23 米  路 motor  本机 108 秒
  292  没摔             追住 0/2 趟  平均   2.50 米  落后   4.00 米  最近  0.94 米  正前方  10%  静球到了 1/4 趟  走了  3.13 米  路 motor 对调  本机 109 秒
  293  没摔             追住 0/2 趟  平均   2.33 米  落后   3.27 米  最近  0.90 米  正前方 100%  静球到了 0/4 趟  走了  1.76 米  路 motor 对调  本机 109 秒
  294  没摔             追住 2/2 趟  平均   0.93 米  落后   0.94 米  最近  0.15 米  正前方  59%  静球到了 3/4 趟  走了  2.89 米  (两边都会)  路 motor 对调  本机 106 秒
  295  没摔             追住 0/2 趟  平均   4.35 米  落后   6.12 米  最近  2.41 米  正前方   3%  静球到了 0/4 趟  走了  2.25 米  路 motor  本机 108 秒
  296  没摔             追住 0/2 趟  平均   3.73 米  落后   4.96 米  最近  2.49 米  正前方 100%  静球到了 0/4 趟  走了  0.11 米  路 motor 对调  本机 108 秒
  297  没摔             追住 0/2 趟  平均   3.62 米  落后   4.83 米  最近  2.46 米  正前方  97%  静球到了 0/4 趟  走了  0.14 米  路 motor 对调  本机 107 秒
  298  没摔             追住 2/2 趟  平均   1.23 米  落后   1.28 米  最近  0.46 米  正前方  88%  静球到了 2/4 趟  走了  2.54 米  (两边都会)  路 motor 对调  本机 105 秒
  299  没摔             追住 0/2 趟  平均   2.09 米  落后   2.45 米  最近  1.31 米  正前方  54%  静球到了 0/4 趟  走了  1.89 米  路 motor 对调  本机 104 秒
第 6 代收工：300 只里建出来 259 只（没摔 211）；真追住球的 48 只，两边都追住的 20 只（球挪走行为会变的 255 只）；追得最好那只落后 0.94 米、球在正前方  59% 的时间、最近贴到 0.15 米；本代花了 22.5 分钟
  这一代自己走出来的、真追住球的 48 只，其中两边都追住的 20 只
  下一代的爹 10 只（artifacts/追球_云_三批_g06_keep.jsonl）：第294只 追住2/2趟 落后0.94米、第281只 追住2/2趟 落后0.95米、第272只 追住2/2趟 落后1.28米、第236只 追住2/2趟 落后0.83米、第2只 追住2/2趟 落后1.32米、第284只 追住2/2趟 落后1.06米、第225只 追住2/2趟 落后1.00米、第88只 追住2/2趟 落后0.81米、第57只 追住2/2趟 落后1.05米、第97只 追住2/2趟 落后1.06米
第 7 代：生 300 只、每只考 4 趟不动球（每趟 6 秒）+ 2 趟追着跑的球（每趟 20 秒，球沿随机曲线逃）+ 1 趟没球对照、24 个进程
    0  倒了/没建出来        追住 0/0 趟  平均    nan 米  落后    nan 米  最近   nan 米  正前方   0%  静球到了 0/0 趟  走了   nan 米  路 motor 对调  本机 1 秒
    1  倒了/没建出来        追住 0/2 趟  平均   2.98 米  落后   3.71 米  最近  2.29 米  正前方 100%  静球到了 0/4 趟  走了  0.83 米  路 motor 对调  本机 140 秒
    2  倒了/没建出来        追住 0/2 趟  平均   4.02 米  落后   6.18 米  最近  1.87 米  正前方  12%  静球到了 0/4 趟  走了  1.67 米  路 motor 对调  本机 140 秒
    3  没摔             追住 0/2 趟  平均   3.73 米  落后   4.96 米  最近  2.49 米  正前方 100%  静球到了 0/4 趟  走了  0.10 米  路 motor 对调  本机 109 秒
    4  没摔             追住 1/2 趟  平均   1.58 米  落后   1.58 米  最近  0.81 米  正前方 100%  静球到了 2/4 趟  走了  2.28 米  (两边都会)  路 motor 对调  本机 107 秒
    5  没摔             追住 0/2 趟  平均   5.06 米  落后   7.80 米  最近  1.64 米  正前方   7%  静球到了 0/4 趟  走了  4.46 米  路 motor  本机 106 秒
    6  倒了/没建出来        追住 0/0 趟  平均    nan 米  落后    nan 米  最近   nan 米  正前方   0%  静球到了 0/0 趟  走了   nan 米  路 motor 对调  本机 1 秒
    7  倒了/没建出来        追住 0/2 趟  平均   3.14 米  落后   4.48 米  最近  1.77 米  正前方   6%  静球到了 0/4 趟  走了  2.66 米  路 motor  本机 106 秒
    8  没摔             追住 0/2 趟  平均   2.35 米  落后   3.57 米  最近  0.94 米  正前方  10%  静球到了 1/4 趟  走了  3.06 米  路 motor 对调  本机 108 秒
    9  没摔             追住 0/2 趟  平均   1.91 米  落后   2.31 米  最近  1.26 米  正前方  78%  静球到了 0/4 趟  走了  1.89 米  路 motor 对调  本机 108 秒
   10  没摔             追住 0/2 趟  平均   3.99 米  落后   6.41 米  最近  0.26 米  正前方  10%  静球到了 2/4 趟  走了  5.18 米  路 motor 对调  本机 107 秒
   11  倒了/没建出来        追住 0/0 趟  平均    nan 米  落后    nan 米  最近   nan 米  正前方   0%  静球到了 0/0 趟  走了   nan 米  路 motor 对调  本机 0 秒
   12  倒了/没建出来        追住 0/0 趟  平均    nan 米  落后    nan 米  最近   nan 米  正前方   0%  静球到了 0/0 趟  走了   nan 米  路 motor 对调  本机 1 秒
   13  没摔             追住 1/2 趟  平均   1.68 米  落后   1.51 米  最近  0.90 米  正前方  91%  静球到了 2/4 趟  走了  2.35 米  (两边都会)  路 motor 对调  本机 109 秒
   14  倒了/没建出来        追住 0/2 趟  平均   3.69 米  落后   4.84 米  最近  2.46 米  正前方  57%  静球到了 0/4 趟  走了  0.40 米  路 motor 对调  本机 140 秒
   15  倒了/没建出来        追住 0/0 趟  平均    nan 米  落后    nan 米  最近   nan 米  正前方   0%  静球到了 0/0 趟  走了   nan 米  路 motor 对调  本机 1 秒
   16  没摔             追住 0/2 趟  平均   2.36 米  落后   3.47 米  最近  1.34 米  正前方  11%  静球到了 0/4 趟  走了  2.53 米  路 motor 对调  本机 138 秒
   17  没摔             追住 2/2 趟  平均   1.28 米  落后   1.45 米  最近  0.58 米  正前方  64%  静球到了 3/4 趟  走了  2.82 米  (两边都会)  路 motor 对调  本机 137 秒
   18  没摔             追住 0/2 趟  平均   3.36 米  落后   4.46 米  最近  2.46 米  正前方  10%  静球到了 0/4 趟  走了  0.76 米  路 orient 对调  本机 140 秒
   19  没摔             追住 0/2 趟  平均   1.83 米  落后   2.60 米  最近  0.92 米  正前方  99%  静球到了 1/4 趟  走了  2.13 米  路 motor 对调  本机 138 秒
   20  没摔             追住 0/2 趟  平均   1.46 米  落后   2.13 米  最近  0.15 米  正前方  47%  静球到了 2/4 趟  走了  2.60 米  路 motor 对调  本机 141 秒
   21  倒了/没建出来        追住 0/2 趟  平均   4.14 米  落后   5.51 米  最近  2.45 米  正前方  55%  静球到了 0/4 趟  走了  0.51 米  路 motor 对调  本机 138 秒
   22  没摔             追住 2/2 趟  平均   0.99 米  落后   0.92 米  最近  0.03 米  正前方  94%  静球到了 2/4 趟  走了  2.62 米  (两边都会)  路 motor 对调  本机 141 秒
   23  没摔             追住 0/2 趟  平均   2.01 米  落后   3.21 米  最近  0.41 米  正前方  16%  静球到了 3/4 趟  走了  3.05 米  (两边都会)  路 motor 对调  本机 140 秒
   24  倒了/没建出来        追住 0/0 趟  平均    nan 米  落后    nan 米  最近   nan 米  正前方   0%  静球到了 0/0 趟  走了   nan 米  路 motor 对调  本机 1 秒
   25  倒了/没建出来        追住 0/2 趟  平均   3.40 米  落后   4.64 米  最近  2.02 米  正前方  41%  静球到了 0/4 趟  走了  0.84 米  路 motor 对调  本机 108 秒
   26  没摔             追住 0/2 趟  平均   2.08 米  落后   3.07 米  最近  1.12 米  正前方  11%  静球到了 1/4 趟  走了  2.85 米  路 motor 对调  本机 140 秒
   27  没摔             追住 0/2 趟  平均   1.89 米  落后   3.36 米  最近  0.15 米  正前方  16%  静球到了 4/4 趟  走了  3.33 米  (两边都会)  路 motor 对调  本机 139 秒
   28  没摔             追住 2/2 趟  平均   0.98 米  落后   0.87 米  最近  0.12 米  正前方  98%  静球到了 2/4 趟  走了  2.78 米  (两边都会)  路 motor 对调  本机 108 秒
   29  没摔             追住 0/2 趟  平均   2.44 米  落后   3.42 米  最近  1.52 米  正前方  10%  静球到了 0/4 趟  走了  2.84 米  路 orient  本机 108 秒
   30  没摔             追住 1/2 趟  平均   1.63 米  落后   2.35 米  最近  0.60 米  正前方  36%  静球到了 2/4 趟  走了  2.96 米  (两边都会)  路 motor 对调  本机 106 秒
   31  倒了/没建出来        追住 0/0 趟  平均    nan 米  落后    nan 米  最近   nan 米  正前方   0%  静球到了 0/0 趟  走了   nan 米  路 orient  本机 2 秒
   32  没摔             追住 0/2 趟  平均   2.60 米  落后   3.28 米  最近  1.96 米  正前方 100%  静球到了 0/4 趟  走了  0.94 米  路 motor 对调  本机 107 秒
   33  没摔             追住 0/2 趟  平均   5.36 米  落后   7.68 米  最近  2.47 米  正前方   2%  静球到了 0/4 趟  走了  2.93 米  路 motor  本机 107 秒
   34  倒了/没建出来        追住 0/2 趟  平均   2.74 米  落后   3.60 米  最近  1.51 米  正前方  32%  静球到了 0/4 趟  走了  2.00 米  路 orient 对调  本机 108 秒
   35  没摔             追住 0/2 趟  平均   1.43 米  落后   2.00 米  最近  0.43 米  正前方  19%  静球到了 4/4 趟  走了  3.25 米  (两边都会)  路 motor 对调  本机 105 秒
   36  没摔             追住 2/2 趟  平均   1.01 米  落后   1.07 米  最近  0.27 米  正前方  61%  静球到了 3/4 趟  走了  3.16 米  (两边都会)  路 motor 对调  本机 108 秒
   37  倒了/没建出来        追住 0/0 趟  平均    nan 米  落后    nan 米  最近   nan 米  正前方   0%  静球到了 0/0 趟  走了   nan 米  路 motor 对调  本机 0 秒
   38  没摔             追住 0/2 趟  平均   4.94 米  落后   8.43 米  最近  0.81 米  正前方   8%  静球到了 2/4 趟  走了  6.36 米  路 motor 对调  本机 108 秒
   39  没摔             追住 0/2 趟  平均   2.22 米  落后   4.13 米  最近  0.11 米  正前方  15%  静球到了 4/4 趟  走了  3.34 米  (两边都会)  路 motor 对调  本机 106 秒
   40  没摔             追住 0/2 趟  平均   3.68 米  落后   4.85 米  最近  2.48 米  正前方  84%  静球到了 0/4 趟  走了  0.10 米  路 motor 对调  本机 108 秒
   41  没摔             追住 0/2 趟  平均   1.82 米  落后   2.21 米  最近  0.97 米  正前方  60%  静球到了 2/4 趟  走了  2.54 米  (两边都会)  路 motor 对调  本机 109 秒
   42  没摔             追住 0/2 趟  平均   3.06 米  落后   4.12 米  最近  1.57 米  正前方  20%  静球到了 0/4 趟  走了  1.70 米  路 motor  本机 108 秒
   43  没摔             追住 0/2 趟  平均   2.06 米  落后   3.80 米  最近  0.06 米  正前方  15%  静球到了 3/4 趟  走了  3.43 米  (两边都会)  路 motor 对调  本机 137 秒
   44  没摔             追住 2/2 趟  平均   1.01 米  落后   1.16 米  最近  0.23 米  正前方  55%  静球到了 4/4 趟  走了  3.10 米  (两边都会)  路 motor 对调  本机 138 秒
   45  没摔             追住 1/2 趟  平均   1.15 米  落后   1.36 米  最近  0.09 米  正前方  38%  静球到了 4/4 趟  走了  3.36 米  (两边都会)  路 motor 对调  本机 135 秒
   46  倒了/没建出来        追住 0/2 趟  平均   3.55 米  落后   4.84 米  最近  2.34 米  正前方  11%  静球到了 0/4 趟  走了  0.56 米  路 motor 对调  本机 138 秒
   47  倒了/没建出来        追住 0/2 趟  平均   2.89 米  落后   4.49 米  最近  1.17 米  正前方  52%  静球到了 0/4 趟  走了  2.57 米  路 motor 对调  本机 140 秒
   48  没摔             追住 0/2 趟  平均   2.68 米  落后   4.29 米  最近  0.98 米  正前方   8%  静球到了 2/4 趟  走了  3.80 米  路 orient  本机 139 秒
   49  没摔             追住 0/2 趟  平均   4.49 米  落后   6.89 米  最近  1.86 米  正前方   6%  静球到了 0/4 趟  走了  3.10 米  路 motor  本机 137 秒
   50  没摔             追住 1/2 趟  平均   1.48 米  落后   2.51 米  最近  0.09 米  正前方  42%  静球到了 4/4 趟  走了  3.23 米  (两边都会)  路 motor 对调  本机 136 秒
   51  没摔             追住 2/2 趟  平均   1.03 米  落后   0.98 米  最近  0.10 米  正前方  84%  静球到了 3/4 趟  走了  2.90 米  (两边都会)  路 motor 对调  本机 138 秒
   52  倒了/没建出来        追住 0/0 趟  平均    nan 米  落后    nan 米  最近   nan 米  正前方   0%  静球到了 0/0 趟  走了   nan 米  路 orient  本机 2 秒
   53  没摔             追住 0/2 趟  平均   1.79 米  落后   2.66 米  最近  0.62 米  正前方  11%  静球到了 3/4 趟  走了  3.28 米  (两边都会)  路 motor 对调  本机 137 秒
   54  倒了/没建出来        追住 0/0 趟  平均    nan 米  落后    nan 米  最近   nan 米  正前方   0%  静球到了 0/0 趟  走了   nan 米  路 motor 对调  本机 1 秒
   55  没摔             追住 0/2 趟  平均   3.40 米  落后   4.62 米  最近  2.29 米  正前方  21%  静球到了 0/4 趟  走了  0.56 米  路 motor 对调  本机 141 秒
   56  没摔             追住 0/2 趟  平均   4.05 米  落后   6.25 米  最近  1.78 米  正前方   6%  静球到了 0/4 趟  走了  3.23 米  路 orient 对调  本机 139 秒
   57  没摔             追住 0/2 趟  平均   3.15 米  落后   4.30 米  最近  2.26 米  正前方 100%  静球到了 0/4 趟  走了  1.23 米  路 motor 对调  本机 138 秒
   58  没摔             追住 0/2 趟  平均   3.63 米  落后   4.78 米  最近  2.50 米  正前方  55%  静球到了 0/4 趟  走了  0.24 米  路 orient 对调  本机 107 秒
   59  没摔             追住 0/2 趟  平均   3.33 米  落后   5.34 米  最近  1.05 米  正前方   8%  静球到了 0/4 趟  走了  3.96 米  路 orient 对调  本机 105 秒
   60  没摔             追住 0/2 趟  平均   3.18 米  落后   5.15 米  最近  1.37 米  正前方   8%  静球到了 0/4 趟  走了  3.84 米  路 orient 对调  本机 106 秒
   61  没摔             追住 0/2 趟  平均   1.79 米  落后   3.06 米  最近  0.37 米  正前方  13%  静球到了 2/4 趟  走了  3.56 米  (两边都会)  路 motor 对调  本机 107 秒
   62  倒了/没建出来        追住 0/0 趟  平均    nan 米  落后    nan 米  最近   nan 米  正前方   0%  静球到了 0/0 趟  走了   nan 米  路 motor  本机 1 秒
   63  倒了/没建出来        追住 0/2 趟  平均   3.91 米  落后   5.18 米  最近  2.45 米  正前方  49%  静球到了 0/4 趟  走了  0.64 米  路 motor 对调  本机 108 秒
   64  倒了/没建出来        追住 0/2 趟  平均   3.12 米  落后   4.55 米  最近  1.95 米  正前方  18%  静球到了 0/4 趟  走了  0.90 米  路 motor 对调  本机 106 秒
   65  没摔             追住 0/2 趟  平均   5.16 米  落后   8.15 米  最近  1.37 米  正前方   7%  静球到了 0/4 趟  走了  5.57 米  路 motor  本机 108 秒
   66  倒了/没建出来        追住 0/0 趟  平均    nan 米  落后    nan 米  最近   nan 米  正前方   0%  静球到了 0/0 趟  走了   nan 米  路 orient 对调  本机 2 秒
   67  倒了/没建出来        追住 0/2 趟  平均   3.74 米  落后   4.93 米  最近  2.34 米  正前方  56%  静球到了 0/4 趟  走了  0.80 米  路 motor 对调  本机 108 秒
   68  没摔             追住 0/2 趟  平均   3.93 米  落后   5.06 米  最近  2.48 米  正前方   3%  静球到了 0/4 趟  走了  0.33 米  路 motor  本机 108 秒
   69  没摔             追住 0/2 趟  平均   3.65 米  落后   4.84 米  最近  2.49 米  正前方  37%  静球到了 0/4 趟  走了  0.15 米  路 motor 对调  本机 108 秒
   70  没摔             追住 0/2 趟  平均   2.60 米  落后   4.43 米  最近  0.76 米  正前方  11%  静球到了 1/4 趟  走了  3.56 米  路 motor 对调  本机 108 秒
   71  没摔             追住 0/2 趟  平均   2.14 米  落后   2.81 米  最近  1.34 米  正前方  83%  静球到了 0/4 趟  走了  1.96 米  路 motor 对调  本机 135 秒
   72  没摔             追住 0/2 趟  平均   1.57 米  落后   2.79 米  最近  0.05 米  正前方  16%  静球到了 3/4 趟  走了  3.34 米  (两边都会)  路 motor 对调  本机 135 秒
   73  没摔             追住 0/2 趟  平均   2.74 米  落后   3.69 米  最近  1.84 米  正前方  95%  静球到了 0/4 趟  走了  1.17 米  路 motor 对调  本机 141 秒
   74  没摔             追住 0/2 趟  平均   4.98 米  落后   6.79 米  最近  2.50 米  正前方  59%  静球到了 0/4 趟  走了  1.26 米  路 orient 对调  本机 138 秒
   75  倒了/没建出来        追住 0/2 趟  平均   4.43 米  落后   6.37 米  最近  2.47 米  正前方  10%  静球到了 0/4 趟  走了  1.20 米  路 motor 对调  本机 137 秒
   76  倒了/没建出来        追住 0/0 趟  平均    nan 米  落后    nan 米  最近   nan 米  正前方   0%  静球到了 0/0 趟  走了   nan 米  路 orient 对调  本机 2 秒
   77  没摔             追住 0/2 趟  平均   2.90 米  落后   4.65 米  最近  1.22 米  正前方   9%  静球到了 0/4 趟  走了  3.48 米  路 orient 对调  本机 138 秒
   78  没摔             追住 0/2 趟  平均   4.23 米  落后   6.33 米  最近  2.39 米  正前方   3%  静球到了 0/4 趟  走了  2.03 米  路 motor  本机 135 秒
   79  倒了/没建出来        追住 0/2 趟  平均   2.90 米  落后   3.92 米  最近  2.04 米  正前方   6%  静球到了 0/4 趟  走了  0.50 米  路 motor 对调  本机 138 秒
   80  倒了/没建出来        追住 0/0 趟  平均    nan 米  落后    nan 米  最近   nan 米  正前方   0%  静球到了 0/0 趟  走了   nan 米  路 motor 对调  本机 1 秒
   81  没摔             追住 0/2 趟  平均   2.70 米  落后   4.61 米  最近  0.83 米  正前方   9%  静球到了 2/4 趟  走了  3.69 米  路 motor 对调  本机 140 秒
   82  倒了/没建出来        追住 0/2 趟  平均   4.01 米  落后   5.84 米  最近  2.37 米  正前方  48%  静球到了 0/4 趟  走了  1.09 米  路 motor 对调  本机 141 秒
   83  没摔             追住 0/2 趟  平均   1.43 米  落后   2.18 米  最近  0.13 米  正前方  22%  静球到了 3/4 趟  走了  3.15 米  (两边都会)  路 motor 对调  本机 135 秒
   84  没摔             追住 0/2 趟  平均   1.82 米  落后   2.42 米  最近  0.92 米  正前方  95%  静球到了 2/4 趟  走了  2.44 米  (两边都会)  路 motor 对调  本机 136 秒
   85  没摔             追住 0/2 趟  平均   4.53 米  落后   6.11 米  最近  2.49 米  正前方   4%  静球到了 0/4 趟  走了  1.49 米  路 motor  本机 138 秒
   86  倒了/没建出来        追住 0/2 趟  平均   3.47 米  落后   4.61 米  最近  2.31 米  正前方  51%  静球到了 0/4 趟  走了  0.53 米  路 motor 对调  本机 107 秒
   87  倒了/没建出来        追住 0/0 趟  平均    nan 米  落后    nan 米  最近   nan 米  正前方   0%  静球到了 0/0 趟  走了   nan 米  路 motor 对调  本机 2 秒
   88  没摔             追住 0/2 趟  平均   3.61 米  落后   4.71 米  最近  2.48 米  正前方 100%  静球到了 0/4 趟  走了  0.12 米  路 motor 对调  本机 109 秒
   89  没摔             追住 1/2 趟  平均   1.43 米  落后   2.13 米  最近  0.27 米  正前方  53%  静球到了 4/4 趟  走了  3.36 米  (两边都会)  路 motor 对调  本机 106 秒
   90  没摔             追住 0/2 趟  平均   2.35 米  落后   3.37 米  最近  1.51 米  正前方   8%  静球到了 0/4 趟  走了  2.72 米  路 motor 对调  本机 104 秒
   91  没摔             追住 0/2 趟  平均   1.40 米  落后   1.94 米  最近  0.54 米  正前方  21%  静球到了 2/4 趟  走了  2.95 米  (两边都会)  路 motor 对调  本机 107 秒
   92  没摔             追住 0/2 趟  平均   4.20 米  落后   6.80 米  最近  1.10 米  正前方   8%  静球到了 1/4 趟  走了  4.96 米  路 orient 对调  本机 107 秒
   93  倒了/没建出来        追住 0/0 趟  平均    nan 米  落后    nan 米  最近   nan 米  正前方   0%  静球到了 0/0 趟  走了   nan 米  路 motor 对调  本机 1 秒
   94  没摔             追住 2/2 趟  平均   1.16 米  落后   0.91 米  最近  0.26 米  正前方  80%  静球到了 2/4 趟  走了  2.78 米  (两边都会)  路 motor 对调  本机 105 秒
   95  倒了/没建出来        追住 0/2 趟  平均   4.07 米  落后   5.31 米  最近  2.50 米  正前方  45%  静球到了 0/4 趟  走了  0.91 米  路 motor  本机 108 秒
   96  倒了/没建出来        追住 0/2 趟  平均   4.43 米  落后   5.82 米  最近  2.40 米  正前方  20%  静球到了 0/4 趟  走了  0.64 米  路 motor  本机 108 秒
   97  没摔             追住 0/2 趟  平均   3.41 米  落后   5.01 米  最近  2.06 米  正前方   4%  静球到了 0/4 趟  走了  2.16 米  路 motor  本机 107 秒
   98  没摔             追住 0/2 趟  平均   3.52 米  落后   4.62 米  最近  2.49 米  正前方  56%  静球到了 0/4 趟  走了  0.32 米  路 motor 对调  本机 109 秒
   99  没摔             追住 0/2 趟  平均   4.27 米  落后   5.48 米  最近  2.46 米  正前方   1%  静球到了 0/4 趟  走了  0.50 米  路 motor 对调  本机 137 秒
  100  倒了/没建出来        追住 0/0 趟  平均    nan 米  落后    nan 米  最近   nan 米  正前方   0%  静球到了 0/0 趟  走了   nan 米  路 orient 对调  本机 2 秒
  101  没摔             追住 0/2 趟  平均   2.22 米  落后   3.78 米  最近  0.58 米  正前方  10%  静球到了 3/4 趟  走了  3.65 米  (两边都会)  路 motor 对调  本机 135 秒
  102  没摔             追住 0/2 趟  平均   4.43 米  落后   5.98 米  最近  2.49 米  正前方 100%  静球到了 0/4 趟  走了  0.71 米  路 orient 对调  本机 137 秒
  103  倒了/没建出来        追住 0/2 趟  平均   3.47 米  落后   4.52 米  最近  2.48 米  正前方  26%  静球到了 0/4 趟  走了  0.43 米  路 motor 对调  本机 140 秒
  104  没摔             追住 0/2 趟  平均   4.17 米  落后   5.55 米  最近  2.33 米  正前方   7%  静球到了 0/4 趟  走了  2.11 米  路 motor  本机 139 秒
  105  没摔             追住 0/2 趟  平均   1.50 米  落后   2.76 米  最近  0.07 米  正前方  31%  静球到了 4/4 趟  走了  3.44 米  (两边都会)  路 motor 对调  本机 137 秒
  106  没摔             追住 1/2 趟  平均   1.53 米  落后   2.17 米  最近  0.36 米  正前方  42%  静球到了 3/4 趟  走了  2.84 米  (两边都会)  路 motor 对调  本机 138 秒
  107  没摔             追住 0/2 趟  平均   1.92 米  落后   3.36 米  最近  0.23 米  正前方  15%  静球到了 2/4 趟  走了  3.48 米  (两边都会)  路 motor 对调  本机 136 秒
  108  倒了/没建出来        追住 0/0 趟  平均    nan 米  落后    nan 米  最近   nan 米  正前方   0%  静球到了 0/0 趟  走了   nan 米  路 motor 对调  本机 1 秒
  109  倒了/没建出来        追住 0/2 趟  平均   2.76 米  落后   3.46 米  最近  2.16 米  正前方   8%  静球到了 0/4 趟  走了  1.12 米  路 motor 对调  本机 143 秒
  110  没摔             追住 0/2 趟  平均   3.88 米  落后   5.14 米  最近  2.49 米  正前方  92%  静球到了 0/4 趟  走了  0.16 米  路 orient 对调  本机 138 秒
  111  没摔             追住 0/2 趟  平均   2.78 米  落后   4.75 米  最近  0.51 米  正前方  11%  静球到了 2/4 趟  走了  3.70 米  路 motor 对调  本机 138 秒
  112  没摔             追住 2/2 趟  平均   1.18 米  落后   1.20 米  最近  0.26 米  正前方  83%  静球到了 2/4 趟  走了  2.76 米  (两边都会)  路 motor 对调  本机 140 秒
  113  没摔             追住 0/2 趟  平均   2.70 米  落后   3.84 米  最近  1.38 米  正前方  12%  静球到了 0/4 趟  走了  1.96 米  路 motor 对调  本机 138 秒
  114  倒了/没建出来        追住 0/2 趟  平均   3.51 米  落后   4.24 米  最近  1.40 米  正前方  52%  静球到了 1/4 趟  走了  1.00 米  路 motor 对调  本机 106 秒
  115  没摔             追住 0/2 趟  平均   3.57 米  落后   4.73 米  最近  2.46 米  正前方  92%  静球到了 0/4 趟  走了  0.17 米  路 motor 对调  本机 107 秒
  116  没摔             追住 1/2 趟  平均   1.50 米  落后   2.44 米  最近  0.05 米  正前方  33%  静球到了 4/4 趟  走了  3.35 米  (两边都会)  路 motor 对调  本机 104 秒
  117  没摔             追住 1/2 趟  平均   1.65 米  落后   2.38 米  最近  0.31 米  正前方  60%  静球到了 3/4 趟  走了  2.89 米  (两边都会)  路 motor 对调  本机 106 秒
  118  没摔             追住 0/2 趟  平均   3.64 米  落后   4.84 米  最近  2.48 米  正前方 100%  静球到了 0/4 趟  走了  0.10 米  路 motor 对调  本机 108 秒
  119  没摔             追住 0/2 趟  平均   4.10 米  落后   5.92 米  最近  2.30 米  正前方   3%  静球到了 0/4 趟  走了  2.55 米  路 motor  本机 106 秒
  120  倒了/没建出来        追住 0/0 趟  平均    nan 米  落后    nan 米  最近   nan 米  正前方   0%  静球到了 0/0 趟  走了   nan 米  路 motor 对调  本机 0 秒
  121  没摔             追住 0/2 趟  平均   1.95 米  落后   2.81 米  最近  0.88 米  正前方  13%  静球到了 1/4 趟  走了  3.03 米  路 motor 对调  本机 107 秒
  122  没摔             追住 0/2 趟  平均   3.59 米  落后   4.73 米  最近  2.48 米  正前方 100%  静球到了 0/4 趟  走了  0.14 米  路 motor 对调  本机 109 秒
  123  没摔             追住 0/2 趟  平均   2.97 米  落后   4.15 米  最近  1.96 米  正前方  51%  静球到了 0/4 趟  走了  2.40 米  路 motor 对调  本机 108 秒
  124  没摔             追住 1/2 趟  平均   1.25 米  落后   1.38 米  最近  0.41 米  正前方  97%  静球到了 2/4 趟  走了  2.61 米  (两边都会)  路 motor 对调  本机 108 秒
  125  没摔             追住 0/2 趟  平均   3.50 米  落后   4.64 米  最近  2.45 米  正前方  81%  静球到了 0/4 趟  走了  0.31 米  路 orient 对调  本机 110 秒
  126  没摔             追住 0/2 趟  平均   2.11 米  落后   3.71 米  最近  0.60 米  正前方  11%  静球到了 4/4 趟  走了  3.62 米  (两边都会)  路 motor 对调  本机 108 秒
  127  没摔             追住 0/2 趟  平均   2.67 米  落后   4.02 米  最近  1.60 米  正前方   9%  静球到了 0/4 趟  走了  3.07 米  路 orient 对调  本机 104 秒
  128  倒了/没建出来        追住 0/0 趟  平均    nan 米  落后    nan 米  最近   nan 米  正前方   0%  静球到了 0/0 趟  走了   nan 米  路 motor 对调  本机 1 秒
  129  倒了/没建出来        追住 0/0 趟  平均    nan 米  落后    nan 米  最近   nan 米  正前方   0%  静球到了 0/0 趟  走了   nan 米  路 motor 对调  本机 1 秒
  130  没摔             追住 0/2 趟  平均   4.99 米  落后   6.76 米  最近  2.50 米  正前方 100%  静球到了 0/4 趟  走了  1.27 米  路 motor 对调  本机 107 秒
  131  没摔             追住 1/2 趟  平均   1.18 米  落后   1.80 米  最近  0.14 米  正前方  43%  静球到了 4/4 趟  走了  3.11 米  (两边都会)  路 motor 对调  本机 106 秒
  132  倒了/没建出来        追住 0/0 趟  平均    nan 米  落后    nan 米  最近   nan 米  正前方   0%  静球到了 0/0 趟  走了   nan 米  路 orient 对调  本机 2 秒
  133  没摔             追住 0/2 趟  平均   4.14 米  落后   5.49 米  最近  2.47 米  正前方  36%  静球到了 0/4 趟  走了  0.86 米  路 motor 对调  本机 105 秒
  134  没摔             追住 1/2 趟  平均   1.33 米  落后   1.93 米  最近  0.17 米  正前方  63%  静球到了 3/4 趟  走了  2.84 米  (两边都会)  路 motor 对调  本机 108 秒
  135  倒了/没建出来        追住 0/2 趟  平均   3.90 米  落后   5.12 米  最近  2.44 米  正前方  78%  静球到了 0/4 趟  走了  0.53 米  路 motor 对调  本机 110 秒
  136  没摔             追住 0/2 趟  平均   4.18 米  落后   6.50 米  最近  1.59 米  正前方   7%  静球到了 0/4 趟  走了  3.66 米  路 motor  本机 107 秒
  137  倒了/没建出来        追住 0/2 趟  平均   3.63 米  落后   4.83 米  最近  2.38 米  正前方  47%  静球到了 0/4 趟  走了  1.13 米  路 motor 对调  本机 110 秒
  138  没摔             追住 0/2 趟  平均   1.54 米  落后   2.61 米  最近  0.04 米  正前方  24%  静球到了 4/4 趟  走了  3.38 米  (两边都会)  路 motor 对调  本机 108 秒
  139  没摔             追住 0/2 趟  平均   1.55 米  落后   2.69 米  最近  0.06 米  正前方  21%  静球到了 4/4 趟  走了  3.38 米  (两边都会)  路 motor 对调  本机 109 秒
  140  没摔             追住 0/2 趟  平均   3.43 米  落后   5.27 米  最近  1.68 米  正前方   9%  静球到了 0/4 趟  走了  3.07 米  路 motor 对调  本机 138 秒
  141  倒了/没建出来        追住 0/2 趟  平均   1.59 米  落后   1.84 米  最近  0.60 米  正前方  35%  静球到了 2/4 趟  走了  2.26 米  (两边都会)  路 motor 对调  本机 136 秒
  142  没摔             追住 0/2 趟  平均   3.13 米  落后   5.02 米  最近  1.41 米  正前方   7%  静球到了 0/4 趟  走了  3.75 米  路 orient 对调  本机 135 秒
  143  倒了/没建出来        追住 0/2 趟  平均   4.48 米  落后   5.81 米  最近  2.44 米  正前方  55%  静球到了 0/4 趟  走了  0.70 米  路 motor 对调  本机 136 秒
  144  倒了/没建出来        追住 0/2 趟  平均   4.02 米  落后   5.28 米  最近  2.40 米  正前方  93%  静球到了 0/4 趟  走了  0.75 米  路 motor 对调  本机 135 秒
  145  没摔             追住 1/2 趟  平均   1.79 米  落后   2.65 米  最近  0.54 米  正前方  40%  静球到了 3/4 趟  走了  3.14 米  (两边都会)  路 motor 对调  本机 139 秒
  146  没摔             追住 1/2 趟  平均   1.40 米  落后   1.80 米  最近  0.64 米  正前方  38%  静球到了 2/4 趟  走了  2.65 米  (两边都会)  路 motor 对调  本机 140 秒
  147  没摔             追住 0/2 趟  平均   3.57 米  落后   4.68 米  最近  2.50 米  正前方  52%  静球到了 0/4 趟  走了  0.34 米  路 motor 对调  本机 138 秒
  148  没摔             追住 0/2 趟  平均   1.90 米  落后   3.48 米  最近  0.31 米  正前方  14%  静球到了 3/4 趟  走了  3.46 米  (两边都会)  路 motor 对调  本机 139 秒
  149  没摔             追住 0/2 趟  平均   4.10 米  落后   6.19 米  最近  2.39 米  正前方   6%  静球到了 0/4 趟  走了  1.54 米  路 motor  本机 137 秒
  150  没摔             追住 2/2 趟  平均   1.11 米  落后   1.13 米  最近  0.23 米  正前方  97%  静球到了 2/4 趟  走了  2.62 米  (两边都会)  路 motor 对调  本机 139 秒
  151  没摔             追住 2/2 趟  平均   1.05 米  落后   1.17 米  最近  0.11 米  正前方  61%  静球到了 3/4 趟  走了  3.01 米  (两边都会)  路 motor 对调  本机 139 秒
  152  没摔             追住 0/2 趟  平均   2.05 米  落后   2.53 米  最近  1.29 米  正前方  31%  静球到了 0/4 趟  走了  2.23 米  路 motor 对调  本机 142 秒
  153  没摔             追住 0/2 趟  平均   2.32 米  落后   3.44 米  最近  1.28 米  正前方  11%  静球到了 0/4 趟  走了  3.03 米  路 orient  本机 104 秒
  154  没摔             追住 0/2 趟  平均   1.45 米  落后   1.73 米  最近  0.77 米  正前方  77%  静球到了 1/4 趟  走了  2.33 米  路 motor 对调  本机 108 秒
  155  倒了/没建出来        追住 0/0 趟  平均    nan 米  落后    nan 米  最近   nan 米  正前方   0%  静球到了 0/0 趟  走了   nan 米  路 motor 对调  本机 2 秒
  156  没摔             追住 0/2 趟  平均   3.68 米  落后   4.92 米  最近  2.47 米  正前方  95%  静球到了 0/4 趟  走了  0.11 米  路 motor 对调  本机 108 秒
  157  倒了/没建出来        追住 0/2 趟  平均   4.06 米  落后   5.20 米  最近  2.45 米  正前方  56%  静球到了 0/4 趟  走了  0.94 米  路 motor  本机 107 秒
  158  没摔             追住 0/2 趟  平均   1.57 米  落后   2.17 米  最近  0.09 米  正前方  22%  静球到了 2/4 趟  走了  2.88 米  路 motor 对调  本机 106 秒
  159  倒了/没建出来        追住 0/0 趟  平均    nan 米  落后    nan 米  最近   nan 米  正前方   0%  静球到了 0/0 趟  走了   nan 米  路 motor 对调  本机 0 秒
  160  没摔             追住 0/2 趟  平均   3.82 米  落后   5.62 米  最近  1.95 米  正前方   5%  静球到了 0/4 趟  走了  2.84 米  路 motor  本机 107 秒
  161  没摔             追住 2/2 趟  平均   1.00 米  落后   0.89 米  最近  0.06 米  正前方  91%  静球到了 4/4 趟  走了  2.89 米  (两边都会)  路 motor 对调  本机 108 秒
  162  没摔             追住 0/2 趟  平均   3.90 米  落后   4.82 米  最近  2.43 米  正前方  16%  静球到了 0/4 趟  走了  0.48 米  路 motor 对调  本机 106 秒
  163  没摔             追住 0/2 趟  平均   1.89 米  落后   3.46 米  最近  0.25 米  正前方  16%  静球到了 4/4 趟  走了  3.30 米  (两边都会)  路 motor 对调  本机 108 秒
  164  倒了/没建出来        追住 0/0 趟  平均    nan 米  落后    nan 米  最近   nan 米  正前方   0%  静球到了 0/0 趟  走了   nan 米  路 orient 对调  本机 2 秒
  165  没摔             追住 0/2 趟  平均   3.51 米  落后   4.53 米  最近  2.48 米  正前方 100%  静球到了 0/4 趟  走了  0.15 米  路 motor 对调  本机 107 秒
  166  倒了/没建出来        追住 0/0 趟  平均    nan 米  落后    nan 米  最近   nan 米  正前方   0%  静球到了 0/0 趟  走了   nan 米  路 motor 对调  本机 1 秒
  167  倒了/没建出来        追住 0/0 趟  平均    nan 米  落后    nan 米  最近   nan 米  正前方   0%  静球到了 0/0 趟  走了   nan 米  路 orient 对调  本机 0 秒
  168  倒了/没建出来        追住 0/2 趟  平均   4.01 米  落后   5.26 米  最近  2.44 米  正前方   6%  静球到了 0/4 趟  走了  0.40 米  路 motor 对调  本机 108 秒
  169  没摔             追住 0/2 趟  平均   4.70 米  落后   7.64 米  最近  1.47 米  正前方   6%  静球到了 0/4 趟  走了  5.44 米  路 motor  本机 138 秒
  170  没摔             追住 0/2 趟  平均   3.54 米  落后   4.67 米  最近  2.44 米  正前方  41%  静球到了 0/4 趟  走了  0.64 米  路 motor 对调  本机 139 秒
  171  没摔             追住 2/2 趟  平均   1.17 米  落后   1.38 米  最近  0.37 米  正前方  42%  静球到了 2/4 趟  走了  2.82 米  (两边都会)  路 motor 对调  本机 138 秒
  172  没摔             追住 1/2 趟  平均   1.07 米  落后   1.74 米  最近  0.04 米  正前方  50%  静球到了 3/4 趟  走了  2.99 米  (两边都会)  路 motor 对调  本机 136 秒
  173  没摔             追住 2/2 趟  平均   1.17 米  落后   1.23 米  最近  0.25 米  正前方  82%  静球到了 4/4 趟  走了  2.90 米  (两边都会)  路 motor 对调  本机 139 秒
  174  没摔             追住 2/2 趟  平均   1.10 米  落后   0.80 米  最近  0.24 米  正前方  69%  静球到了 2/4 趟  走了  2.78 米  (两边都会)  路 motor 对调  本机 138 秒
  175  没摔             追住 0/2 趟  平均   2.87 米  落后   3.89 米  最近  1.95 米  正前方 100%  静球到了 0/4 趟  走了  1.22 米  路 motor 对调  本机 140 秒
  176  没摔             追住 2/2 趟  平均   0.90 米  落后   0.72 米  最近  0.20 米  正前方  78%  静球到了 3/4 趟  走了  3.00 米  (两边都会)  路 motor 对调  本机 140 秒
  177  没摔             追住 1/2 趟  平均   1.45 米  落后   1.61 米  最近  0.77 米  正前方  98%  静球到了 2/4 趟  走了  2.72 米  (两边都会)  路 motor 对调  本机 137 秒
  178  没摔             追住 0/2 趟  平均   3.25 米  落后   4.24 米  最近  2.49 米  正前方 100%  静球到了 0/4 趟  走了  0.60 米  路 motor 对调  本机 137 秒
  179  没摔             追住 0/2 趟  平均   3.73 米  落后   4.95 米  最近  2.49 米  正前方 100%  静球到了 0/4 趟  走了  0.07 米  路 motor 对调  本机 137 秒
  180  没摔             追住 1/2 趟  平均   1.76 米  落后   2.27 米  最近  0.19 米  正前方  95%  静球到了 1/4 趟  走了  2.37 米  路 motor 对调  本机 138 秒
  181  没摔             追住 2/2 趟  平均   1.06 米  落后   0.53 米  最近  0.26 米  正前方  90%  静球到了 2/4 趟  走了  2.73 米  (两边都会)  路 motor 对调  本机 140 秒
  182  没摔             追住 0/2 趟  平均   2.62 米  落后   4.34 米  最近  1.21 米  正前方   8%  静球到了 1/4 趟  走了  3.84 米  路 motor 对调  本机 104 秒
  183  倒了/没建出来        追住 0/0 趟  平均    nan 米  落后    nan 米  最近   nan 米  正前方   0%  静球到了 0/0 趟  走了   nan 米  路 motor 对调  本机 1 秒
  184  没摔             追住 1/2 趟  平均   1.37 米  落后   1.37 米  最近  0.24 米  正前方  50%  静球到了 1/4 趟  走了  2.89 米  路 motor 对调  本机 106 秒
  185  没摔             追住 0/2 趟  平均   2.53 米  落后   3.53 米  最近  1.48 米  正前方  75%  静球到了 0/4 趟  走了  1.28 米  路 motor 对调  本机 106 秒
  186  没摔             追住 0/2 趟  平均   1.98 米  落后   2.67 米  最近  1.17 米  正前方 100%  静球到了 0/4 趟  走了  1.76 米  路 motor 对调  本机 106 秒
  187  倒了/没建出来        追住 0/2 趟  平均   3.78 米  落后   4.86 米  最近  2.44 米  正前方  49%  静球到了 0/4 趟  走了  0.34 米  路 motor 对调  本机 107 秒
  188  没摔             追住 0/2 趟  平均   3.41 米  落后   4.58 米  最近  2.32 米  正前方  57%  静球到了 0/4 趟  走了  0.38 米  路 motor 对调  本机 110 秒
  189  没摔             追住 0/2 趟  平均   1.32 米  落后   2.12 米  最近  0.08 米  正前方  25%  静球到了 4/4 趟  走了  3.17 米  (两边都会)  路 motor 对调  本机 108 秒
  190  倒了/没建出来        追住 0/0 趟  平均    nan 米  落后    nan 米  最近   nan 米  正前方   0%  静球到了 0/0 趟  走了   nan 米  路 motor 对调  本机 1 秒
  191  没摔             追住 0/2 趟  平均   1.36 米  落后   2.19 米  最近  0.17 米  正前方  19%  静球到了 4/4 趟  走了  3.25 米  (两边都会)  路 motor 对调  本机 106 秒
  192  没摔             追住 1/2 趟  平均   1.34 米  落后   1.49 米  最近  0.34 米  正前方 100%  静球到了 2/4 趟  走了  2.70 米  (两边都会)  路 motor 对调  本机 108 秒
  193  倒了/没建出来        追住 0/2 趟  平均   3.93 米  落后   5.18 米  最近  2.44 米  正前方   9%  静球到了 0/4 趟  走了  0.63 米  路 motor 对调  本机 107 秒
  194  没摔             追住 0/2 趟  平均   2.81 米  落后   4.60 米  最近  1.30 米  正前方  11%  静球到了 0/4 趟  走了  3.14 米  路 motor 对调  本机 108 秒
  195  倒了/没建出来        追住 0/2 趟  平均   2.95 米  落后   3.81 米  最近  2.32 米  正前方  70%  静球到了 0/4 趟  走了  1.07 米  路 motor 对调  本机 136 秒
  196  没摔             追住 0/2 趟  平均   1.06 米  落后   2.02 米  最近  0.21 米  正前方  53%  静球到了 3/4 趟  走了  2.98 米  (两边都会)  路 motor 对调  本机 137 秒
  197  没摔             追住 0/2 趟  平均   1.84 米  落后   2.54 米  最近  1.02 米  正前方  72%  静球到了 2/4 趟  走了  2.54 米  (两边都会)  路 motor 对调  本机 136 秒
  198  没摔             追住 0/2 趟  平均   2.71 米  落后   4.77 米  最近  0.66 米  正前方  14%  静球到了 1/4 趟  走了  2.76 米  路 motor 对调  本机 134 秒
  199  没摔             追住 0/2 趟  平均   3.75 米  落后   4.94 米  最近  2.48 米  正前方  99%  静球到了 0/4 趟  走了  0.15 米  路 orient 对调  本机 137 秒
  200  没摔             追住 2/2 趟  平均   1.08 米  落后   0.74 米  最近  0.28 米  正前方  98%  静球到了 2/4 趟  走了  2.72 米  (两边都会)  路 motor 对调  本机 138 秒
  201  没摔             追住 0/2 趟  平均   1.80 米  落后   3.46 米  最近  0.53 米  正前方  13%  静球到了 3/4 趟  走了  3.32 米  (两边都会)  路 motor 对调  本机 136 秒
  202  没摔             追住 0/2 趟  平均   3.03 米  落后   3.85 米  最近  2.38 米  正前方  43%  静球到了 0/4 趟  走了  0.74 米  路 motor 对调  本机 140 秒
  203  没摔             追住 0/2 趟  平均   1.69 米  落后   2.60 米  最近  0.49 米  正前方  43%  静球到了 2/4 趟  走了  2.90 米  (两边都会)  路 motor 对调  本机 137 秒
  204  没摔             追住 0/2 趟  平均   2.82 米  落后   4.60 米  最近  0.99 米  正前方  10%  静球到了 0/4 趟  走了  3.66 米  路 motor 对调  本机 138 秒
  205  没摔             追住 0/2 趟  平均   2.09 米  落后   2.84 米  最近  0.76 米  正前方  57%  静球到了 2/4 趟  走了  2.65 米  (两边都会)  路 motor 对调  本机 140 秒
  206  没摔             追住 0/2 趟  平均   3.57 米  落后   5.35 米  最近  1.91 米  正前方   5%  静球到了 0/4 趟  走了  2.95 米  路 motor  本机 138 秒
  207  没摔             追住 0/2 趟  平均   3.66 米  落后   4.86 米  最近  2.47 米  正前方 100%  静球到了 0/4 趟  走了  0.18 米  路 motor 对调  本机 141 秒
  208  没摔             追住 0/2 趟  平均   2.43 米  落后   4.29 米  最近  0.03 米  正前方  15%  静球到了 3/4 趟  走了  3.67 米  (两边都会)  路 motor 对调  本机 105 秒
  209  没摔             追住 1/2 趟  平均   1.18 米  落后   1.06 米  最近  0.34 米  正前方  95%  静球到了 2/4 趟  走了  2.65 米  (两边都会)  路 motor 对调  本机 107 秒
  210  没摔             追住 0/2 趟  平均   3.41 米  落后   4.48 米  最近  2.29 米  正前方  50%  静球到了 0/4 趟  走了  0.42 米  路 motor  本机 110 秒
  211  倒了/没建出来        追住 0/0 趟  平均    nan 米  落后    nan 米  最近   nan 米  正前方   0%  静球到了 0/0 趟  走了   nan 米  路 motor 对调  本机 1 秒
  212  倒了/没建出来        追住 0/0 趟  平均    nan 米  落后    nan 米  最近   nan 米  正前方   0%  静球到了 0/0 趟  走了   nan 米  路 motor 对调  本机 1 秒
  213  没摔             追住 0/2 趟  平均   3.09 米  落后   4.98 米  最近  1.35 米  正前方   8%  静球到了 0/4 趟  走了  3.37 米  路 motor 对调  本机 105 秒
  214  没摔             追住 0/2 趟  平均   4.87 米  落后   7.94 米  最近  1.27 米  正前方   7%  静球到了 0/4 趟  走了  5.84 米  路 orient 对调  本机 107 秒
  215  没摔             追住 0/2 趟  平均   1.91 米  落后   3.00 米  最近  0.90 米  正前方  11%  静球到了 2/4 趟  走了  3.16 米  (两边都会)  路 motor 对调  本机 108 秒
  216  没摔             追住 0/2 趟  平均   1.55 米  落后   2.02 米  最近  0.88 米  正前方  18%  静球到了 1/4 趟  走了  2.67 米  路 motor 对调  本机 109 秒
  217  没摔             追住 0/2 趟  平均   3.84 米  落后   5.69 米  最近  2.24 米  正前方   5%  静球到了 0/4 趟  走了  2.94 米  路 motor  本机 109 秒
  218  没摔             追住 2/2 趟  平均   1.26 米  落后   1.32 米  最近  0.43 米  正前方  99%  静球到了 2/4 趟  走了  2.65 米  (两边都会)  路 motor 对调  本机 109 秒
  219  没摔             追住 0/2 趟  平均   2.04 米  落后   2.25 米  最近  1.44 米  正前方  92%  静球到了 0/4 趟  走了  2.06 米  路 motor 对调  本机 108 秒
  220  倒了/没建出来        追住 0/2 趟  平均   3.99 米  落后   5.23 米  最近  2.45 米  正前方  17%  静球到了 0/4 趟  走了  1.16 米  路 motor 对调  本机 108 秒
  221  没摔             追住 0/2 趟  平均   2.41 米  落后   3.41 米  最近  1.40 米  正前方   9%  静球到了 0/4 趟  走了  2.47 米  路 orient 对调  本机 105 秒
  222  没摔             追住 0/2 趟  平均   3.85 米  落后   6.53 米  最近  0.91 米  正前方   8%  静球到了 3/4 趟  走了  5.19 米  (两边都会)  路 motor 对调  本机 137 秒
  223  没摔             追住 2/2 趟  平均   1.17 米  落后   1.27 米  最近  0.40 米  正前方 100%  静球到了 2/4 趟  走了  2.62 米  (两边都会)  路 motor 对调  本机 137 秒
  224  没摔             追住 0/2 趟  平均   2.97 米  落后   4.61 米  最近  1.57 米  正前方   8%  静球到了 0/4 趟  走了  3.10 米  路 motor  本机 138 秒
  225  倒了/没建出来        追住 0/2 趟  平均   3.20 米  落后   4.19 米  最近  2.07 米  正前方  14%  静球到了 0/4 趟  走了  1.11 米  路 motor  本机 135 秒
  226  没摔             追住 0/2 趟  平均   2.61 米  落后   4.02 米  最近  1.52 米  正前方   8%  静球到了 0/4 趟  走了  2.99 米  路 orient 对调  本机 106 秒
  227  倒了/没建出来        追住 0/2 趟  平均   2.70 米  落后   3.36 米  最近  1.13 米  正前方  62%  静球到了 1/4 趟  走了  1.73 米  路 motor 对调  本机 106 秒
  228  没摔             追住 1/2 趟  平均   0.97 米  落后   1.20 米  最近  0.08 米  正前方  44%  静球到了 4/4 趟  走了  3.06 米  (两边都会)  路 motor 对调  本机 108 秒
  229  没摔             追住 1/2 趟  平均   2.46 米  落后   3.48 米  最近  0.27 米  正前方  21%  静球到了 1/4 趟  走了  2.86 米  路 orient  本机 137 秒
  230  倒了/没建出来        追住 0/2 趟  平均   3.86 米  落后   5.12 米  最近  2.45 米  正前方  48%  静球到了 0/4 趟  走了  0.70 米  路 motor 对调  本机 109 秒
  231  没摔             追住 1/2 趟  平均   2.49 米  落后   3.56 米  最近  0.41 米  正前方  17%  静球到了 1/4 趟  走了  2.85 米  路 orient 对调  本机 137 秒
  232  没摔             追住 0/2 趟  平均   1.84 米  落后   1.91 米  最近  1.00 米  正前方 100%  静球到了 1/4 趟  走了  2.04 米  路 motor 对调  本机 137 秒
  233  没摔             追住 1/2 趟  平均   1.69 米  落后   2.19 米  最近  0.50 米  正前方  99%  静球到了 2/4 趟  走了  2.11 米  (两边都会)  路 motor 对调  本机 139 秒
  234  没摔             追住 0/2 趟  平均   1.53 米  落后   1.81 米  最近  0.69 米  正前方  62%  静球到了 2/4 趟  走了  2.79 米  (两边都会)  路 motor 对调  本机 108 秒
  235  没摔             追住 0/2 趟  平均   4.48 米  落后   6.51 米  最近  2.20 米  正前方   4%  静球到了 1/4 趟  走了  2.25 米  路 motor  本机 137 秒
  236  没摔             追住 0/2 趟  平均   3.26 米  落后   4.43 米  最近  2.21 米  正前方  12%  静球到了 0/4 趟  走了  1.30 米  路 motor 对调  本机 106 秒
  237  没摔             追住 0/2 趟  平均   3.75 米  落后   4.91 米  最近  2.49 米  正前方  46%  静球到了 0/4 趟  走了  0.08 米  路 orient 对调  本机 140 秒
  238  倒了/没建出来        追住 0/0 趟  平均    nan 米  落后    nan 米  最近   nan 米  正前方   0%  静球到了 0/0 趟  走了   nan 米  路 motor 对调  本机 1 秒
  239  没摔             追住 1/2 趟  平均   1.39 米  落后   1.87 米  最近  0.60 米  正前方  74%  静球到了 2/4 趟  走了  2.89 米  (两边都会)  路 motor 对调  本机 108 秒
  240  没摔             追住 1/2 趟  平均   1.54 米  落后   1.53 米  最近  0.87 米  正前方  99%  静球到了 2/4 趟  走了  2.26 米  (两边都会)  路 motor 对调  本机 142 秒
  241  没摔             追住 0/2 趟  平均   1.52 米  落后   1.63 米  最近  0.84 米  正前方  69%  静球到了 3/4 趟  走了  2.89 米  (两边都会)  路 motor 对调  本机 107 秒
  242  倒了/没建出来        追住 0/0 趟  平均    nan 米  落后    nan 米  最近   nan 米  正前方   0%  静球到了 0/0 趟  走了   nan 米  路 motor 对调  本机 1 秒
  243  没摔             追住 0/2 趟  平均   2.54 米  落后   4.13 米  最近  1.06 米  正前方   8%  静球到了 0/4 趟  走了  3.61 米  路 motor 对调  本机 138 秒
  244  没摔             追住 0/2 趟  平均   3.64 米  落后   4.76 米  最近  2.49 米  正前方 100%  静球到了 0/4 趟  走了  0.16 米  路 motor 对调  本机 111 秒
  245  没摔             追住 0/2 趟  平均   3.26 米  落后   5.21 米  最近  1.40 米  正前方   8%  静球到了 0/4 趟  走了  3.66 米  路 orient 对调  本机 107 秒
  246  倒了/没建出来        追住 0/2 趟  平均   3.25 米  落后   4.55 米  最近  1.46 米  正前方  55%  静球到了 0/4 趟  走了  1.28 米  路 motor 对调  本机 137 秒
  247  没摔             追住 0/2 趟  平均   1.41 米  落后   2.13 米  最近  0.26 米  正前方  20%  静球到了 2/4 趟  走了  3.25 米  路 motor 对调  本机 105 秒
  248  没摔             追住 0/2 趟  平均   1.97 米  落后   2.62 米  最近  1.08 米  正前方 100%  静球到了 2/4 趟  走了  1.94 米  (两边都会)  路 motor 对调  本机 106 秒
  249  没摔             追住 0/2 趟  平均   4.32 米  落后   6.39 米  最近  2.20 米  正前方   4%  静球到了 0/4 趟  走了  2.70 米  路 motor  本机 107 秒
  250  没摔             追住 0/2 趟  平均   3.12 米  落后   5.01 米  最近  1.38 米  正前方   8%  静球到了 0/4 趟  走了  3.76 米  路 orient  本机 105 秒
  251  没摔             追住 0/2 趟  平均   3.13 米  落后   4.90 米  最近  1.41 米  正前方   7%  静球到了 0/4 趟  走了  3.51 米  路 motor  本机 107 秒
  252  倒了/没建出来        追住 0/2 趟  平均   4.21 米  落后   5.73 米  最近  2.47 米  正前方   1%  静球到了 0/4 趟  走了  0.25 米  路 motor 对调  本机 110 秒
  253  倒了/没建出来        追住 0/2 趟  平均   3.44 米  落后   4.59 米  最近  2.49 米  正前方  57%  静球到了 0/4 趟  走了  0.78 米  路 motor 对调  本机 107 秒
  254  倒了/没建出来        追住 0/0 趟  平均    nan 米  落后    nan 米  最近   nan 米  正前方   0%  静球到了 0/0 趟  走了   nan 米  路 motor  本机 1 秒
  255  没摔             追住 0/2 趟  平均   2.36 米  落后   3.79 米  最近  0.83 米  正前方  11%  静球到了 1/4 趟  走了  3.33 米  路 motor 对调  本机 107 秒
  256  没摔             追住 0/2 趟  平均   1.80 米  落后   2.65 米  最近  0.84 米  正前方  14%  静球到了 3/4 趟  走了  3.35 米  (两边都会)  路 motor 对调  本机 107 秒
  257  没摔             追住 0/2 趟  平均   2.33 米  落后   4.15 米  最近  0.22 米  正前方  13%  静球到了 3/4 趟  走了  3.77 米  (两边都会)  路 motor 对调  本机 108 秒
  258  倒了/没建出来        追住 0/2 趟  平均   3.33 米  落后   4.41 米  最近  2.41 米  正前方  53%  静球到了 0/4 趟  走了  0.56 米  路 motor 对调  本机 110 秒
  259  没摔             追住 0/2 趟  平均   2.23 米  落后   3.91 米  最近  0.11 米  正前方  14%  静球到了 3/4 趟  走了  3.83 米  (两边都会)  路 motor 对调  本机 141 秒
  260  没摔             追住 2/2 趟  平均   0.85 米  落后   0.86 米  最近  0.06 米  正前方  74%  静球到了 2/4 趟  走了  2.82 米  (两边都会)  路 motor 对调  本机 138 秒
  261  没摔             追住 1/2 趟  平均   1.24 米  落后   2.19 米  最近  0.07 米  正前方  33%  静球到了 4/4 趟  走了  3.12 米  (两边都会)  路 motor 对调  本机 140 秒
  262  没摔             追住 0/2 趟  平均   1.76 米  落后   3.25 米  最近  0.15 米  正前方  19%  静球到了 4/4 趟  走了  3.54 米  (两边都会)  路 motor 对调  本机 141 秒
  263  倒了/没建出来        追住 0/2 趟  平均   2.10 米  落后   2.99 米  最近  0.90 米  正前方  98%  静球到了 0/4 趟  走了  1.53 米  路 motor 对调  本机 138 秒
  264  没摔             追住 2/2 趟  平均   0.97 米  落后   1.03 米  最近  0.03 米  正前方  96%  静球到了 2/4 趟  走了  2.88 米  (两边都会)  路 motor 对调  本机 137 秒
  265  没摔             追住 0/2 趟  平均   4.31 米  落后   6.27 米  最近  2.36 米  正前方   3%  静球到了 0/4 趟  走了  2.20 米  路 motor  本机 139 秒
  266  没摔             追住 0/2 趟  平均   1.49 米  落后   2.59 米  最近  0.19 米  正前方  27%  静球到了 3/4 趟  走了  3.45 米  (两边都会)  路 motor 对调  本机 141 秒
  267  没摔             追住 0/2 趟  平均   3.59 米  落后   4.66 米  最近  2.49 米  正前方  65%  静球到了 0/4 趟  走了  0.36 米  路 motor 对调  本机 140 秒
  268  没摔             追住 0/2 趟  平均   1.59 米  落后   2.19 米  最近  0.63 米  正前方  92%  静球到了 2/4 趟  走了  2.61 米  (两边都会)  路 motor 对调  本机 140 秒
  269  倒了/没建出来        追住 0/0 趟  平均    nan 米  落后    nan 米  最近   nan 米  正前方   0%  静球到了 0/0 趟  走了   nan 米  路 motor 对调  本机 1 秒
  270  没摔             追住 0/2 趟  平均   3.78 米  落后   5.00 米  最近  2.45 米  正前方   7%  静球到了 0/4 趟  走了  0.95 米  路 orient 对调  本机 138 秒
  271  倒了/没建出来        追住 0/2 趟  平均   3.55 米  落后   4.63 米  最近  2.43 米  正前方  12%  静球到了 0/4 趟  走了  0.98 米  路 motor  本机 141 秒
  272  没摔             追住 0/2 趟  平均   5.55 米  落后   8.85 米  最近  1.44 米  正前方   6%  静球到了 0/4 趟  走了  5.63 米  路 motor  本机 141 秒
  273  没摔             追住 0/2 趟  平均   2.30 米  落后   3.38 米  最近  0.93 米  正前方   9%  静球到了 3/4 趟  走了  4.30 米  (两边都会)  路 motor 对调  本机 105 秒
  274  没摔             追住 0/2 趟  平均   4.30 米  落后   5.56 米  最近  2.49 米  正前方   2%  静球到了 0/4 趟  走了  0.28 米  路 motor  本机 105 秒
  275  没摔             追住 0/2 趟  平均   1.47 米  落后   1.79 米  最近  0.67 米  正前方  81%  静球到了 2/4 趟  走了  2.61 米  (两边都会)  路 motor 对调  本机 106 秒
  276  没摔             追住 0/2 趟  平均   1.61 米  落后   2.69 米  最近  0.31 米  正前方  24%  静球到了 4/4 趟  走了  3.05 米  (两边都会)  路 motor 对调  本机 105 秒
  277  没摔             追住 0/2 趟  平均   2.50 米  落后   3.49 米  最近  1.46 米  正前方  13%  静球到了 0/4 趟  走了  2.64 米  路 orient 对调  本机 106 秒
  278  倒了/没建出来        追住 0/0 趟  平均    nan 米  落后    nan 米  最近   nan 米  正前方   0%  静球到了 0/0 趟  走了   nan 米  路 orient 对调  本机 1 秒
  279  没摔             追住 0/2 趟  平均   2.21 米  落后   4.01 米  最近  0.47 米  正前方  15%  静球到了 4/4 趟  走了  3.38 米  (两边都会)  路 motor 对调  本机 104 秒
  280  倒了/没建出来        追住 0/2 趟  平均   4.15 米  落后   5.20 米  最近  2.38 米  正前方  12%  静球到了 0/4 趟  走了  0.43 米  路 motor  本机 105 秒
  281  没摔             追住 0/2 趟  平均   1.57 米  落后   1.84 米  最近  0.86 米  正前方  99%  静球到了 2/4 趟  走了  2.02 米  (两边都会)  路 motor 对调  本机 104 秒
  282  没摔             追住 0/2 趟  平均   3.64 米  落后   5.04 米  最近  1.62 米  正前方  34%  静球到了 0/4 趟  走了  0.86 米  路 motor 对调  本机 103 秒
  283  没摔             追住 0/2 趟  平均   3.19 米  落后   5.09 米  最近  1.20 米  正前方   8%  静球到了 0/4 趟  走了  3.84 米  路 orient 对调  本机 100 秒
  284  没摔             追住 0/2 趟  平均   1.93 米  落后   2.62 米  最近  1.12 米  正前方 100%  静球到了 2/4 趟  走了  2.14 米  (两边都会)  路 motor 对调  本机 100 秒
  285  没摔             追住 0/2 趟  平均   3.66 米  落后   4.89 米  最近  2.47 米  正前方  85%  静球到了 0/4 趟  走了  0.12 米  路 motor 对调  本机 123 秒
  286  倒了/没建出来        追住 0/2 趟  平均   2.69 米  落后   3.23 米  最近  2.01 米  正前方  94%  静球到了 0/4 趟  走了  0.90 米  路 motor 对调  本机 99 秒
  287  没摔             追住 0/2 趟  平均   1.49 米  落后   2.27 米  最近  0.05 米  正前方  17%  静球到了 3/4 趟  走了  3.06 米  (两边都会)  路 motor 对调  本机 121 秒
  288  倒了/没建出来        追住 0/0 趟  平均    nan 米  落后    nan 米  最近   nan 米  正前方   0%  静球到了 0/0 趟  走了   nan 米  路 motor 对调  本机 1 秒
  289  没摔             追住 0/2 趟  平均   3.70 米  落后   4.89 米  最近  2.47 米  正前方 100%  静球到了 0/4 趟  走了  0.11 米  路 motor 对调  本机 120 秒
  290  没摔             追住 1/2 趟  平均   1.43 米  落后   1.87 米  最近  0.18 米  正前方  97%  静球到了 2/4 趟  走了  2.73 米  路 motor 对调  本机 95 秒
  291  没摔             追住 0/2 趟  平均   2.70 米  落后   4.54 米  最近  0.79 米  正前方   9%  静球到了 1/4 趟  走了  3.78 米  路 motor 对调  本机 118 秒
  292  没摔             追住 1/2 趟  平均   2.54 米  落后   3.47 米  最近  0.73 米  正前方  48%  静球到了 1/4 趟  走了  2.48 米  路 motor  本机 118 秒
  293  没摔             追住 0/2 趟  平均   2.61 米  落后   3.72 米  最近  1.31 米  正前方   8%  静球到了 1/4 趟  走了  3.27 米  路 motor 对调  本机 105 秒
  294  倒了/没建出来        追住 0/0 趟  平均    nan 米  落后    nan 米  最近   nan 米  正前方   0%  静球到了 0/0 趟  走了   nan 米  路 motor  本机 1 秒
  295  没摔             追住 0/2 趟  平均   1.64 米  落后   1.88 米  最近  0.97 米  正前方 100%  静球到了 2/4 趟  走了  2.13 米  (两边都会)  路 motor 对调  本机 113 秒
  296  没摔             追住 2/2 趟  平均   1.08 米  落后   1.06 米  最近  0.16 米  正前方  85%  静球到了 2/4 趟  走了  2.88 米  (两边都会)  路 motor 对调  本机 111 秒
  297  倒了/没建出来        追住 0/2 趟  平均   3.85 米  落后   5.14 米  最近  2.50 米  正前方  54%  静球到了 0/4 趟  走了  0.80 米  路 motor 对调  本机 95 秒
  298  没摔             追住 0/2 趟  平均   3.63 米  落后   4.76 米  最近  2.45 米  正前方 100%  静球到了 0/4 趟  走了  0.12 米  路 motor 对调  本机 110 秒
  299  没摔             追住 0/2 趟  平均   2.69 米  落后   3.64 米  最近  1.82 米  正前方  13%  静球到了 0/4 趟  走了  1.73 米  路 orient 对调  本机 102 秒
第 7 代收工：300 只里建出来 262 只（没摔 218）；真追住球的 49 只，两边都追住的 22 只（球挪走行为会变的 244 只）；追得最好那只落后 0.86 米、球在正前方  74% 的时间、最近贴到 0.06 米；本代花了 22.8 分钟
  这一代自己走出来的、真追住球的 49 只，其中两边都追住的 22 只
  下一代的爹 10 只（artifacts/追球_云_三批_g07_keep.jsonl）：第260只 追住2/2趟 落后0.86米、第176只 追住2/2趟 落后0.72米、第264只 追住2/2趟 落后1.03米、第28只 追住2/2趟 落后0.87米、第22只 追住2/2趟 落后0.92米、第161只 追住2/2趟 落后0.89米、第36只 追住2/2趟 落后1.07米、第44只 追住2/2趟 落后1.16米、第51只 追住2/2趟 落后0.98米、第151只 追住2/2趟 落后1.17米
第 8 代：生 300 只、每只考 4 趟不动球（每趟 6 秒）+ 2 趟追着跑的球（每趟 20 秒，球沿随机曲线逃）+ 1 趟没球对照、24 个进程
    0  没摔             追住 0/2 趟  平均   2.11 米  落后   3.10 米  最近  1.11 米  正前方 100%  静球到了 1/4 趟  走了  2.19 米  路 motor 对调  本机 127 秒
    1  没摔             追住 0/2 趟  平均   3.74 米  落后   4.99 米  最近  2.49 米  正前方  77%  静球到了 0/4 趟  走了  0.11 米  路 orient 对调  本机 126 秒
    2  没摔             追住 0/2 趟  平均   2.84 米  落后   3.51 米  最近  2.20 米  正前方 100%  静球到了 0/4 趟  走了  0.82 米  路 motor 对调  本机 124 秒
    3  没摔             追住 0/2 趟  平均   3.91 米  落后   5.10 米  最近  2.49 米  正前方   5%  静球到了 0/4 趟  走了  0.07 米  路 motor  本机 127 秒
    4  没摔             追住 1/2 趟  平均   1.34 米  落后   1.58 米  最近  0.60 米  正前方  56%  静球到了 1/4 趟  走了  2.77 米  路 motor 对调  本机 124 秒
    5  没摔             追住 0/2 趟  平均   3.57 米  落后   4.64 米  最近  2.27 米  正前方   4%  静球到了 0/4 趟  走了  0.70 米  路 motor 对调  本机 128 秒
    6  没摔             追住 0/2 趟  平均   3.60 米  落后   4.78 米  最近  2.48 米  正前方 100%  静球到了 0/4 趟  走了  0.09 米  路 motor 对调  本机 127 秒
    7  倒了/没建出来        追住 0/0 趟  平均    nan 米  落后    nan 米  最近   nan 米  正前方   0%  静球到了 0/0 趟  走了   nan 米  路 orient 对调  本机 1 秒
    8  倒了/没建出来        追住 0/0 趟  平均    nan 米  落后    nan 米  最近   nan 米  正前方   0%  静球到了 0/0 趟  走了   nan 米  路 motor 对调  本机 1 秒
    9  没摔             追住 2/2 趟  平均   1.30 米  落后   1.29 米  最近  0.56 米  正前方 100%  静球到了 2/4 趟  走了  2.79 米  (两边都会)  路 motor 对调  本机 118 秒
   10  倒了/没建出来        追住 0/2 趟  平均   4.14 米  落后   5.64 米  最近  2.49 米  正前方  46%  静球到了 0/4 趟  走了  0.66 米  路 motor  本机 128 秒
   11  没摔             追住 0/2 趟  平均   1.75 米  落后   2.50 米  最近  0.61 米  正前方  18%  静球到了 2/4 趟  走了  3.05 米  (两边都会)  路 motor 对调  本机 128 秒
   12  没摔             追住 0/2 趟  平均   2.88 米  落后   4.03 米  最近  1.54 米  正前方  95%  静球到了 0/4 趟  走了  1.84 米  路 motor 对调  本机 132 秒
   13  倒了/没建出来        追住 0/2 趟  平均   3.08 米  落后   4.22 米  最近  2.02 米  正前方  11%  静球到了 0/4 趟  走了  1.07 米  路 motor 对调  本机 134 秒
   14  没摔             追住 0/2 趟  平均   3.14 米  落后   4.91 米  最近  1.40 米  正前方   8%  静球到了 0/4 趟  走了  3.76 米  路 orient 对调  本机 119 秒
   15  没摔             追住 0/2 趟  平均   2.06 米  落后   2.97 米  最近  1.19 米  正前方  10%  静球到了 0/4 趟  走了  3.22 米  路 motor 对调  本机 115 秒
   16  没摔             追住 0/2 趟  平均   2.00 米  落后   2.68 米  最近  1.16 米  正前方  99%  静球到了 1/4 趟  走了  2.05 米  路 motor 对调  本机 116 秒
   17  没摔             追住 0/2 趟  平均   1.68 米  落后   2.47 米  最近  0.51 米  正前方  15%  静球到了 3/4 趟  走了  3.28 米  (两边都会)  路 motor 对调  本机 118 秒
   18  倒了/没建出来        追住 0/0 趟  平均    nan 米  落后    nan 米  最近   nan 米  正前方   0%  静球到了 0/0 趟  走了   nan 米  路 orient 对调  本机 1 秒
   19  没摔             追住 0/2 趟  平均   2.10 米  落后   3.84 米  最近  0.26 米  正前方  18%  静球到了 4/4 趟  走了  3.39 米  (两边都会)  路 motor 对调  本机 115 秒
   20  没摔             追住 0/2 趟  平均   1.42 米  落后   2.34 米  最近  0.33 米  正前方  20%  静球到了 2/4 趟  走了  3.29 米  路 motor 对调  本机 116 秒
   21  没摔             追住 0/2 趟  平均   4.26 米  落后   6.19 米  最近  2.27 米  正前方   4%  静球到了 0/4 趟  走了  2.51 米  路 motor  本机 129 秒
   22  没摔             追住 0/2 趟  平均   4.02 米  落后   5.61 米  最近  2.41 米  正前方  36%  静球到了 0/4 趟  走了  0.23 米  路 motor 对调  本机 117 秒
   23  没摔             追住 0/2 趟  平均   2.46 米  落后   3.27 米  最近  1.78 米  正前方  81%  静球到了 0/4 趟  走了  1.58 米  路 motor 对调  本机 115 秒
   24  没摔             追住 0/2 趟  平均   2.52 米  落后   4.03 米  最近  1.31 米  正前方   9%  静球到了 0/4 趟  走了  3.38 米  路 motor 对调  本机 128 秒
   25  倒了/没建出来        追住 0/2 趟  平均   3.56 米  落后   4.91 米  最近  1.82 米  正前方  52%  静球到了 0/4 趟  走了  0.47 米  路 motor 对调  本机 127 秒
   26  倒了/没建出来        追住 0/2 趟  平均   4.19 米  落后   5.49 米  最近  2.44 米  正前方   5%  静球到了 0/4 趟  走了  0.64 米  路 motor 对调  本机 118 秒
   27  倒了/没建出来        追住 0/0 趟  平均    nan 米  落后    nan 米  最近   nan 米  正前方   0%  静球到了 0/0 趟  走了   nan 米  路 orient 对调  本机 1 秒
   28  没摔             追住 0/2 趟  平均   3.46 米  落后   4.50 米  最近  2.48 米  正前方  20%  静球到了 0/4 趟  走了  0.42 米  路 motor 对调  本机 148 秒
   29  没摔             追住 0/2 趟  平均   3.94 米  落后   5.20 米  最近  2.47 米  正前方 100%  静球到了 0/4 趟  走了  0.19 米  路 motor 对调  本机 148 秒
   30  没摔             追住 0/2 趟  平均   4.09 米  落后   6.30 米  最近  1.76 米  正前方   6%  静球到了 0/4 趟  走了  3.47 米  路 orient 对调  本机 149 秒
   31  倒了/没建出来        追住 0/2 趟  平均   3.62 米  落后   4.85 米  最近  2.37 米  正前方   6%  静球到了 0/4 趟  走了  1.06 米  路 motor  本机 149 秒
   32  倒了/没建出来        追住 0/0 趟  平均    nan 米  落后    nan 米  最近   nan 米  正前方   0%  静球到了 0/0 趟  走了   nan 米  路 motor 对调  本机 1 秒
   33  倒了/没建出来        追住 0/2 趟  平均   3.18 米  落后   4.25 米  最近  2.17 米  正前方  13%  静球到了 0/4 趟  走了  0.98 米  路 motor 对调  本机 148 秒
   34  没摔             追住 2/2 趟  平均   0.91 米  落后   1.05 米  最近  0.04 米  正前方  62%  静球到了 2/4 趟  走了  2.95 米  (两边都会)  路 motor 对调  本机 149 秒
   35  没摔             追住 1/2 趟  平均   1.25 米  落后   1.35 米  最近  0.32 米  正前方 100%  静球到了 2/4 趟  走了  2.49 米  (两边都会)  路 motor 对调  本机 150 秒
   36  倒了/没建出来        追住 0/2 趟  平均   2.74 米  落后   3.62 米  最近  1.55 米  正前方  21%  静球到了 1/4 趟  走了  1.42 米  路 motor  本机 147 秒
   37  没摔             追住 0/2 趟  平均   3.43 米  落后   4.57 米  最近  2.50 米  正前方  14%  静球到了 0/4 趟  走了  1.13 米  路 motor 对调  本机 151 秒
   38  没摔             追住 0/2 趟  平均   1.51 米  落后   2.29 米  最近  0.36 米  正前方 100%  静球到了 2/4 趟  走了  2.65 米  (两边都会)  路 motor 对调  本机 147 秒
   39  倒了/没建出来        追住 0/2 趟  平均   4.00 米  落后   4.92 米  最近  2.44 米  正前方  17%  静球到了 0/4 趟  走了  0.74 米  路 motor 对调  本机 131 秒
   40  没摔             追住 0/2 趟  平均   2.71 米  落后   3.87 米  最近  0.97 米  正前方   8%  静球到了 0/4 趟  走了  3.71 米  路 orient 对调  本机 132 秒
   41  没摔             追住 0/2 趟  平均   1.73 米  落后   2.86 米  最近  0.12 米  正前方  54%  静球到了 4/4 趟  走了  3.07 米  (两边都会)  路 motor 对调  本机 131 秒
   42  倒了/没建出来        追住 0/2 趟  平均   3.45 米  落后   4.44 米  最近  2.38 米  正前方  37%  静球到了 0/4 趟  走了  0.94 米  路 motor 对调  本机 131 秒
   43  没摔             追住 1/2 趟  平均   1.04 米  落后   1.34 米  最近  0.05 米  正前方  45%  静球到了 2/4 趟  走了  2.94 米  (两边都会)  路 motor 对调  本机 131 秒
   44  没摔             追住 2/2 趟  平均   1.41 米  落后   1.25 米  最近  0.64 米  正前方 100%  静球到了 1/4 趟  走了  2.28 米  路 motor 对调  本机 134 秒
   45  倒了/没建出来        追住 0/2 趟  平均   5.08 米  落后   6.94 米  最近  1.33 米  正前方   6%  静球到了 0/4 趟  走了  6.95 米  路 motor  本机 135 秒
   46  没摔             追住 0/2 趟  平均   3.52 米  落后   5.79 米  最近  0.17 米  正前方  13%  静球到了 2/4 趟  走了  3.72 米  路 motor 对调  本机 133 秒
   47  倒了/没建出来        追住 0/0 趟  平均    nan 米  落后    nan 米  最近   nan 米  正前方   0%  静球到了 0/0 趟  走了   nan 米  路 motor 对调  本机 1 秒
   48  没摔             追住 0/2 趟  平均   3.42 米  落后   4.41 米  最近  2.49 米  正前方 100%  静球到了 0/4 趟  走了  0.39 米  路 motor 对调  本机 134 秒
   49  没摔             追住 2/2 趟  平均   1.22 米  落后   1.22 米  最近  0.48 米  正前方 100%  静球到了 2/4 趟  走了  2.76 米  (两边都会)  路 motor 对调  本机 133 秒
   50  没摔             追住 0/2 趟  平均   2.31 米  落后   3.33 米  最近  1.30 米  正前方  10%  静球到了 0/4 趟  走了  3.15 米  路 motor 对调  本机 133 秒
   51  没摔             追住 0/2 趟  平均   2.29 米  落后   4.13 米  最近  0.52 米  正前方  14%  静球到了 2/4 趟  走了  3.77 米  (两边都会)  路 motor 对调  本机 133 秒
   52  没摔             追住 0/2 趟  平均   3.10 米  落后   4.81 米  最近  1.49 米  正前方   7%  静球到了 0/4 趟  走了  3.49 米  路 motor  本机 150 秒
   53  没摔             追住 0/2 趟  平均   3.03 米  落后   4.04 米  最近  2.31 米  正前方  85%  静球到了 0/4 趟  走了  0.47 米  路 motor 对调  本机 150 秒
   54  倒了/没建出来        追住 0/2 趟  平均   3.97 米  落后   5.33 米  最近  2.10 米  正前方   5%  静球到了 0/4 趟  走了  0.83 米  路 motor 对调  本机 113 秒
   55  没摔             追住 2/2 趟  平均   1.03 米  落后   0.90 米  最近  0.22 米  正前方  79%  静球到了 2/4 趟  走了  2.63 米  (两边都会)  路 motor 对调  本机 113 秒
   56  倒了/没建出来        追住 0/0 趟  平均    nan 米  落后    nan 米  最近   nan 米  正前方   0%  静球到了 0/0 趟  走了   nan 米  路 motor 对调  本机 2 秒
   57  没摔             追住 0/2 趟  平均   3.54 米  落后   4.69 米  最近  2.47 米  正前方  95%  静球到了 0/4 趟  走了  0.16 米  路 motor 对调  本机 114 秒
   58  倒了/没建出来        追住 0/2 趟  平均   4.71 米  落后   6.09 米  最近  2.48 米  正前方   8%  静球到了 0/4 趟  走了  0.72 米  路 motor  本机 113 秒
   59  没摔             追住 0/2 趟  平均   3.16 米  落后   4.86 米  最近  1.50 米  正前方   8%  静球到了 0/4 趟  走了  3.39 米  路 motor  本机 113 秒
   60  没摔             追住 0/2 趟  平均   1.65 米  落后   2.92 米  最近  0.37 米  正前方  21%  静球到了 4/4 趟  走了  3.22 米  (两边都会)  路 motor 对调  本机 114 秒
   61  倒了/没建出来        追住 0/2 趟  平均   3.24 米  落后   4.40 米  最近  2.16 米  正前方  10%  静球到了 0/4 趟  走了  1.43 米  路 motor 对调  本机 115 秒
   62  没摔             追住 1/2 趟  平均   1.43 米  落后   1.66 米  最近  0.78 米  正前方  59%  静球到了 1/4 趟  走了  2.43 米  路 motor 对调  本机 114 秒
   63  没摔             追住 0/2 趟  平均   2.47 米  落后   3.55 米  最近  1.28 米  正前方 100%  静球到了 1/4 趟  走了  2.27 米  路 motor 对调  本机 116 秒
   64  没摔             追住 0/2 趟  平均   3.59 米  落后   4.70 米  最近  2.48 米  正前方 100%  静球到了 0/4 趟  走了  0.12 米  路 motor 对调  本机 116 秒
   65  倒了/没建出来        追住 0/0 趟  平均    nan 米  落后    nan 米  最近   nan 米  正前方   0%  静球到了 0/0 趟  走了   nan 米  路 motor 对调  本机 1 秒
   66  没摔             追住 0/2 趟  平均   3.65 米  落后   4.84 米  最近  2.49 米  正前方  17%  静球到了 0/4 趟  走了  0.31 米  路 motor  本机 128 秒
   67  倒了/没建出来        追住 0/2 趟  平均   2.08 米  落后   2.90 米  最近  0.80 米  正前方  15%  静球到了 0/4 趟  走了  1.87 米  路 motor 对调  本机 114 秒
   68  倒了/没建出来        追住 0/0 趟  平均    nan 米  落后    nan 米  最近   nan 米  正前方   0%  静球到了 0/0 趟  走了   nan 米  路 motor 对调  本机 1 秒
   69  没摔             追住 1/2 趟  平均   1.36 米  落后   1.84 米  最近  0.45 米  正前方 100%  静球到了 1/4 趟  走了  2.41 米  路 motor 对调  本机 131 秒
   70  没摔             追住 0/2 趟  平均   3.66 米  落后   4.93 米  最近  2.47 米  正前方 100%  静球到了 0/4 趟  走了  0.12 米  路 motor 对调  本机 116 秒
   71  没摔             追住 0/2 趟  平均   2.53 米  落后   3.71 米  最近  1.27 米  正前方  10%  静球到了 1/4 趟  走了  2.51 米  路 orient 对调  本机 131 秒
   72  没摔             追住 0/2 趟  平均   1.84 米  落后   3.27 米  最近  0.45 米  正前方  20%  静球到了 3/4 趟  走了  3.33 米  (两边都会)  路 orient  本机 129 秒
   73  没摔             追住 1/2 趟  平均   1.16 米  落后   1.14 米  最近  0.04 米  正前方  47%  静球到了 3/4 趟  走了  2.97 米  (两边都会)  路 motor 对调  本机 129 秒
   74  倒了/没建出来        追住 0/2 趟  平均   2.53 米  落后   2.90 米  最近  1.85 米  正前方  82%  静球到了 0/4 趟  走了  1.72 米  路 motor 对调  本机 130 秒
   75  没摔             追住 0/2 趟  平均   2.33 米  落后   3.36 米  最近  1.34 米  正前方  10%  静球到了 0/4 趟  走了  3.28 米  路 motor 对调  本机 131 秒
   76  倒了/没建出来        追住 0/2 趟  平均   3.55 米  落后   4.59 米  最近  2.31 米  正前方  15%  静球到了 0/4 趟  走了  0.46 米  路 motor 对调  本机 130 秒
   77  没摔             追住 0/2 趟  平均   3.08 米  落后   4.08 米  最近  2.28 米  正前方  61%  静球到了 0/4 趟  走了  0.93 米  路 motor 对调  本机 131 秒
   78  没摔             追住 0/2 趟  平均   3.09 米  落后   4.89 米  最近  1.41 米  正前方   8%  静球到了 0/4 趟  走了  3.56 米  路 motor 对调  本机 133 秒
   79  没摔             追住 0/2 趟  平均   3.54 米  落后   4.64 米  最近  2.48 米  正前方  56%  静球到了 0/4 趟  走了  0.25 米  路 orient 对调  本机 129 秒
   80  没摔             追住 0/2 趟  平均   2.25 米  落后   3.83 米  最近  0.12 米  正前方  15%  静球到了 4/4 趟  走了  3.08 米  (两边都会)  路 motor 对调  本机 129 秒
   81  没摔             追住 0/2 趟  平均   3.44 米  落后   4.72 米  最近  1.59 米  正前方   7%  静球到了 0/4 趟  走了  3.47 米  路 motor  本机 112 秒
   82  倒了/没建出来        追住 0/0 趟  平均    nan 米  落后    nan 米  最近   nan 米  正前方   0%  静球到了 0/0 趟  走了   nan 米  路 motor 对调  本机 1 秒
   83  没摔             追住 1/2 趟  平均   1.47 米  落后   1.92 米  最近  0.25 米  正前方  92%  静球到了 3/4 趟  走了  2.83 米  (两边都会)  路 motor 对调  本机 113 秒
   84  倒了/没建出来        追住 0/0 趟  平均    nan 米  落后    nan 米  最近   nan 米  正前方   0%  静球到了 0/0 趟  走了   nan 米  路 orient 对调  本机 1 秒
   85  倒了/没建出来        追住 0/0 趟  平均    nan 米  落后    nan 米  最近   nan 米  正前方   0%  静球到了 0/0 趟  走了   nan 米  路 motor 对调  本机 1 秒
   86  没摔             追住 0/2 趟  平均   2.69 米  落后   3.76 米  最近  1.71 米  正前方   8%  静球到了 0/4 趟  走了  2.96 米  路 motor  本机 112 秒
   87  没摔             追住 0/2 趟  平均   1.49 米  落后   2.29 米  最近  0.46 米  正前方  15%  静球到了 4/4 趟  走了  3.60 米  (两边都会)  路 motor 对调  本机 111 秒
   88  没摔             追住 0/2 趟  平均   2.74 米  落后   3.95 米  最近  0.96 米  正前方  12%  静球到了 1/4 趟  走了  3.68 米  路 orient  本机 111 秒
   89  没摔             追住 0/2 趟  平均   4.24 米  落后   6.53 米  最近  1.84 米  正前方   6%  静球到了 0/4 趟  走了  3.54 米  路 motor  本机 112 秒
   90  没摔             追住 0/2 趟  平均   3.08 米  落后   5.33 米  最近  0.31 米  正前方  11%  静球到了 2/4 趟  走了  4.50 米  路 motor 对调  本机 112 秒
   91  没摔             追住 0/2 趟  平均   2.12 米  落后   2.56 米  最近  1.48 米  正前方  99%  静球到了 0/4 趟  走了  1.38 米  路 motor 对调  本机 116 秒
   92  没摔             追住 0/2 趟  平均   1.91 米  落后   2.81 米  最近  0.69 米  正前方 100%  静球到了 1/4 趟  走了  2.12 米  路 motor 对调  本机 115 秒
   93  没摔             追住 1/2 趟  平均   1.35 米  落后   1.79 米  最近  0.07 米  正前方  47%  静球到了 3/4 趟  走了  3.04 米  (两边都会)  路 motor 对调  本机 113 秒
   94  没摔             追住 0/2 趟  平均   3.75 米  落后   6.00 米  最近  1.46 米  正前方   8%  静球到了 0/4 趟  走了  3.67 米  路 motor  本机 114 秒
   95  倒了/没建出来        追住 0/2 趟  平均   3.76 米  落后   4.91 米  最近  2.42 米  正前方  53%  静球到了 0/4 趟  走了  0.35 米  路 motor 对调  本机 115 秒
   96  没摔             追住 0/2 趟  平均   3.77 米  落后   5.01 米  最近  2.50 米  正前方 100%  静球到了 0/4 趟  走了  0.06 米  路 motor 对调  本机 133 秒
   97  没摔             追住 0/2 趟  平均   3.63 米  落后   4.81 米  最近  2.23 米  正前方  14%  静球到了 0/4 趟  走了  1.16 米  路 motor 对调  本机 129 秒
   98  倒了/没建出来        追住 0/2 趟  平均   3.07 米  落后   4.01 米  最近  2.14 米  正前方  42%  静球到了 0/4 趟  走了  1.09 米  路 motor 对调  本机 131 秒
   99  倒了/没建出来        追住 0/2 趟  平均   2.79 米  落后   3.90 米  最近  1.63 米  正前方  93%  静球到了 0/4 趟  走了  0.95 米  路 motor 对调  本机 129 秒
  100  没摔             追住 0/2 趟  平均   1.43 米  落后   2.23 米  最近  0.34 米  正前方  98%  静球到了 3/4 趟  走了  3.05 米  (两边都会)  路 motor 对调  本机 132 秒
  101  没摔             追住 1/2 趟  平均   2.57 米  落后   3.67 米  最近  0.26 米  正前方  33%  静球到了 2/4 趟  走了  3.21 米  路 motor 对调  本机 131 秒
  102  没摔             追住 1/2 趟  平均   1.30 米  落后   1.26 米  最近  0.32 米  正前方  62%  静球到了 2/4 趟  走了  2.77 米  (两边都会)  路 motor 对调  本机 130 秒
  103  没摔             追住 0/2 趟  平均   3.48 米  落后   4.62 米  最近  2.50 米  正前方  92%  静球到了 0/4 趟  走了  0.63 米  路 motor 对调  本机 129 秒
  104  没摔             追住 0/2 趟  平均   1.90 米  落后   2.73 米  最近  0.83 米  正前方  15%  静球到了 2/4 趟  走了  3.10 米  (两边都会)  路 motor 对调  本机 132 秒
  105  没摔             追住 0/2 趟  平均   2.18 米  落后   3.15 米  最近  1.08 米  正前方  11%  静球到了 1/4 趟  走了  3.09 米  路 motor 对调  本机 131 秒
  106  倒了/没建出来        追住 0/2 趟  平均   3.63 米  落后   4.81 米  最近  2.44 米  正前方  65%  静球到了 0/4 趟  走了  0.54 米  路 motor 对调  本机 130 秒
  107  没摔             追住 0/2 趟  平均   3.52 米  落后   5.05 米  最近  1.79 米  正前方  10%  静球到了 0/4 趟  走了  2.25 米  路 motor 对调  本机 132 秒
  108  没摔             追住 0/2 趟  平均   1.42 米  落后   2.04 米  最近  0.38 米  正前方  19%  静球到了 4/4 趟  走了  3.39 米  (两边都会)  路 motor 对调  本机 113 秒
  109  倒了/没建出来        追住 0/0 趟  平均    nan 米  落后    nan 米  最近   nan 米  正前方   0%  静球到了 0/0 趟  走了   nan 米  路 motor 对调  本机 1 秒
  110  倒了/没建出来        追住 0/0 趟  平均    nan 米  落后    nan 米  最近   nan 米  正前方   0%  静球到了 0/0 趟  走了   nan 米  路 motor 对调  本机 2 秒
  111  没摔             追住 1/2 趟  平均   1.12 米  落后   1.45 米  最近  0.34 米  正前方  43%  静球到了 3/4 趟  走了  2.98 米  (两边都会)  路 motor 对调  本机 113 秒
  112  没摔             追住 0/2 趟  平均   3.07 米  落后   4.92 米  最近  1.32 米  正前方   8%  静球到了 0/4 趟  走了  3.70 米  路 orient 对调  本机 111 秒
  113  没摔             追住 1/2 趟  平均   1.32 米  落后   1.90 米  最近  0.13 米  正前方  62%  静球到了 2/4 趟  走了  2.63 米  (两边都会)  路 motor 对调  本机 116 秒
  114  没摔             追住 0/2 趟  平均   1.87 米  落后   2.19 米  最近  1.38 米  正前方 100%  静球到了 0/4 趟  走了  1.99 米  路 motor 对调  本机 114 秒
  115  没摔             追住 0/2 趟  平均   3.23 米  落后   4.83 米  最近  1.09 米  正前方   9%  静球到了 0/4 趟  走了  3.25 米  路 orient 对调  本机 115 秒
  116  没摔             追住 0/2 趟  平均   2.71 米  落后   3.71 米  最近  1.66 米  正前方  99%  静球到了 0/4 趟  走了  1.35 米  路 motor 对调  本机 117 秒
  117  没摔             追住 0/2 趟  平均   3.57 米  落后   4.72 米  最近  2.47 米  正前方  60%  静球到了 0/4 趟  走了  0.19 米  路 orient 对调  本机 117 秒
  118  没摔             追住 0/2 趟  平均   1.68 米  落后   2.81 米  最近  0.15 米  正前方  17%  静球到了 2/4 趟  走了  3.31 米  (两边都会)  路 motor 对调  本机 116 秒
  119  没摔             追住 2/2 趟  平均   1.17 米  落后   0.99 米  最近  0.50 米  正前方  79%  静球到了 2/4 趟  走了  2.71 米  (两边都会)  路 motor 对调  本机 116 秒
  120  倒了/没建出来        追住 0/2 趟  平均   3.70 米  落后   4.92 米  最近  2.44 米  正前方  25%  静球到了 0/4 趟  走了  0.75 米  路 motor 对调  本机 116 秒
  121  没摔             追住 1/2 趟  平均   1.53 米  落后   2.34 米  最近  0.05 米  正前方  22%  静球到了 3/4 趟  走了  3.40 米  (两边都会)  路 motor 对调  本机 116 秒
  122  没摔             追住 1/2 趟  平均   1.47 米  落后   1.55 米  最近  0.56 米  正前方 100%  静球到了 2/4 趟  走了  2.64 米  (两边都会)  路 motor 对调  本机 126 秒
  123  倒了/没建出来        追住 0/2 趟  平均   3.70 米  落后   4.83 米  最近  2.05 米  正前方  42%  静球到了 0/4 趟  走了  0.87 米  路 motor  本机 125 秒
  124  没摔             追住 0/2 趟  平均   3.90 米  落后   6.05 米  最近  1.57 米  正前方   7%  静球到了 0/4 趟  走了  3.71 米  路 motor  本机 123 秒
  125  没摔             追住 0/2 趟  平均   2.10 米  落后   3.61 米  最近  0.45 米  正前方  13%  静球到了 2/4 趟  走了  3.50 米  (两边都会)  路 motor 对调  本机 124 秒
  126  没摔             追住 0/2 趟  平均   2.41 米  落后   3.71 米  最近  1.35 米  正前方  12%  静球到了 0/4 趟  走了  3.06 米  路 motor 对调  本机 126 秒
  127  没摔             追住 0/2 趟  平均   1.94 米  落后   3.50 米  最近  0.11 米  正前方  27%  静球到了 2/4 趟  走了  3.31 米  路 motor 对调  本机 127 秒
  128  没摔             追住 0/2 趟  平均   1.54 米  落后   2.39 米  最近  0.27 米  正前方  99%  静球到了 2/4 趟  走了  2.61 米  (两边都会)  路 motor 对调  本机 125 秒
  129  没摔             追住 0/2 趟  平均   2.11 米  落后   3.02 米  最近  1.14 米  正前方  11%  静球到了 0/4 趟  走了  2.59 米  路 motor  本机 123 秒
  130  没摔             追住 0/2 趟  平均   3.50 米  落后   4.82 米  最近  1.81 米  正前方   6%  静球到了 0/4 趟  走了  3.22 米  路 motor  本机 126 秒
  131  没摔             追住 0/2 趟  平均   1.88 米  落后   2.41 米  最近  0.92 米  正前方 100%  静球到了 2/4 趟  走了  2.30 米  (两边都会)  路 motor 对调  本机 125 秒
  132  没摔             追住 1/2 趟  平均   1.48 米  落后   1.66 米  最近  0.33 米  正前方  60%  静球到了 1/4 趟  走了  2.76 米  路 motor 对调  本机 123 秒
  133  倒了/没建出来        追住 0/2 趟  平均   4.23 米  落后   5.45 米  最近  2.45 米  正前方  50%  静球到了 0/4 趟  走了  0.66 米  路 motor 对调  本机 123 秒
  134  没摔             追住 0/2 趟  平均   3.09 米  落后   5.20 米  最近  1.43 米  正前方   8%  静球到了 0/4 趟  走了  3.52 米  路 orient 对调  本机 117 秒
  135  没摔             追住 0/2 趟  平均   4.53 米  落后   5.91 米  最近  2.47 米  正前方   1%  静球到了 0/4 趟  走了  0.32 米  路 motor 对调  本机 119 秒
  136  没摔             追住 1/2 趟  平均   1.29 米  落后   1.49 米  最近  0.53 米  正前方  63%  静球到了 2/4 趟  走了  2.66 米  (两边都会)  路 motor 对调  本机 117 秒
  137  没摔             追住 1/2 趟  平均   0.97 米  落后   1.15 米  最近  0.03 米  正前方  59%  静球到了 3/4 趟  走了  3.02 米  (两边都会)  路 motor 对调  本机 116 秒
  138  没摔             追住 0/2 趟  平均   1.57 米  落后   2.72 米  最近  0.32 米  正前方  28%  静球到了 4/4 趟  走了  3.28 米  (两边都会)  路 motor 对调  本机 117 秒
  139  没摔             追住 0/2 趟  平均   1.91 米  落后   2.83 米  最近  0.78 米  正前方  14%  静球到了 2/4 趟  走了  3.39 米  (两边都会)  路 motor 对调  本机 117 秒
  140  没摔             追住 0/2 趟  平均   2.71 米  落后   3.95 米  最近  1.62 米  正前方   5%  静球到了 0/4 趟  走了  2.91 米  路 motor  本机 119 秒
  141  没摔             追住 0/2 趟  平均   1.73 米  落后   2.24 米  最近  0.87 米  正前方 100%  静球到了 2/4 趟  走了  2.56 米  (两边都会)  路 motor 对调  本机 117 秒
  142  倒了/没建出来        追住 0/0 趟  平均    nan 米  落后    nan 米  最近   nan 米  正前方   0%  静球到了 0/0 趟  走了   nan 米  路 motor 对调  本机 1 秒
  143  没摔             追住 0/2 趟  平均   1.93 米  落后   3.15 米  最近  0.68 米  正前方  12%  静球到了 2/4 趟  走了  3.24 米  (两边都会)  路 motor 对调  本机 118 秒
  144  没摔             追住 1/2 趟  平均   1.38 米  落后   1.45 米  最近  0.59 米  正前方  85%  静球到了 2/4 趟  走了  2.69 米  (两边都会)  路 motor 对调  本机 118 秒
  145  没摔             追住 0/2 趟  平均   3.52 米  落后   4.67 米  最近  2.04 米  正前方  33%  静球到了 0/4 趟  走了  0.61 米  路 motor 对调  本机 117 秒
  146  倒了/没建出来        追住 0/0 趟  平均    nan 米  落后    nan 米  最近   nan 米  正前方   0%  静球到了 0/0 趟  走了   nan 米  路 motor 对调  本机 1 秒
  147  没摔             追住 0/2 趟  平均   2.29 米  落后   2.77 米  最近  1.70 米  正前方 100%  静球到了 0/4 趟  走了  1.44 米  路 motor 对调  本机 117 秒
  148  没摔             追住 0/2 趟  平均   1.93 米  落后   3.38 米  最近  0.12 米  正前方  14%  静球到了 3/4 趟  走了  3.60 米  (两边都会)  路 motor 对调  本机 127 秒
  149  没摔             追住 0/2 趟  平均   2.21 米  落后   3.31 米  最近  0.69 米  正前方  15%  静球到了 1/4 趟  走了  2.92 米  路 motor 对调  本机 127 秒
  150  没摔             追住 0/2 趟  平均   3.06 米  落后   3.75 米  最近  2.43 米  正前方  55%  静球到了 0/4 趟  走了  0.77 米  路 motor 对调  本机 126 秒
  151  没摔             追住 1/2 趟  平均   1.03 米  落后   1.44 米  最近  0.25 米  正前方  44%  静球到了 4/4 趟  走了  3.25 米  (两边都会)  路 motor 对调  本机 129 秒
  152  倒了/没建出来        追住 0/0 趟  平均    nan 米  落后    nan 米  最近   nan 米  正前方   0%  静球到了 0/0 趟  走了   nan 米  路 motor 对调  本机 0 秒
  153  没摔             追住 0/2 趟  平均   2.50 米  落后   3.87 米  最近  0.15 米  正前方  13%  静球到了 2/4 趟  走了  3.30 米  路 motor 对调  本机 127 秒
  154  没摔             追住 0/2 趟  平均   3.49 米  落后   4.54 米  最近  2.45 米  正前方 100%  静球到了 0/4 趟  走了  0.26 米  路 motor 对调  本机 133 秒
  155  没摔             追住 2/2 趟  平均   0.95 米  落后   1.05 米  最近  0.09 米  正前方  80%  静球到了 2/4 趟  走了  2.82 米  (两边都会)  路 motor 对调  本机 130 秒
  156  没摔             追住 0/2 趟  平均   3.21 米  落后   5.27 米  最近  0.50 米  正前方  12%  静球到了 2/4 趟  走了  3.61 米  路 motor 对调  本机 126 秒
  157  没摔             追住 0/2 趟  平均   2.47 米  落后   3.38 米  最近  0.89 米  正前方  56%  静球到了 0/4 趟  走了  1.74 米  路 motor 对调  本机 133 秒
  158  没摔             追住 0/2 趟  平均   4.39 米  落后   5.88 米  最近  2.50 米  正前方  51%  静球到了 0/4 趟  走了  0.71 米  路 motor  本机 129 秒
  159  没摔             追住 0/2 趟  平均   2.81 米  落后   4.85 米  最近  0.32 米  正前方  14%  静球到了 2/4 趟  走了  3.10 米  路 motor 对调  本机 129 秒
  160  没摔             追住 0/2 趟  平均   3.14 米  落后   4.26 米  最近  2.19 米  正前方  58%  静球到了 0/4 趟  走了  1.18 米  路 motor 对调  本机 127 秒
  161  倒了/没建出来        追住 0/0 趟  平均    nan 米  落后    nan 米  最近   nan 米  正前方   0%  静球到了 0/0 趟  走了   nan 米  路 motor  本机 1 秒
  162  倒了/没建出来        追住 0/2 趟  平均   3.59 米  落后   4.83 米  最近  1.77 米  正前方   6%  静球到了 0/4 趟  走了  0.71 米  路 motor  本机 112 秒
  163  没摔             追住 0/2 趟  平均   3.65 米  落后   5.85 米  最近  0.99 米  正前方   7%  静球到了 2/4 趟  走了  4.00 米  路 orient 对调  本机 111 秒
  164  没摔             追住 0/2 趟  平均   1.70 米  落后   1.82 米  最近  0.91 米  正前方  58%  静球到了 1/4 趟  走了  2.36 米  路 motor 对调  本机 113 秒
  165  倒了/没建出来        追住 0/2 趟  平均   3.41 米  落后   4.60 米  最近  2.28 米  正前方  62%  静球到了 0/4 趟  走了  1.90 米  路 motor 对调  本机 114 秒
  166  倒了/没建出来        追住 0/2 趟  平均   4.05 米  落后   5.30 米  最近  2.46 米  正前方  51%  静球到了 0/4 趟  走了  0.75 米  路 motor 对调  本机 113 秒
  167  倒了/没建出来        追住 0/2 趟  平均   4.51 米  落后   5.72 米  最近  2.47 米  正前方   8%  静球到了 0/4 趟  走了  0.64 米  路 motor 对调  本机 113 秒
  168  没摔             追住 0/2 趟  平均   2.15 米  落后   2.74 米  最近  1.46 米  正前方  61%  静球到了 1/4 趟  走了  2.10 米  路 motor 对调  本机 114 秒
  169  没摔             追住 0/2 趟  平均   1.65 米  落后   3.09 米  最近  0.05 米  正前方  20%  静球到了 4/4 趟  走了  3.27 米  (两边都会)  路 motor 对调  本机 113 秒
  170  倒了/没建出来        追住 0/0 趟  平均    nan 米  落后    nan 米  最近   nan 米  正前方   0%  静球到了 0/0 趟  走了   nan 米  路 motor 对调  本机 2 秒
  171  倒了/没建出来        追住 0/2 趟  平均   3.73 米  落后   5.08 米  最近  2.40 米  正前方  59%  静球到了 0/4 趟  走了  0.59 米  路 motor 对调  本机 115 秒
  172  没摔             追住 0/2 趟  平均   2.34 米  落后   3.39 米  最近  1.16 米  正前方   8%  静球到了 1/4 趟  走了  3.65 米  路 motor 对调  本机 115 秒
  173  没摔             追住 1/2 趟  平均   1.26 米  落后   1.82 米  最近  0.06 米  正前方  40%  静球到了 4/4 趟  走了  3.28 米  (两边都会)  路 motor 对调  本机 113 秒
  174  没摔             追住 1/2 趟  平均   1.32 米  落后   1.64 米  最近  0.53 米  正前方  62%  静球到了 2/4 趟  走了  2.69 米  (两边都会)  路 motor 对调  本机 113 秒
  175  没摔             追住 0/2 趟  平均   2.52 米  落后   3.83 米  最近  1.01 米  正前方  11%  静球到了 0/4 趟  走了  2.88 米  路 orient 对调  本机 127 秒
  176  没摔             追住 0/2 趟  平均   1.64 米  落后   1.85 米  最近  1.00 米  正前方 100%  静球到了 1/4 趟  走了  2.39 米  路 motor 对调  本机 131 秒
  177  没摔             追住 0/2 趟  平均   1.72 米  落后   3.10 米  最近  0.55 米  正前方  17%  静球到了 1/4 趟  走了  3.24 米  路 motor 对调  本机 130 秒
  178  倒了/没建出来        追住 0/2 趟  平均   1.78 米  落后   1.95 米  最近  0.84 米  正前方  99%  静球到了 1/4 趟  走了  1.70 米  路 motor 对调  本机 131 秒
  179  倒了/没建出来        追住 0/0 趟  平均    nan 米  落后    nan 米  最近   nan 米  正前方   0%  静球到了 0/0 趟  走了   nan 米  路 motor 对调  本机 1 秒
  180  没摔             追住 0/2 趟  平均   3.61 米  落后   4.77 米  最近  2.47 米  正前方  99%  静球到了 0/4 趟  走了  0.16 米  路 motor 对调  本机 131 秒
  181  没摔             追住 1/2 趟  平均   1.68 米  落后   2.41 米  最近  0.38 米  正前方  41%  静球到了 1/4 趟  走了  2.55 米  路 motor 对调  本机 131 秒
  182  倒了/没建出来        追住 0/2 趟  平均   3.79 米  落后   4.95 米  最近  2.50 米  正前方  57%  静球到了 0/4 趟  走了  0.28 米  路 motor 对调  本机 128 秒
  183  没摔             追住 0/2 趟  平均   1.71 米  落后   2.54 米  最近  0.60 米  正前方  14%  静球到了 3/4 趟  走了  3.40 米  (两边都会)  路 motor 对调  本机 130 秒
  184  倒了/没建出来        追住 0/2 趟  平均   4.42 米  落后   5.70 米  最近  2.46 米  正前方  42%  静球到了 0/4 趟  走了  0.88 米  路 motor  本机 131 秒
  185  没摔             追住 0/2 趟  平均   2.86 米  落后   4.58 米  最近  1.33 米  正前方   9%  静球到了 0/4 趟  走了  3.34 米  路 orient 对调  本机 131 秒
  186  没摔             追住 0/2 趟  平均   2.30 米  落后   4.04 米  最近  0.78 米  正前方  10%  静球到了 1/4 趟  走了  3.59 米  路 motor 对调  本机 130 秒
  187  没摔             追住 0/2 趟  平均   4.61 米  落后   6.30 米  最近  2.50 米  正前方 100%  静球到了 0/4 趟  走了  0.85 米  路 motor 对调  本机 129 秒
  188  倒了/没建出来        追住 0/2 趟  平均   4.25 米  落后   5.54 米  最近  2.46 米  正前方  41%  静球到了 0/4 趟  走了  0.28 米  路 motor 对调  本机 116 秒
  189  没摔             追住 0/2 趟  平均   1.96 米  落后   3.14 米  最近  0.83 米  正前方   9%  静球到了 2/4 趟  走了  3.13 米  (两边都会)  路 motor 对调  本机 111 秒
  190  没摔             追住 0/2 趟  平均   3.01 米  落后   4.20 米  最近  1.83 米  正前方   7%  静球到了 0/4 趟  走了  2.92 米  路 motor  本机 109 秒
  191  没摔             追住 1/2 趟  平均   1.11 米  落后   1.58 米  最近  0.14 米  正前方  46%  静球到了 3/4 趟  走了  3.13 米  (两边都会)  路 motor 对调  本机 110 秒
  192  倒了/没建出来        追住 0/2 趟  平均   4.04 米  落后   5.63 米  最近  2.34 米  正前方  50%  静球到了 0/4 趟  走了  1.52 米  路 motor 对调  本机 114 秒
  193  没摔             追住 0/2 趟  平均   3.62 米  落后   4.79 米  最近  2.47 米  正前方 100%  静球到了 0/4 趟  走了  0.22 米  路 motor 对调  本机 114 秒
  194  没摔             追住 0/2 趟  平均   1.66 米  落后   2.33 米  最近  0.74 米  正前方  12%  静球到了 3/4 趟  走了  3.31 米  (两边都会)  路 motor 对调  本机 111 秒
  195  没摔             追住 0/2 趟  平均   2.54 米  落后   3.24 米  最近  1.89 米  正前方  92%  静球到了 0/4 趟  走了  1.42 米  路 motor 对调  本机 114 秒
  196  没摔             追住 0/2 趟  平均   3.11 米  落后   4.98 米  最近  1.49 米  正前方   8%  静球到了 0/4 趟  走了  3.68 米  路 motor 对调  本机 113 秒
  197  没摔             追住 0/2 趟  平均   2.21 米  落后   3.14 米  最近  1.16 米  正前方 100%  静球到了 0/4 趟  走了  1.89 米  路 motor 对调  本机 114 秒
  198  倒了/没建出来        追住 0/2 趟  平均   3.56 米  落后   4.75 米  最近  2.38 米  正前方  17%  静球到了 0/4 趟  走了  0.70 米  路 motor 对调  本机 113 秒
  199  没摔             追住 0/2 趟  平均   1.99 米  落后   2.89 米  最近  0.96 米  正前方 100%  静球到了 2/4 趟  走了  2.34 米  (两边都会)  路 motor 对调  本机 114 秒
  200  倒了/没建出来        追住 0/0 趟  平均    nan 米  落后    nan 米  最近   nan 米  正前方   0%  静球到了 0/0 趟  走了   nan 米  路 motor 对调  本机 1 秒
  201  没摔             追住 1/2 趟  平均   0.90 米  落后   1.28 米  最近  0.02 米  正前方  59%  静球到了 4/4 趟  走了  3.06 米  (两边都会)  路 motor 对调  本机 125 秒
  202  没摔             追住 0/2 趟  平均   1.78 米  落后   2.30 米  最近  0.76 米  正前方 100%  静球到了 1/4 趟  走了  2.16 米  路 motor 对调  本机 127 秒
  203  没摔             追住 0/2 趟  平均   3.51 米  落后   4.42 米  最近  1.91 米  正前方  46%  静球到了 0/4 趟  走了  0.58 米  路 motor 对调  本机 125 秒
  204  没摔             追住 0/2 趟  平均   4.67 米  落后   6.80 米  最近  2.46 米  正前方   2%  静球到了 0/4 趟  走了  2.61 米  路 motor  本机 123 秒
  205  倒了/没建出来        追住 0/2 趟  平均   4.30 米  落后   5.91 米  最近  2.50 米  正前方  23%  静球到了 0/4 趟  走了  0.86 米  路 motor  本机 124 秒
  206  没摔             追住 0/2 趟  平均   4.24 米  落后   4.94 米  最近  2.46 米  正前方  30%  静球到了 0/4 趟  走了  0.97 米  路 motor  本机 126 秒
  207  没摔             追住 0/2 趟  平均   3.80 米  落后   5.12 米  最近  2.50 米  正前方  56%  静球到了 0/4 趟  走了  0.10 米  路 orient 对调  本机 125 秒
  208  没摔             追住 0/2 趟  平均   2.20 米  落后   3.08 米  最近  1.13 米  正前方 100%  静球到了 1/4 趟  走了  1.78 米  路 motor 对调  本机 127 秒
  209  倒了/没建出来        追住 0/2 趟  平均   3.26 米  落后   4.21 米  最近  2.03 米  正前方  48%  静球到了 0/4 趟  走了  1.02 米  路 motor 对调  本机 123 秒
  210  没摔             追住 0/2 趟  平均   2.27 米  落后   3.77 米  最近  0.91 米  正前方  13%  静球到了 3/4 趟  走了  3.58 米  (两边都会)  路 motor 对调  本机 122 秒
  211  没摔             追住 0/2 趟  平均   2.49 米  落后   3.27 米  最近  1.85 米  正前方  82%  静球到了 0/4 趟  走了  1.31 米  路 motor 对调  本机 122 秒
  212  没摔             追住 0/2 趟  平均   3.28 米  落后   4.40 米  最近  2.32 米  正前方  50%  静球到了 0/4 趟  走了  0.79 米  路 motor  本机 128 秒
  213  没摔             追住 0/2 趟  平均   4.72 米  落后   6.68 米  最近  2.50 米  正前方 100%  静球到了 0/4 趟  走了  0.87 米  路 motor 对调  本机 117 秒
  214  没摔             追住 0/2 趟  平均   1.62 米  落后   2.81 米  最近  0.04 米  正前方  24%  静球到了 4/4 趟  走了  3.44 米  (两边都会)  路 motor 对调  本机 116 秒
  215  没摔             追住 0/2 趟  平均   2.13 米  落后   2.65 米  最近  1.42 米  正前方  60%  静球到了 0/4 趟  走了  1.78 米  路 motor 对调  本机 118 秒
  216  倒了/没建出来        追住 0/2 趟  平均   5.55 米  落后   7.49 米  最近  0.36 米  正前方  26%  静球到了 2/4 趟  走了  7.56 米  路 orient 对调  本机 118 秒
  217  没摔             追住 0/2 趟  平均   3.22 米  落后   4.29 米  最近  1.92 米  正前方  98%  静球到了 0/4 趟  走了  1.09 米  路 motor 对调  本机 116 秒
  218  没摔             追住 0/2 趟  平均   3.68 米  落后   5.80 米  最近  1.71 米  正前方   6%  静球到了 0/4 趟  走了  3.27 米  路 motor  本机 119 秒
  219  倒了/没建出来        追住 0/2 趟  平均   2.40 米  落后   3.56 米  最近  0.43 米  正前方  19%  静球到了 1/4 趟  走了  1.51 米  路 motor 对调  本机 120 秒
  220  没摔             追住 1/2 趟  平均   1.27 米  落后   1.91 米  最近  0.27 米  正前方  33%  静球到了 3/4 趟  走了  2.97 米  (两边都会)  路 motor 对调  本机 117 秒
  221  没摔             追住 1/2 趟  平均   1.39 米  落后   1.52 米  最近  0.74 米  正前方  75%  静球到了 1/4 趟  走了  3.12 米  路 motor 对调  本机 118 秒
  222  倒了/没建出来        追住 0/2 趟  平均   3.16 米  落后   4.36 米  最近  1.55 米  正前方  19%  静球到了 0/4 趟  走了  1.47 米  路 motor 对调  本机 120 秒
  223  没摔             追住 1/2 趟  平均   1.65 米  落后   1.75 米  最近  0.66 米  正前方  87%  静球到了 2/4 趟  走了  2.42 米  (两边都会)  路 motor 对调  本机 118 秒
  224  没摔             追住 0/2 趟  平均   2.64 米  落后   3.19 米  最近  2.09 米  正前方 100%  静球到了 0/4 趟  走了  1.14 米  路 motor 对调  本机 121 秒
  225  没摔             追住 0/2 趟  平均   4.12 米  落后   5.53 米  最近  2.45 米  正前方   8%  静球到了 0/4 趟  走了  0.18 米  路 motor  本机 127 秒
  226  没摔             追住 0/2 趟  平均   4.28 米  落后   5.83 米  最近  2.50 米  正前方   2%  静球到了 0/4 趟  走了  1.40 米  路 orient 对调  本机 123 秒
  227  没摔             追住 0/2 趟  平均   3.09 米  落后   4.47 米  最近  1.76 米  正前方   7%  静球到了 0/4 趟  走了  2.51 米  路 motor  本机 123 秒
  228  没摔             追住 0/2 趟  平均   1.93 米  落后   2.79 米  最近  0.87 米  正前方  97%  静球到了 0/4 趟  走了  2.21 米  路 motor 对调  本机 125 秒
  229  没摔             追住 0/2 趟  平均   2.27 米  落后   4.17 米  最近  0.06 米  正前方  15%  静球到了 3/4 趟  走了  3.60 米  (两边都会)  路 motor 对调  本机 122 秒
  230  没摔             追住 0/2 趟  平均   3.88 米  落后   5.76 米  最近  1.25 米  正前方   8%  静球到了 0/4 趟  走了  5.77 米  路 motor 对调  本机 124 秒
  231  没摔             追住 0/2 趟  平均   3.17 米  落后   5.05 米  最近  1.29 米  正前方   8%  静球到了 1/4 趟  走了  3.55 米  路 motor 对调  本机 123 秒
  232  没摔             追住 1/2 趟  平均   1.52 米  落后   2.35 米  最近  0.17 米  正前方  21%  静球到了 3/4 趟  走了  3.27 米  (两边都会)  路 motor 对调  本机 124 秒
  233  没摔             追住 0/2 趟  平均   4.68 米  落后   6.27 米  最近  2.49 米  正前方  79%  静球到了 0/4 趟  走了  1.01 米  路 motor 对调  本机 124 秒
  234  没摔             追住 0/2 趟  平均   2.12 米  落后   3.04 米  最近  1.11 米  正前方  11%  静球到了 1/4 趟  走了  3.64 米  路 motor 对调  本机 122 秒
  235  没摔             追住 0/2 趟  平均   3.56 米  落后   4.71 米  最近  2.47 米  正前方 100%  静球到了 0/4 趟  走了  0.12 米  路 motor 对调  本机 126 秒
  236  倒了/没建出来        追住 0/2 趟  平均   3.69 米  落后   5.11 米  最近  2.39 米  正前方  18%  静球到了 0/4 趟  走了  1.22 米  路 motor 对调  本机 131 秒
  237  没摔             追住 0/2 趟  平均   3.72 米  落后   4.92 米  最近  2.48 米  正前方 100%  静球到了 0/4 趟  走了  0.06 米  路 motor 对调  本机 117 秒
  238  没摔             追住 0/2 趟  平均   3.00 米  落后   4.79 米  最近  1.30 米  正前方   9%  静球到了 0/4 趟  走了  3.33 米  路 orient 对调  本机 115 秒
  239  没摔             追住 0/2 趟  平均   3.13 米  落后   4.75 米  最近  0.68 米  正前方  14%  静球到了 1/4 趟  走了  2.75 米  路 motor 对调  本机 117 秒
  240  没摔             追住 0/2 趟  平均   2.47 米  落后   3.28 米  最近  1.73 米  正前方  22%  静球到了 0/4 趟  走了  1.63 米  路 motor 对调  本机 117 秒
  241  没摔             追住 0/2 趟  平均   2.62 米  落后   3.52 米  最近  1.89 米  正前方  99%  静球到了 0/4 趟  走了  1.40 米  路 motor 对调  本机 117 秒
  242  没摔             追住 2/2 趟  平均   1.23 米  落后   1.38 米  最近  0.48 米  正前方 100%  静球到了 3/4 趟  走了  2.88 米  (两边都会)  路 motor 对调  本机 118 秒
  243  倒了/没建出来        追住 0/0 趟  平均    nan 米  落后    nan 米  最近   nan 米  正前方   0%  静球到了 0/0 趟  走了   nan 米  路 motor 对调  本机 1 秒
  244  没摔             追住 0/2 趟  平均   3.72 米  落后   4.99 米  最近  2.48 米  正前方 100%  静球到了 0/4 趟  走了  0.12 米  路 motor 对调  本机 120 秒
  245  没摔             追住 0/2 趟  平均   3.98 米  落后   6.37 米  最近  1.77 米  正前方   7%  静球到了 0/4 趟  走了  3.45 米  路 orient 对调  本机 117 秒
  246  没摔             追住 0/2 趟  平均   2.25 米  落后   2.64 米  最近  0.88 米  正前方  98%  静球到了 0/4 趟  走了  0.90 米  路 motor 对调  本机 119 秒
  247  没摔             追住 2/2 趟  平均   1.01 米  落后   0.92 米  最近  0.15 米  正前方  56%  静球到了 3/4 趟  走了  3.02 米  (两边都会)  路 motor 对调  本机 118 秒
  248  倒了/没建出来        追住 0/2 趟  平均   3.49 米  落后   4.64 米  最近  2.31 米  正前方  11%  静球到了 0/4 趟  走了  0.94 米  路 motor 对调  本机 120 秒
  249  没摔             追住 1/2 趟  平均   1.45 米  落后   2.44 米  最近  0.20 米  正前方  43%  静球到了 4/4 趟  走了  3.34 米  (两边都会)  路 motor 对调  本机 119 秒
  250  没摔             追住 0/2 趟  平均   1.81 米  落后   2.57 米  最近  0.54 米  正前方  81%  静球到了 2/4 趟  走了  2.71 米  (两边都会)  路 motor 对调  本机 120 秒
  251  倒了/没建出来        追住 0/0 趟  平均    nan 米  落后    nan 米  最近   nan 米  正前方   0%  静球到了 0/0 趟  走了   nan 米  路 orient 对调  本机 1 秒
  252  没摔             追住 0/2 趟  平均   1.34 米  落后   1.81 米  最近  0.52 米  正前方  32%  静球到了 4/4 趟  走了  2.98 米  (两边都会)  路 motor 对调  本机 120 秒
  253  倒了/没建出来        追住 0/2 趟  平均   2.96 米  落后   3.86 米  最近  1.39 米  正前方  59%  静球到了 0/4 趟  走了  1.47 米  路 motor 对调  本机 121 秒
  254  倒了/没建出来        追住 0/2 趟  平均   2.85 米  落后   3.74 米  最近  1.74 米  正前方  60%  静球到了 0/4 趟  走了  0.72 米  路 motor 对调  本机 122 秒
  255  没摔             追住 0/2 趟  平均   1.65 米  落后   2.43 米  最近  0.66 米  正前方  17%  静球到了 4/4 趟  走了  3.21 米  (两边都会)  路 motor 对调  本机 123 秒
  256  没摔             追住 0/2 趟  平均   3.65 米  落后   4.83 米  最近  2.49 米  正前方 100%  静球到了 0/4 趟  走了  0.10 米  路 motor 对调  本机 124 秒
  257  倒了/没建出来        追住 0/0 趟  平均    nan 米  落后    nan 米  最近   nan 米  正前方   0%  静球到了 0/0 趟  走了   nan 米  路 motor 对调  本机 1 秒
  258  倒了/没建出来        追住 0/0 趟  平均    nan 米  落后    nan 米  最近   nan 米  正前方   0%  静球到了 0/0 趟  走了   nan 米  路 motor 对调  本机 1 秒
  259  没摔             追住 0/2 趟  平均   3.40 米  落后   5.37 米  最近  0.94 米  正前方   8%  静球到了 1/4 趟  走了  4.01 米  路 orient 对调  本机 120 秒
  260  没摔             追住 1/2 趟  平均   1.62 米  落后   2.45 米  最近  0.20 米  正前方  50%  静球到了 2/4 趟  走了  2.79 米  路 motor 对调  本机 123 秒
  261  没摔             追住 0/2 趟  平均   1.66 米  落后   3.09 米  最近  0.12 米  正前方  21%  静球到了 3/4 趟  走了  3.36 米  (两边都会)  路 motor 对调  本机 123 秒
  262  倒了/没建出来        追住 0/2 趟  平均   4.17 米  落后   5.19 米  最近  2.50 米  正前方  14%  静球到了 0/4 趟  走了  0.67 米  路 motor  本机 122 秒
  263  没摔             追住 0/2 趟  平均   1.32 米  落后   1.97 米  最近  0.26 米  正前方  20%  静球到了 4/4 趟  走了  3.33 米  (两边都会)  路 motor 对调  本机 118 秒
  264  没摔             追住 0/2 趟  平均   1.89 米  落后   2.86 米  最近  0.68 米  正前方  14%  静球到了 1/4 趟  走了  2.94 米  路 motor 对调  本机 115 秒
  265  倒了/没建出来        追住 0/2 趟  平均   4.11 米  落后   5.46 米  最近  2.45 米  正前方   5%  静球到了 0/4 趟  走了  0.78 米  路 motor 对调  本机 122 秒
  266  没摔             追住 0/2 趟  平均   2.29 米  落后   3.62 米  最近  0.90 米  正前方  10%  静球到了 1/4 趟  走了  3.02 米  路 motor 对调  本机 118 秒
  267  倒了/没建出来        追住 0/2 趟  平均   3.27 米  落后   4.33 米  最近  2.34 米  正前方  94%  静球到了 0/4 趟  走了  1.01 米  路 motor 对调  本机 118 秒
  268  倒了/没建出来        追住 0/2 趟  平均   3.20 米  落后   4.31 米  最近  2.17 米  正前方  21%  静球到了 0/4 趟  走了  0.75 米  路 motor 对调  本机 118 秒
  269  倒了/没建出来        追住 0/2 趟  平均   2.06 米  落后   2.67 米  最近  1.33 米  正前方  56%  静球到了 0/4 趟  走了  2.26 米  路 motor 对调  本机 124 秒
  270  没摔             追住 0/2 趟  平均   2.08 米  落后   2.14 米  最近  1.64 米  正前方 100%  静球到了 0/4 趟  走了  1.63 米  路 motor 对调  本机 120 秒
  271  倒了/没建出来        追住 0/2 趟  平均   3.26 米  落后   4.40 米  最近  2.29 米  正前方   8%  静球到了 0/4 趟  走了  1.20 米  路 motor 对调  本机 120 秒
  272  倒了/没建出来        追住 0/0 趟  平均    nan 米  落后    nan 米  最近   nan 米  正前方   0%  静球到了 0/0 趟  走了   nan 米  路 orient 对调  本机 1 秒
  273  倒了/没建出来        追住 0/0 趟  平均    nan 米  落后    nan 米  最近   nan 米  正前方   0%  静球到了 0/0 趟  走了   nan 米  路 motor 对调  本机 1 秒
  274  倒了/没建出来        追住 0/2 趟  平均   3.82 米  落后   4.83 米  最近  2.45 米  正前方  28%  静球到了 0/4 趟  走了  0.87 米  路 motor 对调  本机 118 秒
  275  没摔             追住 0/2 趟  平均   3.30 米  落后   4.37 米  最近  2.44 米  正前方  57%  静球到了 0/4 趟  走了  0.59 米  路 motor 对调  本机 119 秒
  276  没摔             追住 1/2 趟  平均   1.57 米  落后   1.76 米  最近  0.70 米  正前方  91%  静球到了 2/4 趟  走了  2.81 米  (两边都会)  路 motor 对调  本机 119 秒
  277  没摔             追住 0/2 趟  平均   3.67 米  落后   5.85 米  最近  1.02 米  正前方   8%  静球到了 1/4 趟  走了  3.96 米  路 orient 对调  本机 119 秒
  278  没摔             追住 2/2 趟  平均   1.11 米  落后   1.01 米  最近  0.13 米  正前方 100%  静球到了 2/4 趟  走了  2.35 米  (两边都会)  路 motor 对调  本机 117 秒
  279  没摔             追住 0/2 趟  平均   1.83 米  落后   2.76 米  最近  0.82 米  正前方 100%  静球到了 3/4 趟  走了  2.73 米  (两边都会)  路 motor 对调  本机 123 秒
  280  没摔             追住 0/2 趟  平均   3.03 米  落后   4.90 米  最近  1.22 米  正前方   9%  静球到了 0/4 趟  走了  3.32 米  路 orient 对调  本机 122 秒
  281  倒了/没建出来        追住 0/2 趟  平均   4.08 米  落后   5.53 米  最近  2.48 米  正前方   8%  静球到了 0/4 趟  走了  0.63 米  路 motor  本机 124 秒
  282  没摔             追住 0/2 趟  平均   3.59 米  落后   4.70 米  最近  2.49 米  正前方  98%  静球到了 0/4 趟  走了  0.20 米  路 motor 对调  本机 120 秒
  283  倒了/没建出来        追住 0/2 趟  平均   3.64 米  落后   4.86 米  最近  2.45 米  正前方   8%  静球到了 0/4 趟  走了  0.86 米  路 motor 对调  本机 121 秒
  284  没摔             追住 0/2 趟  平均   4.87 米  落后   6.55 米  最近  1.89 米  正前方   7%  静球到了 1/4 趟  走了  5.63 米  路 motor 对调  本机 121 秒
  285  没摔             追住 0/2 趟  平均   2.73 米  落后   4.57 米  最近  1.11 米  正前方   9%  静球到了 1/4 趟  走了  3.64 米  路 motor 对调  本机 120 秒
  286  没摔             追住 0/2 趟  平均   2.04 米  落后   3.08 米  最近  0.96 米  正前方  51%  静球到了 3/4 趟  走了  3.44 米  (两边都会)  路 motor 对调  本机 100 秒
  287  没摔             追住 0/2 趟  平均   2.33 米  落后   3.12 米  最近  1.22 米  正前方  52%  静球到了 0/4 趟  走了  2.33 米  路 motor 对调  本机 101 秒
  288  没摔             追住 0/2 趟  平均   3.27 米  落后   4.90 米  最近  1.43 米  正前方   8%  静球到了 0/4 趟  走了  2.95 米  路 orient 对调  本机 116 秒
  289  没摔             追住 0/2 趟  平均   3.68 米  落后   4.86 米  最近  2.45 米  正前方  98%  静球到了 0/4 趟  走了  0.12 米  路 motor 对调  本机 120 秒
  290  没摔             追住 0/2 趟  平均   3.78 米  落后   5.17 米  最近  2.39 米  正前方   5%  静球到了 0/4 趟  走了  1.70 米  路 motor  本机 118 秒
  291  没摔             追住 0/2 趟  平均   4.02 米  落后   6.45 米  最近  1.81 米  正前方   7%  静球到了 0/4 趟  走了  3.43 米  路 motor  本机 99 秒
  292  没摔             追住 0/2 趟  平均   3.54 米  落后   4.63 米  最近  2.45 米  正前方 100%  静球到了 0/4 趟  走了  0.29 米  路 motor 对调  本机 102 秒
  293  没摔             追住 0/2 趟  平均   4.27 米  落后   6.92 米  最近  1.38 米  正前方   8%  静球到了 0/4 趟  走了  4.95 米  路 motor  本机 115 秒
  294  没摔             追住 0/2 趟  平均   3.69 米  落后   4.89 米  最近  2.45 米  正前方 100%  静球到了 0/4 趟  走了  0.11 米  路 motor 对调  本机 100 秒
  295  没摔             追住 0/2 趟  平均   1.78 米  落后   2.64 米  最近  0.77 米  正前方  11%  静球到了 3/4 趟  走了  3.32 米  (两边都会)  路 motor 对调  本机 96 秒
  296  没摔             追住 0/2 趟  平均   4.15 米  落后   6.38 米  最近  1.77 米  正前方   6%  静球到了 0/4 趟  走了  3.58 米  路 motor  本机 96 秒
  297  没摔             追住 0/2 趟  平均   2.08 米  落后   3.00 米  最近  0.84 米  正前方  97%  静球到了 2/4 趟  走了  2.54 米  (两边都会)  路 motor 对调  本机 98 秒
  298  没摔             追住 0/2 趟  平均   1.97 米  落后   3.57 米  最近  0.06 米  正前方  14%  静球到了 2/4 趟  走了  3.54 米  (两边都会)  路 motor 对调  本机 94 秒
  299  没摔             追住 0/2 趟  平均   3.68 米  落后   4.85 米  最近  2.48 米  正前方  95%  静球到了 0/4 趟  走了  0.15 米  路 motor 对调  本机 93 秒
第 8 代收工：300 只里建出来 273 只（没摔 221）；真追住球的 41 只，两边都追住的 10 只（球挪走行为会变的 260 只）；追得最好那只落后 1.05 米、球在正前方  62% 的时间、最近贴到 0.04 米；本代花了 23.5 分钟
  这一代自己走出来的、真追住球的 41 只，其中两边都追住的 10 只
  下一代的爹 10 只（artifacts/追球_云_三批_g08_keep.jsonl）：第34只 追住2/2趟 落后1.05米、第155只 追住2/2趟 落后1.05米、第247只 追住2/2趟 落后0.92米、第55只 追住2/2趟 落后0.90米、第278只 追住2/2趟 落后1.01米、第119只 追住2/2趟 落后0.99米、第49只 追住2/2趟 落后1.22米、第242只 追住2/2趟 落后1.38米、第9只 追住2/2趟 落后1.29米、第44只 追住2/2趟 落后1.25米
第 9 代：生 300 只、每只考 4 趟不动球（每趟 6 秒）+ 2 趟追着跑的球（每趟 20 秒，球沿随机曲线逃）+ 1 趟没球对照、24 个进程
    0  倒了/没建出来        追住 0/2 趟  平均   3.07 米  落后   3.84 米  最近  2.18 米  正前方  23%  静球到了 0/4 趟  走了  1.00 米  路 motor 对调  本机 121 秒
    1  没摔             追住 0/2 趟  平均   2.65 米  落后   4.37 米  最近  0.57 米  正前方   9%  静球到了 1/4 趟  走了  2.73 米  路 motor 对调  本机 120 秒
    2  没摔             追住 1/2 趟  平均   1.73 米  落后   2.31 米  最近  0.55 米  正前方  62%  静球到了 2/4 趟  走了  2.54 米  (两边都会)  路 motor 对调  本机 121 秒
    3  没摔             追住 0/2 趟  平均   1.13 米  落后   1.81 米  最近  0.38 米  正前方  31%  静球到了 4/4 趟  走了  3.13 米  (两边都会)  路 motor 对调  本机 119 秒
    4  没摔             追住 0/2 趟  平均   3.69 米  落后   4.84 米  最近  2.50 米  正前方  46%  静球到了 0/4 趟  走了  0.15 米  路 orient 对调  本机 118 秒
    5  倒了/没建出来        追住 0/0 趟  平均    nan 米  落后    nan 米  最近   nan 米  正前方   0%  静球到了 0/0 趟  走了   nan 米  路 motor 对调  本机 1 秒
    6  没摔             追住 0/2 趟  平均   3.74 米  落后   5.39 米  最近  1.78 米  正前方  13%  静球到了 1/4 趟  走了  2.16 米  路 motor 对调  本机 117 秒
    7  没摔             追住 0/2 趟  平均   2.32 米  落后   3.23 米  最近  1.03 米  正前方  99%  静球到了 1/4 趟  走了  1.91 米  路 motor 对调  本机 118 秒
    8  倒了/没建出来        追住 0/0 趟  平均    nan 米  落后    nan 米  最近   nan 米  正前方   0%  静球到了 0/0 趟  走了   nan 米  路 motor 对调  本机 1 秒
    9  倒了/没建出来        追住 0/2 趟  平均   4.16 米  落后   5.36 米  最近  2.44 米  正前方  50%  静球到了 0/4 趟  走了  0.55 米  路 motor 对调  本机 125 秒
   10  没摔             追住 0/2 趟  平均   3.68 米  落后   4.50 米  最近  2.32 米  正前方  10%  静球到了 0/4 趟  走了  0.47 米  路 motor 对调  本机 122 秒
   11  没摔             追住 0/2 趟  平均   2.04 米  落后   3.79 米  最近  0.11 米  正前方  18%  静球到了 4/4 趟  走了  3.46 米  (两边都会)  路 motor 对调  本机 119 秒
   12  没摔             追住 0/2 趟  平均   3.20 米  落后   5.19 米  最近  0.83 米  正前方   9%  静球到了 2/4 趟  走了  3.74 米  路 orient  本机 121 秒
   13  倒了/没建出来        追住 0/2 趟  平均   3.31 米  落后   4.86 米  最近  1.84 米  正前方  28%  静球到了 0/4 趟  走了  2.11 米  路 motor 对调  本机 118 秒
   14  没摔             追住 0/2 趟  平均   3.54 米  落后   4.97 米  最近  2.13 米  正前方   8%  静球到了 0/4 趟  走了  0.35 米  路 motor  本机 122 秒
   15  没摔             追住 0/2 趟  平均   2.48 米  落后   4.31 米  最近  0.99 米  正前方   9%  静球到了 1/4 趟  走了  3.69 米  路 motor 对调  本机 118 秒
   16  没摔             追住 0/2 趟  平均   1.77 米  落后   2.97 米  最近  0.53 米  正前方  13%  静球到了 4/4 趟  走了  3.32 米  (两边都会)  路 motor 对调  本机 120 秒
   17  没摔             追住 0/2 趟  平均   3.72 米  落后   4.92 米  最近  2.50 米  正前方  52%  静球到了 0/4 趟  走了  0.08 米  路 motor  本机 122 秒
   18  倒了/没建出来        追住 0/0 趟  平均    nan 米  落后    nan 米  最近   nan 米  正前方   0%  静球到了 0/0 趟  走了   nan 米  路 motor 对调  本机 1 秒
   19  没摔             追住 0/2 趟  平均   3.69 米  落后   4.89 米  最近  2.46 米  正前方  48%  静球到了 0/4 趟  走了  0.10 米  路 motor  本机 123 秒
   20  没摔             追住 0/2 趟  平均   4.46 米  落后   5.96 米  最近  2.49 米  正前方 100%  静球到了 0/4 趟  走了  0.68 米  路 motor 对调  本机 122 秒
   21  没摔             追住 0/2 趟  平均   3.63 米  落后   4.77 米  最近  2.49 米  正前方 100%  静球到了 0/4 趟  走了  0.10 米  路 motor 对调  本机 125 秒
   22  倒了/没建出来        追住 0/2 趟  平均   3.99 米  落后   5.21 米  最近  2.34 米  正前方   6%  静球到了 0/4 趟  走了  0.73 米  路 motor  本机 124 秒
   23  没摔             追住 0/2 趟  平均   1.73 米  落后   3.01 米  最近  0.54 米  正前方  18%  静球到了 2/4 趟  走了  3.36 米  (两边都会)  路 motor 对调  本机 123 秒
   24  没摔             追住 1/2 趟  平均   1.45 米  落后   2.34 米  最近  0.34 米  正前方  24%  静球到了 2/4 趟  走了  2.92 米  (两边都会)  路 motor 对调  本机 120 秒
   25  没摔             追住 0/2 趟  平均   2.05 米  落后   2.60 米  最近  1.28 米  正前方 100%  静球到了 1/4 趟  走了  2.21 米  路 motor 对调  本机 120 秒
   26  没摔             追住 1/2 趟  平均   1.31 米  落后   1.45 米  最近  0.13 米  正前方  59%  静球到了 2/4 趟  走了  2.73 米  (两边都会)  路 motor 对调  本机 122 秒
   27  没摔             追住 2/2 趟  平均   0.88 米  落后   1.02 米  最近  0.03 米  正前方  79%  静球到了 3/4 趟  走了  3.07 米  (两边都会)  路 motor 对调  本机 122 秒
   28  倒了/没建出来        追住 0/2 趟  平均   4.90 米  落后   6.20 米  最近  2.45 米  正前方   3%  静球到了 0/4 趟  走了  0.93 米  路 motor  本机 125 秒
   29  没摔             追住 1/2 趟  平均   1.14 米  落后   1.56 米  最近  0.18 米  正前方  43%  静球到了 2/4 趟  走了  3.08 米  (两边都会)  路 motor 对调  本机 122 秒
   30  没摔             追住 1/2 趟  平均   1.56 米  落后   2.61 米  最近  0.08 米  正前方  36%  静球到了 1/4 趟  走了  3.07 米  路 motor 对调  本机 122 秒
   31  没摔             追住 0/2 趟  平均   1.94 米  落后   2.87 米  最近  0.76 米  正前方  12%  静球到了 3/4 趟  走了  3.30 米  (两边都会)  路 motor 对调  本机 121 秒
   32  没摔             追住 0/2 趟  平均   4.60 米  落后   6.17 米  最近  2.49 米  正前方  27%  静球到了 0/4 趟  走了  1.02 米  路 motor 对调  本机 123 秒
   33  没摔             追住 0/2 趟  平均   1.89 米  落后   2.84 米  最近  0.28 米  正前方  14%  静球到了 3/4 趟  走了  3.47 米  (两边都会)  路 motor 对调  本机 120 秒
   34  没摔             追住 0/2 趟  平均   1.88 米  落后   3.30 米  最近  0.15 米  正前方  14%  静球到了 2/4 趟  走了  3.57 米  (两边都会)  路 motor 对调  本机 130 秒
   35  没摔             追住 0/2 趟  平均   3.51 米  落后   5.89 米  最近  1.25 米  正前方   6%  静球到了 0/4 趟  走了  4.25 米  路 orient 对调  本机 121 秒
   36  没摔             追住 0/2 趟  平均   2.51 米  落后   3.45 米  最近  1.46 米  正前方  52%  静球到了 0/4 趟  走了  2.13 米  路 motor 对调  本机 123 秒
   37  没摔             追住 0/2 趟  平均   2.85 米  落后   4.42 米  最近  1.25 米  正前方   9%  静球到了 1/4 趟  走了  3.43 米  路 orient 对调  本机 130 秒
   38  没摔             追住 0/2 趟  平均   2.13 米  落后   3.15 米  最近  1.12 米  正前方   9%  静球到了 1/4 趟  走了  3.26 米  路 motor 对调  本机 121 秒
   39  没摔             追住 0/2 趟  平均   4.49 米  落后   6.35 米  最近  2.49 米  正前方   2%  静球到了 0/4 趟  走了  1.92 米  路 motor  本机 133 秒
   40  没摔             追住 1/2 趟  平均   1.69 米  落后   3.09 米  最近  0.09 米  正前方  32%  静球到了 3/4 趟  走了  3.26 米  (两边都会)  路 motor 对调  本机 122 秒
   41  没摔             追住 0/2 趟  平均   2.15 米  落后   3.16 米  最近  1.07 米  正前方  96%  静球到了 0/4 趟  走了  1.74 米  路 motor 对调  本机 137 秒
   42  倒了/没建出来        追住 0/2 趟  平均   3.78 米  落后   5.00 米  最近  2.45 米  正前方  20%  静球到了 0/4 趟  走了  0.29 米  路 motor 对调  本机 134 秒
   43  没摔             追住 0/2 趟  平均   1.81 米  落后   3.49 米  最近  0.08 米  正前方  57%  静球到了 3/4 趟  走了  2.94 米  (两边都会)  路 motor 对调  本机 122 秒
   44  没摔             追住 0/2 趟  平均   1.51 米  落后   2.25 米  最近  0.67 米  正前方  15%  静球到了 2/4 趟  走了  2.84 米  (两边都会)  路 motor 对调  本机 121 秒
   45  没摔             追住 0/2 趟  平均   3.88 米  落后   5.32 米  最近  1.32 米  正前方  12%  静球到了 1/4 趟  走了  4.51 米  路 motor 对调  本机 134 秒
   46  没摔             追住 1/2 趟  平均   1.19 米  落后   1.64 米  最近  0.18 米  正前方  28%  静球到了 3/4 趟  走了  3.12 米  (两边都会)  路 orient  本机 133 秒
   47  没摔             追住 1/2 趟  平均   1.30 米  落后   1.78 米  最近  0.30 米  正前方  59%  静球到了 3/4 趟  走了  3.07 米  (两边都会)  路 motor 对调  本机 139 秒
   48  没摔             追住 0/2 趟  平均   2.36 米  落后   3.48 米  最近  1.43 米  正前方  10%  静球到了 0/4 趟  走了  2.62 米  路 motor  本机 132 秒
   49  没摔             追住 0/2 趟  平均   3.89 米  落后   6.13 米  最近  1.45 米  正前方   8%  静球到了 0/4 趟  走了  3.71 米  路 motor  本机 133 秒
   50  倒了/没建出来        追住 0/0 趟  平均    nan 米  落后    nan 米  最近   nan 米  正前方   0%  静球到了 0/0 趟  走了   nan 米  路 motor 对调  本机 2 秒
   51  倒了/没建出来        追住 0/0 趟  平均    nan 米  落后    nan 米  最近   nan 米  正前方   0%  静球到了 0/0 趟  走了   nan 米  路 motor 对调  本机 1 秒
   52  倒了/没建出来        追住 0/2 趟  平均   3.51 米  落后   4.23 米  最近  2.39 米  正前方  25%  静球到了 0/4 趟  走了  0.64 米  路 motor 对调  本机 135 秒
   53  没摔             追住 0/2 趟  平均   2.48 米  落后   3.25 米  最近  1.64 米  正前方  43%  静球到了 0/4 趟  走了  2.02 米  路 motor 对调  本机 123 秒
   54  没摔             追住 0/2 趟  平均   2.06 米  落后   3.07 米  最近  0.85 米  正前方  11%  静球到了 1/4 趟  走了  3.54 米  路 motor 对调  本机 123 秒
   55  没摔             追住 0/2 趟  平均   2.55 米  落后   3.59 米  最近  1.46 米  正前方  47%  静球到了 0/4 趟  走了  1.47 米  路 motor 对调  本机 123 秒
   56  倒了/没建出来        追住 0/2 趟  平均   3.42 米  落后   4.66 米  最近  2.31 米  正前方   5%  静球到了 0/4 趟  走了  1.09 米  路 motor 对调  本机 127 秒
   57  倒了/没建出来        追住 0/2 趟  平均   3.75 米  落后   5.15 米  最近  2.41 米  正前方  12%  静球到了 0/4 趟  走了  1.13 米  路 motor 对调  本机 124 秒
   58  没摔             追住 0/2 趟  平均   1.61 米  落后   2.18 米  最近  0.61 米  正前方 100%  静球到了 2/4 趟  走了  2.61 米  (两边都会)  路 motor 对调  本机 124 秒
   59  没摔             追住 0/2 趟  平均   2.44 米  落后   3.46 米  最近  1.59 米  正前方  10%  静球到了 0/4 趟  走了  2.33 米  路 orient 对调  本机 123 秒
   60  没摔             追住 0/2 趟  平均   3.79 米  落后   5.07 米  最近  2.49 米  正前方 100%  静球到了 0/4 趟  走了  0.08 米  路 motor 对调  本机 124 秒
   61  没摔             追住 0/2 趟  平均   1.68 米  落后   2.43 米  最近  0.48 米  正前方  99%  静球到了 1/4 趟  走了  1.71 米  路 motor 对调  本机 124 秒
   62  没摔             追住 0/2 趟  平均   1.86 米  落后   2.84 米  最近  0.37 米  正前方  15%  静球到了 1/4 趟  走了  3.01 米  路 motor 对调  本机 123 秒
   63  没摔             追住 0/2 趟  平均   3.70 米  落后   4.88 米  最近  2.50 米  正前方  81%  静球到了 0/4 趟  走了  0.10 米  路 motor 对调  本机 126 秒
   64  倒了/没建出来        追住 0/0 趟  平均    nan 米  落后    nan 米  最近   nan 米  正前方   0%  静球到了 0/0 趟  走了   nan 米  路 orient 对调  本机 2 秒
   65  倒了/没建出来        追住 0/2 趟  平均   3.70 米  落后   5.01 米  最近  2.47 米  正前方   9%  静球到了 0/4 趟  走了  0.74 米  路 motor 对调  本机 133 秒
   66  没摔             追住 1/2 趟  平均   1.89 米  落后   2.62 米  最近  0.21 米  正前方  33%  静球到了 1/4 趟  走了  2.95 米  路 motor 对调  本机 123 秒
   67  没摔             追住 1/2 趟  平均   1.42 米  落后   2.10 米  最近  0.42 米  正前方  29%  静球到了 3/4 趟  走了  3.05 米  (两边都会)  路 motor 对调  本机 128 秒
   68  没摔             追住 0/2 趟  平均   2.46 米  落后   3.41 米  最近  1.40 米  正前方  79%  静球到了 0/4 趟  走了  1.54 米  路 motor 对调  本机 134 秒
   69  没摔             追住 0/2 趟  平均   3.52 米  落后   4.61 米  最近  2.49 米  正前方  56%  静球到了 0/4 趟  走了  0.28 米  路 motor 对调  本机 131 秒
   70  倒了/没建出来        追住 0/2 趟  平均   2.95 米  落后   5.25 米  最近  0.68 米  正前方  12%  静球到了 2/4 趟  走了  3.05 米  路 motor 对调  本机 131 秒
   71  没摔             追住 0/2 趟  平均   3.86 米  落后   5.18 米  最近  2.49 米  正前方 100%  静球到了 0/4 趟  走了  0.07 米  路 orient  本机 130 秒
   72  没摔             追住 2/2 趟  平均   0.96 米  落后   0.86 米  最近  0.26 米  正前方  63%  静球到了 2/4 趟  走了  2.93 米  (两边都会)  路 motor 对调  本机 133 秒
   73  没摔             追住 0/2 趟  平均   2.94 米  落后   4.62 米  最近  1.27 米  正前方   9%  静球到了 0/4 趟  走了  3.12 米  路 orient 对调  本机 132 秒
   74  倒了/没建出来        追住 0/2 趟  平均   4.59 米  落后   6.05 米  最近  2.49 米  正前方  36%  静球到了 0/4 趟  走了  0.67 米  路 motor 对调  本机 132 秒
   75  没摔             追住 2/2 趟  平均   1.17 米  落后   1.09 米  最近  0.50 米  正前方  64%  静球到了 2/4 趟  走了  2.70 米  (两边都会)  路 motor 对调  本机 133 秒
   76  没摔             追住 0/2 趟  平均   1.57 米  落后   2.80 米  最近  0.09 米  正前方  17%  静球到了 4/4 趟  走了  3.44 米  (两边都会)  路 motor 对调  本机 130 秒
   77  没摔             追住 0/2 趟  平均   4.95 米  落后   6.79 米  最近  2.49 米  正前方  80%  静球到了 0/4 趟  走了  1.26 米  路 motor 对调  本机 132 秒
   78  倒了/没建出来        追住 0/2 趟  平均   3.61 米  落后   4.81 米  最近  2.38 米  正前方  52%  静球到了 0/4 趟  走了  0.95 米  路 motor 对调  本机 123 秒
   79  倒了/没建出来        追住 0/2 趟  平均   2.40 米  落后   3.33 米  最近  1.43 米  正前方  95%  静球到了 0/4 趟  走了  1.15 米  路 motor 对调  本机 119 秒
   80  没摔             追住 0/2 趟  平均   1.53 米  落后   2.82 米  最近  0.43 米  正前方  20%  静球到了 2/4 趟  走了  3.17 米  路 motor 对调  本机 121 秒
   81  没摔             追住 0/2 趟  平均   4.21 米  落后   6.45 米  最近  2.24 米  正前方   4%  静球到了 0/4 趟  走了  2.97 米  路 motor  本机 122 秒
   82  倒了/没建出来        追住 0/2 趟  平均   4.42 米  落后   5.07 米  最近  2.47 米  正前方  15%  静球到了 0/4 趟  走了  0.60 米  路 motor  本机 121 秒
   83  没摔             追住 0/2 趟  平均   2.70 米  落后   4.24 米  最近  0.73 米  正前方   8%  静球到了 2/4 趟  走了  3.35 米  路 motor 对调  本机 121 秒
   84  没摔             追住 0/2 趟  平均   1.27 米  落后   1.88 米  最近  0.25 米  正前方  21%  静球到了 4/4 趟  走了  3.38 米  (两边都会)  路 motor 对调  本机 120 秒
   85  倒了/没建出来        追住 0/2 趟  平均   5.30 米  落后   7.15 米  最近  1.64 米  正前方  39%  静球到了 0/4 趟  走了  5.34 米  路 motor 对调  本机 122 秒
   86  没摔             追住 0/2 趟  平均   2.48 米  落后   3.68 米  最近  0.65 米  正前方  14%  静球到了 1/4 趟  走了  2.82 米  路 orient 对调  本机 121 秒
   87  没摔             追住 0/2 趟  平均   3.89 米  落后   5.20 米  最近  2.49 米  正前方  89%  静球到了 0/4 趟  走了  0.07 米  路 motor 对调  本机 120 秒
   88  倒了/没建出来        追住 0/2 趟  平均   3.76 米  落后   5.55 米  最近  2.23 米  正前方   5%  静球到了 0/4 趟  走了  1.38 米  路 motor  本机 120 秒
   89  没摔             追住 1/2 趟  平均   1.12 米  落后   1.54 米  最近  0.20 米  正前方  43%  静球到了 3/4 趟  走了  3.00 米  (两边都会)  路 motor 对调  本机 122 秒
   90  倒了/没建出来        追住 0/2 趟  平均   3.36 米  落后   4.51 米  最近  2.29 米  正前方  30%  静球到了 0/4 趟  走了  0.90 米  路 motor  本机 129 秒
   91  倒了/没建出来        追住 0/2 趟  平均   2.60 米  落后   4.23 米  最近  0.95 米  正前方  58%  静球到了 1/4 趟  走了  1.94 米  路 motor 对调  本机 125 秒
   92  倒了/没建出来        追住 0/2 趟  平均   4.03 米  落后   5.32 米  最近  2.44 米  正前方  51%  静球到了 0/4 趟  走了  0.50 米  路 motor 对调  本机 128 秒
   93  没摔             追住 0/2 趟  平均   2.28 米  落后   3.28 米  最近  1.22 米  正前方 100%  静球到了 1/4 趟  走了  1.60 米  路 motor 对调  本机 122 秒
   94  没摔             追住 0/2 趟  平均   1.06 米  落后   1.68 米  最近  0.10 米  正前方  54%  静球到了 2/4 趟  走了  2.95 米  (两边都会)  路 motor 对调  本机 120 秒
   95  没摔             追住 0/2 趟  平均   3.97 米  落后   6.27 米  最近  2.06 米  正前方   5%  静球到了 0/4 趟  走了  2.60 米  路 motor  本机 120 秒
   96  倒了/没建出来        追住 0/2 趟  平均   3.10 米  落后   4.10 米  最近  2.10 米  正前方  43%  静球到了 0/4 趟  走了  1.07 米  路 motor 对调  本机 125 秒
   97  倒了/没建出来        追住 0/0 趟  平均    nan 米  落后    nan 米  最近   nan 米  正前方   0%  静球到了 0/0 趟  走了   nan 米  路 motor 对调  本机 1 秒
   98  倒了/没建出来        追住 0/2 趟  平均   3.31 米  落后   4.49 米  最近  2.49 米  正前方  26%  静球到了 0/4 趟  走了  0.86 米  路 motor 对调  本机 125 秒
   99  倒了/没建出来        追住 0/0 趟  平均    nan 米  落后    nan 米  最近   nan 米  正前方   0%  静球到了 0/0 趟  走了   nan 米  路 orient  本机 2 秒
  100  倒了/没建出来        追住 0/2 趟  平均   3.62 米  落后   4.79 米  最近  2.20 米  正前方  50%  静球到了 0/4 趟  走了  1.22 米  路 orient  本机 124 秒
  101  倒了/没建出来        追住 0/2 趟  平均   3.38 米  落后   4.44 米  最近  2.35 米  正前方  33%  静球到了 0/4 趟  走了  1.35 米  路 motor 对调  本机 122 秒
  102  没摔             追住 0/2 趟  平均   3.21 米  落后   4.79 米  最近  1.06 米  正前方   9%  静球到了 0/4 趟  走了  2.98 米  路 orient 对调  本机 125 秒
  103  没摔             追住 1/2 趟  平均   1.12 米  落后   1.17 米  最近  0.23 米  正前方  80%  静球到了 1/4 趟  走了  2.44 米  路 motor 对调  本机 125 秒
  104  没摔             追住 0/2 趟  平均   2.97 米  落后   4.78 米  最近  1.53 米  正前方   8%  静球到了 0/4 趟  走了  3.31 米  路 orient 对调  本机 121 秒
  105  倒了/没建出来        追住 0/2 趟  平均   3.98 米  落后   5.19 米  最近  2.22 米  正前方   5%  静球到了 0/4 趟  走了  0.65 米  路 motor  本机 125 秒
  106  倒了/没建出来        追住 0/0 趟  平均    nan 米  落后    nan 米  最近   nan 米  正前方   0%  静球到了 0/0 趟  走了   nan 米  路 motor 对调  本机 1 秒
  107  没摔             追住 0/2 趟  平均   3.07 米  落后   4.13 米  最近  2.29 米  正前方  48%  静球到了 0/4 趟  走了  0.71 米  路 motor 对调  本机 126 秒
  108  没摔             追住 0/2 趟  平均   3.98 米  落后   5.43 米  最近  2.50 米  正前方   3%  静球到了 0/4 趟  走了  1.75 米  路 motor  本机 123 秒
  109  没摔             追住 1/2 趟  平均   1.35 米  落后   2.02 米  最近  0.29 米  正前方  42%  静球到了 4/4 趟  走了  3.21 米  (两边都会)  路 motor 对调  本机 125 秒
  110  倒了/没建出来        追住 0/0 趟  平均    nan 米  落后    nan 米  最近   nan 米  正前方   0%  静球到了 0/0 趟  走了   nan 米  路 motor 对调  本机 1 秒
  111  没摔             追住 2/2 趟  平均   1.02 米  落后   0.89 米  最近  0.17 米  正前方 100%  静球到了 2/4 趟  走了  2.70 米  (两边都会)  路 motor 对调  本机 123 秒
  112  倒了/没建出来        追住 0/0 趟  平均    nan 米  落后    nan 米  最近   nan 米  正前方   0%  静球到了 0/0 趟  走了   nan 米  路 motor 对调  本机 1 秒
  113  没摔             追住 0/2 趟  平均   2.17 米  落后   3.87 米  最近  0.31 米  正前方  13%  静球到了 2/4 趟  走了  3.59 米  (两边都会)  路 motor 对调  本机 124 秒
  114  没摔             追住 0/2 趟  平均   1.81 米  落后   2.21 米  最近  0.66 米  正前方  98%  静球到了 0/4 趟  走了  2.16 米  路 motor 对调  本机 124 秒
  115  没摔             追住 0/2 趟  平均   4.55 米  落后   7.25 米  最近  1.36 米  正前方   7%  静球到了 0/4 趟  走了  5.45 米  路 orient 对调  本机 139 秒
  116  没摔             追住 2/2 趟  平均   1.25 米  落后   1.14 米  最近  0.53 米  正前方  81%  静球到了 2/4 趟  走了  2.57 米  (两边都会)  路 motor 对调  本机 126 秒
  117  倒了/没建出来        追住 0/2 趟  平均   3.80 米  落后   5.01 米  最近  2.40 米  正前方  13%  静球到了 0/4 趟  走了  0.77 米  路 motor 对调  本机 128 秒
  118  倒了/没建出来        追住 0/2 趟  平均   3.81 米  落后   5.03 米  最近  2.43 米  正前方  53%  静球到了 0/4 趟  走了  0.46 米  路 motor 对调  本机 129 秒
  119  没摔             追住 0/2 趟  平均   2.52 米  落后   3.18 米  最近  1.66 米  正前方  12%  静球到了 0/4 趟  走了  1.80 米  路 orient 对调  本机 133 秒
  120  没摔             追住 0/2 趟  平均   3.70 米  落后   4.89 米  最近  2.49 米  正前方 100%  静球到了 0/4 趟  走了  0.10 米  路 motor 对调  本机 140 秒
  121  没摔             追住 0/2 趟  平均   3.17 米  落后   5.16 米  最近  1.00 米  正前方   9%  静球到了 0/4 趟  走了  3.51 米  路 orient 对调  本机 137 秒
  122  没摔             追住 0/2 趟  平均   3.52 米  落后   5.66 米  最近  1.91 米  正前方   5%  静球到了 0/4 趟  走了  2.96 米  路 orient 对调  本机 124 秒
  123  倒了/没建出来        追住 0/0 趟  平均    nan 米  落后    nan 米  最近   nan 米  正前方   0%  静球到了 0/0 趟  走了   nan 米  路 motor 对调  本机 2 秒
  124  没摔             追住 0/2 趟  平均   4.22 米  落后   6.51 米  最近  1.87 米  正前方   6%  静球到了 0/4 趟  走了  3.29 米  路 orient 对调  本机 134 秒
  125  没摔             追住 0/2 趟  平均   3.18 米  落后   4.66 米  最近  2.15 米  正前方   5%  静球到了 0/4 趟  走了  2.21 米  路 motor  本机 136 秒
  126  倒了/没建出来        追住 0/2 趟  平均   4.18 米  落后   5.52 米  最近  2.44 米  正前方  50%  静球到了 0/4 趟  走了  0.69 米  路 motor 对调  本机 141 秒
  127  倒了/没建出来        追住 0/0 趟  平均    nan 米  落后    nan 米  最近   nan 米  正前方   0%  静球到了 0/0 趟  走了   nan 米  路 motor 对调  本机 1 秒
  128  没摔             追住 0/2 趟  平均   3.71 米  落后   4.89 米  最近  2.48 米  正前方  99%  静球到了 0/4 趟  走了  0.14 米  路 motor 对调  本机 141 秒
  129  没摔             追住 0/2 趟  平均   3.81 米  落后   5.08 米  最近  2.49 米  正前方  81%  静球到了 0/4 趟  走了  0.12 米  路 orient 对调  本机 138 秒
  130  倒了/没建出来        追住 0/2 趟  平均   4.15 米  落后   4.89 米  最近  2.50 米  正前方  28%  静球到了 0/4 趟  走了  0.64 米  路 motor  本机 137 秒
  131  没摔             追住 0/2 趟  平均   3.60 米  落后   4.79 米  最近  2.50 米  正前方   6%  静球到了 0/4 趟  走了  0.53 米  路 motor  本机 138 秒
  132  没摔             追住 2/2 趟  平均   1.26 米  落后   1.28 米  最近  0.49 米  正前方 100%  静球到了 2/4 趟  走了  2.29 米  (两边都会)  路 motor 对调  本机 141 秒
  133  没摔             追住 0/2 趟  平均   3.74 米  落后   5.05 米  最近  2.47 米  正前方 100%  静球到了 0/4 趟  走了  0.09 米  路 motor 对调  本机 121 秒
  134  没摔             追住 0/2 趟  平均   1.62 米  落后   2.40 米  最近  0.53 米  正前方  17%  静球到了 3/4 趟  走了  3.23 米  (两边都会)  路 motor 对调  本机 119 秒
  135  没摔             追住 0/2 趟  平均   2.17 米  落后   3.35 米  最近  0.87 米  正前方  11%  静球到了 1/4 趟  走了  3.13 米  路 motor 对调  本机 120 秒
  136  没摔             追住 1/2 趟  平均   1.64 米  落后   2.48 米  最近  0.16 米  正前方  34%  静球到了 2/4 趟  走了  3.12 米  (两边都会)  路 motor 对调  本机 121 秒
  137  没摔             追住 0/2 趟  平均   2.10 米  落后   3.04 米  最近  1.08 米  正前方  14%  静球到了 1/4 趟  走了  2.90 米  路 motor 对调  本机 122 秒
  138  倒了/没建出来        追住 0/2 趟  平均   4.28 米  落后   5.55 米  最近  2.43 米  正前方  42%  静球到了 0/4 趟  走了  0.67 米  路 motor 对调  本机 123 秒
  139  倒了/没建出来        追住 0/2 趟  平均   3.87 米  落后   5.83 米  最近  2.11 米  正前方  33%  静球到了 0/4 趟  走了  1.03 米  路 motor 对调  本机 121 秒
  140  没摔             追住 0/2 趟  平均   3.75 米  落后   5.02 米  最近  2.49 米  正前方 100%  静球到了 0/4 趟  走了  0.10 米  路 motor 对调  本机 123 秒
  141  没摔             追住 1/2 趟  平均   1.17 米  落后   1.12 米  最近  0.46 米  正前方  60%  静球到了 2/4 趟  走了  2.80 米  (两边都会)  路 motor 对调  本机 124 秒
  142  没摔             追住 0/2 趟  平均   1.68 米  落后   2.43 米  最近  0.59 米  正前方 100%  静球到了 3/4 趟  走了  2.71 米  (两边都会)  路 motor 对调  本机 122 秒
  143  没摔             追住 0/2 趟  平均   2.14 米  落后   3.30 米  最近  0.86 米  正前方  12%  静球到了 1/4 趟  走了  3.12 米  路 motor 对调  本机 121 秒
  144  倒了/没建出来        追住 0/0 趟  平均    nan 米  落后    nan 米  最近   nan 米  正前方   0%  静球到了 0/0 趟  走了   nan 米  路 motor 对调  本机 2 秒
  145  没摔             追住 0/2 趟  平均   2.08 米  落后   2.95 米  最近  0.42 米  正前方  16%  静球到了 1/4 趟  走了  1.94 米  路 motor 对调  本机 135 秒
  146  倒了/没建出来        追住 0/0 趟  平均    nan 米  落后    nan 米  最近   nan 米  正前方   0%  静球到了 0/0 趟  走了   nan 米  路 motor 对调  本机 1 秒
  147  没摔             追住 0/2 趟  平均   2.82 米  落后   4.57 米  最近  1.13 米  正前方   8%  静球到了 0/4 趟  走了  3.67 米  路 orient  本机 120 秒
  148  没摔             追住 0/2 趟  平均   3.78 米  落后   5.03 米  最近  2.49 米  正前方 100%  静球到了 0/4 趟  走了  0.08 米  路 motor 对调  本机 130 秒
  149  没摔             追住 0/2 趟  平均   2.36 米  落后   3.78 米  最近  0.96 米  正前方  11%  静球到了 0/4 趟  走了  3.39 米  路 motor 对调  本机 138 秒
  150  没摔             追住 1/2 趟  平均   1.64 米  落后   2.61 米  最近  0.59 米  正前方  27%  静球到了 4/4 趟  走了  3.19 米  (两边都会)  路 motor 对调  本机 134 秒
  151  倒了/没建出来        追住 0/2 趟  平均   4.27 米  落后   5.51 米  最近  2.47 米  正前方  24%  静球到了 0/4 趟  走了  0.58 米  路 motor 对调  本机 134 秒
  152  倒了/没建出来        追住 0/0 趟  平均    nan 米  落后    nan 米  最近   nan 米  正前方   0%  静球到了 0/0 趟  走了   nan 米  路 motor 对调  本机 1 秒
  153  没摔             追住 0/2 趟  平均   3.72 米  落后   4.93 米  最近  2.48 米  正前方 100%  静球到了 0/4 趟  走了  0.10 米  路 motor 对调  本机 136 秒
  154  没摔             追住 0/2 趟  平均   2.68 米  落后   4.54 米  最近  0.90 米  正前方   9%  静球到了 1/4 趟  走了  3.72 米  路 motor 对调  本机 132 秒
  155  没摔             追住 0/2 趟  平均   2.81 米  落后   4.26 米  最近  0.93 米  正前方  13%  静球到了 1/4 趟  走了  2.92 米  路 motor 对调  本机 134 秒
  156  没摔             追住 0/2 趟  平均   3.67 米  落后   4.86 米  最近  2.47 米  正前方 100%  静球到了 0/4 趟  走了  0.08 米  路 motor 对调  本机 135 秒
  157  倒了/没建出来        追住 0/2 趟  平均   4.24 米  落后   5.39 米  最近  2.45 米  正前方  13%  静球到了 0/4 趟  走了  0.50 米  路 motor 对调  本机 135 秒
  158  没摔             追住 0/2 趟  平均   3.06 米  落后   4.96 米  最近  1.13 米  正前方   9%  静球到了 1/4 趟  走了  3.76 米  路 orient 对调  本机 130 秒
  159  没摔             追住 0/2 趟  平均   2.53 米  落后   4.17 米  最近  0.96 米  正前方  10%  静球到了 1/4 趟  走了  3.52 米  路 motor 对调  本机 132 秒
  160  没摔             追住 0/2 趟  平均   1.69 米  落后   3.20 米  最近  0.34 米  正前方  22%  静球到了 4/4 趟  走了  3.38 米  (两边都会)  路 motor 对调  本机 118 秒
  161  倒了/没建出来        追住 0/2 趟  平均   3.61 米  落后   5.29 米  最近  1.84 米  正前方  26%  静球到了 0/4 趟  走了  1.80 米  路 motor 对调  本机 120 秒
  162  没摔             追住 0/2 趟  平均   1.68 米  落后   2.55 米  最近  0.37 米  正前方  15%  静球到了 2/4 趟  走了  3.40 米  路 motor 对调  本机 120 秒
  163  倒了/没建出来        追住 0/0 趟  平均    nan 米  落后    nan 米  最近   nan 米  正前方   0%  静球到了 0/0 趟  走了   nan 米  路 orient 对调  本机 2 秒
  164  没摔             追住 0/2 趟  平均   3.64 米  落后   4.78 米  最近  2.48 米  正前方 100%  静球到了 0/4 趟  走了  0.09 米  路 motor 对调  本机 122 秒
  165  没摔             追住 0/2 趟  平均   2.79 米  落后   3.32 米  最近  2.28 米  正前方  99%  静球到了 0/4 趟  走了  0.87 米  路 motor 对调  本机 119 秒
  166  没摔             追住 0/2 趟  平均   1.30 米  落后   1.76 米  最近  0.34 米  正前方  73%  静球到了 2/4 趟  走了  2.73 米  (两边都会)  路 motor 对调  本机 121 秒
  167  没摔             追住 0/2 趟  平均   1.54 米  落后   1.92 米  最近  0.27 米  正前方  62%  静球到了 3/4 趟  走了  2.95 米  (两边都会)  路 motor 对调  本机 118 秒
  168  没摔             追住 0/2 趟  平均   3.07 米  落后   5.01 米  最近  1.41 米  正前方   8%  静球到了 0/4 趟  走了  3.70 米  路 orient 对调  本机 121 秒
  169  没摔             追住 0/2 趟  平均   3.66 米  落后   4.89 米  最近  2.48 米  正前方 100%  静球到了 0/4 趟  走了  0.11 米  路 motor 对调  本机 124 秒
  170  没摔             追住 0/2 趟  平均   4.09 米  落后   6.59 米  最近  1.23 米  正前方  10%  静球到了 0/4 趟  走了  5.12 米  路 motor 对调  本机 120 秒
  171  没摔             追住 0/2 趟  平均   2.78 米  落后   4.38 米  最近  0.72 米  正前方   7%  静球到了 2/4 趟  走了  3.24 米  路 motor 对调  本机 120 秒
  172  倒了/没建出来        追住 0/2 趟  平均   1.75 米  落后   1.85 米  最近  1.12 米  正前方  99%  静球到了 1/4 趟  走了  2.09 米  路 motor 对调  本机 118 秒
  173  没摔             追住 0/2 趟  平均   3.72 米  落后   4.91 米  最近  2.47 米  正前方 100%  静球到了 0/4 趟  走了  0.10 米  路 motor 对调  本机 128 秒
  174  没摔             追住 0/2 趟  平均   1.57 米  落后   2.42 米  最近  0.20 米  正前方  17%  静球到了 4/4 趟  走了  3.31 米  (两边都会)  路 motor 对调  本机 121 秒
  175  倒了/没建出来        追住 0/0 趟  平均    nan 米  落后    nan 米  最近   nan 米  正前方   0%  静球到了 0/0 趟  走了   nan 米  路 motor 对调  本机 1 秒
  176  没摔             追住 0/2 趟  平均   3.88 米  落后   5.26 米  最近  2.49 米  正前方   5%  静球到了 0/4 趟  走了  0.79 米  路 motor  本机 123 秒
  177  倒了/没建出来        追住 0/2 趟  平均   3.76 米  落后   5.04 米  最近  2.46 米  正前方  71%  静球到了 0/4 趟  走了  0.64 米  路 motor 对调  本机 122 秒
  178  没摔             追住 0/2 趟  平均   4.13 米  落后   6.31 米  最近  2.12 米  正前方   5%  静球到了 0/4 趟  走了  3.04 米  路 orient 对调  本机 122 秒
  179  没摔             追住 0/2 趟  平均   1.99 米  落后   2.91 米  最近  0.96 米  正前方 100%  静球到了 2/4 趟  走了  2.52 米  (两边都会)  路 motor 对调  本机 127 秒
  180  没摔             追住 0/2 趟  平均   3.51 米  落后   4.84 米  最近  0.60 米  正前方  11%  静球到了 1/4 趟  走了  3.12 米  路 motor 对调  本机 121 秒
  181  倒了/没建出来        追住 0/2 趟  平均   3.97 米  落后   5.14 米  最近  2.45 米  正前方   5%  静球到了 0/4 趟  走了  0.67 米  路 motor 对调  本机 123 秒
  182  没摔             追住 0/2 趟  平均   2.81 米  落后   4.49 米  最近  1.28 米  正前方  11%  静球到了 0/4 趟  走了  3.56 米  路 motor 对调  本机 122 秒
  183  没摔             追住 0/2 趟  平均   4.99 米  落后   7.89 米  最近  1.61 米  正前方   5%  静球到了 0/4 趟  走了  5.39 米  路 orient 对调  本机 121 秒
  184  倒了/没建出来        追住 0/0 趟  平均    nan 米  落后    nan 米  最近   nan 米  正前方   0%  静球到了 0/0 趟  走了   nan 米  路 motor 对调  本机 1 秒
  185  倒了/没建出来        追住 0/0 趟  平均    nan 米  落后    nan 米  最近   nan 米  正前方   0%  静球到了 0/0 趟  走了   nan 米  路 motor 对调  本机 1 秒
  186  没摔             追住 1/2 趟  平均   1.69 米  落后   2.49 米  最近  0.52 米  正前方  43%  静球到了 2/4 趟  走了  2.65 米  (两边都会)  路 motor 对调  本机 122 秒
  187  没摔             追住 2/2 趟  平均   1.06 米  落后   1.04 米  最近  0.25 米  正前方  67%  静球到了 2/4 趟  走了  2.65 米  (两边都会)  路 motor 对调  本机 122 秒
  188  没摔             追住 0/2 趟  平均   1.90 米  落后   3.07 米  最近  0.77 米  正前方  16%  静球到了 2/4 趟  走了  3.20 米  (两边都会)  路 motor 对调  本机 119 秒
  189  没摔             追住 0/2 趟  平均   1.89 米  落后   3.58 米  最近  0.06 米  正前方  17%  静球到了 4/4 趟  走了  3.39 米  (两边都会)  路 motor 对调  本机 118 秒
  190  没摔             追住 0/2 趟  平均   4.04 米  落后   5.22 米  最近  2.48 米  正前方  96%  静球到了 0/4 趟  走了  0.34 米  路 motor 对调  本机 119 秒
  191  没摔             追住 0/2 趟  平均   5.01 米  落后   7.01 米  最近  2.50 米  正前方   3%  静球到了 0/4 趟  走了  1.31 米  路 motor  本机 121 秒
  192  倒了/没建出来        追住 0/2 趟  平均   4.44 米  落后   5.54 米  最近  2.45 米  正前方   3%  静球到了 0/4 趟  走了  0.80 米  路 motor  本机 120 秒
  193  没摔             追住 0/2 趟  平均   0.96 米  落后   1.76 米  最近  0.05 米  正前方  62%  静球到了 3/4 趟  走了  3.14 米  (两边都会)  路 motor 对调  本机 119 秒
  194  倒了/没建出来        追住 0/2 趟  平均   3.90 米  落后   4.72 米  最近  2.46 米  正前方  11%  静球到了 0/4 趟  走了  0.42 米  路 motor 对调  本机 122 秒
  195  没摔             追住 0/2 趟  平均   2.69 米  落后   4.11 米  最近  1.17 米  正前方   9%  静球到了 0/4 趟  走了  3.09 米  路 motor 对调  本机 119 秒
  196  没摔             追住 1/2 趟  平均   1.21 米  落后   1.98 米  最近  0.11 米  正前方  37%  静球到了 4/4 趟  走了  3.24 米  (两边都会)  路 motor 对调  本机 119 秒
  197  倒了/没建出来        追住 0/0 趟  平均    nan 米  落后    nan 米  最近   nan 米  正前方   0%  静球到了 0/0 趟  走了   nan 米  路 motor 对调  本机 1 秒
  198  倒了/没建出来        追住 0/0 趟  平均    nan 米  落后    nan 米  最近   nan 米  正前方   0%  静球到了 0/0 趟  走了   nan 米  路 motor  本机 2 秒
  199  没摔             追住 1/2 趟  平均   1.35 米  落后   1.28 米  最近  0.48 米  正前方  70%  静球到了 1/4 趟  走了  2.57 米  路 motor 对调  本机 120 秒
  200  倒了/没建出来        追住 0/0 趟  平均    nan 米  落后    nan 米  最近   nan 米  正前方   0%  静球到了 0/0 趟  走了   nan 米  路 motor 对调  本机 2 秒
  201  没摔             追住 1/2 趟  平均   2.28 米  落后   3.48 米  最近  0.25 米  正前方  21%  静球到了 2/4 趟  走了  3.30 米  路 motor 对调  本机 118 秒
  202  倒了/没建出来        追住 0/0 趟  平均    nan 米  落后    nan 米  最近   nan 米  正前方   0%  静球到了 0/0 趟  走了   nan 米  路 motor 对调  本机 1 秒
  203  没摔             追住 0/2 趟  平均   2.38 米  落后   3.10 米  最近  1.54 米  正前方  85%  静球到了 1/4 趟  走了  1.89 米  路 motor 对调  本机 119 秒
  204  没摔             追住 2/2 趟  平均   1.05 米  落后   1.08 米  最近  0.30 米  正前方  62%  静球到了 3/4 趟  走了  3.00 米  (两边都会)  路 motor 对调  本机 121 秒
  205  没摔             追住 0/2 趟  平均   3.67 米  落后   4.86 米  最近  2.48 米  正前方 100%  静球到了 0/4 趟  走了  0.20 米  路 motor 对调  本机 124 秒
  206  没摔             追住 0/2 趟  平均   2.95 米  落后   4.72 米  最近  1.38 米  正前方   8%  静球到了 0/4 趟  走了  3.29 米  路 orient 对调  本机 118 秒
  207  倒了/没建出来        追住 0/2 趟  平均   3.39 米  落后   4.28 米  最近  2.48 米  正前方  20%  静球到了 0/4 趟  走了  0.67 米  路 motor 对调  本机 117 秒
  208  没摔             追住 0/2 趟  平均   3.66 米  落后   4.86 米  最近  2.48 米  正前方  95%  静球到了 0/4 趟  走了  0.11 米  路 motor 对调  本机 122 秒
  209  没摔             追住 2/2 趟  平均   0.97 米  落后   1.12 米  最近  0.11 米  正前方  79%  静球到了 2/4 趟  走了  2.75 米  (两边都会)  路 motor 对调  本机 120 秒
  210  倒了/没建出来        追住 0/0 趟  平均    nan 米  落后    nan 米  最近   nan 米  正前方   0%  静球到了 0/0 趟  走了   nan 米  路 motor 对调  本机 1 秒
  211  没摔             追住 0/2 趟  平均   2.78 米  落后   3.68 米  最近  2.01 米  正前方  82%  静球到了 0/4 趟  走了  0.87 米  路 motor 对调  本机 123 秒
  212  没摔             追住 0/2 趟  平均   3.33 米  落后   4.71 米  最近  2.01 米  正前方   5%  静球到了 0/4 趟  走了  3.30 米  路 motor 对调  本机 121 秒
  213  倒了/没建出来        追住 0/0 趟  平均    nan 米  落后    nan 米  最近   nan 米  正前方   0%  静球到了 0/0 趟  走了   nan 米  路 motor 对调  本机 1 秒
  214  倒了/没建出来        追住 0/2 趟  平均   2.77 米  落后   3.05 米  最近  2.16 米  正前方  92%  静球到了 0/4 趟  走了  1.63 米  路 motor 对调  本机 121 秒
  215  倒了/没建出来        追住 0/2 趟  平均   3.00 米  落后   4.13 米  最近  2.20 米  正前方  82%  静球到了 0/4 趟  走了  1.35 米  路 motor 对调  本机 123 秒
  216  倒了/没建出来        追住 0/0 趟  平均    nan 米  落后    nan 米  最近   nan 米  正前方   0%  静球到了 0/0 趟  走了   nan 米  路 motor 对调  本机 1 秒
  217  没摔             追住 0/2 趟  平均   1.77 米  落后   2.66 米  最近  0.08 米  正前方  15%  静球到了 4/4 趟  走了  3.86 米  (两边都会)  路 motor 对调  本机 119 秒
  218  倒了/没建出来        追住 0/0 趟  平均    nan 米  落后    nan 米  最近   nan 米  正前方   0%  静球到了 0/0 趟  走了   nan 米  路 motor 对调  本机 1 秒
  219  没摔             追住 0/2 趟  平均   3.49 米  落后   4.62 米  最近  2.49 米  正前方  38%  静球到了 0/4 趟  走了  0.22 米  路 motor  本机 121 秒
  220  倒了/没建出来        追住 0/0 趟  平均    nan 米  落后    nan 米  最近   nan 米  正前方   0%  静球到了 0/0 趟  走了   nan 米  路 motor 对调  本机 2 秒
  221  倒了/没建出来        追住 0/2 趟  平均   4.16 米  落后   5.40 米  最近  2.47 米  正前方  42%  静球到了 0/4 趟  走了  0.53 米  路 motor 对调  本机 120 秒
  222  没摔             追住 0/2 趟  平均   4.05 米  落后   6.06 米  最近  1.94 米  正前方   6%  静球到了 0/4 趟  走了  3.31 米  路 motor  本机 118 秒
  223  倒了/没建出来        追住 0/2 趟  平均   3.74 米  落后   5.00 米  最近  2.49 米  正前方  46%  静球到了 0/4 趟  走了  0.37 米  路 motor 对调  本机 121 秒
  224  没摔             追住 0/2 趟  平均   1.89 米  落后   3.39 米  最近  0.39 米  正前方  13%  静球到了 3/4 趟  走了  3.55 米  (两边都会)  路 motor 对调  本机 119 秒
  225  倒了/没建出来        追住 0/0 趟  平均    nan 米  落后    nan 米  最近   nan 米  正前方   0%  静球到了 0/0 趟  走了   nan 米  路 motor 对调  本机 1 秒
  226  倒了/没建出来        追住 0/0 趟  平均    nan 米  落后    nan 米  最近   nan 米  正前方   0%  静球到了 0/0 趟  走了   nan 米  路 motor 对调  本机 2 秒
  227  没摔             追住 1/2 趟  平均   1.58 米  落后   2.08 米  最近  0.44 米  正前方  48%  静球到了 1/4 趟  走了  2.80 米  路 motor 对调  本机 120 秒
  228  没摔             追住 0/2 趟  平均   2.60 米  落后   4.32 米  最近  0.90 米  正前方  10%  静球到了 1/4 趟  走了  3.68 米  路 motor 对调  本机 121 秒
  229  没摔             追住 0/2 趟  平均   2.48 米  落后   3.72 米  最近  1.24 米  正前方  12%  静球到了 0/4 趟  走了  2.52 米  路 motor 对调  本机 118 秒
  230  倒了/没建出来        追住 0/0 趟  平均    nan 米  落后    nan 米  最近   nan 米  正前方   0%  静球到了 0/0 趟  走了   nan 米  路 motor 对调  本机 1 秒
  231  没摔             追住 0/2 趟  平均   1.33 米  落后   2.02 米  最近  0.33 米  正前方  22%  静球到了 4/4 趟  走了  3.33 米  (两边都会)  路 motor 对调  本机 120 秒
  232  没摔             追住 0/2 趟  平均   1.95 米  落后   2.89 米  最近  0.93 米  正前方 100%  静球到了 2/4 趟  走了  2.19 米  (两边都会)  路 motor 对调  本机 120 秒
  233  没摔             追住 0/2 趟  平均   1.89 米  落后   3.04 米  最近  0.58 米  正前方  19%  静球到了 1/4 趟  走了  2.77 米  路 motor 对调  本机 120 秒
  234  倒了/没建出来        追住 0/2 趟  平均   3.28 米  落后   4.44 米  最近  2.06 米  正前方  51%  静球到了 0/4 趟  走了  0.96 米  路 motor 对调  本机 122 秒
  235  倒了/没建出来        追住 0/2 趟  平均   3.36 米  落后   4.85 米  最近  2.19 米  正前方  52%  静球到了 1/4 趟  走了  1.47 米  路 motor 对调  本机 120 秒
  236  没摔             追住 0/2 趟  平均   4.07 米  落后   6.13 米  最近  2.28 米  正前方   3%  静球到了 0/4 趟  走了  2.59 米  路 motor  本机 120 秒
  237  没摔             追住 0/2 趟  平均   2.46 米  落后   3.81 米  最近  0.71 米  正前方  14%  静球到了 1/4 趟  走了  2.92 米  路 motor 对调  本机 121 秒
  238  没摔             追住 0/2 趟  平均   3.43 米  落后   5.71 米  最近  1.64 米  正前方   7%  静球到了 0/4 趟  走了  3.35 米  路 orient 对调  本机 119 秒
  239  倒了/没建出来        追住 0/2 趟  平均   3.65 米  落后   4.97 米  最近  2.31 米  正前方  43%  静球到了 0/4 趟  走了  0.59 米  路 motor 对调  本机 122 秒
  240  倒了/没建出来        追住 0/0 趟  平均    nan 米  落后    nan 米  最近   nan 米  正前方   0%  静球到了 0/0 趟  走了   nan 米  路 motor 对调  本机 2 秒
  241  没摔             追住 0/2 趟  平均   4.60 米  落后   6.19 米  最近  2.50 米  正前方  83%  静球到了 0/4 趟  走了  1.07 米  路 motor 对调  本机 119 秒
  242  没摔             追住 0/2 趟  平均   4.23 米  落后   6.71 米  最近  1.79 米  正前方   6%  静球到了 0/4 趟  走了  3.13 米  路 orient 对调  本机 120 秒
  243  没摔             追住 0/2 趟  平均   2.52 米  落后   3.92 米  最近  1.06 米  正前方   9%  静球到了 2/4 趟  走了  3.62 米  路 motor 对调  本机 121 秒
  244  没摔             追住 0/2 趟  平均   1.85 米  落后   2.44 米  最近  0.63 米  正前方  95%  静球到了 2/4 趟  走了  2.38 米  (两边都会)  路 motor 对调  本机 122 秒
  245  没摔             追住 1/2 趟  平均   1.36 米  落后   1.46 米  最近  0.61 米  正前方 100%  静球到了 3/4 趟  走了  2.57 米  (两边都会)  路 motor 对调  本机 120 秒
  246  倒了/没建出来        追住 0/2 趟  平均   4.25 米  落后   5.47 米  最近  2.50 米  正前方  88%  静球到了 0/4 趟  走了  0.51 米  路 motor 对调  本机 122 秒
  247  倒了/没建出来        追住 0/2 趟  平均   4.03 米  落后   5.27 米  最近  2.45 米  正前方  38%  静球到了 0/4 趟  走了  0.95 米  路 motor 对调  本机 122 秒
  248  倒了/没建出来        追住 0/2 趟  平均   3.37 米  落后   5.20 米  最近  2.30 米  正前方   8%  静球到了 0/4 趟  走了  0.91 米  路 motor 对调  本机 122 秒
  249  没摔             追住 0/2 趟  平均   2.21 米  落后   2.76 米  最近  1.31 米  正前方 100%  静球到了 0/4 趟  走了  1.54 米  路 motor 对调  本机 119 秒
  250  没摔             追住 0/2 趟  平均   3.05 米  落后   4.68 米  最近  1.76 米  正前方   8%  静球到了 0/4 趟  走了  2.38 米  路 orient 对调  本机 119 秒
  251  没摔             追住 0/2 趟  平均   3.92 米  落后   6.46 米  最近  1.22 米  正前方   7%  静球到了 0/4 趟  走了  4.60 米  路 orient 对调  本机 120 秒
  252  倒了/没建出来        追住 0/0 趟  平均    nan 米  落后    nan 米  最近   nan 米  正前方   0%  静球到了 0/0 趟  走了   nan 米  路 motor 对调  本机 1 秒
  253  倒了/没建出来        追住 0/0 趟  平均    nan 米  落后    nan 米  最近   nan 米  正前方   0%  静球到了 0/0 趟  走了   nan 米  路 motor 对调  本机 2 秒
  254  没摔             追住 0/2 趟  平均   2.24 米  落后   3.86 米  最近  0.59 米  正前方  11%  静球到了 3/4 趟  走了  3.59 米  (两边都会)  路 motor 对调  本机 119 秒
  255  没摔             追住 0/2 趟  平均   3.49 米  落后   5.51 米  最近  1.79 米  正前方   9%  静球到了 0/4 趟  走了  2.57 米  路 motor 对调  本机 119 秒
  256  没摔             追住 0/2 趟  平均   1.91 米  落后   3.58 米  最近  0.67 米  正前方  12%  静球到了 2/4 趟  走了  3.26 米  路 motor 对调  本机 118 秒
  257  倒了/没建出来        追住 0/0 趟  平均    nan 米  落后    nan 米  最近   nan 米  正前方   0%  静球到了 0/0 趟  走了   nan 米  路 orient 对调  本机 1 秒
  258  倒了/没建出来        追住 0/2 趟  平均   4.21 米  落后   5.53 米  最近  2.41 米  正前方   6%  静球到了 0/4 趟  走了  0.41 米  路 motor  本机 121 秒
  259  没摔             追住 2/2 趟  平均   1.34 米  落后   1.26 米  最近  0.52 米  正前方  48%  静球到了 1/4 趟  走了  2.79 米  路 motor 对调  本机 120 秒
  260  没摔             追住 0/2 趟  平均   3.18 米  落后   5.15 米  最近  0.98 米  正前方   9%  静球到了 0/4 趟  走了  3.80 米  路 orient 对调  本机 119 秒
  261  没摔             追住 0/2 趟  平均   3.02 米  落后   4.98 米  最近  0.99 米  正前方   7%  静球到了 2/4 趟  走了  3.50 米  路 orient 对调  本机 120 秒
  262  倒了/没建出来        追住 0/0 趟  平均    nan 米  落后    nan 米  最近   nan 米  正前方   0%  静球到了 0/0 趟  走了   nan 米  路 orient 对调  本机 1 秒
  263  没摔             追住 1/2 趟  平均   1.44 米  落后   1.72 米  最近  0.08 米  正前方  54%  静球到了 2/4 趟  走了  2.83 米  (两边都会)  路 motor 对调  本机 119 秒
  264  没摔             追住 1/2 趟  平均   1.22 米  落后   1.66 米  最近  0.37 米  正前方  24%  静球到了 4/4 趟  走了  3.27 米  (两边都会)  路 motor 对调  本机 118 秒
  265  倒了/没建出来        追住 0/0 趟  平均    nan 米  落后    nan 米  最近   nan 米  正前方   0%  静球到了 0/0 趟  走了   nan 米  路 motor 对调  本机 1 秒
  266  倒了/没建出来        追住 0/2 趟  平均   2.59 米  落后   3.28 米  最近  1.68 米  正前方  98%  静球到了 0/4 趟  走了  1.27 米  路 motor 对调  本机 121 秒
  267  没摔             追住 0/2 趟  平均   1.05 米  落后   1.97 米  最近  0.13 米  正前方  37%  静球到了 4/4 趟  走了  3.14 米  (两边都会)  路 motor 对调  本机 120 秒
  268  没摔             追住 0/2 趟  平均   1.76 米  落后   2.43 米  最近  0.74 米  正前方 100%  静球到了 2/4 趟  走了  2.57 米  (两边都会)  路 motor 对调  本机 122 秒
  269  倒了/没建出来        追住 0/0 趟  平均    nan 米  落后    nan 米  最近   nan 米  正前方   0%  静球到了 0/0 趟  走了   nan 米  路 motor 对调  本机 2 秒
  270  没摔             追住 0/2 趟  平均   2.50 米  落后   3.03 米  最近  1.93 米  正前方 100%  静球到了 0/4 趟  走了  1.20 米  路 motor 对调  本机 121 秒
  271  没摔             追住 0/2 趟  平均   2.83 米  落后   4.50 米  最近  0.52 米  正前方   8%  静球到了 2/4 趟  走了  3.72 米  路 motor 对调  本机 121 秒
  272  没摔             追住 0/2 趟  平均   2.78 米  落后   4.31 米  最近  1.32 米  正前方   9%  静球到了 0/4 趟  走了  3.24 米  路 orient  本机 120 秒
  273  没摔             追住 0/2 趟  平均   3.62 米  落后   5.09 米  最近  2.44 米  正前方  15%  静球到了 0/4 趟  走了  0.77 米  路 motor 对调  本机 122 秒
  274  没摔             追住 0/2 趟  平均   1.61 米  落后   2.35 米  最近  0.48 米  正前方  17%  静球到了 3/4 趟  走了  3.40 米  (两边都会)  路 motor 对调  本机 121 秒
  275  没摔             追住 0/2 趟  平均   1.62 米  落后   1.81 米  最近  0.76 米  正前方  33%  静球到了 2/4 趟  走了  2.59 米  (两边都会)  路 motor 对调  本机 120 秒
  276  没摔             追住 1/2 趟  平均   1.18 米  落后   1.51 米  最近  0.06 米  正前方  63%  静球到了 3/4 趟  走了  2.90 米  (两边都会)  路 motor 对调  本机 120 秒
  277  倒了/没建出来        追住 0/2 趟  平均   3.72 米  落后   4.96 米  最近  2.34 米  正前方   5%  静球到了 0/4 趟  走了  1.55 米  路 motor  本机 120 秒
  278  没摔             追住 0/2 趟  平均   2.45 米  落后   3.45 米  最近  1.28 米  正前方   9%  静球到了 0/4 趟  走了  2.88 米  路 motor 对调  本机 120 秒
  279  没摔             追住 0/2 趟  平均   1.39 米  落后   2.04 米  最近  0.45 米  正前方  27%  静球到了 2/4 趟  走了  2.72 米  路 motor 对调  本机 109 秒
  280  倒了/没建出来        追住 0/2 趟  平均   4.19 米  落后   5.55 米  最近  2.48 米  正前方   4%  静球到了 0/4 趟  走了  1.22 米  路 motor  本机 114 秒
  281  倒了/没建出来        追住 0/0 趟  平均    nan 米  落后    nan 米  最近   nan 米  正前方   0%  静球到了 0/0 趟  走了   nan 米  路 motor 对调  本机 1 秒
  282  没摔             追住 1/2 趟  平均   1.16 米  落后   1.36 米  最近  0.34 米  正前方  85%  静球到了 3/4 趟  走了  2.84 米  (两边都会)  路 motor 对调  本机 113 秒
  283  倒了/没建出来        追住 0/0 趟  平均    nan 米  落后    nan 米  最近   nan 米  正前方   0%  静球到了 0/0 趟  走了   nan 米  路 motor  本机 1 秒
  284  倒了/没建出来        追住 0/2 趟  平均   3.71 米  落后   4.90 米  最近  2.39 米  正前方  80%  静球到了 0/4 趟  走了  0.66 米  路 motor 对调  本机 103 秒
  285  没摔             追住 0/2 趟  平均   2.49 米  落后   3.55 米  最近  1.58 米  正前方  35%  静球到了 0/4 趟  走了  1.91 米  路 motor 对调  本机 113 秒
  286  没摔             追住 0/2 趟  平均   1.83 米  落后   3.19 米  最近  0.10 米  正前方  15%  静球到了 2/4 趟  走了  3.50 米  (两边都会)  路 motor 对调  本机 112 秒
  287  倒了/没建出来        追住 0/0 趟  平均    nan 米  落后    nan 米  最近   nan 米  正前方   0%  静球到了 0/0 趟  走了   nan 米  路 motor 对调  本机 1 秒
  288  倒了/没建出来        追住 0/0 趟  平均    nan 米  落后    nan 米  最近   nan 米  正前方   0%  静球到了 0/0 趟  走了   nan 米  路 motor  本机 1 秒
  289  没摔             追住 0/2 趟  平均   3.42 米  落后   5.03 米  最近  1.34 米  正前方  10%  静球到了 0/4 趟  走了  2.38 米  路 motor 对调  本机 112 秒
  290  没摔             追住 0/2 趟  平均   1.60 米  落后   2.15 米  最近  0.59 米  正前方 100%  静球到了 2/4 趟  走了  2.68 米  (两边都会)  路 motor 对调  本机 111 秒
  291  倒了/没建出来        追住 0/2 趟  平均   4.13 米  落后   5.13 米  最近  2.47 米  正前方   9%  静球到了 0/4 趟  走了  0.33 米  路 motor 对调  本机 112 秒
  292  倒了/没建出来        追住 0/2 趟  平均   4.09 米  落后   5.34 米  最近  2.40 米  正前方   5%  静球到了 0/4 趟  走了  0.42 米  路 motor 对调  本机 110 秒
  293  没摔             追住 0/2 趟  平均   3.84 米  落后   5.16 米  最近  2.49 米  正前方 100%  静球到了 0/4 趟  走了  0.10 米  路 motor 对调  本机 107 秒
  294  没摔             追住 0/2 趟  平均   2.83 米  落后   4.58 米  最近  1.07 米  正前方   9%  静球到了 0/4 趟  走了  3.57 米  路 motor 对调  本机 106 秒
  295  没摔             追住 1/2 趟  平均   2.42 米  落后   3.81 米  最近  0.27 米  正前方  22%  静球到了 1/4 趟  走了  2.90 米  路 orient 对调  本机 92 秒
  296  没摔             追住 0/2 趟  平均   2.61 米  落后   3.55 米  最近  1.78 米  正前方  17%  静球到了 0/4 趟  走了  1.84 米  路 motor 对调  本机 76 秒
  297  没摔             追住 0/2 趟  平均   2.88 米  落后   4.37 米  最近  1.38 米  正前方  11%  静球到了 0/4 趟  走了  2.56 米  路 motor 对调  本机 72 秒
  298  没摔             追住 0/2 趟  平均   3.92 米  落后   5.75 米  最近  2.47 米  正前方   2%  静球到了 0/4 趟  走了  2.03 米  路 orient 对调  本机 70 秒
  299  倒了/没建出来        追住 0/0 趟  平均    nan 米  落后    nan 米  最近   nan 米  正前方   0%  静球到了 0/0 趟  走了   nan 米  路 motor 对调  本机 1 秒
第 9 代收工：300 只里建出来 256 只（没摔 199）；真追住球的 37 只，两边都追住的 10 只（球挪走行为会变的 239 只）；追得最好那只落后 1.02 米、球在正前方  79% 的时间、最近贴到 0.03 米；本代花了 22.4 分钟
  这一代自己走出来的、真追住球的 37 只，其中两边都追住的 10 只
  下一代的爹 10 只（artifacts/追球_云_三批_g09_keep.jsonl）：第27只 追住2/2趟 落后1.02米、第72只 追住2/2趟 落后0.86米、第209只 追住2/2趟 落后1.12米、第111只 追住2/2趟 落后0.89米、第204只 追住2/2趟 落后1.08米、第187只 追住2/2趟 落后1.04米、第75只 追住2/2趟 落后1.09米、第116只 追住2/2趟 落后1.14米、第132只 追住2/2趟 落后1.28米、第259只 追住2/2趟 落后1.26米
跑完。跨代冠军：3 代第 251 只，追住 2/2 趟、跑完落后 0.88 米、球在正前方  66% 的时间、最近贴到 0.03 米，没摔
